id	genres	lang	danceability	energy	key	mode	valence	tempo	duration_ms	primary_genre
3vdRaLImjV3HTUAc	CHILLWAVE,ELECTRONIC,LO-FI,CHILLWAVE,ELECTRONIC	EN	0.445	0.929	11.0	1.0	0.598	109.877	162649	ELECTRONIC
mKPg3PBBybhg5u7d	ELECTRONIC,DOWNTEMPO,ELECTRONIC,AMBIENT	EN	0.763	0.387	2.0	0.0	0.387	92.995	396067	ELECTRONIC
urjoQebAwm2BzLqz	EBM,ELECTRONIC	EN	0.6659999999999999	0.875	1.0	1.0	0.6759999999999999	116.995	234640	ELECTRONIC
EaqvIckagr9dMSmp	SOUL,ELECTRONIC,SOUL,UK GARAGE	EN	0.621	0.199	10.0	1.0	0.178	128.905	218160	ELECTRONIC
MSsYk5lc8ssIVNV2	ELECTRONIC,HOUSE	EN	0.63	0.593	7.0	1.0	0.5379999999999999	127.001	374805	ELECTRONIC
4Du2pRRQRaOyKBTG	HOUSE,ELECTRONICA	EN	0.732	0.691	7.0	0.0	0.464	95.028	245666	ELECTRONIC
aNYQ7ySXzax4NlKK	HOUSE,ELECTRONIC	EN	0.627	0.954	2.0	1.0	0.312	128.016	223112	ELECTRONIC
kw2VcChXKQAyoSO4	ELECTROCLASH,ELECTRONIC,ELECTRO,ELECTRONICA	EN	0.6	0.934	10.0	1.0	0.545	113.571	255547	ELECTRONIC
m2fpeXBlh4miGIwt	HOUSE,ELECTRONIC,ELECTRO	EN	0.5720000000000001	0.8959999999999999	5.0	1.0	0.319	124.989	176120	ELECTRONIC
vdoUvpdwJ3Mwf3gF	DOWNTEMPO,LOUNGE,ELECTRONIC	EN	0.746	0.855	1.0	0.0	0.5820000000000001	125.954	328266	ELECTRONIC
8O0HmuRPf84qIQkK	TRANCE,ELECTRONIC,VOCAL TRANCE	EN	0.565	0.942	8.0	1.0	0.569	137.972	235000	ELECTRONIC
NzoxAA1UvVEzkkGG	HOUSE,ELECTRONIC	EN	0.727	0.889	8.0	0.0	0.6559999999999999	127.011	401360	ELECTRONIC
gXAfymoiFFsCqSEd	ELECTRONIC,ELECTRO	EN	0.645	0.89	2.0	1.0	0.605	168.989	195960	ELECTRONIC
8Ke3EjTVACp68tdx	ELECTRONIC	EN	0.5	0.77	2.0	1.0	0.498	94.999	293413	ELECTRONIC
MOq8pYAvTziNoPdv	ELECTRONIC,ELECTRONICA	EN	0.872	0.627	9.0	0.0	0.8140000000000001	100.012	206093	ELECTRONIC
IDg8J7XvKETXatIn	HOUSE,ELECTRONIC	EN	0.836	0.684	5.0	0.0	0.369	128.015	178473	ELECTRONIC
jMuNdVA9QidYEIgy	HOUSE,DISCO,ELECTRONICA	EN	0.606	0.847	10.0	1.0	0.483	126.257	169427	ELECTRONIC
YsJAv2aXzu3UJbne	ELECTRONIC,WONKY	EN	0.387	0.447	4.0	0.0	0.657	84.206	205120	ELECTRONIC
ub4Q0TcCt2ktwGmf	TRANCE,AMBIENT,ELECTRONIC,PROGRESSIVE HOUSE	EN	0.736	0.759	9.0	1.0	0.485	128.039	170067	ELECTRONIC
oNHpJCsGPDzKWYQB	ELECTRONIC,EMO RAP,EMO,EMOCORE	EN	0.77	0.377	1.0	1.0	0.0773	149.921	204288	ELECTRONIC
pk9laqqFqW10uGle	SOUL,ELECTRONIC	EN	0.851	0.787	11.0	0.0	0.85	115.995	169326	ELECTRONIC
VhOUrYHbmHdtyXdE	INDUSTRIAL,POWER ELECTRONICS,NOISE,PUNK,ELECTRO-INDUSTRIAL	EN	0.534	0.8340000000000001	7.0	1.0	0.314	162.512	230006	ELECTRONIC
i1T1UriUrPYa5TsQ	ELECTRONIC,BIG BEAT,TECHNO,BREAKBEAT,ELECTRONICA	EN	0.67	0.892	11.0	1.0	0.6990000000000001	125.012	445000	ELECTRONIC
qCqFsZC6fBPEj0aZ	ELECTRONIC	EN	0.784	0.718	10.0	0.0	0.472	109.994	176707	ELECTRONIC
aiSeKXQequMIzbzW	SOUL,ELECTRONIC	EN	0.758	0.49	6.0	0.0	0.428	119.969	291580	ELECTRONIC
qAfjGjy9T8auYhgh	ELECTRONIC,DOWNTEMPO	EN	0.645	0.474	7.0	1.0	0.115	75.015	224575	ELECTRONIC
fPTRTrP7VOtIRLGt	ELECTRONIC	EN	0.794	0.629	9.0	0.0	0.064	107.008	97387	ELECTRONIC
5CziBCiNOQBp9QcD	LOUNGE,ELECTRONIC,DRUM AND BASS,ELECTRONIC	EN	0.362	0.67	10.0	0.0	0.413	75.79899999999998	365747	ELECTRONIC
OccbkGSoZxaFP70s	TRANCE,ELECTRONIC	EN	0.5820000000000001	0.958	0.0	1.0	0.954	148.939	192400	ELECTRONIC
JwnaQM4cxt8j5tq3	POST-HARDCORE,ELECTRONIC	EN	0.537	0.6659999999999999	8.0	1.0	0.546	189.936	246920	ELECTRONIC
Z55vpaeviMhFuca6	ELECTRONIC,HARDCORE,EXPERIMENTAL,EMO,POST-HARDCORE,TRANCECORE	EN	0.515	0.925	5.0	1.0	0.197	107.044	228986	ELECTRONIC
kzm9LdoSuYnsfSR1	TRANCE,VOCAL TRANCE,ELECTRONIC,TRANCE,VOCAL TRANCE,ELECTRONIC	EN	0.614	0.8170000000000001	7.0	1.0	0.644	135.01	212000	ELECTRONIC
GdWDExWYdUqrX4LQ	ELECTRONIC,RETRO ELECTRO,ELECTRO	EN	0.355	0.965	3.0	0.0	0.648	165.88299999999995	297387	ELECTRONIC
LavhulT8f7opEhaw	ELECTRONIC,CHILLWAVE	EN	0.629	0.823	1.0	1.0	0.397	169.96099999999996	223773	ELECTRONIC
hrerfKrmMJF3A2r0	ELECTRONIC	EN	0.685	0.464	5.0	1.0	0.219	99.998	538080	ELECTRONIC
X7sPH0TgmQPqLPov	INDIETRONICA,ELECTRONIC,ELECTRONICA	EN	0.769	0.5760000000000001	2.0	1.0	0.436	106.979	422853	ELECTRONIC
zzoFYDMlqU1X2zz1	FUNK,ELECTRONIC,SOUL,JAZZ	EN	0.217	0.326	3.0	0.0	0.0395	78.423	138223	ELECTRONIC
yt6eKD19rJFaWF2m	HOUSE,ELECTRONIC	EN	0.506	0.805	1.0	1.0	0.383	126.008	227074	ELECTRONIC
Ed3mfzO9F0W2EkCE	EXPERIMENTAL,ELECTRONIC	EN	0.62	0.878	9.0	1.0	0.5589999999999999	143.001	556507	ELECTRONIC
aJZVLKqoJgsUz5X6	DOWNTEMPO,ELECTRONIC,LOUNGE	EN	0.855	0.541	5.0	0.0	0.962	153.993	245358	ELECTRONIC
Tlm4LeDIEt6f4cAv	ELECTRONIC	EN	0.412	0.469	0.0	1.0	0.224	123.984	252204	ELECTRONIC
hDn8NQfZsLjyCQTm	ELECTRONIC,RAP	EN	0.804	0.7759999999999999	7.0	0.0	0.851	110.001	135273	ELECTRONIC
sl2BArDa9Fd7f2CF	ELECTRONIC,ELECTRO,HOUSE	EN	0.555	0.921	6.0	0.0	0.217	116.998	287253	ELECTRONIC
Kn8gS7HgP66xqgCS	HOUSE,ELECTRONIC,ELECTRO	EN	0.762	0.8440000000000001	8.0	1.0	0.75	125.043	276492	ELECTRONIC
UUNAX09mNdbCvWLj	ELECTRONIC	EN	0.47	0.813	5.0	1.0	0.304	91.995	226480	ELECTRONIC
b8Ym38M94n4ELW3m	ELECTRONIC	EN	0.475	0.6709999999999999	7.0	1.0	0.404	95.014	225227	ELECTRONIC
eYKjrqHXbD6eCSMP	ELECTRONIC,ELECTRONICA	EN	0.647	0.774	1.0	0.0	0.7240000000000001	100.667	314133	ELECTRONIC
1Yz6SFJjLv0TatYq	ELECTRONICA,INDIETRONICA	EN	0.417	0.614	10.0	0.0	0.447	169.986	388800	ELECTRONIC
CCvnjdkDVK85oDYr	ELECTRONIC	EN	0.7120000000000001	0.653	0.0	1.0	0.915	135.00799999999998	229267	ELECTRONIC
Wqf6pRoF6FLTgPsI	EXPERIMENTAL,AMBIENT,ELECTRONIC	EN	0.528	0.619	5.0	0.0	0.759	151.997	219474	ELECTRONIC
K7UxdtmKn5i8GCJn	AMBIENT,DUBSTEP,ELECTRONIC	EN	0.342	0.277	5.0	0.0	0.102	139.951	280811	ELECTRONIC
4EMqMtNXAdRqhywW	ELECTRONIC,SOUL	EN	0.346	0.429	8.0	1.0	0.0885	158.931	260867	ELECTRONIC
iZClPseRsdma84On	NEW WAVE,ELECTRONIC	EN	0.8540000000000001	0.502	9.0	0.0	0.918	120.53	215653	ELECTRONIC
hDw5BaauuicXr8p7	ELECTRONIC,EMO,EMOCORE,METALCORE,POST-HARDCORE,TRANCECORE	EN	0.431	0.867	5.0	0.0	0.31	135.08700000000002	227947	ELECTRONIC
bdaGSmV4KSzJOFMq	ELECTRONIC,BREAKBEAT	EN	0.374	0.96	6.0	1.0	0.5529999999999999	94.058	165600	ELECTRONIC
nH7HRifpQAmla8nY	DRUM AND BASS,LIQUID FUNK,DRUM AND BASS,LIQUID FUNK,ELECTRONIC	EN	0.488	0.8690000000000001	11.0	0.0	0.353	169.96900000000005	205200	ELECTRONIC
0GIVzSxKobe3OuKt	ELECTRONIC,EXPERIMENTAL	EN	0.34	0.555	5.0	0.0	0.134	76.572	369524	ELECTRONIC
b9QGFksYYJYtMcAz	ELECTRONIC,TRANCE	EN	0.695	0.8340000000000001	5.0	1.0	0.725	122.016	295798	ELECTRONIC
cB3Ybft1Cxd6krgf	ELECTRONIC	EN	0.6809999999999999	0.473	11.0	0.0	0.14	96.006	191400	ELECTRONIC
1gaJqlNph9e9RT4c	ELECTRONIC,ELECTRONICA	EN	0.653	0.7040000000000001	2.0	1.0	0.331	119.908	291347	ELECTRONIC
4LSgvQBBLSawRkaN	RAP,ELECTRONIC,EMO	EN	0.535	0.422	6.0	0.0	0.154	105.62	208079	ELECTRONIC
tlOsb1R2CHTbyPSp	ELECTRONIC	EN	0.585	0.928	0.0	1.0	0.452	115.028	244160	ELECTRONIC
gFdaGDAFkylEaGKs	ELECTRONIC,TECHNO,SOUNDTRACK	EN	0.5760000000000001	0.953	10.0	1.0	0.303	140.042	456480	ELECTRONIC
q1UGU2Z3PmfFnyRg	ELECTRONIC,EBM	EN	0.627	0.551	2.0	1.0	0.556	120.992	222149	ELECTRONIC
HBAdFFQjTWtYGrgQ	ELECTRONIC	EN	0.857	0.517	0.0	1.0	0.754	129.063	244973	ELECTRONIC
xiZ9GSRF6P5RTPt2	EBM,INDUSTRIAL,ELECTRONIC	EN	0.56	0.856	7.0	1.0	0.149	125.926	214307	ELECTRONIC
7pmlbcQzzSvtBkvN	ELECTRONIC,EDM	EN	0.478	0.987	4.0	0.0	0.0794	128.014	252373	ELECTRONIC
CfdM3YjL3hioijqu	AMBIENT,EXPERIMENTAL,ELECTRONIC	EN	0.296	0.6409999999999999	1.0	0.0	0.202	132.089	191053	ELECTRONIC
2AgonJWlmYAGKZk5	ELECTRONIC	EN	0.731	0.867	4.0	1.0	0.8959999999999999	120.016	141013	ELECTRONIC
8fat5Dyd5EgYRmRw	ELECTRONIC,EDM	EN	0.5539999999999999	0.909	9.0	1.0	0.917	79.616	210000	ELECTRONIC
OgoB6fwZKNSm7na8	INDUSTRIAL,POWER ELECTRONICS,NOISE,ELECTRO-INDUSTRIAL,INDUSTRIAL,POWER ELECTRONICS,NOISE	EN	0.529	0.959	1.0	1.0	0.206	134.941	152240	ELECTRONIC
7lfX9MQTRcbIDKUP	ELECTRONIC	EN	0.604	0.978	9.0	1.0	0.763	143.99200000000005	196360	ELECTRONIC
h1TWeQED8rs1Q1LG	AMBIENT,ELECTRONIC	EN	0.447	0.493	9.0	0.0	0.358	80.12	322640	ELECTRONIC
VailArCWSeZnBlCX	ELECTRONIC,NEW WAVE,ACID HOUSE,NEW WAVE,POST-PUNK	EN	0.711	0.954	0.0	1.0	0.897	124.982	284093	ELECTRONIC
nYBmAsB4cxp59PpH	ELECTRONIC,FUNK,ELECTRO,ELECTRONIC,FUNK	EN	0.903	0.621	2.0	0.0	0.392	105.019	203120	ELECTRONIC
W9jD12WdKc6w8Q55	ELECTRONIC	EN	0.467	0.954	0.0	0.0	0.061	122.004	352105	ELECTRONIC
OayKiQSj2pCOqXuU	DUBSTEP,ELECTRONICA	EN	0.314	0.94	11.0	1.0	0.194	173.915	234344	ELECTRONIC
R2l78832yEgwztuO	DOWNTEMPO,ELECTRONIC	EN	0.52	0.339	0.0	1.0	0.112	65.995	262260	ELECTRONIC
zf0kfTZfGCCLwUj4	ELECTRONIC	EN	0.792	0.394	4.0	0.0	0.3670000000000001	107.624	211133	ELECTRONIC
wwpYFMqT0Vw8hANo	ELECTRONIC,AMBIENT,LO-FI	EN	0.502	0.911	6.0	1.0	0.765	150.065	242737	ELECTRONIC
dYfxrXHZ2ihpeZvS	ELECTRONIC,DUB,ELECTRONIC	EN	0.7340000000000001	0.454	8.0	1.0	0.329	102.013	320973	ELECTRONIC
qIjniLgRvVFmDaNE	ELECTRONIC	EN	0.221	0.0495	5.0	1.0	0.136	71.60300000000002	149600	ELECTRONIC
YmqGDVY8S5HPPiKe	ELECTRONIC,HOUSE	EN	0.484	0.624	0.0	1.0	0.124	148.589	195093	ELECTRONIC
BH3jnAvsTLBbtIUy	EXPERIMENTAL,AMBIENT,ELECTRONIC	EN	0.353	0.47	5.0	1.0	0.191	99.925	253596	ELECTRONIC
ATYhDNIvbnZXWtXd	AMBIENT,EXPERIMENTAL,ELECTRONIC	EN	0.296	0.6409999999999999	1.0	0.0	0.202	132.089	191053	ELECTRONIC
fHD2cnQAqmblsPrX	DRUM AND BASS,DUBSTEP,ELECTRONIC,UK FUNKY	EN	0.8420000000000001	0.534	10.0	0.0	0.7609999999999999	119.976	243784	ELECTRONIC
XqNSufAhsobswfu2	DUBSTEP,ELECTRONIC,REGGAE	EN	0.5529999999999999	0.97	10.0	0.0	0.648	174.009	251173	ELECTRONIC
IrdwPKDuPRFdT62j	TRANCE,ELECTRONIC,VOCAL TRANCE	EN	0.68	0.604	5.0	1.0	0.936	168.03599999999997	222907	ELECTRONIC
bx84rlf3HTFHDI9S	ELECTRONIC	EN	0.4370000000000001	0.229	2.0	1.0	0.0754	147.911	343253	ELECTRONIC
mShEGKEViYOb0rMj	ELECTRONIC,ELECTRONIC	EN	0.644	0.728	9.0	0.0	0.607	132.488	235360	ELECTRONIC
4UV7Iah5GBde49H5	GLITCH,ELECTRONICA	EN	0.414	0.8959999999999999	1.0	1.0	0.498	159.054	204004	ELECTRONIC
62xS1EUPssB8HwnW	INDUSTRIAL,ELECTRONIC	EN	0.474	0.745	7.0	1.0	0.166	89.994	219600	ELECTRONIC
ZyJf1HJCUdb0QG7y	ELECTRONIC,HOUSE,GOSPEL	EN	0.773	0.728	8.0	1.0	0.482	119.97	203036	ELECTRONIC
IHYxyRgVrc5IvERE	ELECTRONIC,8-BIT,ELECTRONICA,ELECTRO,NEW RAVE,CHIPTUNE	EN	0.705	0.843	11.0	0.0	0.6890000000000001	121.029	175520	ELECTRONIC
0mK9IsrCcBkgwLun	DUBSTEP,ELECTRONIC	EN	0.716	0.972	7.0	1.0	0.5760000000000001	110.026	215253	ELECTRONIC
m940RhPDg9WOyQuG	TECHNO,ELECTRONIC,ELECTRONICA	EN	0.691	0.921	11.0	0.0	0.904	97.537	286013	ELECTRONIC
WPemarkULFvYg8WT	INDUSTRIAL,ELECTRONIC,ACID HOUSE,TECHNO,ELECTRONICA	EN	0.405	0.927	10.0	0.0	0.173	169.988	425800	ELECTRONIC
FmbyaB55QNAdg1L4	ELECTRONIC,HIP HOP,DANCEHALL	EN	0.8270000000000001	0.462	11.0	0.0	0.55	106.815	207040	ELECTRONIC
75c4R92LKutSgY4z	ELECTRONIC	EN	0.502	0.5539999999999999	11.0	0.0	0.258	84.84100000000002	233647	ELECTRONIC
GRKnowGLzlIjWhsO	ELECTRONIC	EN	0.448	0.708	8.0	0.0	0.286	167.982	288299	ELECTRONIC
L4saMQuQiEVSX4Yc	CHILLHOP,CHILLHOP,ELECTRONIC	EN	0.732	0.428	8.0	1.0	0.346	82.689	240811	ELECTRONIC
fXE4ifDLbuNS0id8	EXPERIMENTAL,AMBIENT,ELECTRONIC,AVANT-GARDE	EN	0.581	0.4320000000000001	2.0	0.0	0.0385	86.61200000000002	429387	ELECTRONIC
NVI0BKgyIOuM70da	HOUSE,ELECTRONIC,REMIX,VOCAL HOUSE	EN	0.752	0.629	1.0	0.0	0.76	131.99	383547	ELECTRONIC
VURVBtiMUfmKOqWZ	HOUSE,ELECTRONIC,ELECTRO HOUSE,HOUSE,ELECTRONIC	EN	0.802	0.7809999999999999	0.0	1.0	0.622	125.026	169920	ELECTRONIC
BnCtxhJYpUy9HiPT	ELECTRONIC,8-BIT,ELECTRO,ELECTRONICA,ELECTROCLASH	EN	0.769	0.8059999999999999	0.0	1.0	0.517	120.001	252267	ELECTRONIC
m8IPDwwQaeoLS6h1	ELECTRONIC,DEEP HOUSE	EN	0.87	0.5539999999999999	4.0	0.0	0.462	123.998	394573	ELECTRONIC
AIxyqrugPmkXByzz	EXPERIMENTAL,ELECTRONIC	EN	0.5	0.908	5.0	1.0	0.607	139.847	257093	ELECTRONIC
Q6A3j2YYtE8RcL7b	ELECTRONIC,POST-PUNK	EN	0.594	0.703	8.0	1.0	0.435	130.013	271520	ELECTRONIC
pqVQnPEEtdkCBf08	ELECTRONIC,EXPERIMENTAL,METALCORE,DJENT,PROGRESSIVE METALCORE	EN	0.544	0.99	5.0	0.0	0.282	128.03799999999998	215048	ELECTRONIC
86cy65acePN9zMPl	ELECTRO SWING,SWING,ELECTRONIC,FUNK,DOWNTEMPO	EN	0.754	0.755	10.0	0.0	0.438	96.941	244967	ELECTRONIC
arAmYEHgo1DnCdcK	POST-PUNK,NEW WAVE,ELECTRONIC	EN	0.315	0.8420000000000001	0.0	1.0	0.29	118.548	331440	ELECTRONIC
M7WDgVe36ucHqpcl	ELECTRONIC,EXPERIMENTAL,NEW RAVE,ELECTRO	EN	0.438	0.539	8.0	1.0	0.0757	166.649	192000	ELECTRONIC
O2DJRpLlPwWJ1BnU	ELECTRONIC,RAP	EN	0.7759999999999999	0.552	8.0	0.0	0.635	90.064	194667	ELECTRONIC
HV9XCpqtI3DnSD4Z	ELECTRONIC,MINIMAL,ELECTRO,ELECTRONIC,MINIMAL	EN	0.727	0.598	8.0	1.0	0.6829999999999999	97.037	197627	ELECTRONIC
3ipx8g9bvOSLdZVK	ELECTRONIC,ELECTRONIC,ELECTRO	EN	0.693	0.7959999999999999	0.0	1.0	0.6729999999999999	127.977	251893	ELECTRONIC
LAImbXseaDKWGBzL	ELECTRONIC,HOUSE	EN	0.607	0.726	1.0	1.0	0.318	127.989	228694	ELECTRONIC
QPN33zgtQQMiB836	ELECTRONIC	EN	0.297	0.885	9.0	1.0	0.273	168.817	378867	ELECTRONIC
8fqAv3f7iqXMoUDn	ELECTRONIC,HOUSE	EN	0.621	0.8640000000000001	6.0	1.0	0.914	127.981	179547	ELECTRONIC
sQ2T6XZVQdYMUL7P	ELECTRONIC	EN	0.292	0.5660000000000001	4.0	1.0	0.618	125.924	188973	ELECTRONIC
T6Bt1vSox4Z5PzZy	ELECTRO HOUSE,ELECTRONIC,HOUSE,ELECTRO,DUBSTEP,COMPLEXTRO	EN	0.54	0.8740000000000001	7.0	0.0	0.411	99.995	242213	ELECTRONIC
HJ8bE2CSPU0YJlnK	EXPERIMENTAL,POST-HARDCORE,ELECTRONIC	EN	0.486	0.5920000000000001	4.0	1.0	0.397	95.028	207665	ELECTRONIC
GBLhyyFqvCmIN5sR	ELECTRONIC,HIP HOP	EN	0.609	0.198	7.0	1.0	0.32	67.116	168429	ELECTRONIC
TEf3wQEIHRYF6E2e	DRUM AND BASS,ELECTRONIC	EN	0.421	0.8959999999999999	5.0	0.0	0.1689999999999999	174.065	304107	ELECTRONIC
psLdvZ9AUPJqxwrF	ELECTRONIC	EN	0.6940000000000001	0.773	6.0	0.0	0.8959999999999999	132.012	299000	ELECTRONIC
mQqP5kDQebF1OgvT	POST-HARDCORE,POST-HARDCORE,METALCORE,ELECTRONIC	EN	0.565	0.987	4.0	1.0	0.413	107.954	181427	ELECTRONIC
ZoUWqg2L5mDSxA4f	ELECTRONIC	EN	0.48	0.0404	2.0	0.0	0.28	130.77700000000002	221693	ELECTRONIC
sC0IwqNcgmtA3zt0	CHILLSTEP,LOUNGE,ELECTRONIC	EN	0.7440000000000001	0.443	2.0	0.0	0.351	103.294	243950	ELECTRONIC
RtHIjk6md3HQTdb5	ELECTRONIC,PROGRESSIVE HOUSE,NU DISCO	EN	0.742	0.6709999999999999	7.0	1.0	0.6609999999999999	113.01	407386	ELECTRONIC
gjfsUahwvBtuDa9T	NEW AGE,AMBIENT,ELECTRONIC,NEW AGE,AMBIENT	EN	0.5379999999999999	0.7879999999999999	5.0	0.0	0.457	100.005	353133	ELECTRONIC
VoTKGmX6CJ6VbAJ9	HOUSE,ELECTRONIC,TRANCE	EN	0.75	0.7020000000000001	4.0	0.0	0.353	99.931	222389	ELECTRONIC
v3MfU67L2fUxnRvA	ELECTRONIC,ELECTRONICA	EN	0.404	0.726	11.0	1.0	0.408	168.878	220013	ELECTRONIC
aA7sz1whyZs7k6Hf	POST-HARDCORE,METAL,ELECTRONIC,EXPERIMENTAL	EN	0.5479999999999999	0.976	1.0	1.0	0.45	140.102	203920	ELECTRONIC
N6ShI0sxkbJQU5ti	NEW WAVE,POST-PUNK,ELECTRONIC,NEW WAVE,POST-PUNK	EN	0.696	0.948	0.0	1.0	0.954	122.872	261787	ELECTRONIC
I8HWuyU0MKc3D5yk	ELECTRONIC	EN	0.3720000000000001	0.413	4.0	0.0	0.16	126.607	228535	ELECTRONIC
4EZLHYX3aUVxm9dh	ELECTRONIC	EN	0.733	0.799	4.0	0.0	0.5770000000000001	118.067	172791	ELECTRONIC
Pmetbu2VNIu5drGH	DOWNTEMPO,ELECTRONIC	EN	0.736	0.456	10.0	0.0	0.532	80.835	458760	ELECTRONIC
6bGyO0pip5cK53JN	ELECTRONIC	EN	0.384	0.825	4.0	0.0	0.351	174.979	242743	ELECTRONIC
YNViXcMGPvBZIQlI	ELECTRONIC,EXPERIMENTAL	EN	0.467	0.354	6.0	0.0	0.231	164.334	186200	ELECTRONIC
7doRHDMcQiJDhcwP	ELECTRONIC	EN	0.54	0.922	4.0	1.0	0.522	114.953	196405	ELECTRONIC
BJ2tA430oWZtyK5N	HOUSE,ELECTRONIC,DEEP HOUSE,TRANCE	EN	0.639	0.446	6.0	0.0	0.239	123.952	187554	ELECTRONIC
eMzHNeuY01eLCJ0u	ELECTRONIC	EN	0.458	0.8959999999999999	1.0	0.0	0.364	133.988	252557	ELECTRONIC
bsB8HxEpHhFdbZ5w	DRUM AND BASS,ELECTRONIC,DRUM AND BASS,ELECTRONIC	EN	0.291	0.923	6.0	0.0	0.201	174.03099999999995	275946	ELECTRONIC
kY9RyJ8RusA2VrTB	ELECTRONIC,NEW WAVE	EN	0.7170000000000001	0.715	0.0	1.0	0.966	133.298	265560	ELECTRONIC
2VCe6SKvfVWJ3F1A	HIP HOUSE,ELECTRONIC,RAP,HIP HOP	EN	0.701	0.915	4.0	0.0	0.698	127.101	194453	ELECTRONIC
vIFDXydyzLrTeCmg	ELECTRONIC,ELECTRONICA	EN	0.594	0.914	7.0	0.0	0.447	98.012	272173	ELECTRONIC
2SsX4ycdD5bjiUiE	ELECTRONIC	EN	0.6859999999999999	0.914	1.0	1.0	0.838	170.00099999999995	263693	ELECTRONIC
A1Wrlr0DH4rVbfhA	ELECTRONIC	EN	0.58	0.565	0.0	0.0	0.138	112.986	242253	ELECTRONIC
LGuvev6ad629cOrI	BAROQUE,METAL,ELECTRONIC,EXPERIMENTAL,BLACK METAL,OPERA	EN	0.46	0.906	1.0	1.0	0.44	74.987	115200	ELECTRONIC
hlXjzMEKTvozulON	MINIMAL,TECHNO,MINIMAL TECHNO,ELECTRONIC	EN	0.305	0.0962	2.0	1.0	0.0399	118.774	313132	ELECTRONIC
nacbTYy5gM9F6fFO	NEW AGE,AMBIENT,ELECTRONIC,NEW AGE,AMBIENT	EN	0.527	0.8240000000000001	1.0	0.0	0.326	92.492	231333	ELECTRONIC
kQ6gfjlYSsbY6vdx	ELECTRONIC,ELECTRONICA	EN	0.348	0.721	2.0	1.0	0.224	151.997	288333	ELECTRONIC
pVidfQyCntTCkBph	FOLK,ELECTRONIC	EN	0.847	0.386	9.0	0.0	0.178	104.001	188000	ELECTRONIC
otxEoLYYiZCHQY69	ELECTRONIC,BIG BEAT	EN	0.466	0.996	2.0	1.0	0.254	172.016	233707	ELECTRONIC
eVjb88sRWSVsK2sU	ELECTRONIC	EN	0.585	0.725	8.0	1.0	0.268	125.042	243533	ELECTRONIC
48LhJYoXhAVeJfmv	EXPERIMENTAL,ELECTRONIC	EN	0.291	0.12	9.0	0.0	0.0604	103.42	265640	ELECTRONIC
WZyPLGh0WyW7cKDP	ELECTRONIC,EXPERIMENTAL	EN	0.5720000000000001	0.68	4.0	1.0	0.723	134.07399999999998	253373	ELECTRONIC
jrBcy5byqemxYvjT	ELECTRONIC	EN	0.7509999999999999	0.531	4.0	0.0	0.501	90.214	71533	ELECTRONIC
quAlAddRKz8tnW74	HOUSE,ELECTRONIC,ELECTRO	EN	0.769	0.836	2.0	1.0	0.916	131.989	167493	ELECTRONIC
WnGHeEUToa6Nqobk	ELECTRONIC,EXPERIMENTAL,ELECTRONIC	EN	0.529	0.5670000000000001	2.0	1.0	0.431	149.362	174450	ELECTRONIC
JINDxTNQJbaZLbjx	DUBSTEP,BREAKBEAT,DUBSTEP,ELECTRONIC	EN	0.545	0.927	1.0	0.0	0.41	171.81599999999997	185400	ELECTRONIC
M3tfK7q9WpPgHrS9	ELECTRONIC	EN	0.504	0.458	5.0	0.0	0.416	118.161	176333	ELECTRONIC
k4RqKfTHS5oKH8xy	ELECTRONIC,ELECTRONIC,LO-FI	EN	0.677	0.472	4.0	0.0	0.329	119.907	241064	ELECTRONIC
oL2UxK15wPEU1M7Y	HOUSE,ELECTRONIC,DEEP HOUSE,FUTURE HOUSE	EN	0.81	0.968	11.0	0.0	0.56	125.984	316191	ELECTRONIC
28ZfxWAG6D12aIBA	ELECTRONIC,TURNTABLISM	EN	0.405	0.7929999999999999	7.0	0.0	0.938	104.036	274267	ELECTRONIC
K4VkJ4FAK13KrZH1	ELECTRONIC,CRUNK,ELECTRONICA,ELECTRONIC,ELECTRONICA	EN	0.472	0.743	8.0	1.0	0.237	83.01799999999999	187880	ELECTRONIC
tBVx1nfVjkqfVZuP	ELECTRONIC	EN	0.6629999999999999	0.978	10.0	1.0	0.6990000000000001	120.035	249933	ELECTRONIC
2DHjfjlp8jUKlEKy	ELECTRONIC,HOUSE	EN	0.5820000000000001	0.971	3.0	0.0	0.655	130.013	210120	ELECTRONIC
XBAcTTfiztjxLbhh	ELECTRONIC	EN	0.342	0.573	5.0	1.0	0.451	205.587	205912	ELECTRONIC
BBaha1obZecGL5TC	ELECTRONIC	EN	0.7340000000000001	0.637	4.0	0.0	0.648	169.977	202333	ELECTRONIC
vsDQG0cqtpYvEpAk	ELECTRONIC,SHOEGAZE,CHILLWAVE	EN	0.726	0.609	8.0	1.0	0.503	111.011	227386	ELECTRONIC
Mh2ZJ3D6PTaAIo0l	FOLK,ELECTRONIC,SINGER-SONGWRITER	EN	0.623	0.552	2.0	1.0	0.31	129.993	187320	ELECTRONIC
uX7W4pgeP2bbbC43	ELECTRONIC	EN	0.629	0.596	11.0	0.0	0.179	156.001	261891	ELECTRONIC
IcLjrUb4Ji88ipSq	ELECTRONIC,NEW BEAT,NEW BEAT,NEW WAVE,ELECTRONIC	EN	0.88	0.5710000000000001	10.0	0.0	0.36	114.445	349547	ELECTRONIC
iYrDEjFIZ5cCtb5n	ELECTRONIC,PROGRESSIVE HOUSE	EN	0.7290000000000001	0.72	3.0	1.0	0.0388	122.015	578041	ELECTRONIC
EWRmOOav95GYKxE2	ELECTRONIC	EN	0.782	0.507	11.0	1.0	0.867	128.011	207200	ELECTRONIC
ZKYMMjn2NMhnsxTK	ELECTRONIC,TECHNO,ELECTRONICA	EN	0.612	0.866	6.0	0.0	0.172	134.054	217733	ELECTRONIC
6PEQDGleXEIkReaY	DOWNTEMPO,ELECTRONIC,SOUL,UK GARAGE	EN	0.7829999999999999	0.55	1.0	0.0	0.565	119.962	226380	ELECTRONIC
mTrUxHgS9FfJ8qGr	DEEP HOUSE,ELECTRONIC	EN	0.688	0.649	2.0	1.0	0.237	125.012	272693	ELECTRONIC
HnicHxCxw4IysPNz	ELECTRONIC,ALTERNATIVE METAL,ELECTRONIC,ALTERNATIVE METAL	EN	0.526	0.903	2.0	0.0	0.45	144.017	200311	ELECTRONIC
v3q3hNptyHaUHano	ELECTRONIC,ELECTRONICA	EN	0.8009999999999999	0.649	0.0	0.0	0.6709999999999999	125.009	371060	ELECTRONIC
TNkZ4twaTnxo6cxb	EBM,INDUSTRIAL,ELECTRONIC	EN	0.62	0.85	0.0	0.0	0.308	121.985	241131	ELECTRONIC
x1u3we8CUPrE6jqQ	ELECTRONIC	EN	0.7979999999999999	0.8390000000000001	1.0	1.0	0.499	119.993	217519	ELECTRONIC
UZujbJMl2DpSLeTg	TRANCE,VOCAL TRANCE,ELECTRONIC	EN	0.7140000000000001	0.642	8.0	0.0	0.102	137.834	177027	ELECTRONIC
Qd13tDDRvOVNjlBy	ELECTRONIC,DISCO	EN	0.74	0.682	9.0	0.0	0.41	113.201	544627	ELECTRONIC
QfeuBw2KWyVBoUgk	UK GARAGE,HOUSE,ELECTRONIC,DUBSTEP	EN	0.812	0.86	7.0	1.0	0.695	128.999	320013	ELECTRONIC
YkbGiAJzhwRpMjbt	ELECTRONIC	EN	0.286	0.48	4.0	0.0	0.148	96.464	279270	ELECTRONIC
sKQFB0lRSRFLfkoE	ELECTRONIC,RAP	EN	0.861	0.58	9.0	1.0	0.8740000000000001	130.006	206769	ELECTRONIC
LCGFVdl4dwIOAWZK	ELECTRONIC,ELECTRONICA	EN	0.773	0.8009999999999999	7.0	0.0	0.687	132.899	248307	ELECTRONIC
zKRpxmHeSu6Y1JdV	ELECTRONIC	EN	0.586	0.564	9.0	1.0	0.186	100.031	346467	ELECTRONIC
VcxqPLiWFJ46cFoi	MINIMAL,ELECTRONIC	EN	0.6779999999999999	0.552	6.0	1.0	0.421	103.994	313085	ELECTRONIC
12dt1sEhPPalH4lq	ELECTRONIC,NEW RAVE,ELECTRO,ELECTRONICA	EN	0.706	0.679	3.0	0.0	0.875	114.992	185360	ELECTRONIC
pF1X7Y7eESwmhSQL	ELECTRONIC	EN	0.364	0.8370000000000001	1.0	1.0	0.174	130.012	351013	ELECTRONIC
jpD9HKUZbWKIeEKr	AMBIENT,DRONE,ELECTRONICA	EN	0.231	0.297	1.0	1.0	0.0397	84.95299999999997	124307	ELECTRONIC
UhTFxoFKfu6ZNsWY	TECHNO,TRANCE,ELECTRONIC	EN	0.539	0.985	7.0	1.0	0.364	134.737	186187	ELECTRONIC
589h2wCLw08ch3h2	ELECTRONIC,ELECTRO	EN	0.838	0.7879999999999999	6.0	1.0	0.8490000000000001	130.035	169067	ELECTRONIC
AVpJkUAko5OybSog	EXPERIMENTAL,ELECTRONIC	EN	0.453	0.872	0.0	1.0	0.342	80.703	233453	ELECTRONIC
xtCaOOn40VoNpCra	HOUSE,ELECTRONIC,DEEP HOUSE,DISCO	EN	0.79	0.665	9.0	1.0	0.498	120.014	388853	ELECTRONIC
BS2gFL91rNOIB3s7	ELECTRONIC,TECHNO,HOUSE	EN	0.645	0.986	4.0	1.0	0.514	144.972	176453	ELECTRONIC
S4fGcO6HKI8H0sI2	ELECTRONIC,LOUNGE	EN	0.546	0.508	0.0	0.0	0.385	153.721	223667	ELECTRONIC
6YjXW7tLyeGAAGgs	ELECTRONIC	EN	0.581	0.7390000000000001	9.0	1.0	0.565	155.05100000000004	204013	ELECTRONIC
m6UN694A9IvntbWw	EXPERIMENTAL,ELECTRONIC,ABSTRACT	EN	0.146	0.611	11.0	0.0	0.115	81.791	346040	ELECTRONIC
CFJJmbnI2JZqZLvD	SOUL,ELECTRONIC	EN	0.517	0.414	11.0	0.0	0.231	109.507	135000	ELECTRONIC
HhYb4g1EXYySeISR	ELECTRONIC,DOWNTEMPO,TECHNO,AMBIENT	EN	0.365	0.489	1.0	0.0	0.0724	150.195	413093	ELECTRONIC
ECLqbaDThobuJWyo	ELECTRONIC,AMBIENT,HOUSE	EN	0.496	0.838	8.0	0.0	0.294	94.023	199914	ELECTRONIC
gJapP8Zjs9GWKA8l	SOUL,ELECTRONIC	EN	0.449	0.422	11.0	1.0	0.117	114.44	211827	ELECTRONIC
qalijj7FrACTtqUb	ELECTRONIC,ELECTRO,INDIETRONICA	EN	0.716	0.283	0.0	1.0	0.455	87.948	413080	ELECTRONIC
P3tBaMNxhiSWlDyh	POST-HARDCORE,HARDCORE,ELECTRONIC,EMO	EN	0.416	0.96	4.0	0.0	0.121	175.06400000000005	288439	ELECTRONIC
HlLCULfhvjEn8FXD	ELECTRONIC	EN	0.259	0.73	0.0	1.0	0.156	90.392	243253	ELECTRONIC
iHTG4zqfzSwY5q0o	HOUSE,ELECTRONICA,ELECTRONIC,HOUSE	EN	0.763	0.645	0.0	1.0	0.593	126.967	222800	ELECTRONIC
Evsb9mgPay4Ul1cX	ELECTRONIC,EXPERIMENTAL	EN	0.613	0.7909999999999999	0.0	1.0	0.509	101.066	289827	ELECTRONIC
EtF2Cqs3KoDNuttw	DRUM AND BASS,ELECTRONIC,BREAKBEAT	EN	0.392	0.925	6.0	1.0	0.2	174.08900000000003	283467	ELECTRONIC
rFYJ3fz6T5ES2mYg	ELECTRONIC	EN	0.591	0.611	0.0	1.0	0.181	136.007	220760	ELECTRONIC
wYlIlT5FY6XQp2Vo	HOUSE,ELECTRONIC,DISCO	EN	0.633	0.818	1.0	1.0	0.337	121.975	193481	ELECTRONIC
xeetA3GDdlLUYOG0	ELECTRONIC	EN	0.536	0.802	2.0	1.0	0.155	134.91899999999998	205120	ELECTRONIC
L81uiGRAAlvx6Rad	ELECTRONIC,REMIX,BREAKBEAT	EN	0.529	0.935	0.0	1.0	0.377	130.966	208800	ELECTRONIC
Y3UkgwteqedusUjK	HOUSE,ELECTRONIC,ELECTRO,ELECTRO HOUSE	EN	0.778	0.618	0.0	1.0	0.693	126.065	161627	ELECTRONIC
rj1pjaXt0GulpeBH	ELECTRONIC,NU JAZZ,SOUL JAZZ	EN	0.529	0.422	9.0	0.0	0.175	120.18	235747	ELECTRONIC
f1gD2ou1v3v4J3xc	ELECTRONIC,AMBIENT	EN	0.173	0.0966	1.0	1.0	0.0465	167.676	92801	ELECTRONIC
gEY1syD3iPDBShlU	SINGER-SONGWRITER,ELECTRONIC	EN	0.429	0.171	7.0	1.0	0.11	102.392	198824	ELECTRONIC
rLf3KNB7HTvUxCTL	ELECTRONIC	EN	0.7909999999999999	0.916	4.0	0.0	0.537	100.003	212869	ELECTRONIC
GYw25GxkItNfOQom	ELECTRONIC,EXPERIMENTAL,AMBIENT,ELECTRONIC,EXPERIMENTAL	EN	0.568	0.449	2.0	0.0	0.375	141.17700000000005	240240	ELECTRONIC
sO0GIjS0L9fpxuHF	HOUSE,ELECTRONIC,DEEP HOUSE,TRANCE	EN	0.755	0.6990000000000001	6.0	1.0	0.1639999999999999	125.008	299071	ELECTRONIC
1wCHJrpVFFoxYRz9	ELECTRONIC,DUBSTEP,ELECTRONIC	EN	0.6409999999999999	0.539	5.0	0.0	0.436	148.004	286680	ELECTRONIC
Tvty0QvaU2vVFl8U	ELECTRONIC,ELECTRONIC	EN	0.7440000000000001	0.5720000000000001	9.0	0.0	0.907	115.987	219196	ELECTRONIC
vQjHQRr89SPcMbkV	ELECTRONIC,HOUSE,ELECTRONIC,DEEP HOUSE	EN	0.747	0.653	2.0	1.0	0.596	111.992	261227	ELECTRONIC
mAvZgCKzHxDsyVro	AMBIENT,EXPERIMENTAL,ELECTRONIC	EN	0.501	0.762	7.0	1.0	0.0665	83.941	280573	ELECTRONIC
B5qQdjwMzQ3LXfih	ELECTRONIC,HOUSE	EN	0.606	0.955	1.0	0.0	0.285	125.007	330533	ELECTRONIC
JUUcIUJnd0VyWrP3	ELECTRONIC	EN	0.537	0.906	1.0	1.0	0.234	124.948	184000	ELECTRONIC
Mb3SRzjRXlvsXrV9	ELECTRONIC	EN	0.546	0.8959999999999999	2.0	1.0	0.474	137.97	282853	ELECTRONIC
JVgV0bedW6IW11Lg	EXPERIMENTAL,ELECTRONIC,LO-FI	EN	0.601	0.795	6.0	0.0	0.342	99.994	247396	ELECTRONIC
IeMNpk7ZYZAQgCH9	HOUSE,ELECTRONIC	EN	0.5870000000000001	0.748	0.0	1.0	0.25	129.95600000000002	208027	ELECTRONIC
K36H0lEtqS3IJgGa	ELECTRONIC,AMBIENT,ELECTRONICA	EN	0.61	0.812	11.0	0.0	0.619	122.977	202040	ELECTRONIC
5wS8ledCDyNt7OLR	ELECTRONIC,HOUSE,NEW RAVE	EN	0.795	0.8909999999999999	10.0	0.0	0.968	120.002	166547	ELECTRONIC
a3EUbWw9FHfDjApD	NEW AGE,AMBIENT,ELECTRONIC	EN	0.6709999999999999	0.5710000000000001	0.0	0.0	0.519	120.212	319733	ELECTRONIC
ybOSlwYJOkoCTDmM	ELECTRONIC	EN	0.47	0.481	5.0	0.0	0.128	179.96900000000005	302067	ELECTRONIC
CrKs42CvLOgCCKl6	ELECTRONIC	EN	0.491	0.616	5.0	0.0	0.422	86.965	296867	ELECTRONIC
K7vDtnZaLhlNz5wU	EXPERIMENTAL,ELECTRONIC	EN	0.66	0.5489999999999999	0.0	1.0	0.0378	113.74	167386	ELECTRONIC
Q2cTcU0yl0QYJ8Py	ELECTRONIC	EN	0.534	0.568	5.0	1.0	0.204	140.047	253893	ELECTRONIC
FmQh5RVcKV0haoJN	AMBIENT,ELECTRONIC	EN	0.252	0.449	5.0	1.0	0.59	80.417	319000	ELECTRONIC
0wcTiyCQ2Urvlmic	NEW WAVE,ELECTRONIC,FOOTBALL,NEW WAVE,POST-PUNK	EN	0.603	0.955	1.0	1.0	0.787	123.922	270827	ELECTRONIC
JUGHiEZXfLXDxdYL	CHILLWAVE,ELECTRONIC,DOWNTEMPO	EN	0.505	0.861	9.0	1.0	0.504	100.959	266093	ELECTRONIC
zU4hcQjWwh36CCBe	ELECTRONIC	EN	0.316	0.635	9.0	1.0	0.4370000000000001	127.244	302293	ELECTRONIC
vgaChPLiIl6uF5E8	TROPICAL HOUSE,REGGAE,HARDCORE,ELECTRONIC	EN	0.78	0.68	4.0	1.0	0.594	118.026	180560	ELECTRONIC
lQ1RHZLiYMTuIwkL	EXPERIMENTAL,ELECTRONIC	EN	0.4920000000000001	0.422	7.0	1.0	0.0776	113.989	227712	ELECTRONIC
fKZF6xI2Np2l5BQ4	ELECTRONIC,BREAKBEAT,TECHNO	EN	0.35	0.975	6.0	1.0	0.312	119.076	220253	ELECTRONIC
VRlTY1wBRLFETozr	ELECTRONIC,EDM,HOUSE,DEEP HOUSE	EN	0.621	0.551	7.0	1.0	0.222	105.052	233133	ELECTRONIC
VWSHTTzmOlXI28VY	ELECTRONIC,ELECTROCLASH,ELECTRO,ELECTRONIC	EN	0.6940000000000001	0.7909999999999999	10.0	0.0	0.695	119.998	211187	ELECTRONIC
L8bRrL53bYInlShC	LOUNGE,DOWNTEMPO,ELECTRONIC	EN	0.6890000000000001	0.8740000000000001	9.0	0.0	0.961	121.019	202333	ELECTRONIC
bfWL3RvDxJphEobY	HOUSE,ELECTRONIC,DISCO	EN	0.58	0.89	6.0	1.0	0.909	124.971	293732	ELECTRONIC
1NkXyJoFSqqdEUIJ	SOUL,ELECTRONIC	EN	0.61	0.856	10.0	0.0	0.726	152.001	180320	ELECTRONIC
NeY22GQ0nspgugSz	ELECTRONIC,DISCO,NU DISCO,ELECTRO	EN	0.858	0.336	7.0	0.0	0.531	88.04899999999998	241200	ELECTRONIC
24pVRAg6rZIdyaLP	POST-HARDCORE,TRANCECORE,NINTENDOCORE,ELECTRONIC	EN	0.295	0.956	2.0	0.0	0.346	170.013	256333	ELECTRONIC
20SqhPoFL90Er4cU	ELECTRONIC	EN	0.68	0.938	7.0	1.0	0.682	121.016	344625	ELECTRONIC
GsGZVExrQ5wxOcIN	ELECTRONIC	EN	0.568	0.7190000000000001	8.0	1.0	0.539	106.036	174760	ELECTRONIC
5uD0I14L3Yiz7eNn	ELECTRONIC,HOUSE,DUBSTEP	EN	0.653	0.899	2.0	1.0	0.174	133.469	231680	ELECTRONIC
BJ7AnyjOQi31hahT	SOUL,ELECTRONIC	EN	0.747	0.6970000000000001	6.0	1.0	0.569	102.28	226493	ELECTRONIC
eRRvKFj0Nc4AwGuf	ELECTRONIC,LOUNGE	EN	0.473	0.867	2.0	0.0	0.153	94.091	300267	ELECTRONIC
lj4KoY5A6dVHO3ZO	ELECTRONIC	EN	0.8029999999999999	0.785	10.0	0.0	0.691	90.256	227813	ELECTRONIC
bkz7Bw1ny4HZxvY8	ELECTRONIC	EN	0.369	0.8590000000000001	8.0	1.0	0.0397	167.986	309827	ELECTRONIC
6pdbEwVFE1Rz1XNk	ELECTRONIC	EN	0.701	0.7879999999999999	2.0	1.0	0.795	142.584	462267	ELECTRONIC
B34MLxN2Ch8iLGlR	ELECTRONIC	EN	0.5710000000000001	0.89	11.0	0.0	0.494	109.873	304787	ELECTRONIC
kkxixwPNQpsh3FGs	EXPERIMENTAL,AMBIENT,ELECTRONIC,EXPERIMENTAL	EN	0.564	0.42	8.0	1.0	0.293	129.931	160030	ELECTRONIC
JtoOtR9E14ZA4Gbj	EXPERIMENTAL,AVANT-GARDE,EXPERIMENTAL,ELECTRONIC	EN	0.406	0.679	0.0	1.0	0.153	120.921	242840	ELECTRONIC
ZaOjiffhSf2uERHr	ELECTRONIC,EDM	EN	0.555	0.8440000000000001	9.0	0.0	0.563	142.115	209577	ELECTRONIC
UrF2YRmCsFE6zm9v	ELECTRONIC,SOUL	EN	0.611	0.471	6.0	0.0	0.43	128.018	194907	ELECTRONIC
NabVBJbLX5N1mkJe	ELECTRONIC	EN	0.3229999999999999	0.214	7.0	0.0	0.0606	96.588	232040	ELECTRONIC
FjevBJEzBD0rKFAX	ELECTRONIC,DANCE-PUNK,ELECTRO	EN	0.438	0.965	1.0	1.0	0.463	145.0	275800	ELECTRONIC
PZcJOvnLlhshDzfF	ELECTRONIC,ELECTRONICA	EN	0.61	0.94	8.0	0.0	0.768	120.045	225560	ELECTRONIC
VmUbfpibcjjJiEqd	POST-HARDCORE,TRANCECORE,POST-HARDCORE,ELECTRONIC,TRANCECORE	EN	0.369	0.899	11.0	0.0	0.239	131.267	337933	ELECTRONIC
2ACCFtROBap3SEZb	ELECTRONIC,ELECTRONIC	EN	0.495	0.872	2.0	1.0	0.302	155.014	297264	ELECTRONIC
TmgtWNVEax3fqvIt	HOUSE,ELECTRONIC,TRANCE	EN	0.7190000000000001	0.863	11.0	0.0	0.561	107.986	195806	ELECTRONIC
xYz264eB5E0bQiq2	ELECTRONIC	EN	0.563	0.8420000000000001	9.0	0.0	0.276	105.031	236087	ELECTRONIC
70a8AW06FWtIRGzl	ELECTRONIC,DANCEHALL,ELECTRONIC	EN	0.7509999999999999	0.687	10.0	0.0	0.512	197.979	222400	ELECTRONIC
4669pUtu9eOa2U8q	HOUSE,ELECTRONIC,DEEP HOUSE	EN	0.6679999999999999	0.599	8.0	0.0	0.204	94.998	255027	ELECTRONIC
rBOlDJtunXXglCIU	ELECTRONIC	EN	0.3	0.51	5.0	1.0	0.1639999999999999	187.96	231613	ELECTRONIC
z5ZYqlSw14ILyRWa	EXPERIMENTAL,HIP HOP,ALTERNATIVE HIP HOP,ELECTRONIC,ALTERNATIVE DANCE	EN	0.645	0.657	4.0	1.0	0.628	139.82399999999998	220307	ELECTRONIC
5hmuHyB0Ha2B6YKF	DOWNTEMPO,ELECTRONIC,LOUNGE	EN	0.86	0.762	5.0	0.0	0.935	111.967	191507	ELECTRONIC
3XrvzjFFZDpcnZHJ	TECHNO,HOUSE,ELECTRONIC,ELECTRO,TECH HOUSE	EN	0.825	0.851	4.0	0.0	0.855	122.012	395120	ELECTRONIC
v1cMVOSDwx72rsqy	ELECTRONIC	EN	0.611	0.906	9.0	1.0	0.505	124.977	243187	ELECTRONIC
w6AFBhbycrhiqI7T	NEW WAVE,EXPERIMENTAL,ELECTRONIC	EN	0.531	0.871	0.0	0.0	0.605	124.997	162000	ELECTRONIC
Kpp0Mb0zh0SQiZxE	ELECTRONIC,INDIETRONICA,ELECTRONICA	EN	0.718	0.493	1.0	0.0	0.642	119.994	238838	ELECTRONIC
TnrubZsqyEaj7b9n	ELECTRONIC,POST-PUNK	EN	0.471	0.755	9.0	1.0	0.149	138.094	260669	ELECTRONIC
TDEvHybYODVgN7Sg	POST-PUNK,ELECTRONIC	EN	0.525	0.8079999999999999	5.0	1.0	0.866	170.06099999999995	210588	ELECTRONIC
eQawbaWpfWFKKJyB	ELECTRONIC,HIP HOP	EN	0.758	0.4270000000000001	10.0	0.0	0.489	139.911	180000	ELECTRONIC
mInJrG91UI2ynS3w	ELECTRONIC	EN	0.767	0.575	5.0	0.0	0.701	114.001	304480	ELECTRONIC
j4q1CavqT9wIjNaA	MINIMAL TECHNO,TECH HOUSE,ELECTRONIC,DOWNTEMPO	EN	0.645	0.546	5.0	0.0	0.0391	119.993	300035	ELECTRONIC
QbuyyiWI1dIVgGLL	ELECTRONIC,EXPERIMENTAL	EN	0.605	0.379	6.0	0.0	0.296	147.851	225203	ELECTRONIC
LQcLtkwY8hJHJCcd	INDUSTRIAL,ELECTRONIC	EN	0.503	0.6459999999999999	7.0	1.0	0.179	139.985	233720	ELECTRONIC
Gm9nrt9l1LExe41A	ELECTRONIC	EN	0.414	0.426	1.0	0.0	0.0394	158.04399999999995	187993	ELECTRONIC
djixtC9R1PempYsH	ELECTRONIC,EXPERIMENTAL	EN	0.5870000000000001	0.866	9.0	1.0	0.391	107.986	235440	ELECTRONIC
ELuAsEsthZUiIGYq	INDUSTRIAL,ELECTRONIC,EXPERIMENTAL	EN	0.703	0.527	10.0	0.0	0.269	110.06	281560	ELECTRONIC
6Tw6Db0bucbzRj8C	JAZZ,SOUL,ELECTRONIC,JAZZ,SOUL	EN	0.6859999999999999	0.5920000000000001	6.0	0.0	0.364	89.01299999999998	194157	ELECTRONIC
N1vzc7y3rYCZWo7F	ELECTRONIC,MINIMAL,HOUSE	EN	0.7909999999999999	0.329	10.0	0.0	0.526	127.021	230500	ELECTRONIC
nicWwBjhvZ0RITDW	EXPERIMENTAL,ELECTRONIC	EN	0.531	0.8170000000000001	5.0	1.0	0.45	134.984	277507	ELECTRONIC
TjFk9rj8E1jJjlqh	HOUSE,ELECTRONIC,ELECTRO	EN	0.499	0.787	8.0	0.0	0.6609999999999999	114.853	342674	ELECTRONIC
ETIUFhqyLgqop3kY	ELECTRONIC,DUBSTEP,HOUSE,ELECTRO HOUSE,EDM	EN	0.483	0.564	11.0	0.0	0.278	99.924	185100	ELECTRONIC
9LmnjnXX3Kcn0tBO	ELECTRONIC,ELECTRO,ELECTRONIC,ELECTRO	EN	0.765	0.67	8.0	1.0	0.417	106.004	222600	ELECTRONIC
rYd5tghuEi1SC64x	INDUSTRIAL,EBM,AGGROTECH,ELECTRONIC	EN	0.627	0.8759999999999999	6.0	1.0	0.6729999999999999	130.009	298213	ELECTRONIC
8KcrVQWhoe32tmig	ELECTRO,ELECTRONIC,HOUSE	EN	0.621	0.762	1.0	1.0	0.261	121.049	219174	ELECTRONIC
pQfTIHmVYxPDrMx3	ELECTRONIC,CHILLWAVE	EN	0.603	0.419	4.0	1.0	0.222	86.056	120291	ELECTRONIC
60TbDOlQmpzCjAnG	ELECTRONIC,HOUSE,TRANCE	EN	0.722	0.8640000000000001	11.0	0.0	0.742	130.017	213933	ELECTRONIC
D9tP3tIDhhhjk5mz	TRANCE,VOCAL TRANCE,ELECTRONIC	EN	0.57	0.904	5.0	0.0	0.474	134.97899999999998	276093	ELECTRONIC
Fo5Ogcd2jYzASpj2	ELECTRONIC,HIP HOP,EXPERIMENTAL,SINGER-SONGWRITER	EN	0.575	0.503	10.0	1.0	0.214	90.674	253779	ELECTRONIC
12OPaZ5O3qlPLbh0	DOWNTEMPO,ELECTRONIC	EN	0.6940000000000001	0.52	11.0	1.0	0.512	82.51299999999998	241116	ELECTRONIC
ziNhSvVq4XJXTKUd	ELECTRONIC	EN	0.562	0.979	2.0	0.0	0.7609999999999999	122.999	205667	ELECTRONIC
bVhNIbgtCsq1mVLC	ELECTRONIC	EN	0.8	0.696	5.0	0.0	0.7240000000000001	120.023	217062	ELECTRONIC
Uj77vqQXKfPFNpzU	ELECTRONIC	EN	0.679	0.69	1.0	0.0	0.648	99.949	226350	ELECTRONIC
b2RaLDmuXHtCYMX8	ELECTRONIC	EN	0.623	0.8959999999999999	5.0	1.0	0.531	94.192	195560	ELECTRONIC
4Vumo5bybkjwPR4V	NEW AGE,ELECTRONIC,AMBIENT	EN	0.638	0.511	1.0	1.0	0.294	89.96799999999998	265280	ELECTRONIC
FXR73Y8yC8l9oEU3	DEEP HOUSE,HOUSE,ELECTRONIC	EN	0.687	0.725	11.0	0.0	0.575	121.999	165373	ELECTRONIC
2MrFuWEi2SjRXR35	ELECTRONIC,HOUSE,ELECTRONIC,HOUSE	EN	0.7020000000000001	0.297	10.0	0.0	0.0676	110.116	228507	ELECTRONIC
aTqZl6gUeeZEwBNB	SINGER-SONGWRITER,ELECTRONIC	EN	0.551	0.0876	7.0	1.0	0.268	135.895	160588	ELECTRONIC
JFarq6woSJ3tCeQ8	FUNK,ACID JAZZ,ELECTRONIC,FUNK,ACID JAZZ	EN	0.617	0.949	2.0	1.0	0.815	174.174	272413	ELECTRONIC
cAECVVebYZnZQTlQ	ELECTRONICA	EN	0.6459999999999999	0.755	7.0	1.0	0.258	99.991	316307	ELECTRONIC
Zn9KtpiwPWba28ES	ELECTRONIC,INDIETRONICA	EN	0.6779999999999999	0.6940000000000001	6.0	0.0	0.293	173.976	230517	ELECTRONIC
hVrZndI1OzjVYA1O	ELECTRONIC	EN	0.568	0.644	0.0	1.0	0.595	93.981	293821	ELECTRONIC
sEYweZaTwAvsL5a3	ELECTRONIC	EN	0.64	0.92	1.0	1.0	0.361	143.434	227520	ELECTRONIC
B8ymBJQALEKy61PA	ELECTRONIC,ELECTRO,CRUNK	EN	0.701	0.6829999999999999	5.0	0.0	0.379	130.063	235627	ELECTRONIC
1DCWtaOAX4Z9DBrF	NEW AGE,AMBIENT,ELECTRONIC	EN	0.537	0.949	9.0	0.0	0.46	129.999	87867	ELECTRONIC
ZaC51w5QWY64B45l	HOUSE,ELECTRONIC,DEEP HOUSE,HIP HOP	EN	0.623	0.883	6.0	1.0	0.425	128.247	210260	ELECTRONIC
Vw0kH5w0alADWt20	ELECTRONIC,CHILLSTEP,AMBIENT	EN	0.343	0.336	2.0	1.0	0.053	89.948	220728	ELECTRONIC
QaIdHG0xXzHNqq31	ELECTRONIC	EN	0.691	0.691	11.0	0.0	0.126	109.989	339627	ELECTRONIC
It3rcl0LrJ7kbiCW	AMBIENT,ELECTRONIC,DRONE	EN	0.5710000000000001	0.444	5.0	1.0	0.378	107.043	413578	ELECTRONIC
dinlDCDkCQ9Fv3ho	ELECTRONICA	EN	0.7909999999999999	0.552	10.0	1.0	0.615	114.991	174261	ELECTRONIC
WfoiBiXHKgKU6SM3	ELECTRONIC,TECHNO,INDUSTRIAL	EN	0.274	0.98	11.0	0.0	0.321	139.977	228627	ELECTRONIC
8HvNLGDMHTttPx2L	ELECTRONIC,AMBIENT,DOWNTEMPO,MINIMAL	EN	0.617	0.482	1.0	0.0	0.124	129.961	257529	ELECTRONIC
asGS9DHkQaJtiOH0	ELECTRONIC	EN	0.654	0.933	10.0	1.0	0.591	107.985	253786	ELECTRONIC
2BCD3NmTUkXqdXjr	ELECTRONIC	EN	0.731	0.7040000000000001	9.0	0.0	0.441	139.756	257533	ELECTRONIC
Mf8EhxxkKuDsic3G	ELECTRONIC,SINGER-SONGWRITER,EXPERIMENTAL	EN	0.508	0.539	3.0	0.0	0.206	107.999	421728	ELECTRONIC
EWzF75nXtgfeELfs	HAPPY HARDCORE,HARDCORE,ELECTRONIC,TECHNO,HAPPY HARDCORE,HARDCORE	EN	0.379	0.7829999999999999	10.0	1.0	0.252	170.09400000000005	173811	ELECTRONIC
5etHrI3FQbZKWPBh	LOUNGE,ELECTRONIC	EN	0.752	0.466	10.0	1.0	0.399	91.193	262267	ELECTRONIC
MsmdK8FYrqGepJf6	TECHNO,SPOKEN WORD,PROGRESSIVE HOUSE,ACID TECHNO,ELECTRONIC,TECHNO	EN	0.6679999999999999	0.731	0.0	1.0	0.606	124.995	226093	ELECTRONIC
8xALKHe39NdBVQcC	ELECTRONIC,DRUM AND BASS,ELECTRO,ELECTRONIC,DRUM AND BASS	EN	0.625	0.677	6.0	0.0	0.748	89.971	192727	ELECTRONIC
ElZFNnD1kuTyJR5f	ELECTRONIC	EN	0.445	0.738	1.0	0.0	0.385	134.025	215200	ELECTRONIC
WHgbIvxwK9gplQAB	NEW AGE,AMBIENT,ELECTRONIC	EN	0.5720000000000001	0.747	1.0	0.0	0.424	140.055	238760	ELECTRONIC
08QtcDK0rtDFogFP	ELECTRONIC	EN	0.4920000000000001	0.157	2.0	0.0	0.131	124.113	407493	ELECTRONIC
5M4jTvTf3OlFSeD6	EXPERIMENTAL,ELECTRONIC,INDUSTRIAL	EN	0.7070000000000001	0.262	7.0	0.0	0.329	124.005	471427	ELECTRONIC
w7W9FaSU8MUcjkwp	EXPERIMENTAL,ELECTRONIC	EN	0.193	0.431	4.0	0.0	0.12	170.97099999999998	286307	ELECTRONIC
VmAS7oXFKpYuVA0J	POST-HARDCORE,METAL,ELECTRONIC,EXPERIMENTAL	EN	0.456	0.987	8.0	0.0	0.326	103.706	223533	ELECTRONIC
ofposGxlMvW2l448	ELECTRONIC,HOUSE,PROGRESSIVE HOUSE,ELECTRO HOUSE,ELECTRONIC,HOUSE,ELECTRO HOUSE	EN	0.5720000000000001	0.902	1.0	1.0	0.037	128.03	326250	ELECTRONIC
dY4ce1ZFHgaxCjWk	ELECTRONIC,TRANCE	EN	0.682	0.872	7.0	1.0	0.416	144.983	419720	ELECTRONIC
cOM8kpuHlHfQOyBb	ELECTRONIC,HIP HOP,EXPERIMENTAL	EN	0.691	0.507	11.0	1.0	0.431	132.91299999999998	320450	ELECTRONIC
8x8QtvEIAlNvzL6a	ELECTRONIC,HOUSE,MINIMAL TECHNO,ELECTRONIC,TECHNO	EN	0.718	0.518	8.0	0.0	0.741	119.912	231009	ELECTRONIC
yHF9FUjZmLExRMyP	ELECTRONIC,AMBIENT,ELECTRONICA	EN	0.398	0.4320000000000001	7.0	1.0	0.0586	77.96	359547	ELECTRONIC
KxuSbIvccgwkosWa	ELECTRONIC,TECHNO,INDUSTRIAL,ELECTRONIC,TECHNO,INDUSTRIAL	EN	0.438	0.969	11.0	0.0	0.316	141.532	279867	ELECTRONIC
DaPa7ooFHdxT1IxX	ELECTRONIC,INDUSTRIAL,REMIX	EN	0.626	0.909	11.0	0.0	0.491	134.012	275320	ELECTRONIC
4N8j2v8NijLbnUh3	EXPERIMENTAL,ELECTRONIC	EN	0.443	0.612	5.0	1.0	0.357	76.07300000000002	299293	ELECTRONIC
KomdvdgF1Spg9gNY	ELECTRONIC,EXPERIMENTAL,WONKY	EN	0.4970000000000001	0.611	9.0	1.0	0.07	131.249	350324	ELECTRONIC
GrMuVWTwCytfgE7x	ELECTRONIC	EN	0.606	0.758	5.0	0.0	0.435	116.043	219052	ELECTRONIC
e91A8DL3HS7giuWO	ELECTRONIC,ELECTRO,ELECTRONICA	EN	0.569	0.988	6.0	0.0	0.142	126.067	159880	ELECTRONIC
YI43cXc41I5yuQek	DOWNTEMPO,LO-FI,ELECTRONIC	EN	0.705	0.402	10.0	1.0	0.863	109.397	192159	ELECTRONIC
C8CsuqzqSFVW4Pj6	HOUSE,ELECTRONIC,HOUSE,DEEP HOUSE	EN	0.8590000000000001	0.584	7.0	1.0	0.833	124.988	315827	ELECTRONIC
solFPbck2sEK9HOy	POST-HARDCORE,ELECTRONIC	EN	0.429	0.927	7.0	1.0	0.339	140.034	255933	ELECTRONIC
2by14H7SawhuzhYa	ELECTRONIC	EN	0.5579999999999999	0.785	7.0	1.0	0.0843	149.921	224000	ELECTRONIC
Eoy8KWNwJgGfZr37	ELECTRONIC,DOWNTEMPO,TRIP HOP	EN	0.772	0.357	0.0	1.0	0.274	109.98	116293	ELECTRONIC
5fxnutLeEWYxU2AW	ELECTRONIC	EN	0.6509999999999999	0.636	9.0	1.0	0.506	173.956	184828	ELECTRONIC
OOGQBdeuw6GoXIck	ELECTRONIC,EDM	EN	0.693	0.725	0.0	0.0	0.447	105.961	226981	ELECTRONIC
KU9HhQbm6q1RAVZ8	HOUSE,ELECTRONIC,ELECTRO,ELECTRONIC,ELECTRO	EN	0.6709999999999999	0.6759999999999999	7.0	0.0	0.413	115.019	258783	ELECTRONIC
R5pkws3vIJVUDshK	TECHNO,ELECTRONIC,BREAKBEAT,BIG BEAT	EN	0.619	0.7509999999999999	1.0	1.0	0.4320000000000001	145.092	312707	ELECTRONIC
BZL8tLuQlZs0evuM	ELECTRONIC,SCREAMO,ELECTRONICA	EN	0.5379999999999999	0.841	9.0	0.0	0.382	172.063	237867	ELECTRONIC
4IlQjegzaqUwWIob	ELECTRONIC	EN	0.674	0.502	7.0	1.0	0.355	160.972	213345	ELECTRONIC
nmJ3yf3PnEu21WoW	FUNK,ACID JAZZ,DISCO,ELECTRONIC	EN	0.7	0.865	9.0	0.0	0.78	128.04	331760	ELECTRONIC
6W4glPfc8FBOKgZO	DOWNTEMPO,ELECTRONIC	EN	0.488	0.68	8.0	1.0	0.7609999999999999	158.065	304733	ELECTRONIC
MjvKTwS5uVYVpbWn	FUNK,ELECTRONIC,NU DISCO	EN	0.758	0.56	9.0	0.0	0.826	92.61	219124	ELECTRONIC
3Xc8jB7bLI0gyjSH	ELECTRONIC	EN	0.485	0.539	0.0	1.0	0.269	98.98	212400	ELECTRONIC
OBfz1g4elGAX4cuc	FUNK,AFROBEAT,ELECTRONIC	EN	0.574	0.44	6.0	0.0	0.562	168.67700000000005	204242	ELECTRONIC
vdg0RnQMfHDd7OGs	ELECTRONIC,EXPERIMENTAL,ELECTRONIC,EXPERIMENTAL	EN	0.638	0.607	1.0	1.0	0.113	141.988	201972	ELECTRONIC
kToFVWb1BBNHqyMx	ELECTRONIC,BREAKBEAT,BREAKS	EN	0.604	0.8759999999999999	5.0	0.0	0.6609999999999999	131.989	294267	ELECTRONIC
pgrAFnijjxOCyjyi	TRANCE,PROGRESSIVE TRANCE,ELECTRONIC,VOCAL TRANCE,TRANCE,PROGRESSIVE TRANCE,ELECTRONIC	EN	0.478	0.765	10.0	0.0	0.22	142.032	359960	ELECTRONIC
ykdqywJqqBVkiBOh	ELECTRONIC	EN	0.725	0.772	1.0	0.0	0.518	106.017	229205	ELECTRONIC
ahUKZMn85Im9soE5	HIP HOP,ELECTRONIC,HIP HOP	EN	0.584	0.42	8.0	1.0	0.283	90.051	170667	ELECTRONIC
372vuBtHRGgYLVkw	EXPERIMENTAL,POWER ELECTRONICS	EN	0.118	0.789	0.0	1.0	0.416	157.836	107773	ELECTRONIC
ZLnzLMJcySZ062tF	BIG BEAT,ELECTRONIC,BREAKBEAT,ELECTRONICA	EN	0.6609999999999999	0.998	7.0	1.0	0.254	105.045	217760	ELECTRONIC
1JFUlOuqFIF58kCc	ELECTRONIC,EXPERIMENTAL	EN	0.64	0.5539999999999999	1.0	1.0	0.498	159.933	223787	ELECTRONIC
cl1PPrg89dOeeI9J	AMBIENT,ELECTRONIC,NEW AGE,TRANCE	EN	0.603	0.835	9.0	1.0	0.21	103.02	300707	ELECTRONIC
g8MqHdw0YQ7zpxxn	ELECTRONIC,EDM	EN	0.412	0.871	1.0	0.0	0.141	125.043	205440	ELECTRONIC
i87WnfmeIHgDwlMR	DEATHCORE,ELECTRONIC,METALCORE,EXPERIMENTAL	EN	0.448	0.772	11.0	0.0	0.149	145.029	255724	ELECTRONIC
Lb6byctkZu21mnYA	ELECTRONIC,ELECTRONIC	EN	0.414	0.5760000000000001	11.0	1.0	0.851	82.73299999999998	31582	ELECTRONIC
IkoyTQVaoHaFl0Hs	ELECTRONIC,EXPERIMENTAL	EN	0.515	0.0318	11.0	0.0	0.109	170.11700000000005	340067	ELECTRONIC
yCXz97Nqj5Eq56A9	ELECTRONIC,ELECTRONICA,ELECTRONIC	EN	0.616	0.7440000000000001	5.0	0.0	0.74	118.995	167187	ELECTRONIC
kXZM1kip6Bn3IbIm	ELECTRONIC	EN	0.413	0.541	2.0	1.0	0.125	91.938	359843	ELECTRONIC
PRW2KFNI65VGxNqs	INDUSTRIAL,ELECTRONIC	EN	0.463	0.944	7.0	0.0	0.5529999999999999	79.98899999999998	270707	ELECTRONIC
of0yggvJtbK6EDLV	ELECTRONIC,ELECTRO,HOUSE	EN	0.329	0.6829999999999999	9.0	0.0	0.399	113.83	453706	ELECTRONIC
xcWzaB9rYlUjDH5X	CHILLWAVE,ELECTRONIC,LO-FI	EN	0.612	0.7559999999999999	5.0	1.0	0.561	89.99600000000002	320583	ELECTRONIC
QbQTHVsQ6n6I36Lt	ELECTRONIC	EN	0.6629999999999999	0.664	9.0	0.0	0.475	131.566	220759	ELECTRONIC
jZUysHzmEEomF5Cz	ELECTRONIC	EN	0.575	0.446	4.0	0.0	0.259	68.985	262540	ELECTRONIC
ih82LviL1YQuBKb4	INDUSTRIAL,ELECTRONIC,ELECTRO-INDUSTRIAL	EN	0.509	0.8640000000000001	4.0	0.0	0.428	90.03299999999999	364173	ELECTRONIC
N2mHpZqT8tAtbJVb	ELECTRONIC,ELECTRONICA	EN	0.443	0.972	2.0	1.0	0.6459999999999999	127.83	309093	ELECTRONIC
dIdnwUZeZPUpgVyG	ELECTRONIC,DOWNTEMPO,LOUNGE,JAZZ	EN	0.8690000000000001	0.745	0.0	1.0	0.8420000000000001	124.009	214908	ELECTRONIC
oNKgALLx45il5LSD	FOLKTRONICA,FOLK,ELECTRONIC	EN	0.688	0.65	2.0	1.0	0.922	90.02600000000002	266293	ELECTRONIC
RkP6OqmRg41sLkSU	ELECTRONIC,AVANT-GARDE	EN	0.716	0.755	7.0	0.0	0.725	161.929	287720	ELECTRONIC
7RYXpBeJE0jgKoIw	DUB,REGGAE,ELECTRONIC,DANCEHALL,ELECTRONIC	EN	0.657	0.785	8.0	0.0	0.604	183.974	262644	ELECTRONIC
CVikPeJzDwpiw88b	ELECTRONIC,METALCORE,MELODIC DEATH METAL	EN	0.528	0.977	1.0	0.0	0.471	92.511	177787	ELECTRONIC
HUNdYRaDC9aYD4mN	ELECTRONIC,CYBERPUNK	EN	0.418	0.769	7.0	0.0	0.106	90.0	340167	ELECTRONIC
EXuXATL3XCvgNN2Q	ELECTRONIC	EN	0.296	0.292	0.0	1.0	0.0317	147.708	260040	ELECTRONIC
BQwzjg7rQFf0t5Rt	CHILLWAVE,ELECTRONIC,LO-FI	EN	0.5770000000000001	0.795	8.0	1.0	0.515	95.993	296937	ELECTRONIC
Kuvbq1ff1Io6WoKl	DOWNTEMPO,ELECTRONICA	EN	0.619	0.616	5.0	0.0	0.324	92.842	280867	ELECTRONIC
m4lxv4JP9XXcd6Db	ELECTRONIC	EN	0.551	0.779	2.0	0.0	0.234	97.977	183779	ELECTRONIC
kzlhnbJseDMCYjDn	ELECTRONIC	EN	0.602	0.7390000000000001	7.0	1.0	0.6459999999999999	169.18599999999995	233333	ELECTRONIC
0JxOPeLv6rBhDdLJ	ELECTRONIC,DUBSTEP,EXPERIMENTAL,DOWNTEMPO	EN	0.775	0.281	10.0	0.0	0.0398	139.951	276720	ELECTRONIC
b20k2UXSF8ca5JLt	ELECTRONIC	EN	0.705	0.7509999999999999	7.0	1.0	0.8190000000000001	80.727	174867	ELECTRONIC
2gTZNoowJoQrLU2c	INDIETRONICA,ELECTRONIC	EN	0.617	0.51	5.0	1.0	0.159	132.025	184600	ELECTRONIC
AdOpLRwOPf0lQI8f	PROGRESSIVE METAL,ELECTRONIC,SYMPHONIC METAL	EN	0.536	0.841	9.0	1.0	0.216	128.04	365861	ELECTRONIC
HDDvIc9GrhwWg8qP	ELECTRONIC,EXPERIMENTAL	EN	0.722	0.623	0.0	1.0	0.15	124.989	218464	ELECTRONIC
3zIjJHOGWlLYAI9c	CHILLWAVE,ELECTRONIC	EN	0.426	0.726	11.0	1.0	0.535	158.085	182520	ELECTRONIC
54TV37YTpug2DNCU	ELECTRONIC,HOUSE,ELECTRONICA,ELECTRO	EN	0.381	0.721	5.0	0.0	0.225	125.603	421600	ELECTRONIC
l8oQyUD6SlY37CwY	ELECTRONIC,AMBIENT,EXPERIMENTAL,WORLD	EN	0.777	0.911	1.0	1.0	0.461	133.045	129925	ELECTRONIC
pfNCBiuoIxUbwjGJ	HOUSE,ELECTRONIC,TECHNO	EN	0.93	0.453	1.0	1.0	0.337	133.55700000000002	191440	ELECTRONIC
3saT0fjF814XQz3y	HOUSE,ELECTRONIC,FUTURE HOUSE,EDM	EN	0.507	0.8959999999999999	10.0	0.0	0.55	125.116	213120	ELECTRONIC
w8ofK0XNbiDe7FAh	ELECTRONIC	EN	0.454	0.993	8.0	1.0	0.379	145.349	263074	ELECTRONIC
OiYvnqpntvc5lLwI	EXPERIMENTAL,ELECTRONIC	EN	0.528	0.643	1.0	1.0	0.236	119.969	185819	ELECTRONIC
VJMiLQUCs0OStnas	ELECTRONIC,BIG BEAT,ELECTRONICA	EN	0.665	0.991	7.0	1.0	0.0676	152.596	413880	ELECTRONIC
0ea5Bpmf3b40M50R	ELECTRONIC,TECHNO,BIG BEAT,ELECTRONICA	EN	0.521	0.8809999999999999	1.0	0.0	0.317	127.061	249000	ELECTRONIC
Gc0xvcDhQp8ODl1o	ELECTRONIC,DOWNTEMPO	EN	0.741	0.418	2.0	1.0	0.339	149.128	294333	ELECTRONIC
OeS4xj0p5GRnCfGO	ELECTRONIC,HOUSE	EN	0.695	0.8690000000000001	8.0	1.0	0.58	124.989	234507	ELECTRONIC
DejKM62eNfmHaEa6	ELECTRONIC,ALTERNATIVE METAL,METAL	EN	0.455	0.933	11.0	0.0	0.6	159.94799999999995	234255	ELECTRONIC
Qy6XiJfg7HV2tE4x	ELECTRONIC	EN	0.598	0.928	4.0	0.0	0.281	111.961	154893	ELECTRONIC
ofWrYNHniuQhsTc1	EXPERIMENTAL,ELECTRONIC	EN	0.446	0.851	4.0	0.0	0.274	164.02	243613	ELECTRONIC
z5vgpDwUBYmapghf	ELECTRONIC	EN	0.221	0.481	7.0	0.0	0.267	49.429	286827	ELECTRONIC
8bff6fUCrssk9YfY	HOUSE,ELECTRONIC,HOUSE,ELECTRONIC	EN	0.71	0.963	11.0	0.0	0.968	129.965	171747	ELECTRONIC
vPswfDtnyLLYrEyR	NU DISCO,ELECTRONIC,ELECTRO	EN	0.775	0.528	9.0	1.0	0.957	94.967	423747	ELECTRONIC
I5LaWViD6ralBu0K	EXPERIMENTAL,FOLK,ELECTRONIC,EXPERIMENTAL,FOLK	EN	0.413	0.45	0.0	1.0	0.157	106.582	69515	ELECTRONIC
8AYhrSz0MEcbgZ0k	INDUSTRIAL,EBM,ELECTRO-INDUSTRIAL,ELECTRONIC	EN	0.623	0.6920000000000001	8.0	1.0	0.302	100.001	287587	ELECTRONIC
PpTXwGBgl8jxGAZK	ELECTRONIC	EN	0.555	0.794	2.0	1.0	0.595	160.965	155080	ELECTRONIC
akCadU3h1HTA4D2T	HOUSE,ELECTRONIC,DEEP HOUSE	EN	0.7090000000000001	0.442	1.0	1.0	0.152	129.97899999999998	211413	ELECTRONIC
nruMTq54JxsVGHUw	ELECTRONIC,DOWNTEMPO,DOWNTEMPO,ELECTRONIC	EN	0.69	0.6559999999999999	7.0	1.0	0.611	99.997	289573	ELECTRONIC
QpNmx0tmdeqrOCYG	VAPORWAVE,ELECTRONIC	EN	0.301	0.297	4.0	0.0	0.293	141.947	101053	ELECTRONIC
OU2k1WsTY4VBX3U9	SOUL,ELECTRONIC	EN	0.5539999999999999	0.573	1.0	0.0	0.298	114.972	262651	ELECTRONIC
y7XZgZv7hqfhBqr6	HARDSTYLE,ELECTRONIC	EN	0.272	0.84	9.0	0.0	0.1669999999999999	154.998	206762	ELECTRONIC
1uuJTwIZiHWjz5as	ELECTRONIC	EN	0.6759999999999999	0.825	1.0	1.0	0.536	123.02	288060	ELECTRONIC
JzUziEnd2rReOg7g	ELECTRONIC,AMBIENT,HOUSE	EN	0.424	0.508	0.0	1.0	0.208	100.287	167400	ELECTRONIC
uf2T8wb12Ocqgnja	ELECTRONIC,MINIMAL,TECHNO,MINIMAL TECHNO,ELECTRONICA	EN	0.7	0.56	9.0	1.0	0.237	106.018	300680	ELECTRONIC
l05MaeKgw6wjJxLs	ELECTRONIC,ELECTRONICA	EN	0.8240000000000001	0.688	8.0	1.0	0.745	102.108	209493	ELECTRONIC
e6h9I2fJXEW0AfDK	ELECTRONIC	EN	0.583	0.6759999999999999	1.0	1.0	0.294	100.015	339173	ELECTRONIC
eQ5dRWXYy8e2pKeV	CHILLWAVE,ELECTRONIC,EXPERIMENTAL	EN	0.491	0.626	0.0	1.0	0.324	134.09799999999998	315000	ELECTRONIC
9bxuYQ4fJlFwdLMZ	POST-HARDCORE,HARDCORE,ELECTRONIC,EMO	EN	0.512	0.972	8.0	1.0	0.155	128.014	264111	ELECTRONIC
u8Fm97y82ywH4dmR	SOUL,ELECTRONIC,HIP HOP,EXPERIMENTAL	EN	0.65	0.439	0.0	1.0	0.591	119.999	126240	ELECTRONIC
BtNtgl13kRx42Y6A	ELECTRONIC,ELECTRONICA	EN	0.4370000000000001	0.929	11.0	0.0	0.0838	126.78	267800	ELECTRONIC
M6KvYI9LYZICxzIk	EURODANCE,ELECTRONIC	EN	0.76	0.87	6.0	0.0	0.8590000000000001	145.952	233240	ELECTRONIC
XKwM9F1slY0ro8ap	SOUL,ELECTRONIC	EN	0.562	0.404	4.0	0.0	0.227	134.064	189851	ELECTRONIC
XDwp5cUhFhxKSaoW	DUBSTEP,ELECTRONIC,ELECTRO	EN	0.616	0.797	11.0	1.0	0.586	128.114	242827	ELECTRONIC
jOOuARb5VCuLvzO1	HOUSE,ELECTRONIC	EN	0.738	0.657	5.0	0.0	0.7170000000000001	123.933	205107	ELECTRONIC
eGcOCtsxNqUQ52K9	HOUSE,ELECTRONIC,TRANCE,HOUSE,ELECTRONIC	EN	0.8740000000000001	0.7490000000000001	9.0	1.0	0.6559999999999999	109.971	177308	ELECTRONIC
ElukJmIvK6qYdgxk	ELECTRONIC,HIP HOP,EXPERIMENTAL,SINGER-SONGWRITER	EN	0.5920000000000001	0.511	0.0	1.0	0.597	91.571	181180	ELECTRONIC
aWqw8p96qPODShPE	AMBIENT,ELECTRONIC,SHOEGAZE	EN	0.341	0.22	2.0	1.0	0.204	97.454	219293	ELECTRONIC
7hH0uXxkWSMn5bsA	RAP,HIP HOP,ELECTRONIC	EN	0.69	0.453	9.0	1.0	0.348	84.992	258353	ELECTRONIC
Tm8OVxgH4HiZql8u	ELECTRONIC	EN	0.527	0.417	5.0	1.0	0.379	149.97899999999996	259013	ELECTRONIC
2qYv6IiyMd5Cw5nV	NEW WAVE,ELECTRONIC	EN	0.48	0.444	0.0	1.0	0.496	102.358	330107	ELECTRONIC
wRTWVzuARg8PbQrp	AMBIENT,ELECTRONIC	EN	0.575	0.807	6.0	1.0	0.351	142.69799999999995	199732	ELECTRONIC
3GdfcoaXBHLqxPWJ	REGGAE,ELECTRONIC	EN	0.78	0.68	4.0	1.0	0.594	118.026	180560	ELECTRONIC
TwBJLxtsSwb6lS6c	DUBSTEP,ELECTRONIC,AMBIENT,EXPERIMENTAL	EN	0.6859999999999999	0.611	7.0	0.0	0.303	140.185	304640	ELECTRONIC
phkzzBUvvpNKSrAK	AMBIENT,MINIMAL,DRONE,HOUSE,ELECTRONIC,MICROHOUSE	EN	0.799	0.601	2.0	1.0	0.274	120.01	319500	ELECTRONIC
TaENlBl0JJIbI2HF	ELECTRONIC,HOUSE,ELECTRONICA	EN	0.934	0.76	7.0	1.0	0.8640000000000001	121.302	241467	ELECTRONIC
A2KNLMNzfstF4oEY	AVANT-GARDE,ELECTRONIC,EXPERIMENTAL	EN	0.438	0.521	3.0	1.0	0.106	95.865	143893	ELECTRONIC
QSddbC79Jn64Ygf3	RAP,ELECTRONIC,RAP,ELECTRONIC	EN	0.883	0.785	4.0	0.0	0.609	123.974	191215	ELECTRONIC
2n4m11Kt2awS0A9q	ELECTRONIC,AMBIENT	EN	0.412	0.6409999999999999	7.0	1.0	0.214	77.955	200741	ELECTRONIC
9UYq3skhDc5103Ha	HOUSE,ELECTRONIC	EN	0.774	0.925	9.0	0.0	0.684	122.669	458467	ELECTRONIC
djhl23GQdC4BERvs	ELECTRONIC,HOUSE,ELECTRONICA	EN	0.5720000000000001	0.992	1.0	1.0	0.472	129.997	244707	ELECTRONIC
TfexDGXtHjt1Pzco	ELECTRONIC	EN	0.563	0.643	6.0	1.0	0.531	81.491	242453	ELECTRONIC
S4tRHm98aBoc7NlS	HOUSE,ELECTRONIC,DEEP HOUSE,TRANCE	EN	0.8140000000000001	0.649	11.0	0.0	0.4320000000000001	123.997	243293	ELECTRONIC
VWAgq5FtbBMH5KnJ	ELECTRONICA	EN	0.687	0.6629999999999999	5.0	0.0	0.732	129.019	354640	ELECTRONIC
4SmvKY7YJ2StYIDr	HOUSE,TECHNO,TRANCE,ELECTRONIC	EN	0.545	0.693	4.0	0.0	0.531	133.886	196284	ELECTRONIC
TtSgXo4WbcR224sy	ELECTRONIC	EN	0.721	0.7490000000000001	1.0	1.0	0.416	113.972	293700	ELECTRONIC
c21EAvR1iVipPT5j	ELECTRONIC,DOWNTEMPO	EN	0.475	0.591	9.0	0.0	0.123	91.609	533013	ELECTRONIC
6ipnBdKmrIyhvSxv	ELECTRONIC,ELECTRO,HOUSE	EN	0.371	0.772	1.0	1.0	0.177	62.379	230583	ELECTRONIC
m7Ygz8vXmo3iXPUz	ELECTRONIC,ELECTRO,ELECTRONICA,ELECTROCLASH	EN	0.731	0.8059999999999999	0.0	1.0	0.285	127.308	202107	ELECTRONIC
Dwaz7UEwbLFpJLxC	UK GARAGE,HOUSE,DEEP HOUSE,ELECTRONIC,ELECTRONICA	EN	0.7290000000000001	0.735	1.0	1.0	0.544	121.986	255867	ELECTRONIC
lQm9QikwVMPdJbxB	ELECTRONIC,CHILLWAVE,LO-FI	EN	0.235	0.88	4.0	0.0	0.351	81.991	52573	ELECTRONIC
ZYn6aDv71F4oaN73	EXPERIMENTAL,ELECTRONIC	EN	0.388	0.8	8.0	0.0	0.147	134.435	186307	ELECTRONIC
CjQF73jSVlRdbSsq	ELECTRONIC	EN	0.605	0.736	1.0	1.0	0.233	124.016	258173	ELECTRONIC
J9yvtCORxM9SExUa	ELECTRO HOUSE,COMPLEXTRO,ELECTRONICA,HOUSE	EN	0.5720000000000001	0.921	7.0	0.0	0.371	127.976	244573	ELECTRONIC
p1ouyOzRk7EFEpnK	FOLK,ELECTRONICA	EN	0.579	0.292	4.0	1.0	0.376	140.188	133267	ELECTRONIC
Vvleil2VGhGL4Nke	ELECTRONIC	EN	0.292	0.718	2.0	1.0	0.485	104.831	242240	ELECTRONIC
e79Ab2S4QYzDtjuO	ELECTRONIC,SAMBA	EN	0.45	0.8059999999999999	4.0	0.0	0.221	130.983	253347	ELECTRONIC
reRkShCIVPkZNwke	ELECTRONIC	EN	0.518	0.7759999999999999	11.0	0.0	0.535	128.991	261320	ELECTRONIC
2VHwr5rv3Lhf81w9	HOUSE,ELECTRONIC,REMIX	EN	0.599	0.8690000000000001	0.0	1.0	0.593	108.061	193333	ELECTRONIC
tNbZLq17CHPW5oFp	SOUL,ELECTRONIC	EN	0.7120000000000001	0.846	4.0	0.0	0.573	120.016	196755	ELECTRONIC
HxGvwdjk4VyJdfs6	ELECTRONIC,INDIETRONICA	EN	0.6940000000000001	0.585	4.0	0.0	0.945	132.958	268533	ELECTRONIC
bfc8KUMihgkAWVys	DUBSTEP,ELECTRONIC,AMBIENT,UK GARAGE	EN	0.763	0.838	2.0	1.0	0.618	135.12	234507	ELECTRONIC
SOCsJtsAtmq2EakN	ELECTRONIC,HOUSE	EN	0.674	0.855	2.0	1.0	0.772	128.095	172173	ELECTRONIC
maIiNMcgeAD5JzNn	ELECTRONIC,CHIPTUNE,8-BIT,BIG BEAT	EN	0.8240000000000001	0.857	7.0	1.0	0.8809999999999999	108.002	269154	ELECTRONIC
9XZnUXAlRjwZfVBW	ELECTRONIC	EN	0.511	0.897	9.0	0.0	0.369	86.994	228969	ELECTRONIC
31EmF9DBMyMEuSPe	ELECTRONIC,HOUSE,HOUSE,ELECTRONIC,PROGRESSIVE HOUSE	EN	0.611	0.613	8.0	1.0	0.491	127.979	328747	ELECTRONIC
jK4TvBjH3tzw24Lb	HOUSE,NU DISCO,ELECTRONIC	EN	0.716	0.871	10.0	1.0	0.894	123.003	380240	ELECTRONIC
rnvS3EFaRXY6iLQo	ELECTRONIC,AMBIENT,DOWNTEMPO,ELECTRONICA	EN	0.389	0.6659999999999999	11.0	1.0	0.199	139.87	403493	ELECTRONIC
KgDRDaMh2wJnaFVF	HOUSE,DEEP HOUSE,ELECTRONIC,DEEP HOUSE,HOUSE,ELECTRONIC	EN	0.82	0.332	6.0	0.0	0.414	118.005	292552	ELECTRONIC
qB4jLiKKkQqp0yu5	DRUM AND BASS,DUBSTEP,ELECTRONIC	EN	0.34	0.865	0.0	1.0	0.0343	175.002	415840	ELECTRONIC
xIF8JFdV61nzGYsb	RAP,ELECTRONIC,HIP HOP	EN	0.74	0.93	1.0	1.0	0.254	150.085	288479	ELECTRONIC
nWot7vhcDYGtaLtp	SOUL,SOUL,ELECTRONIC	EN	0.525	0.452	8.0	1.0	0.461	144.498	243333	ELECTRONIC
1NVjGZV6nHuWO7tP	ELECTRONIC	EN	0.5489999999999999	0.947	2.0	1.0	0.38	139.747	213413	ELECTRONIC
a7uIHdSUoDpY8A8C	DOWNTEMPO,ELECTRONIC,LOUNGE,REGGAE	EN	0.6990000000000001	0.6779999999999999	11.0	0.0	0.363	76.835	341507	ELECTRONIC
OSxWMyro4wiPcoKg	ELECTRONIC,NEW RAVE	EN	0.703	0.7190000000000001	1.0	0.0	0.462	112.009	465333	ELECTRONIC
K8g3ZS2IlclNVgS1	ELECTRONIC,ELECTRONICA,ELECTRO	EN	0.718	0.634	1.0	0.0	0.552	122.049	177427	ELECTRONIC
QlUurZZafVZv2ZwB	ELECTRONIC,DOWNTEMPO	EN	0.369	0.242	4.0	0.0	0.0699	109.86	322080	ELECTRONIC
BGkDayUEWWZChZ4d	ELECTRONIC	EN	0.647	0.606	7.0	1.0	0.282	105.982	235987	ELECTRONIC
vA40YEOjc5FTGWcW	ELECTRONIC,EDM	EN	0.522	0.936	3.0	0.0	0.183	140.025	241714	ELECTRONIC
w7Uxypos2Sy6yZiv	ELECTRONIC,HIP HOP	EN	0.643	0.521	6.0	1.0	0.6779999999999999	159.964	198000	ELECTRONIC
gevksv98mqm9HtiI	ELECTRONIC,AMBIENT,EXPERIMENTAL	EN	0.254	0.135	1.0	1.0	0.153	166.419	180199	ELECTRONIC
sxtbXtbIF5pSlH8K	ELECTRONIC,HOUSE	EN	0.757	0.524	7.0	1.0	0.501	115.954	196365	ELECTRONIC
OtOOgLgjeyv026hD	ELECTRONIC,ELECTRO,ELECTRONICA	EN	0.511	0.524	1.0	1.0	0.491	85.03	209826	ELECTRONIC
kcaMH9JrE1WXYotC	ELECTRONIC,NEW RAVE	EN	0.518	0.908	11.0	0.0	0.319	104.085	149387	ELECTRONIC
0UFnNm1HfwHMljgN	SOUL,TRANCE,ELECTRONIC,DUBSTEP	EN	0.468	0.862	11.0	0.0	0.102	174.016	275282	ELECTRONIC
OsK6eHHrr4WsiQh1	INDIETRONICA,ELECTRONIC,DEEP HOUSE	EN	0.617	0.517	4.0	1.0	0.181	119.977	299773	ELECTRONIC
7XFqhu89KABIZ647	ELECTRONIC	EN	0.687	0.429	8.0	0.0	0.292	90.778	394907	ELECTRONIC
Fe2tfnMBZ9HDpEPa	ELECTRONIC	EN	0.789	0.4370000000000001	5.0	0.0	0.634	120.013	199733	ELECTRONIC
8ECFUoWeMLYeuDOU	ELECTRONIC	EN	0.629	0.7490000000000001	1.0	1.0	0.69	130.016	206769	ELECTRONIC
vKcn4YVoBAKliLa7	ELECTRONIC,NEW WAVE	EN	0.6729999999999999	0.742	4.0	0.0	0.617	121.979	267067	ELECTRONIC
tzZ2UrtSUsqT0IIk	TRANCECORE,ELECTRONIC	EN	0.361	0.774	4.0	0.0	0.0893	72.821	262600	ELECTRONIC
jzmBnD45qz6o4Yzu	AMBIENT,ELECTRONICA,GLITCH,ELECTRONIC,SHOEGAZE	EN	0.485	0.521	4.0	1.0	0.088	92.973	217629	ELECTRONIC
A2DqefGeKJKusGjv	DISCO,ELECTRONIC,ELECTRONICA	EN	0.348	0.125	5.0	1.0	0.0709	113.534	346360	ELECTRONIC
TgabLRP7tnvXnhcv	UK GARAGE,ELECTRONIC	EN	0.33	0.5379999999999999	1.0	1.0	0.173	116.617	349230	ELECTRONIC
UKBItAQTybZON9yL	SOUL,ELECTRONIC	EN	0.6709999999999999	0.387	2.0	1.0	0.667	93.872	219435	ELECTRONIC
fNrYFPsdrKPlPRIp	DOWNTEMPO,ELECTRONIC	EN	0.5489999999999999	0.588	0.0	1.0	0.545	79.495	309547	ELECTRONIC
DMmqsQN9clPZ1uII	ELECTRONIC,EXPERIMENTAL	EN	0.688	0.421	11.0	0.0	0.623	138.0	427227	ELECTRONIC
qDh4xLO206lKIV5c	ELECTRONIC,AMBIENT	EN	0.6659999999999999	0.647	7.0	1.0	0.684	117.004	268536	ELECTRONIC
9NRXDIckbqAV1YXg	AMBIENT,ELECTRONIC,NEO SOUL	EN	0.494	0.256	7.0	0.0	0.447	58.499	219667	ELECTRONIC
al20nKynPIrI7ODS	ELECTRONIC,RAP	EN	0.61	0.836	5.0	1.0	0.657	126.059	181827	ELECTRONIC
bZ4g7jTBsrb3i0Cg	DUBSTEP,ELECTRONIC,TECHNO	EN	0.578	0.649	0.0	1.0	0.386	168.813	184947	ELECTRONIC
KguTteL3tOdobHH3	ELECTRONIC	EN	0.443	0.3670000000000001	3.0	1.0	0.469	149.888	180558	ELECTRONIC
3lhWv29V53DqnVTq	FOLK,ELECTRONIC,FOLKTRONICA,FOLK,ELECTRONIC	EN	0.618	0.916	6.0	0.0	0.7170000000000001	123.969	250787	ELECTRONIC
Zg3RMgNrVuh1fydu	ELECTRONIC,EXPERIMENTAL	EN	0.612	0.9	1.0	0.0	0.6809999999999999	117.954	231347	ELECTRONIC
7DHRUftX7H7eZyZF	ELECTRONIC,AMBIENT,HOUSE	EN	0.525	0.705	11.0	0.0	0.048	99.949	204012	ELECTRONIC
BkslJ0H1iQmE71Yo	ELECTRONIC,AMBIENT	EN	0.57	0.946	1.0	1.0	0.25	123.012	350120	ELECTRONIC
FBqujDGfrNbBmiD0	ELECTRONIC	EN	0.539	0.835	3.0	0.0	0.6709999999999999	158.0	200385	ELECTRONIC
eNMcGHjWuJ8G4awO	ELECTRONIC,NEW RAVE	EN	0.7020000000000001	0.711	5.0	1.0	0.871	109.996	292013	ELECTRONIC
necVyzUh94kRL7CU	HOUSE,ELECTRONIC	EN	0.674	0.855	2.0	1.0	0.772	128.095	172173	ELECTRONIC
WljWMIhImp5Ak6dx	ELECTRONIC,MINIMAL,MINIMAL TECHNO,HOUSE,TECHNO	EN	0.468	0.665	8.0	1.0	0.0383	124.994	507279	ELECTRONIC
kjsyqyughOif9vlr	ELECTRONIC	EN	0.792	0.387	8.0	0.0	0.67	136.996	239427	ELECTRONIC
kyMQsTBasOqbh7mg	ELECTRONIC,DOWNTEMPO,AMBIENT	EN	0.421	0.404	0.0	0.0	0.0361	108.004	384627	ELECTRONIC
puU1ozIPpYUgJvk0	DEEP HOUSE,ELECTRONIC,MINIMAL,MINIMAL TECHNO	EN	0.721	0.6809999999999999	0.0	0.0	0.768	121.978	172640	ELECTRONIC
5rFnYtdkylfFgb9V	INDUSTRIAL,PUNK,ELECTRONIC	EN	0.569	0.865	10.0	0.0	0.6459999999999999	166.833	101693	ELECTRONIC
6yXuMlI2GSxl1CAB	NEW WAVE,ELECTRONIC	EN	0.605	0.7759999999999999	7.0	1.0	0.95	121.424	370800	ELECTRONIC
4qPrn3WY75W8oYqE	CHIPTUNE,8-BIT,ELECTRONIC	EN	0.474	0.813	5.0	0.0	0.182	149.984	217613	ELECTRONIC
YBcm81tVR8OmQZvw	AMBIENT,ELECTRONIC	EN	0.118	0.629	9.0	0.0	0.0394	95.75	371280	ELECTRONIC
azfX6HuHm8ci8H3N	DUBSTEP,ELECTRONIC,DRUM AND BASS	EN	0.45	0.846	9.0	0.0	0.402	140.042	233667	ELECTRONIC
wDGNxY33wVBqikW2	ELECTRONIC,REMIX,DISCO	EN	0.509	0.7979999999999999	1.0	0.0	0.341	116.966	171147	ELECTRONIC
jd6zPsBL4Pmje2Wg	ELECTRONIC,ELECTRO,ELECTRONICA	EN	0.772	0.98	3.0	1.0	0.642	127.364	230200	ELECTRONIC
C3Iv26MM9sX5SUHG	ELECTRONIC,REMIX,CHILLWAVE,ELECTRONIC,AMBIENT	EN	0.4270000000000001	0.603	7.0	1.0	0.178	75.058	184000	ELECTRONIC
OQd4amCL3R7t8LoJ	ELECTRONIC,BIG BEAT,TECHNO	EN	0.685	0.928	11.0	1.0	0.25	129.097	289827	ELECTRONIC
RQ4ZF9bRVhym115p	ELECTRONIC	EN	0.715	0.723	6.0	0.0	0.479	114.985	207160	ELECTRONIC
sURcVNxfnXClHBV9	ELECTRONICA	EN	0.511	0.6779999999999999	4.0	0.0	0.405	212.137	253585	ELECTRONIC
RQaJVHmmWVZt2QRJ	WITCH HOUSE,ELECTRONICA,WITCH HOUSE,ELECTRONIC,SHOEGAZE	EN	0.488	0.6829999999999999	7.0	1.0	0.214	105.01	243250	ELECTRONIC
iJl6KtLN2RLKNxri	ELECTRONIC,BREAKBEAT,BIG BEAT,TECHNO	EN	0.407	0.994	7.0	1.0	0.6659999999999999	147.001	207893	ELECTRONIC
YH7UdqVlFi14iDYl	HOUSE,ELECTRONIC,DEEP HOUSE	EN	0.595	0.505	9.0	1.0	0.038	124.985	229427	ELECTRONIC
wnHQdivyjUv1Z78z	ELECTRONIC,INDUSTRIAL,TECHNO,ELECTRONICA	EN	0.563	0.924	2.0	1.0	0.257	119.084	307800	ELECTRONIC
p1QdmMtAV0AO7lzT	ELECTRONIC,METALCORE	EN	0.374	0.961	8.0	0.0	0.106	125.046	216960	ELECTRONIC
q13VBuKgf2AViI0N	ELECTRONIC	EN	0.624	0.804	0.0	1.0	0.355	114.006	244573	ELECTRONIC
b10V6yAlVZddV82K	ELECTRONIC	EN	0.6990000000000001	0.561	8.0	1.0	0.684	125.993	274286	ELECTRONIC
JycgSJl4D7q6358i	ELECTRONIC,DOWNTEMPO	EN	0.7709999999999999	0.495	3.0	0.0	0.242	102.705	275907	ELECTRONIC
sr6rvnsQs1aCVK68	TRANCE,ELECTRONIC,VOCAL TRANCE	EN	0.579	0.757	1.0	0.0	0.197	136.086	384773	ELECTRONIC
usYNjZ2EmULiTH7x	ELECTRONIC,ELECTRONICA	EN	0.7070000000000001	0.446	1.0	1.0	0.418	134.99200000000002	221906	ELECTRONIC
EmSbmV4VdvokfFfv	ELECTRONIC	EN	0.612	0.657	11.0	0.0	0.767	87.94	289973	ELECTRONIC
tM3N02Vk08kQTj8a	ELECTRONIC	EN	0.545	0.479	0.0	1.0	0.423	174.018	414632	ELECTRONIC
fGT76XbusmhrRDwB	ELECTRONIC	EN	0.65	0.547	6.0	1.0	0.735	99.976	279067	ELECTRONIC
tjAhtY1idbu1Sfl5	ELECTRONIC	EN	0.735	0.555	1.0	0.0	0.523	100.01	277975	ELECTRONIC
gmFBqh7nAv05B4zE	EXPERIMENTAL HIP HOP,ELECTRONIC,DANCEHALL	EN	0.687	0.9	6.0	1.0	0.747	89.99799999999998	145467	ELECTRONIC
WPE7moIt4WG7FTcH	NEW AGE,AMBIENT,ELECTRONIC	EN	0.476	0.584	10.0	1.0	0.417	88.02600000000002	255467	ELECTRONIC
zPleLKUyIjemHwoz	ELECTRONIC,HOUSE	EN	0.5	0.7959999999999999	4.0	1.0	0.312	127.922	207773	ELECTRONIC
tWC0mBaTlWPHvv1t	ELECTRONIC,SINGER-SONGWRITER	EN	0.513	0.402	8.0	1.0	0.179	176.13299999999995	222493	ELECTRONIC
m1qcq0DpWBMdEqui	ELECTRONIC,DOWNTEMPO	EN	0.745	0.265	1.0	1.0	0.121	110.003	233662	ELECTRONIC
4cgS7jcJFTFEXWjI	DOWNTEMPO,ELECTRONIC	EN	0.586	0.544	0.0	1.0	0.51	119.984	227067	ELECTRONIC
dRL79SVffcobeF92	ELECTRONIC,DOWNTEMPO,REMIX	EN	0.69	0.489	5.0	1.0	0.645	114.008	351579	ELECTRONIC
Li3A08A7UQ7rY0Om	ELECTRONIC	EN	0.767	0.723	5.0	1.0	0.12	105.997	209434	ELECTRONIC
9r7G6VrbgTfZledH	ELECTRONIC,RAP	EN	0.6729999999999999	0.706	8.0	1.0	0.515	74.961	247608	ELECTRONIC
kHwuQ9BWiK9o3xW1	8-BIT,SOUNDTRACK,ELECTRONICA,CHIPTUNE	EN	0.7390000000000001	0.794	1.0	1.0	0.784	162.697	110307	ELECTRONIC
ouXmuPZEdQ5g72aZ	HOUSE,ELECTRONIC	EN	0.669	0.6890000000000001	9.0	0.0	0.113	119.967	195532	ELECTRONIC
EhWwgTDZsLGjUFW3	SOUL,ELECTRONIC	EN	0.527	0.579	1.0	1.0	0.575	90.085	250667	ELECTRONIC
HC3WZq7LmWXCGkxh	ELECTRONIC,DOWNTEMPO,DOWNTEMPO	EN	0.417	0.41	0.0	1.0	0.093	78.92699999999998	264467	ELECTRONIC
pdVwrdTjEJK625ST	ELECTRONIC,ELECTRO	EN	0.561	0.919	5.0	1.0	0.269	126.99	266560	ELECTRONIC
uD50MvTimH10vQl9	EXPERIMENTAL,ELECTRONIC	EN	0.234	0.6970000000000001	8.0	1.0	0.0386	83.32799999999997	251000	ELECTRONIC
Fu3QuYyRTwdZYDrb	ELECTRONIC,AMBIENT	EN	0.603	0.6809999999999999	9.0	0.0	0.333	95.006	309280	ELECTRONIC
Q5q4lwJGf75gRwVp	TRANCE,EURODANCE,VOCAL TRANCE,ELECTRONIC,TRANCE,VOCAL TRANCE	EN	0.63	0.929	0.0	1.0	0.262	138.013	225827	ELECTRONIC
ABcJVOMrdVbY3XtM	AMBIENT,ELECTRONIC,EXPERIMENTAL	EN	0.674	0.401	6.0	1.0	0.255	113.0	394723	ELECTRONIC
bjrYAkv0watoX0jn	HARDSTYLE,ELECTRONIC,TECHNO	EN	0.483	0.748	8.0	1.0	0.184	149.908	254884	ELECTRONIC
FvnLLlcU1QldvDlJ	POST-HARDCORE,ELECTRONIC,METALCORE	EN	0.407	0.991	6.0	0.0	0.115	110.048	221454	ELECTRONIC
Wby4A1CwVAbkVpdW	ELECTRONIC	EN	0.813	0.551	0.0	1.0	0.414	100.014	157000	ELECTRONIC
TS6qdo1ZLWVeuzPP	ELECTRONIC,HIP HOP	EN	0.359	0.361	3.0	0.0	0.28	85.898	227397	ELECTRONIC
v2GASFObLJluadVL	GLITCH HOP,ELECTRONIC	EN	0.887	0.347	1.0	1.0	0.7390000000000001	75.005	175357	ELECTRONIC
9devQerG9A3jlksl	SOUNDTRACK,ELECTRONIC,ELECTRONICA	EN	0.15	0.211	9.0	0.0	0.141	82.68	225400	ELECTRONIC
zoR1TaNS5iXnRWry	ELECTRONIC	EN	0.381	0.423	1.0	1.0	0.24	130.07	230173	ELECTRONIC
LDuMNrPgp3eoTeBy	ELECTRONIC,ELECTRONIC,MINIMAL	EN	0.597	0.685	11.0	1.0	0.369	122.002	209208	ELECTRONIC
pw2sId0gYTS1kWvr	ELECTRONIC	EN	0.823	0.769	0.0	0.0	0.899	130.012	295387	ELECTRONIC
0CkwHBY8u5XCeSjK	DOWNTEMPO,ELECTRONIC,LOUNGE	EN	0.698	0.618	11.0	1.0	0.448	110.019	232267	ELECTRONIC
zivInX7ekMiZYhNY	ELECTRONIC,ELECTRONICA	EN	0.718	0.757	2.0	1.0	0.6459999999999999	123.473	249533	ELECTRONIC
lAtpxnHTacm8yGbi	ELECTRONIC	EN	0.623	0.6609999999999999	9.0	1.0	0.63	151.97	229718	ELECTRONIC
IyjFvSoKGKcODXzt	ELECTRONIC,HIP HOP,ELECTRONIC	EN	0.519	0.883	2.0	1.0	0.176	143.02	283507	ELECTRONIC
J6B2XXyqh2snCI6N	ELECTRONIC,ELECTRONIC	EN	0.6459999999999999	0.758	10.0	1.0	0.424	91.998	249067	ELECTRONIC
50NnvGh7rWC4X9cc	HOUSE,ELECTRONIC,ELECTRO	EN	0.5660000000000001	0.939	2.0	0.0	0.094	130.012	336002	ELECTRONIC
vnEajdGjkgG3s3oC	ELECTRONIC,ELECTRO	EN	0.421	0.943	11.0	1.0	0.221	140.018	228293	ELECTRONIC
XZPCWOlJOAIhX9oN	HOUSE,ELECTRONIC,TECHNO,TRANCE	EN	0.545	0.693	4.0	0.0	0.531	133.886	196284	ELECTRONIC
ZEtvHYEnk0sJMbo4	ELECTRONIC,INDIETRONICA,EXPERIMENTAL	EN	0.312	0.626	1.0	1.0	0.5479999999999999	78.683	239055	ELECTRONIC
jTudHXI5vStGG1Yk	ELECTRONIC	EN	0.253	0.373	4.0	1.0	0.301	200.145	249400	ELECTRONIC
aQtUa94cM9h8Jb4g	SOUL,ELECTRONIC,SOUL,ELECTRONIC	EN	0.6890000000000001	0.394	2.0	0.0	0.382	117.489	212992	ELECTRONIC
7tjSUrPzynBsbLug	ELECTRONIC	EN	0.805	0.595	6.0	1.0	0.402	95.04	181973	ELECTRONIC
WMQ06gOzF40IAwsd	POST-HARDCORE,METALCORE,ELECTRONIC	EN	0.444	0.976	6.0	1.0	0.145	126.955	255126	ELECTRONIC
EBl7cdNyTuFiPHTG	ELECTRONIC	EN	0.767	0.787	2.0	1.0	0.8390000000000001	121.102	347347	ELECTRONIC
hlVW2W9p0wF8iCku	ELECTRONIC	EN	0.723	0.732	1.0	0.0	0.516	118.582	236640	ELECTRONIC
zckn9A76i0KZbGMS	ELECTRONIC,TRANCE	EN	0.7390000000000001	0.528	11.0	0.0	0.904	150.035	328427	ELECTRONIC
IVO4kUKcWKJbhYMF	AMBIENT,ELECTRONIC,EXPERIMENTAL,LO-FI,AMBIENT	EN	0.25	0.488	6.0	1.0	0.311	177.571	185276	ELECTRONIC
6v5spsoWbRsUdCUZ	ELECTRONIC,ELECTRONICA	EN	0.614	0.7809999999999999	8.0	1.0	0.25	128.025	401507	ELECTRONIC
vjxnK5WWiuZ8cRZ2	ELECTRONIC,ELECTRONIC,SINGER-SONGWRITER	EN	0.508	0.794	0.0	0.0	0.309	150.041	213067	ELECTRONIC
zKr9pHcm9oh69mmB	ELECTRONIC,HOUSE	EN	0.78	0.39	0.0	0.0	0.485	124.005	261142	ELECTRONIC
Fmcokil0C06HOb83	ELECTRONIC	EN	0.464	0.373	7.0	1.0	0.092	80.03	254853	ELECTRONIC
FEvm1V3JSk2DkdbS	GRIME,ELECTRONIC	EN	0.7040000000000001	0.695	0.0	1.0	0.511	144.922	217319	ELECTRONIC
fWYHDbscuIQFXTdz	ELECTRONIC,EXPERIMENTAL,ELECTRO	EN	0.883	0.897	7.0	1.0	0.222	90.015	163840	ELECTRONIC
ntNA43Rt0TXXl1H1	ELECTRONIC,ELECTRO,NEW RAVE,ELECTRONICA	EN	0.403	0.754	0.0	1.0	0.398	136.02100000000002	226467	ELECTRONIC
t9pWkeWbPhKCid9W	ELECTRONIC,LO-FI	EN	0.517	0.7709999999999999	7.0	0.0	0.696	154.966	135253	ELECTRONIC
XoP0eKi98jYxWXHl	ELECTRONICA	EN	0.625	0.6459999999999999	7.0	0.0	0.478	154.977	257598	ELECTRONIC
75ur9UT3Sl8XcHax	ELECTRONIC,EXPERIMENTAL	EN	0.431	0.133	10.0	0.0	0.108	94.14	248720	ELECTRONIC
5QGF5wUX8KBIfC1n	ELECTRONIC,DOWNTEMPO	EN	0.527	0.459	7.0	1.0	0.421	77.03399999999998	265707	ELECTRONIC
Mqk7575s386uHapk	ELECTRONIC	EN	0.627	0.329	6.0	1.0	0.257	89.073	229293	ELECTRONIC
PFnaBzb14qUR7Ah4	ELECTRONIC,HIP HOP,ELECTRONIC	EN	0.84	0.939	4.0	0.0	0.355	107.976	277546	ELECTRONIC
Yj1bM69Gl2gf83wJ	ELECTRONIC,NEW WAVE	EN	0.625	0.742	11.0	0.0	0.508	112.639	332387	ELECTRONIC
mwYLgst3uNpxyZzr	ELECTRONIC,EXPERIMENTAL	EN	0.6829999999999999	0.435	1.0	1.0	0.37	115.038	274373	ELECTRONIC
giW9Q3mD0a0zFJmv	ELECTRONICA	EN	0.8690000000000001	0.627	6.0	0.0	0.8290000000000001	98.981	200667	ELECTRONIC
ssSOM9nfSsLYLtH0	ELECTRONIC,ELECTRONICA	EN	0.449	0.852	5.0	1.0	0.409	90.993	390466	ELECTRONIC
ZYSL88GotwXaZHJk	ELECTRONIC,NEW WAVE,POST-PUNK,NEW WAVE,POST-PUNK	EN	0.848	0.923	4.0	1.0	0.961	127.625	291227	ELECTRONIC
L6IRC5Dn6v1FjMXh	ELECTRONIC,EXPERIMENTAL	EN	0.4270000000000001	0.5920000000000001	2.0	1.0	0.072	116.661	298854	ELECTRONIC
LZq9SJvs3onFjszl	ELECTRONIC,ELECTRONICA	EN	0.573	0.775	4.0	0.0	0.196	127.989	332987	ELECTRONIC
NSmcl9C7VWRkjz2O	ELECTRONIC,EXPERIMENTAL,ELECTRONICA	EN	0.742	0.769	0.0	1.0	0.504	92.022	182880	ELECTRONIC
PI3IWGuwWuGrzNHp	FUNK,ELECTRONIC,DOWNTEMPO	EN	0.41	0.1689999999999999	3.0	1.0	0.208	89.494	311837	ELECTRONIC
YvAYhPHxxvWm2b2t	DOWNTEMPO,ELECTRONIC	EN	0.394	0.197	2.0	0.0	0.228	136.12	186187	ELECTRONIC
jQgIrV8VRujPn6IC	RAP,ELECTRONIC	EN	0.27	0.355	9.0	1.0	0.0561	174.09599999999998	331694	ELECTRONIC
r1Ddy2wqJjUCFsXe	ELECTRONIC	EN	0.665	0.526	4.0	0.0	0.1	90.0	191261	ELECTRONIC
5wVSZXnaFjaJGK3z	HOUSE,ELECTRONIC	EN	0.639	0.836	6.0	1.0	0.564	126.979	234440	ELECTRONIC
z2slX8GI6gB9RQ5m	DOWNTEMPO,ELECTRONIC	EN	0.804	0.474	9.0	0.0	0.487	129.991	220617	ELECTRONIC
onu1ncT91AWXXJiF	EXPERIMENTAL,ELECTRONIC,AVANT-GARDE	EN	0.8	0.024	0.0	0.0	0.309	148.57	505147	ELECTRONIC
WZk9NsK9zECWoYku	AMBIENT,ELECTRONIC,LO-FI,FUTURE GARAGE	EN	0.746	0.0609	9.0	1.0	0.385	124.012	185861	ELECTRONIC
GdPa3qGoStuL9myh	ELECTRONIC,HOUSE	EN	0.703	0.7859999999999999	8.0	1.0	0.475	127.954	199689	ELECTRONIC
U1rxuq7zzWxK5Fpi	DRUM AND BASS,LIQUID FUNK,ELECTRONIC	EN	0.496	0.833	8.0	0.0	0.325	175.023	375842	ELECTRONIC
oqc4hyPtg6mwapwt	ELECTRONIC,DOWNTEMPO,LOUNGE,JAZZ,ELECTRONIC,DOWNTEMPO	EN	0.5529999999999999	0.613	10.0	0.0	0.234	119.984	187217	ELECTRONIC
Am3gXfVE0dZovO4d	EXPERIMENTAL,ELECTRONIC	EN	0.52	0.389	4.0	1.0	0.326	133.113	213000	ELECTRONIC
p3EYeyGMFJUVCUDG	ELECTRONIC,AMBIENT	EN	0.638	0.518	10.0	0.0	0.536	170.072	266813	ELECTRONIC
KoYTXFRKjxOE6tve	RAP,ELECTRONIC	EN	0.6920000000000001	0.4970000000000001	1.0	0.0	0.309	135.02700000000002	241842	ELECTRONIC
jKvrljBithzJSEeq	EBM,INDUSTRIAL,ELECTRONIC	EN	0.557	0.815	1.0	1.0	0.901	131.22899999999998	343493	ELECTRONIC
ZYRuuiFx0iOpNxLl	HARDSTYLE,ELECTRONIC	EN	0.529	0.924	11.0	0.0	0.208	149.94299999999996	278400	ELECTRONIC
n3NV2N2OYpvfJ5PD	ELECTRONIC,REMIX,ELECTRONIC,NEW RAVE	EN	0.83	0.7140000000000001	11.0	0.0	0.957	121.041	289607	ELECTRONIC
LInuuaoUJ4wn5ftC	ELECTRO,ELECTRONICA	EN	0.5329999999999999	0.992	7.0	1.0	0.306	132.981	222427	ELECTRONIC
Ze5VVCw9rV4ARnyn	ELECTRONIC,DUBSTEP	EN	0.64	0.821	1.0	1.0	0.665	85.007	197294	ELECTRONIC
WVaKLIKUCW2dZ9zS	ELECTRONIC,ELECTRONIC	EN	0.527	0.785	5.0	1.0	0.503	149.94	281320	ELECTRONIC
KYjM7r2aZO8ftv5E	TECHNO,TRANCE,ELECTRONIC	EN	0.583	0.991	3.0	0.0	0.527	145.024	179093	ELECTRONIC
kiDyY4oNj5HEHwQj	SINGER-SONGWRITER,ELECTRONIC	EN	0.622	0.406	3.0	0.0	0.194	160.02	211000	ELECTRONIC
Jiwk7Zvbp3lEVnAb	ELECTRONIC,DUBSTEP,EXPERIMENTAL	EN	0.795	0.631	10.0	0.0	0.804	139.975	277480	ELECTRONIC
HI8a4DQHyQZSCXZ9	ELECTRONIC,HOUSE	EN	0.722	0.721	9.0	0.0	0.645	123.488	236293	ELECTRONIC
Kqf9hJdu2LwOJkPl	ELECTRONIC,DOWNTEMPO,ELECTRONICA	EN	0.684	0.684	1.0	1.0	0.616	113.988	282240	ELECTRONIC
rak5NoU6uxh356S0	DUBSTEP,ELECTRONIC,BROSTEP	EN	0.7709999999999999	0.65	0.0	1.0	0.396	86.986	174145	ELECTRONIC
KRBkj08fHXfvu6D8	ELECTRONIC,BIG BEAT,ELECTRONICA,HOUSE	EN	0.5720000000000001	0.862	7.0	1.0	0.111	124.708	387707	ELECTRONIC
ldue2k1eVOVofdlO	ELECTRONIC,ELECTROCLASH	EN	0.51	0.936	8.0	1.0	0.804	164.016	170013	ELECTRONIC
4bJX42VvFBT4r51X	AMBIENT,DARK AMBIENT,EXPERIMENTAL,ELECTRONIC	EN	0.154	0.463	0.0	0.0	0.165	97.089	222893	ELECTRONIC
d6qaHPQUL2NMcPOT	ELECTRONIC,SHOEGAZE,CHILLWAVE	EN	0.518	0.768	10.0	1.0	0.301	119.958	222120	ELECTRONIC
xeuqdL3dNeZCSH46	ELECTRONIC,ELECTRONICA	EN	0.7709999999999999	0.679	8.0	1.0	0.674	126.932	227973	ELECTRONIC
qa0uBpE5QmBMoI04	EXPERIMENTAL,INDUSTRIAL,DARK AMBIENT,AMBIENT,ELECTRONIC	EN	0.654	0.31	7.0	1.0	0.41	99.997	611267	ELECTRONIC
mbGpdMW3pGfwYXRW	POST-HARDCORE,POST-HARDCORE,ELECTRONIC,TRANCECORE	EN	0.514	0.918	1.0	0.0	0.27	125.033	222720	ELECTRONIC
pUOJqdTzusX1OnPZ	HOUSE,ELECTRONIC,TRANCE	EN	0.794	0.809	6.0	0.0	0.777	121.032	210025	ELECTRONIC
U4Ro78RJowK46gqM	ELECTRONIC,DRUM AND BASS,ELECTRO,ELECTRONIC,DRUM AND BASS	EN	0.454	0.804	4.0	0.0	0.344	80.98	173448	ELECTRONIC
BkTdTDjLs0Aq3eqH	ELECTRONIC	EN	0.462	0.799	4.0	1.0	0.358	175.96400000000003	238227	ELECTRONIC
VpgVd3wlElnG1JfP	ELECTRONIC,EASY LISTENING,SINGER-SONGWRITER	EN	0.7140000000000001	0.627	11.0	0.0	0.807	126.32	300773	ELECTRONIC
iU2ozBmOTnR4hl69	ELECTRONIC,EXPERIMENTAL	EN	0.321	0.6970000000000001	1.0	0.0	0.234	146.161	305667	ELECTRONIC
P5pItS5tIFgDz3DI	ELECTRONIC	EN	0.752	0.763	1.0	1.0	0.593	121.992	162947	ELECTRONIC
QgUXpmMME7K6Qsp7	ELECTRONIC,UK GARAGE	EN	0.851	0.75	2.0	1.0	0.526	124.01	351606	ELECTRONIC
pKKWSRBGCXy9RWw2	ELECTRONIC,EXPERIMENTAL	EN	0.67	0.826	0.0	1.0	0.0826	121.037	236880	ELECTRONIC
T25sOQFGjGgy1DCm	ELECTRONIC,ELECTRONICA	EN	0.722	0.894	7.0	1.0	0.396	113.003	390013	ELECTRONIC
v1QtmgMm1Zhe3crW	ELECTRONIC,EXPERIMENTAL	EN	0.3720000000000001	0.392	4.0	1.0	0.0571	87.884	323301	ELECTRONIC
0U5lbGWx8kJ0el7g	HOUSE,DEEP HOUSE,ELECTRONIC	EN	0.682	0.764	1.0	1.0	0.644	125.003	203440	ELECTRONIC
IWvV1x3BPWjDwGJB	SHOEGAZE,ELECTRONIC	EN	0.357	0.631	9.0	1.0	0.0362	179.967	218320	ELECTRONIC
mdfB4UBZJkYZVtB8	8-BIT,ELECTRONIC,EXPERIMENTAL,PUNK	EN	0.507	0.585	2.0	0.0	0.439	125.987	222564	ELECTRONIC
TvyK48kBK3S8XOXD	ELECTRONIC,BIG BEAT,ELECTRONICA	EN	0.5820000000000001	0.958	0.0	1.0	0.551	132.626	222840	ELECTRONIC
lQUJvukizipWC574	ELECTRONIC	EN	0.41	0.79	3.0	0.0	0.075	93.964	280973	ELECTRONIC
yVVtbIaWHhTzsIFp	ELECTRONIC,ALTERNATIVE DANCE	EN	0.482	0.805	2.0	1.0	0.6409999999999999	126.962	206213	ELECTRONIC
QQ9JNvyH0RIMEIc6	ELECTRONIC,HOUSE	EN	0.852	0.591	7.0	1.0	0.467	104.373	264547	ELECTRONIC
MZeEySXLOFHFZ2S5	ELECTRONIC,HARDCORE,ALTERNATIVE METAL,EMO,METALCORE,POST-HARDCORE	EN	0.464	0.883	8.0	1.0	0.12	155.138	220589	ELECTRONIC
ExOxzyj97q4Q6B8w	DOWNTEMPO,ELECTRONIC,TRIP HOP	EN	0.807	0.377	1.0	1.0	0.63	87.22399999999998	266467	ELECTRONIC
E3wAqF2yUG19Ugsf	ELECTRONIC,ELECTRO,ELECTRONICA	EN	0.583	0.6659999999999999	9.0	0.0	0.11	121.709	401253	ELECTRONIC
W6l3uBiMIPJIrT0F	ELECTRONIC,ELECTRONIC	EN	0.907	0.6559999999999999	4.0	0.0	0.551	108.262	223213	ELECTRONIC
QXL27mH002kXbIfJ	ELECTRONIC	EN	0.519	0.4370000000000001	7.0	0.0	0.0356	134.933	321360	ELECTRONIC
3Sb125b4eJGQn9QP	ELECTRONIC,ELECTRONICA,ELECTRONIC	EN	0.6729999999999999	0.48	9.0	0.0	0.885	123.278	69440	ELECTRONIC
CBVBdR0eI0zGSTvz	EMO,ELECTRONIC,EMO RAP	EN	0.6609999999999999	0.6579999999999999	6.0	0.0	0.6	147.991	130693	ELECTRONIC
m4YWlNGXTa8Wwjp7	ELECTRONIC,CRUNK,ELECTRONICA,RAP	EN	0.648	0.6629999999999999	5.0	1.0	0.688	80.045	202480	ELECTRONIC
5e02R988TJ10sWNz	ELECTRONIC,DOWNTEMPO,AMBIENT	EN	0.637	0.49	4.0	0.0	0.247	133.414	192240	ELECTRONIC
2OThghBSooqkWYAY	EXPERIMENTAL,PUNK,ELECTRONIC,AVANT-GARDE,POST-PUNK	EN	0.6970000000000001	0.422	11.0	1.0	0.484	141.60299999999995	264427	ELECTRONIC
yrcHStxnGjT6yLpp	EXPERIMENTAL,ELECTRONIC	EN	0.679	0.411	0.0	1.0	0.4370000000000001	140.661	275333	ELECTRONIC
YNkPtN1UVDMj74FT	POST-HARDCORE,ELECTRONIC,TRANCECORE,EXPERIMENTAL	EN	0.3720000000000001	0.89	0.0	1.0	0.275	124.957	237760	ELECTRONIC
tmsRaK7nxkYvIfUq	HOUSE,ELECTRONIC,ELECTRO,ELECTRONIC,ELECTRO	EN	0.642	0.695	2.0	1.0	0.276	100.454	193471	ELECTRONIC
S9Q5jj70XllAPR0Z	DEEP HOUSE,HOUSE,ELECTRONIC,NU DISCO	EN	0.93	0.483	3.0	1.0	0.57	120.022	204992	ELECTRONIC
yXtLBwhJPJqXAJTn	ELECTRONIC,HOUSE,ELECTRONIC,HOUSE	EN	0.762	0.632	11.0	1.0	0.794	102.994	200787	ELECTRONIC
iCIFX4qzNK0OhIyX	TECHNO,DUBSTEP,ELECTRONIC,TECHNO	EN	0.727	0.59	1.0	1.0	0.28	128.0	341560	ELECTRONIC
iizCPbXKG3oNqkAW	ELECTRONIC	EN	0.64	0.875	0.0	1.0	0.27	104.974	276853	ELECTRONIC
bRjbNnyPyWsRSu8B	NOISE,ELECTRONIC,INDUSTRIAL,ELECTROCLASH	EN	0.662	0.448	1.0	1.0	0.626	127.97	176500	ELECTRONIC
hHkOjXysflqA60mK	INDUSTRIAL,EBM,ELECTRO-INDUSTRIAL,EBM,INDUSTRIAL,ELECTRONIC	EN	0.394	0.986	8.0	1.0	0.58	164.03900000000004	182492	ELECTRONIC
vAsTthSygS3kBH8o	ELECTRONIC,TECHNO,ELECTRONICA	EN	0.604	0.913	11.0	1.0	0.555	149.997	302507	ELECTRONIC
Eu0ANa9bhb9a1POr	ELECTRONIC,ELECTROCLASH,ELECTRO,ELECTRONICA	EN	0.481	0.958	7.0	1.0	0.542	129.99200000000002	248333	ELECTRONIC
9R1cIVbrUnZSTeXv	ELECTRONIC,NEW WAVE	EN	0.684	0.546	0.0	1.0	0.6609999999999999	99.116	268773	ELECTRONIC
tBrjAsritRWOTQgC	HOUSE,ELECTRONIC	EN	0.691	0.847	8.0	1.0	0.351	126.988	413373	ELECTRONIC
EUhS64EkbxHO59ec	CHILLWAVE,CHILLWAVE,ELECTRONIC,LO-FI	EN	0.594	0.6859999999999999	11.0	0.0	0.103	104.989	240160	ELECTRONIC
bPyleu10P4y8h1Cm	DANCEHALL,ELECTRONIC,REGGAE,DUB,ELECTRO	EN	0.542	0.961	6.0	0.0	0.407	159.915	237653	ELECTRONIC
wYlvTTYrB2n4fLkD	SOUL,SOUL,ELECTRONIC	EN	0.7959999999999999	0.365	9.0	0.0	0.22	134.009	188893	ELECTRONIC
0c2b9r9kEYreTW3y	ELECTRONICA,JAZZ	EN	0.621	0.2	1.0	1.0	0.637	126.155	159000	ELECTRONIC
uRB7N0PizvDC4ywN	ELECTRONIC	EN	0.5379999999999999	0.655	0.0	0.0	0.438	89.601	248760	ELECTRONIC
SjUADEzoxHiXTfGq	ELECTRONIC	EN	0.703	0.696	9.0	1.0	0.773	133.971	217933	ELECTRONIC
cuZSydISrGA402Gi	ELECTRONIC,HOUSE	EN	0.647	0.762	0.0	1.0	0.451	120.832	285596	ELECTRONIC
m3RSnKTVOfhBQe1z	ELECTRONIC,TECHNO,BREAKBEAT	EN	0.653	0.975	1.0	1.0	0.5479999999999999	124.669	247200	ELECTRONIC
Fu6wmPs1hml4DWE1	DISCO,ELECTRONIC	EN	0.654	0.955	2.0	0.0	0.967	128.005	210000	ELECTRONIC
R1xR8T9ncUi25pHH	ELECTRONIC,DOWNTEMPO	EN	0.629	0.6970000000000001	6.0	1.0	0.8440000000000001	162.266	364347	ELECTRONIC
w6GN9nUvjemBlq8y	ELECTRONIC,EDM	EN	0.599	0.897	0.0	1.0	0.931	156.016	190769	ELECTRONIC
ndp9Mw9v9U3X4hLs	HOUSE,ELECTRONIC,ELECTRO	EN	0.72	0.469	11.0	1.0	0.369	121.028	226120	ELECTRONIC
qAoQssEPycUJUW0q	ELECTRONIC,HOUSE	EN	0.716	0.648	8.0	0.0	0.789	104.022	290240	ELECTRONIC
3hfNCTXa9kGoG7b2	ELECTRONIC	EN	0.825	0.435	1.0	1.0	0.243	119.038	259102	ELECTRONIC
W88QK2BVI0L2Vc1G	ELECTRONIC	EN	0.83	0.403	10.0	0.0	0.4	124.001	376079	ELECTRONIC
MnjLBWYT2W1Eo04f	ELECTRONIC,HOUSE,ELECTRO	EN	0.706	0.974	5.0	1.0	0.902	160.001	102158	ELECTRONIC
Yt5S8BgnxqxD22eB	ELECTRONIC,HOUSE,DUBSTEP,GLITCH	EN	0.7909999999999999	0.708	3.0	1.0	0.618	127.987	250147	ELECTRONIC
yY3wA5gAC2EQQmEk	ELECTRONIC,SHOEGAZE,AMBIENT,ELECTRONICA	EN	0.399	0.7609999999999999	9.0	1.0	0.243	140.084	304907	ELECTRONIC
Ja95Z2TdgYRS13JW	ELECTRONIC	EN	0.6459999999999999	0.726	3.0	1.0	0.588	124.976	238907	ELECTRONIC
m1KFEYAgrqVtkdP5	ELECTRONIC,HOUSE,DEEP HOUSE	EN	0.845	0.721	7.0	0.0	0.188	122.958	251987	ELECTRONIC
PtyyI63REyhuqMxR	ELECTRO,ELECTRONIC,ELECTRONICA,ELECTROCLASH,ELECTRONIC,ELECTRO	EN	0.691	0.912	10.0	0.0	0.68	126.977	223867	ELECTRONIC
4ZpYC6TeCCkzasQF	ELECTRONIC	EN	0.402	0.843	2.0	0.0	0.245	84.085	208267	ELECTRONIC
fRG5c9LAEpvTMEKN	ELECTRONIC	EN	0.386	0.445	11.0	0.0	0.188	77.881	239267	ELECTRONIC
cghflyZrJKnPMYOE	ELECTRONIC,TECHNO,ELECTRONIC,TECHNO	EN	0.713	0.369	6.0	1.0	0.885	98.74	255500	ELECTRONIC
z9pAEzvHKcwTiyYN	EXPERIMENTAL,AMBIENT,ELECTRONIC	EN	0.329	0.722	8.0	1.0	0.064	146.464	229216	ELECTRONIC
V6UNgp7xhob83ATX	ELECTRONIC	EN	0.643	0.416	4.0	1.0	0.622	191.821	190013	ELECTRONIC
MBxYEctkWRQm38cu	ELECTRONIC	EN	0.51	0.861	4.0	0.0	0.623	93.049	286520	ELECTRONIC
gN4JUqdVqqVKlY9M	HOUSE,ELECTRONIC	EN	0.725	0.918	10.0	0.0	0.201	125.009	230400	ELECTRONIC
8beJCGexhOC3xWns	ELECTRONIC	EN	0.675	0.889	0.0	1.0	0.65	115.013	340947	ELECTRONIC
s5EzGuoCbtSkLOZM	ELECTRONIC,HOUSE,ELECTRO	EN	0.639	0.92	7.0	1.0	0.311	149.863	186873	ELECTRONIC
pPUhF3Sf5YuljQxb	ELECTRONIC,DOWNTEMPO	EN	0.547	0.439	3.0	0.0	0.127	125.918	293756	ELECTRONIC
ZwTOZ6HF7dKHIVg1	RAP,HIP HOP,ELECTRONIC,ELECTRONICA	EN	0.607	0.922	3.0	0.0	0.586	180.023	295669	ELECTRONIC
cJtt3JLJ2WFlER6q	HOUSE,ELECTRONIC	EN	0.443	0.4970000000000001	0.0	0.0	0.517	115.239	341724	ELECTRONIC
Jm0H2VHmh2s1aZXs	ELECTRONIC,RAP	EN	0.6409999999999999	0.8029999999999999	11.0	0.0	0.476	155.009	176883	ELECTRONIC
zIjfdUYizWAKruc3	EBM,INDUSTRIAL,ELECTRONIC	EN	0.422	0.6729999999999999	2.0	1.0	0.322	179.93099999999995	345491	ELECTRONIC
ilTjtDlAnSIdpBN7	HIP HOP,ELECTRONIC,BEATS	EN	0.4370000000000001	0.173	3.0	0.0	0.0656	63.03100000000001	152500	ELECTRONIC
1QQlmxo1sN75uIaW	AMBIENT,AMBIENT,ELECTRONIC,EXPERIMENTAL	EN	0.303	0.291	5.0	1.0	0.197	111.327	265253	ELECTRONIC
HMyRy6Veqbr0Cbtp	ELECTRONIC,EXPERIMENTAL	EN	0.298	0.394	2.0	1.0	0.185	108.044	317387	ELECTRONIC
mGBGkC8gR7j97MzD	ELECTRONIC	EN	0.639	0.8059999999999999	11.0	0.0	0.596	114.937	283933	ELECTRONIC
WMqtAFlWTd5P7SUZ	EXPERIMENTAL,ELECTRONIC	EN	0.388	0.5	8.0	1.0	0.227	123.972	264669	ELECTRONIC
du8ExHdf8y53qfeS	ELECTRONICA,MINIMAL TECHNO	EN	0.685	0.784	11.0	1.0	0.7659999999999999	140.002	235787	ELECTRONIC
Pk2dvqU8cnutBoI5	ELECTRONIC	EN	0.669	0.6609999999999999	6.0	0.0	0.3720000000000001	112.03	201099	ELECTRONIC
IopbvgoSKqitWBIp	ELECTRONIC,DOWNTEMPO	EN	0.568	0.5870000000000001	9.0	0.0	0.038	128.00799999999998	373930	ELECTRONIC
9CHzAeSHv9tWaIXW	ELECTRONIC	EN	0.481	0.409	1.0	1.0	0.232	119.756	305560	ELECTRONIC
6zxFzbUMXvogpIrj	INDUSTRIAL,ELECTRONIC	EN	0.545	0.841	11.0	0.0	0.524	116.033	200040	ELECTRONIC
od7kcktVIBcH3iPE	INDIETRONICA,ELECTRONIC,DEEP HOUSE	EN	0.6729999999999999	0.445	0.0	1.0	0.132	118.005	240427	ELECTRONIC
CVjgklJR38KAPDnh	ELECTRONICA	EN	0.695	0.733	8.0	1.0	0.413	121.981	201896	ELECTRONIC
WMIfXQFwXkJkSD6G	ELECTRONIC,ELECTRO HOUSE	EN	0.575	0.802	4.0	0.0	0.25	126.998	192720	ELECTRONIC
HSYGwegzgkUQCHM2	ELECTRONIC,EMO,EMOCORE,METALCORE,POST-HARDCORE,TRANCECORE	EN	0.221	0.8059999999999999	6.0	1.0	0.21	174.87900000000005	149499	ELECTRONIC
Hl0RFXDA25bacrSi	ELECTRONIC	EN	0.516	0.443	7.0	0.0	0.357	79.90100000000002	235467	ELECTRONIC
73h1LHjrfdEjKRL3	ELECTRONIC,EXPERIMENTAL,AMBIENT	EN	0.5429999999999999	0.536	1.0	1.0	0.505	79.39699999999998	264289	ELECTRONIC
Ahzzze5LaGIYCn34	EXPERIMENTAL,POST-HARDCORE,ELECTRONIC,EXPERIMENTAL,POST-HARDCORE,ELECTRONIC	EN	0.479	0.927	7.0	1.0	0.187	130.013	241667	ELECTRONIC
lFmbVtPU7eiWIEUy	INDUSTRIAL,POWER ELECTRONICS,NOISE,PUNK,ELECTRO-INDUSTRIAL	EN	0.443	0.871	9.0	0.0	0.378	75.003	112022	ELECTRONIC
QRCmbYfchz3dJaP8	ELECTRONIC,VAPORWAVE	EN	0.617	0.945	1.0	0.0	0.6659999999999999	119.912	120120	ELECTRONIC
vqMO9JZVn6NFxldV	ELECTRONIC	EN	0.261	0.259	7.0	1.0	0.064	66.743	186120	ELECTRONIC
ZPOKnhSyBHe1I6ZG	ELECTRO HOUSE,HOUSE,ELECTRONIC,ELECTRO	EN	0.6709999999999999	0.97	9.0	1.0	0.0397	128.078	298600	ELECTRONIC
nckqZ1CNENkznXY4	NEW AGE,AMBIENT,ELECTRONIC	EN	0.488	0.708	9.0	1.0	0.431	90.051	306067	ELECTRONIC
8R8vMDuQKF1ALr3s	ELECTRONIC,TECHNO,HOUSE,ELECTRONICA	EN	0.581	0.897	10.0	0.0	0.677	134.997	548560	ELECTRONIC
F8D2Z8zhnf3qC1FS	ELECTRONIC	EN	0.911	0.551	7.0	1.0	0.733	124.961	251947	ELECTRONIC
AxbUGEy8NnIPDMew	ELECTRONIC,TURNTABLISM,EXPERIMENTAL,ELECTRONICA	EN	0.711	0.905	6.0	1.0	0.4370000000000001	98.931	288347	ELECTRONIC
QFhstigS9Te3BUNN	REMIX,ELECTRONIC	EN	0.574	0.7859999999999999	10.0	0.0	0.55	120.016	265333	ELECTRONIC
U9vo5LiEHh7NJiGZ	ELECTRONIC	EN	0.65	0.975	1.0	1.0	0.906	119.989	243200	ELECTRONIC
oDSG1I7zeZerVfwA	ELECTRONIC	EN	0.499	0.474	3.0	1.0	0.171	74.98100000000002	210533	ELECTRONIC
wzuYzk4MMHKelH4r	HOUSE,ELECTRONIC,ELECTRONICA	EN	0.7879999999999999	0.8640000000000001	11.0	0.0	0.825	123.998	189677	ELECTRONIC
GeqCdY984QXrf1RO	ELECTRONIC	EN	0.821	0.399	6.0	1.0	0.546	83.07799999999997	154640	ELECTRONIC
dWqF6CYXbx2jYusC	ELECTRONIC,RAP	EN	0.716	0.946	1.0	1.0	0.5870000000000001	139.94299999999998	200571	ELECTRONIC
yMdnm3GvX9vwbnfu	ELECTRONIC,AMBIENT,ELECTRONICA	EN	0.69	0.332	5.0	0.0	0.477	148.025	160000	ELECTRONIC
2RGx7dK65CGiZ8M4	TRANCE,ELECTRONIC,HOUSE,PROGRESSIVE TRANCE	EN	0.6990000000000001	0.696	6.0	0.0	0.0979	128.012	308932	ELECTRONIC
C3OMDzB7Pz2AFdyW	AMBIENT,NEW AGE,ELECTRONIC,VOCAL TRANCE	EN	0.653	0.7759999999999999	4.0	0.0	0.85	102.829	257893	ELECTRONIC
zj8qFmeHE5EXp1AY	GRIME,ELECTRONIC	EN	0.622	0.885	1.0	1.0	0.353	141.743	249600	ELECTRONIC
3Es2RmtAXVSru7IG	ELECTRONIC,EXPERIMENTAL	EN	0.684	0.7509999999999999	7.0	0.0	0.894	96.522	127133	ELECTRONIC
BTUarBTvJcdMJgWv	ELECTRONIC	EN	0.505	0.75	7.0	1.0	0.241	132.003	180493	ELECTRONIC
Nwdwx1ZWqT40QO0K	ELECTRONIC	EN	0.629	0.943	0.0	1.0	0.843	130.02200000000002	212747	ELECTRONIC
NKv0z61yoRsPijNc	SOUL,ELECTRONIC	EN	0.436	0.306	11.0	0.0	0.355	95.337	245619	ELECTRONIC
O3CWHdlVzGXcWIT4	SOUL,ELECTRONIC	EN	0.684	0.604	8.0	1.0	0.855	150.023	230400	ELECTRONIC
GSGoGWG0KW4UDDOg	DUBSTEP,ELECTRONIC	EN	0.318	0.836	6.0	0.0	0.382	182.394	256307	ELECTRONIC
7t84tTUQqoUhewpK	NEW AGE,AMBIENT,ELECTRONIC	EN	0.256	0.617	4.0	0.0	0.18	147.782	347827	ELECTRONIC
p4dOTGBjTexjgFxv	ELECTRONIC,PUNK	EN	0.609	0.7020000000000001	0.0	1.0	0.39	94.991	221866	ELECTRONIC
tfx363AR45EMAkRH	ELECTRONIC	EN	0.595	0.86	5.0	1.0	0.647	138.918	191253	ELECTRONIC
ezDice9ddK0f2bzl	INDUSTRIAL,ELECTRONIC,EXPERIMENTAL	EN	0.79	0.396	9.0	1.0	0.212	92.009	292400	ELECTRONIC
CNbFUsZQwH9yKJxD	EXPERIMENTAL,FREAK FOLK,ELECTRONIC	EN	0.291	0.521	1.0	0.0	0.364	109.079	306662	ELECTRONIC
CrEJy3CAsGUQzZrY	ELECTRONIC,EXPERIMENTAL	EN	0.7340000000000001	0.472	1.0	0.0	0.387	190.011	165214	ELECTRONIC
lmGILBf2jiaUnkBF	WONKY,ELECTRONIC	EN	0.491	0.614	4.0	0.0	0.22	84.985	209703	ELECTRONIC
iorxGc2Tv6av6wk3	ELECTRONIC,EXPERIMENTAL	EN	0.604	0.6729999999999999	1.0	0.0	0.384	150.05	597733	ELECTRONIC
ZPZ1RPWsy4vlKjVk	ELECTRO HOUSE,DUBSTEP,ELECTRONIC,HOUSE,ELECTRO	EN	0.351	0.813	6.0	0.0	0.0874	127.979	373120	ELECTRONIC
VjFh1MmT04Kf0x7K	ELECTRONIC	EN	0.496	0.711	6.0	0.0	0.586	139.918	300533	ELECTRONIC
WShmxyfqSCMR5szK	ELECTRONIC,DOWNTEMPO,DOWNTEMPO	EN	0.305	0.487	9.0	0.0	0.0663	98.944	392000	ELECTRONIC
HX3i3Qikhi0EwkCl	ELECTRONIC,KARAOKE	EN	0.627	0.9	5.0	0.0	0.802	104.934	198707	ELECTRONIC
8akWoKXGNYBI2N3l	ELECTRONIC	EN	0.5479999999999999	0.521	2.0	0.0	0.197	126.459	390907	ELECTRONIC
80REgVQ5rrOuljqU	ELECTRONIC	EN	0.608	0.298	1.0	0.0	0.0401	149.917	269467	ELECTRONIC
aYQQVVr2NsGJ2hD2	ELECTRONIC,SOUNDTRACK	EN	0.448	0.645	5.0	1.0	0.54	152.029	299147	ELECTRONIC
95Ihsrv3ym946CDK	ELECTRONIC	EN	0.551	0.838	11.0	0.0	0.523	128.00799999999998	241107	ELECTRONIC
qiJGvCVgSqRp9dsu	DOWNTEMPO,ELECTRONIC,TRIP HOP	EN	0.6679999999999999	0.6859999999999999	4.0	0.0	0.205	130.086	260511	ELECTRONIC
2DDfhiXT6WhGW0vv	ELECTRONIC	EN	0.642	0.7559999999999999	9.0	0.0	0.525	120.016	264040	ELECTRONIC
MqKY0WfVoApk6Ugw	ELECTRONIC	EN	0.633	0.6579999999999999	2.0	1.0	0.509	132.982	289187	ELECTRONIC
hsQhkSSxsusT7gsG	ELECTRONIC,AMBIENT,EXPERIMENTAL	EN	0.115	0.253	2.0	1.0	0.047	61.25100000000001	409329	ELECTRONIC
BSMZOxsVjAMtYzb6	EXPERIMENTAL,AMBIENT,ELECTRONIC,DARK AMBIENT,AVANT-GARDE	EN	0.594	0.391	8.0	1.0	0.0443	99.993	479307	ELECTRONIC
SKTVaDjh1GT5Ubqv	ELECTRONIC	EN	0.511	0.87	10.0	0.0	0.0942	110.013	303273	ELECTRONIC
zMKAu5THBzhdkkET	ELECTRONIC,AMBIENT	EN	0.828	0.221	4.0	0.0	0.2	132.994	227368	ELECTRONIC
OWw5IxOAYPfFB7nF	ELECTRONIC,SOUL,ELECTRONIC	EN	0.307	0.625	5.0	0.0	0.183	180.467	320027	ELECTRONIC
4BCi6k8pJaQ84Lve	ELECTRONIC,ELECTRO	EN	0.636	0.8490000000000001	6.0	0.0	0.626	133.249	207467	ELECTRONIC
BpoUzZVtEQ6e0JYl	INDUSTRIAL,ELECTRONIC	EN	0.51	0.8270000000000001	8.0	1.0	0.74	113.801	201107	ELECTRONIC
1NYAIIyQEcLtK10c	CHIPTUNE,8-BIT,ELECTRONIC	EN	0.516	0.93	1.0	1.0	0.438	174.046	240000	ELECTRONIC
FE7cL5uQc5r8ex0D	ELECTRONIC	EN	0.48	0.828	1.0	0.0	0.239	120.099	246907	ELECTRONIC
RzocF3gKW2yG83ir	HOUSE,ELECTRONIC,DEEP HOUSE	EN	0.835	0.828	4.0	0.0	0.178	107.995	320280	ELECTRONIC
3YuppwFweaGDJu1u	ELECTRONIC	EN	0.4270000000000001	0.404	10.0	0.0	0.0803	217.927	229067	ELECTRONIC
LuDaNFxBc1zDOipg	ELECTRONIC	EN	0.598	0.6920000000000001	7.0	1.0	0.412	117.034	338491	ELECTRONIC
aROrKtvol5sZLhe3	ELECTRONIC,TURNTABLISM	EN	0.613	0.8320000000000001	8.0	1.0	0.48	164.87599999999995	399027	ELECTRONIC
WK41eG0q5syzuYcj	ELECTRONIC	EN	0.39	0.644	11.0	0.0	0.0518	139.632	290867	ELECTRONIC
bR2HstWBLTWCvRND	ELECTRONIC	EN	0.291	0.45	7.0	1.0	0.0376	182.962	338733	ELECTRONIC
emJNaBns0WKvqCRe	ELECTRONIC,EXPERIMENTAL	EN	0.711	0.46	7.0	0.0	0.423	140.039	189613	ELECTRONIC
GRYChZ8Nk6vbDgDa	RIOT GRRRL,ELECTROCLASH,ELECTRONIC	EN	0.742	0.946	7.0	1.0	0.926	138.114	211133	ELECTRONIC
4tt6Xhl0IQGHLL9y	HOUSE,ELECTRONIC,ELECTRONIC,HOUSE	EN	0.73	0.518	6.0	0.0	0.314	130.98	292664	ELECTRONIC
AiuWZNKO5P4gcGy1	SOUL,ELECTRONIC,SOUL	EN	0.77	0.752	8.0	1.0	0.7040000000000001	88.98299999999998	153613	ELECTRONIC
Wxo0mRciBidH8e6d	ELECTRONIC	EN	0.731	0.5	7.0	1.0	0.706	124.229	201533	ELECTRONIC
shYMZ5kTmmZz48gF	ELECTRONIC,REMIX	EN	0.629	0.774	4.0	0.0	0.622	170.0	252710	ELECTRONIC
Tyb0Q5FiVZXtGm6r	DANCEHALL,ELECTRONIC,LATIN,REGGAE,ABSTRACT,REGGAETON	EN	0.7609999999999999	0.913	8.0	1.0	0.484	97.003	257320	ELECTRONIC
6WMUcUlCp192R943	POST-HARDCORE,TRANCECORE,ELECTRONICORE	EN	0.551	0.965	2.0	0.0	0.0384	128.049	295987	ELECTRONIC
ajhLWNQfTlIIkui8	MINIMAL,ELECTRONIC	EN	0.88	0.395	1.0	1.0	0.356	116.008	326111	ELECTRONIC
tio8fLwPezu0joNq	ELECTRONIC,PUNK,8-BIT,NINTENDOCORE	EN	0.42	0.987	4.0	1.0	0.326	95.884	154010	ELECTRONIC
wcpHYQZcWNPAltLN	ELECTRONIC,SINGER-SONGWRITER,EXPERIMENTAL	EN	0.388	0.277	9.0	1.0	0.0376	119.566	436280	ELECTRONIC
ZB4EiZPVttA4uuRI	ELECTRONIC,FUTURE HOUSE	EN	0.7120000000000001	0.914	9.0	0.0	0.5660000000000001	125.873	179048	ELECTRONIC
CYlvsHeY6XNm4tRL	ELECTRONIC,EXPERIMENTAL	EN	0.493	0.763	6.0	0.0	0.457	164.99	233518	ELECTRONIC
xi9cX1c9H8SCVQid	DUBSTEP,ELECTRONIC,EXPERIMENTAL	EN	0.414	0.7090000000000001	7.0	1.0	0.116	139.963	194840	ELECTRONIC
0SBWcbhr2m1u0rEx	ELECTRONIC	EN	0.721	0.7759999999999999	9.0	0.0	0.86	125.041	255507	ELECTRONIC
RbHPtOX2YiJVZEWW	HOUSE,DEEP HOUSE,ELECTRONIC	EN	0.401	0.464	5.0	1.0	0.188	106.357	313907	ELECTRONIC
UmDz6OtEI9nNEtVY	ELECTRONIC,ELECTRONIC	EN	0.743	0.632	5.0	0.0	0.6890000000000001	107.212	294107	ELECTRONIC
BsuRiCVEYHt6umBF	ELECTRONIC,SOUL,EXPERIMENTAL,ELECTRONICA	EN	0.423	0.273	0.0	1.0	0.112	123.77	189750	ELECTRONIC
bhe6CeD6i8Y2chE4	ELECTRONIC	EN	0.643	0.857	3.0	1.0	0.388	127.93	216600	ELECTRONIC
2TUJFzg0WKXtgw5g	ELECTRONIC	EN	0.6	0.412	8.0	1.0	0.408	113.049	225882	ELECTRONIC
Y0rtcr77gzdsj7ED	POST-HARDCORE,METALCORE,ELECTRONIC	EN	0.235	0.86	4.0	0.0	0.342	127.788	227296	ELECTRONIC
rxeviVC8ExNzYSgq	ELECTRONIC,ELECTRO,ELECTRONIC,ELECTRO	EN	0.46	0.797	5.0	1.0	0.438	159.97799999999995	211280	ELECTRONIC
RUh8nImdIz1G5iJ9	SOUL,ELECTRONIC	EN	0.565	0.604	1.0	1.0	0.146	98.997	222625	ELECTRONIC
ypPu9zYjtzaUfCB5	ELECTRONIC,EXPERIMENTAL,ELECTRONICA	EN	0.6809999999999999	0.915	1.0	1.0	0.607	118.027	315585	ELECTRONIC
Qih0fX9x2yvBTWlM	TRANCE,TECHNO,ELECTRONIC,EURODANCE	EN	0.667	0.818	8.0	0.0	0.7609999999999999	136.957	217573	ELECTRONIC
GgnsXtgBeLYBqYUe	EXPERIMENTAL,ELECTRONIC	EN	0.5920000000000001	0.541	9.0	0.0	0.0385	119.783	286147	ELECTRONIC
bHdBEwKkd5sw3JCI	ELECTRONIC,EXPERIMENTAL,AMBIENT,ELECTRONIC,EXPERIMENTAL	EN	0.49	0.57	1.0	1.0	0.283	113.309	187115	ELECTRONIC
VVymvgRjQpRYYtKn	ELECTRONIC	EN	0.517	0.498	6.0	1.0	0.193	80.165	232328	ELECTRONIC
130H2LXLrCujgJBE	ELECTRONIC,NU DISCO	EN	0.664	0.7909999999999999	10.0	1.0	0.794	115.158	181760	ELECTRONIC
67ylVMwG5DURODHh	ELECTRONIC,AMBIENT,DOWNTEMPO	EN	0.38	0.516	7.0	0.0	0.0716	104.71	258267	ELECTRONIC
REibdfIo5AYBPuiM	EXPERIMENTAL,EXPERIMENTAL,ELECTRONIC	EN	0.61	0.399	7.0	1.0	0.433	80.55	171920	ELECTRONIC
FnjghxysrfGKLly4	ELECTRONIC,EXPERIMENTAL	EN	0.175	0.562	0.0	1.0	0.105	81.42399999999998	216267	ELECTRONIC
GrHLP5DoO44hycFy	FUNK,ACID JAZZ,ELECTRONIC	EN	0.701	0.836	2.0	1.0	0.812	127.871	300227	ELECTRONIC
DmA7TgrTBnxAO4yW	ELECTRONIC,HOUSE	EN	0.6579999999999999	0.856	6.0	0.0	0.413	124.039	214839	ELECTRONIC
0Sqt1P89zBpkKSNc	DRUM AND BASS,ELECTRONIC	EN	0.349	0.7490000000000001	2.0	1.0	0.0532	173.93400000000003	247020	ELECTRONIC
amwO6RfJmDZQvvBY	REGGAE,HARDCORE,ELECTRONIC	EN	0.78	0.68	4.0	1.0	0.594	118.026	180560	ELECTRONIC
Q2oIu1WQJEWgQo6A	DOWNTEMPO,ELECTRONIC,LOUNGE,DOWNTEMPO	EN	0.568	0.7070000000000001	9.0	0.0	0.623	93.98	272800	ELECTRONIC
hNHnwSPwxp8Z7IY3	ELECTRONIC,EXPERIMENTAL	EN	0.752	0.496	1.0	1.0	0.383	92.992	335493	ELECTRONIC
WesrYyLoZN6YjX2Z	TRANCE,PROGRESSIVE TRANCE,UPLIFTING TRANCE,ELECTRONIC	EN	0.753	0.649	0.0	1.0	0.895	155.982	209468	ELECTRONIC
0o5jvQWVuFrPhA4K	ELECTRONIC	EN	0.762	0.833	9.0	0.0	0.625	134.461	384481	ELECTRONIC
5a7TpT5N7sci5XJn	ELECTRONIC,SINGER-SONGWRITER	EN	0.62	0.4920000000000001	9.0	1.0	0.213	141.938	238001	ELECTRONIC
hlNu3eaJHofZvwU0	ELECTRONIC,ELECTRO	EN	0.598	0.6920000000000001	7.0	1.0	0.412	117.034	338491	ELECTRONIC
uYnep7ezd8uS4AmE	ELECTRONIC,HOUSE	EN	0.741	0.757	11.0	0.0	0.5660000000000001	127.981	200280	ELECTRONIC
5zQv6YKdO2vOzpJD	ELECTRONIC,DOWNTEMPO	EN	0.265	0.588	9.0	1.0	0.171	112.396	376160	ELECTRONIC
JclTDstqO2SoYq3y	ELECTRONIC,ELECTRONIC	EN	0.465	0.539	8.0	0.0	0.295	144.905	207434	ELECTRONIC
Gth03dpW3NAXMb65	BIG BEAT,ELECTRONIC,ELECTRONICA,HOUSE	EN	0.403	0.912	2.0	1.0	0.213	125.696	409827	ELECTRONIC
lInCU8yvpA4GF3yP	LO-FI,ELECTRONIC,SHOEGAZE,POST-PUNK	EN	0.607	0.5529999999999999	1.0	1.0	0.536	130.024	209320	ELECTRONIC
r70oXhf2NYHDjXkU	DEEP HOUSE,HOUSE,PROGRESSIVE HOUSE,ELECTRONIC,DOWNTEMPO	EN	0.684	0.723	1.0	1.0	0.835	122.017	196374	ELECTRONIC
7s6CbWieQDakf4BE	FUNK,ACID JAZZ,DISCO,ELECTRONIC	EN	0.639	0.69	7.0	1.0	0.579	119.63	199600	ELECTRONIC
OfX4QOet6QCcLEpG	ELECTRONIC	EN	0.722	0.8640000000000001	11.0	0.0	0.742	130.017	213933	ELECTRONIC
sJQoY6AEQp44Ou1f	ELECTRONIC	EN	0.555	0.188	2.0	1.0	0.142	100.928	247867	ELECTRONIC
oqvBkHChHfCNmAAa	ELECTRONIC	EN	0.333	0.944	1.0	1.0	0.185	180.051	218840	ELECTRONIC
0OQwtp7Nf2vcmIoZ	ELECTRONIC,ELECTRO	EN	0.82	0.457	2.0	1.0	0.489	120.008	333500	ELECTRONIC
Sg41uUue7CTFb3wB	AMBIENT,DRONE,EXPERIMENTAL,ELECTRONIC	EN	0.406	0.945	2.0	1.0	0.119	94.763	225131	ELECTRONIC
XS5Vp0NWG45APIVn	ELECTRONIC,ELECTROCLASH,ELECTRONIC,RIOT GRRRL	EN	0.637	0.922	7.0	0.0	0.78	183.155	229387	ELECTRONIC
3B71TKuKMpg76wCQ	ELECTRONIC,INDIETRONICA	EN	0.583	0.894	7.0	1.0	0.858	140.045	282533	ELECTRONIC
6JxBFMBp4bV3Mgjh	ELECTRONIC	EN	0.593	0.525	10.0	0.0	0.361	89.934	67167	ELECTRONIC
ZmJ4O96sPrFBSqWy	ELECTRONIC,HOUSE,ELECTRO	EN	0.504	0.857	7.0	1.0	0.4	130.0	222956	ELECTRONIC
qBHAEmcYwTX5tZQ6	POST-HARDCORE,TECHNO,EXPERIMENTAL,ELECTRONIC	EN	0.324	0.3670000000000001	2.0	1.0	0.757	173.958	205172	ELECTRONIC
TwbX48uRctTvcFer	ELECTRONIC,HOUSE	EN	0.4	0.0552	3.0	1.0	0.0397	62.86600000000001	155116	ELECTRONIC
qVGTcNk0eBwZwc8r	ELECTROCLASH,ELECTRONIC	EN	0.922	0.493	8.0	1.0	0.337	119.985	259000	ELECTRONIC
V4v9RgWwBJWDAkSv	ELECTRONIC,ELECTRO	EN	0.573	0.774	2.0	0.0	0.613	126.971	326981	ELECTRONIC
sYlfqqCeLFH35APT	ELECTRONICA	EN	0.625	0.5760000000000001	8.0	1.0	0.297	121.915	218306	ELECTRONIC
b9h6swL5DKFutshK	ELECTRONIC,HIP HOP	EN	0.63	0.5	1.0	0.0	0.315	144.871	245172	ELECTRONIC
GEnjxbFfnXrXeDSP	ELECTRONIC	EN	0.265	0.743	1.0	0.0	0.223	70.34100000000001	177827	ELECTRONIC
4XMjB7IU2mIZvTgw	ELECTRONIC	EN	0.425	0.657	7.0	0.0	0.261	118.018	262840	ELECTRONIC
ZRK2d5uAkSaeASsM	TRANCE,ELECTRONIC,VOCAL TRANCE	EN	0.732	0.875	4.0	0.0	0.933	132.987	214960	ELECTRONIC
CJQd0tqL2B0OYHmS	ELECTRONIC,INDIETRONICA	EN	0.616	0.433	6.0	0.0	0.118	105.915	366520	ELECTRONIC
99ETE00c0NDzNgxf	ELECTRONIC	EN	0.445	0.804	7.0	0.0	0.412	138.005	315250	ELECTRONIC
zGBvrpqPI6iuxtND	ELECTRONIC	EN	0.633	0.574	2.0	1.0	0.522	145.09799999999996	234507	ELECTRONIC
gnWqxI7RAHTycEjV	ELECTRONIC	EN	0.521	0.902	0.0	1.0	0.378	146.803	139667	ELECTRONIC
zszlNqCVFcF07kFX	EASY LISTENING,ELECTRONIC	EN	0.6509999999999999	0.879	1.0	1.0	0.179	126.023	396000	ELECTRONIC
FpSHrgYPnwJvVuZE	ELECTRONIC	EN	0.708	0.447	7.0	0.0	0.626	102.035	285427	ELECTRONIC
EfsOrsdrkeMcDfJ5	ELECTRONIC,POST-PUNK	EN	0.375	0.8370000000000001	6.0	1.0	0.283	153.387	248085	ELECTRONIC
kICEDeVqC4M0iB75	ELECTRONIC,HOUSE	EN	0.8009999999999999	0.6409999999999999	11.0	1.0	0.701	124.979	195210	ELECTRONIC
7Q09xw9nJBIIXujc	ELECTRONIC,ELECTRONIC	EN	0.748	0.536	5.0	0.0	0.557	128.023	250840	ELECTRONIC
H33Tm05etxjY6FLq	DEEP HOUSE,ELECTRONIC	EN	0.737	0.816	4.0	0.0	0.5329999999999999	124.014	170458	ELECTRONIC
1i0b2NdbSugNQ61Q	HOUSE,ELECTRONIC,ELECTRO	EN	0.416	0.332	6.0	0.0	0.129	99.508	233321	ELECTRONIC
P6w5PS1t95ADTLOw	INDUSTRIAL,ELECTRONIC,EXPERIMENTAL,DARK AMBIENT	EN	0.419	0.212	7.0	1.0	0.0677	124.254	312493	ELECTRONIC
HGYilKCeP2UP4XWn	ELECTRONIC	EN	0.417	0.6459999999999999	0.0	1.0	0.413	97.095	593280	ELECTRONIC
0cTPCJRAeZP3PIdl	ELECTRONIC,TURNTABLISM,ELECTRONIC,TURNTABLISM	EN	0.595	0.979	1.0	0.0	0.501	105.19	261960	ELECTRONIC
47uh9rG4UAxYYM04	ELECTRONIC	EN	0.507	0.444	2.0	1.0	0.255	99.901	436160	ELECTRONIC
Yu5pnss1s37WsRQr	ELECTRONIC,EXPERIMENTAL,SOUL,DUBSTEP	EN	0.514	0.00521	0.0	1.0	0.189	84.73700000000002	162160	ELECTRONIC
CoaIJubOumUAwBdU	HOUSE,ELECTRO HOUSE,ELECTRONIC,ELECTRO	EN	0.665	0.787	6.0	0.0	0.252	124.989	170880	ELECTRONIC
I9aJLiiNONEugHYI	ELECTRONIC	EN	0.7	0.8270000000000001	7.0	1.0	0.0317	123.011	263183	ELECTRONIC
zXtqUQRMArU7B83p	ELECTRONIC	EN	0.66	0.984	7.0	1.0	0.35	132.062	261818	ELECTRONIC
4unNIZEiivaE2LaK	DOWNTEMPO,ELECTRONIC	EN	0.468	0.836	5.0	0.0	0.376	146.97799999999995	262773	ELECTRONIC
FTLyXwhc40zvwTVW	ELECTRONIC,HOUSE	EN	0.7090000000000001	0.757	1.0	1.0	0.166	123.006	246495	ELECTRONIC
qopqwJNFk59JIfAz	ELECTRONIC,DOWNTEMPO	EN	0.458	0.464	2.0	0.0	0.135	143.925	340853	ELECTRONIC
MN8ui0ild1jCmevp	EXPERIMENTAL,ELECTRONIC,ELECTRO-INDUSTRIAL	EN	0.423	0.357	8.0	0.0	0.135	119.917	306400	ELECTRONIC
cOTxqRZKNVtBCRJo	EBM,INDUSTRIAL,ELECTRONIC	EN	0.7959999999999999	0.951	10.0	0.0	0.816	122.968	284427	ELECTRONIC
gAhCnitOXZLl8J23	DEATHCORE,ELECTRONIC,METALCORE,EXPERIMENTAL,DEATHCORE,ELECTRONIC,EXPERIMENTAL	EN	0.5429999999999999	0.966	6.0	1.0	0.531	74.997	184000	ELECTRONIC
ZalmW8lkV3FnyzMN	ELECTRONIC	EN	0.6459999999999999	0.5820000000000001	8.0	1.0	0.5579999999999999	128.042	271200	ELECTRONIC
kpPyRSxdYLeKkNIp	ELECTRONIC	EN	0.547	0.818	8.0	1.0	0.313	105.069	314000	ELECTRONIC
7UyogQcFbD2GQMbg	ELECTRONIC,HOUSE	EN	0.474	0.731	0.0	1.0	0.0876	135.056	341476	ELECTRONIC
zeoWSNFUkaY3JDaO	DRUM AND BASS,ELECTRONIC	EN	0.418	0.906	2.0	1.0	0.1639999999999999	173.998	253707	ELECTRONIC
PDJj9tVehVNIU1N4	RAP,ELECTRONIC	EN	0.728	0.602	9.0	0.0	0.328	140.08100000000002	225040	ELECTRONIC
dTDamPG0atZsOTQo	ELECTRONIC,TECHNO	EN	0.782	0.96	10.0	1.0	0.979	120.682	296986	ELECTRONIC
GQcFjJuYPuq5Mzrr	ELECTROCLASH,ELECTRONIC,ELECTRO,ELECTROCLASH,ELECTRONIC	EN	0.949	0.901	9.0	0.0	0.643	119.969	284987	ELECTRONIC
rl5vBeLlyL1jfkKV	DRUM AND BASS,LIQUID FUNK,ELECTRONIC	EN	0.462	0.857	3.0	0.0	0.512	173.021	255607	ELECTRONIC
3mUOW6jZzycPjlxZ	ELECTRONIC,ELECTRO	EN	0.525	0.856	0.0	1.0	0.462	152.066	221267	ELECTRONIC
eO8Y9fc2sRJRWMeP	EXPERIMENTAL,ELECTRONIC,AVANT-GARDE	EN	0.499	0.294	11.0	0.0	0.157	110.088	315213	ELECTRONIC
FD4tug4YfiAMAsXT	GOTHIC METAL,INDUSTRIAL METAL,ELECTRONIC	EN	0.472	0.976	0.0	1.0	0.51	156.0	210467	ELECTRONIC
TfDcisAgz7sLIi7w	DOWNTEMPO,JAZZ,ELECTRONIC	EN	0.264	0.128	9.0	1.0	0.0774	148.499	370667	ELECTRONIC
nOh5T6IJnasOeyLH	POST-HARDCORE,POST-HARDCORE,ELECTRONIC,METALCORE	EN	0.339	0.97	11.0	0.0	0.12	160.02200000000005	224074	ELECTRONIC
Zzwj2v7syjzEKEdo	SOUL,ELECTRONIC	EN	0.449	0.416	0.0	1.0	0.103	140.804	191425	ELECTRONIC
90HHD6vbVl1PYcAv	JAZZ,JAZZ FUSION,AMBIENT,ELECTRONIC,NU JAZZ,JAZZ,JAZZ FUSION,ELECTRONIC	EN	0.468	0.47	9.0	0.0	0.27	146.172	429859	ELECTRONIC
pimD3R6PdlVduyxU	ELECTRONIC,HOUSE,ELECTRONICA,ELECTRO,ELECTRO HOUSE	EN	0.74	0.873	11.0	0.0	0.271	127.949	355031	ELECTRONIC
mYai3OpyQmf7fum7	ELECTRONIC	EN	0.596	0.664	9.0	1.0	0.237	124.009	216400	ELECTRONIC
Ct008nIqetAJ8oRi	BREAKBEAT,BIG BEAT,ELECTRONIC	EN	0.134	0.987	7.0	1.0	0.3	163.90400000000002	218760	ELECTRONIC
FQ0ZHCq0JesoAJUh	HOUSE,ELECTRONIC	EN	0.507	0.665	0.0	1.0	0.4	126.879	213338	ELECTRONIC
GllGn47wMxxfJ7Cm	HOUSE,ELECTRONIC,MINIMAL	EN	0.574	0.911	11.0	1.0	0.648	126.019	163333	ELECTRONIC
YqSiiPBRMrCryxDP	CHILLWAVE,ELECTRONIC,LO-FI,AMBIENT	EN	0.603	0.502	9.0	1.0	0.347	69.987	259947	ELECTRONIC
r9fCVQwHrqC41DEb	INDUSTRIAL,ELECTRONIC	EN	0.404	0.88	10.0	0.0	0.38	130.023	247667	ELECTRONIC
48pqvHcvpYRj9F91	ELECTRONIC	EN	0.523	0.882	5.0	0.0	0.565	174.00599999999997	262547	ELECTRONIC
bdafnwIpEhOd7mzo	ELECTRONIC,AMBIENT,DOWNTEMPO,MINIMAL,ELECTRONIC,AMBIENT	EN	0.395	0.532	4.0	1.0	0.0558	159.71	269610	ELECTRONIC
HQaXFODjMu3jHZ6m	ELECTRONIC,GLITCH,AMBIENT	EN	0.7140000000000001	0.448	0.0	0.0	0.0678	124.976	256080	ELECTRONIC
lht9TQ0LijotBZlp	ELECTRONIC,DUBSTEP,NATIVE AMERICAN	EN	0.593	0.8029999999999999	1.0	0.0	0.495	69.884	209982	ELECTRONIC
XEllSYOVhmtXbBWh	ELECTRONIC,HOUSE,ELECTRO	EN	0.613	0.961	6.0	1.0	0.166	128.012	216805	ELECTRONIC
n1tnSfg3WWlTtzXH	HOUSE,ELECTRONIC	EN	0.654	0.737	4.0	0.0	0.768	127.503	183640	ELECTRONIC
QADw7SG44Div48wi	AVANT-GARDE,EXPERIMENTAL,ELECTRONIC,AMBIENT	EN	0.211	0.7959999999999999	8.0	0.0	0.0386	173.99400000000003	375400	ELECTRONIC
NWxoKXzVVUMQa592	ELECTRONIC	EN	0.336	0.75	8.0	1.0	0.271	74.308	215826	ELECTRONIC
YDxnOffYTjf009TJ	ELECTRONIC	EN	0.621	0.8220000000000001	1.0	1.0	0.8340000000000001	128.937	201787	ELECTRONIC
3pb0CrUymONCJNKM	ANIME,ELECTRONIC,POST-HARDCORE,ELECTRONIC,TRANCECORE	EN	0.175	0.995	6.0	0.0	0.303	184.066	225547	ELECTRONIC
U7hIjmwbG5zedmpY	ELECTRONIC,CYBERPUNK	EN	0.531	0.752	0.0	1.0	0.158	145.019	286000	ELECTRONIC
GkHGxDLTG55kZu5x	ELECTRONIC	EN	0.607	0.914	0.0	0.0	0.615	125.801	173467	ELECTRONIC
tPRs02dtjC8USfpM	DOWNTEMPO,ELECTRONIC,ELECTRONIC	EN	0.56	0.455	1.0	0.0	0.44	168.081	381667	ELECTRONIC
XoMTY8y9eTq07R61	ELECTRONIC	EN	0.525	0.727	8.0	0.0	0.617	121.048	253784	ELECTRONIC
AFwfVDWfuwrR8lxZ	DISCO,ELECTRONIC	EN	0.935	0.765	7.0	0.0	0.966	115.877	304627	ELECTRONIC
0tvxEidSgIMsZo0V	TRANCE,VOCAL TRANCE,PROGRESSIVE TRANCE,ELECTRONIC	EN	0.612	0.836	7.0	1.0	0.696	133.96	197573	ELECTRONIC
PjlmZuOfDciNPZOG	EBM,INDUSTRIAL,ELECTRONIC	EN	0.634	0.7240000000000001	6.0	1.0	0.493	113.014	275873	ELECTRONIC
PDtCl6diiWJkjVJX	HOUSE,ELECTRONIC,ELECTRO	EN	0.512	0.922	7.0	1.0	0.412	128.054	211156	ELECTRONIC
YBTnWKtN80wW5uog	HOUSE,ELECTRONIC,ELECTRO HOUSE	EN	0.802	0.7809999999999999	0.0	1.0	0.622	125.026	169920	ELECTRONIC
TiY3mf7XSgk1YVto	DUBSTEP,ELECTRONIC,AMBIENT	EN	0.624	0.852	1.0	1.0	0.512	135.22299999999998	238427	ELECTRONIC
9Up61jUpCMQ7OLqr	HOUSE,ELECTRONICA	EN	0.648	0.9	9.0	1.0	0.866	114.988	176579	ELECTRONIC
I2vVj3l6l12ChqoP	DEEP HOUSE,HOUSE,ELECTRONIC,NU DISCO,DEEP HOUSE,HOUSE,ELECTRONIC	EN	0.633	0.4270000000000001	0.0	1.0	0.204	111.971	174547	ELECTRONIC
2wu2qO19q1SHH8St	DUBSTEP,ELECTRONIC,TRANCE,ELECTRO HOUSE	EN	0.482	0.67	2.0	0.0	0.151	149.99200000000005	264010	ELECTRONIC
FrI84HxaDSHxi58E	ELECTRONIC,EXPERIMENTAL	EN	0.49	0.7929999999999999	9.0	0.0	0.447	149.833	328573	ELECTRONIC
FdxAdpztMiahoAmX	ELECTRONIC,NEW RAVE,EXPERIMENTAL,ELECTRO	EN	0.741	0.6659999999999999	5.0	0.0	0.78	129.967	234947	ELECTRONIC
yUOEdXQZyCdpNVPK	EXPERIMENTAL,ELECTRONIC,EXPERIMENTAL,ELECTRONIC	EN	0.589	0.623	6.0	1.0	0.353	118.958	249667	ELECTRONIC
BRstYKiOw6MgoTgy	BREAKBEAT,INDUSTRIAL,BIG BEAT,ELECTRONIC	EN	0.56	0.989	1.0	1.0	0.4920000000000001	135.925	232187	ELECTRONIC
ML0mAHmGpWKqkrxv	8-BIT,ELECTRONIC,EXPERIMENTAL,PUNK	EN	0.591	0.7190000000000001	7.0	1.0	0.4920000000000001	126.011	241610	ELECTRONIC
xiTyf8gVM8tYnzZb	WITCH HOUSE,ELECTRONIC,NOISE,GRUNGE	EN	0.4370000000000001	0.682	2.0	0.0	0.215	80.994	150361	ELECTRONIC
U7fccHn4jHRpvQQG	HOUSE,HOUSE,ELECTRONIC,DISCO	EN	0.633	0.818	1.0	1.0	0.337	121.975	193481	ELECTRONIC
9X6WFy073c0NjR9z	TRANCE,VOCAL TRANCE,PROGRESSIVE TRANCE,ELECTRONIC	EN	0.466	0.531	6.0	1.0	0.247	137.894	64375	ELECTRONIC
WAgoJ6urMHQs98uk	CHILLWAVE,ELECTRONIC,LO-FI,CHILLWAVE,ELECTRONIC	EN	0.8809999999999999	0.585	1.0	1.0	0.456	106.023	187933	ELECTRONIC
aPTgwJQAyWYppRRm	ELECTRONIC,DUB	EN	0.657	0.785	8.0	0.0	0.604	183.974	262644	ELECTRONIC
LGVOFistb3KCPepC	NOISE,ELECTRONIC,INDUSTRIAL,ELECTROCLASH	EN	0.94	0.378	5.0	0.0	0.162	112.012	174640	ELECTRONIC
MGP4BiYsPJhqXfjC	ELECTRONIC,ELECTRONICA,AMBIENT,INDIETRONICA,SHOEGAZE	EN	0.423	0.8809999999999999	11.0	0.0	0.178	119.943	398493	ELECTRONIC
1b7L5n3xhCn2bLWX	EXPERIMENTAL,ELECTRONIC	EN	0.336	0.0309	0.0	1.0	0.11	82.79700000000003	339000	ELECTRONIC
VS5BXP0BmlnlCVq8	ELECTRONIC,EXPERIMENTAL	EN	0.662	0.655	0.0	1.0	0.426	84.035	228571	ELECTRONIC
442qB0HFBeRnI6sm	FOLKTRONICA,ELECTRONIC	EN	0.339	0.0679	5.0	1.0	0.036	67.77	489173	ELECTRONIC
H9lZIIov0u9smICR	EXPERIMENTAL,AMBIENT,ELECTRONIC,AVANT-GARDE,DARK AMBIENT	EN	0.225	0.5529999999999999	7.0	1.0	0.0377	142.061	220987	ELECTRONIC
aFoiQaU8aRwL4xSs	HAPPY HARDCORE,ELECTRONIC,HARDCORE	EN	0.326	0.907	7.0	1.0	0.748	160.04399999999995	205020	ELECTRONIC
IC0AP2Kz5Ntab9eQ	ELECTRONIC	EN	0.83	0.569	11.0	0.0	0.703	118.665	275469	ELECTRONIC
0BNlUFeemdBKefcG	DRUM AND BASS,ELECTRONIC	EN	0.209	0.944	1.0	1.0	0.352	174.03	309947	ELECTRONIC
M6IPKriyv0siCRU2	ELECTRO HOUSE,ELECTRONIC,ELECTRO	EN	0.5379999999999999	0.862	11.0	0.0	0.654	128.013	227951	ELECTRONIC
KthqdhDtYbuKoqVl	ELECTRONIC	EN	0.424	0.87	11.0	1.0	0.443	140.003	226286	ELECTRONIC
4XZAf9lUSS0d0L08	ELECTRONIC,HOUSE	EN	0.701	0.403	4.0	0.0	0.184	100.122	203192	ELECTRONIC
BM9yf2OMERmMxH6J	SOUL,ELECTRONIC	EN	0.5870000000000001	0.177	1.0	1.0	0.125	75.039	183022	ELECTRONIC
gnMjpAFArvDKMH2P	ELECTRONIC,DUBSTEP	EN	0.616	0.735	7.0	1.0	0.145	153.02700000000004	254250	ELECTRONIC
JvaJOVSe2aqTqgru	ELECTRONIC	EN	0.7909999999999999	0.8740000000000001	9.0	1.0	0.6940000000000001	125.062	132267	ELECTRONIC
rCdVeAsmgo3JjIoE	ELECTRONIC,EXPERIMENTAL,EXPERIMENTAL	EN	0.38	0.911	0.0	1.0	0.378	94.51	294280	ELECTRONIC
w3Sgu0UD0WnXxfNB	ELECTRONIC	EN	0.428	0.588	7.0	0.0	0.252	140.707	377467	ELECTRONIC
AJsxkWuvZj94nWyW	ELECTRONIC,BREAKBEAT,TECHNO,ELECTRONICA	EN	0.528	0.998	0.0	1.0	0.59	153.013	276227	ELECTRONIC
SgQEZzBFOnaPVpE6	ELECTRONIC	EN	0.62	0.899	10.0	0.0	0.897	129.923	88120	ELECTRONIC
nRJQ8ZMH1468dgAI	CHILLWAVE,ELECTRONIC,VAPORWAVE	EN	0.407	0.924	5.0	1.0	0.218	168.03799999999995	211547	ELECTRONIC
rr2Ey1klDKvw8iDe	METALCORE,ELECTRONIC,PROGRESSIVE METALCORE,POST-HARDCORE,DJENT,METALCORE,PROGRESSIVE METALCORE,POST-HARDCORE	EN	0.433	0.968	3.0	0.0	0.0989	108.002	235667	ELECTRONIC
aCXRwMwdXdryplQe	ELECTRONIC,ELECTRONICA	EN	0.606	0.5579999999999999	1.0	1.0	0.461	80.00399999999998	207600	ELECTRONIC
p6tB4qv1MWn2j27J	ELECTRONIC,EDM,COMPLEXTRO	EN	0.292	0.861	7.0	1.0	0.193	84.70700000000002	247412	ELECTRONIC
kqpqgu903t03Z2z4	EXPERIMENTAL,ELECTRONIC	EN	0.498	0.383	2.0	0.0	0.128	163.781	300467	ELECTRONIC
xtFgodgP93WOpsGh	ELECTRONIC	EN	0.662	0.482	9.0	1.0	0.294	98.05	280055	ELECTRONIC
vfx9IwpaFkl2Jq6S	ELECTRONICA	EN	0.44	0.754	9.0	0.0	0.208	80.069	244427	ELECTRONIC
nVMbMKYtoTHXCJCq	ELECTRONICA,HOUSE,ELECTRONIC,DISCO	EN	0.743	0.6970000000000001	10.0	0.0	0.8959999999999999	112.5	345239	ELECTRONIC
NEbfOxYctQ1xe1PB	RAP,ELECTRONIC,HIP HOP	EN	0.47	0.621	6.0	1.0	0.1669999999999999	77.876	93560	ELECTRONIC
EzMAbcZadxwEBlsR	ELECTRONIC,SINGER-SONGWRITER	EN	0.634	0.8340000000000001	4.0	0.0	0.703	119.959	204240	ELECTRONIC
TlBFDpOo9d9QySF4	ELECTRONIC,EXPERIMENTAL	EN	0.297	0.295	7.0	0.0	0.0537	138.565	368688	ELECTRONIC
mLI2uIS7oBPWVsRg	ELECTROCLASH,ELECTRONIC	EN	0.7879999999999999	0.868	7.0	1.0	0.107	126.03	256040	ELECTRONIC
fVmzk2fNNoEro5Kg	DUBSTEP,ELECTRONIC	EN	0.376	0.954	1.0	1.0	0.0339	174.045	289653	ELECTRONIC
b9AZtM25vLagTlIG	TECHNO,ELECTRONIC,HARDSTYLE,ELECTRONICA	EN	0.302	0.865	0.0	1.0	0.152	150.082	244133	ELECTRONIC
gdx11l7Hohbf8gFm	ELECTRONIC	EN	0.612	0.752	5.0	0.0	0.8340000000000001	135.002	256933	ELECTRONIC
KnhB7dyal2xt5lpS	ELECTRONICA	EN	0.624	0.605	1.0	1.0	0.272	125.103	251000	ELECTRONIC
gu7B8pYC0E9GHMMh	ELECTRONIC,BIG BEAT,ELECTRONIC,BIG BEAT	EN	0.6709999999999999	0.823	10.0	1.0	0.45	119.984	311977	ELECTRONIC
bHDG4qWOoHcI1WtL	ELECTRONIC,ELECTRONICA	EN	0.51	0.8490000000000001	1.0	1.0	0.887	164.207	315067	ELECTRONIC
yhrvFH4dmcSzaHN9	ELECTRONIC,RAP	EN	0.705	0.7709999999999999	5.0	1.0	0.625	84.99799999999998	216000	ELECTRONIC
ZgOT6crudx73BGid	ELECTRONIC,DOWNTEMPO	EN	0.228	0.537	11.0	0.0	0.173	72.863	257947	ELECTRONIC
9bsV4x1RJ00aAZCC	EXPERIMENTAL,ELECTRONIC,AVANT-GARDE	EN	0.805	0.0242	0.0	0.0	0.295	149.03799999999995	501493	ELECTRONIC
pYMmaH1WELKGBrHE	ELECTRONIC,DOWNTEMPO	EN	0.511	0.6779999999999999	4.0	0.0	0.405	212.137	253585	ELECTRONIC
rfDLkLFt8hEVdMKD	HIP HOP,ELECTRONIC,EXPERIMENTAL	EN	0.339	0.56	11.0	1.0	0.278	206.112	208659	ELECTRONIC
mxqH5fx9gmWel3gB	ELECTRONIC,DISCO,ELECTRONICA,ELECTRONIC,DISCO	EN	0.736	0.807	5.0	0.0	0.7490000000000001	109.989	240043	ELECTRONIC
oDzD9bURQbnZQp0m	NEW AGE,AMBIENT,ELECTRONICA	EN	0.652	0.84	7.0	0.0	0.121	121.002	251426	ELECTRONIC
XOtPca0L9EQo5MAB	INDUSTRIAL,AMBIENT,ELECTRONIC,NOISE	EN	0.208	0.975	3.0	1.0	0.48	79.384	704147	ELECTRONIC
ZeUjdgJwgtdrMlXD	TRANCE,VOCAL TRANCE,ELECTRONIC,TRANCE,ELECTRONIC,VOCAL TRANCE	EN	0.655	0.737	5.0	0.0	0.171	133.043	248546	ELECTRONIC
OeySCk4wjCPpOLjJ	ELECTRONIC,ELECTRO	EN	0.909	0.593	8.0	1.0	0.7140000000000001	123.882	232387	ELECTRONIC
NG6kvyf2TSOmLL4a	ELECTRONIC,MINIMAL	EN	0.802	0.745	7.0	1.0	0.0609	127.011	461166	ELECTRONIC
IaSrnZCDaH45L8wB	HOUSE,ELECTRONIC,HOUSE,ELECTRONIC	EN	0.879	0.58	1.0	1.0	0.348	104.981	194286	ELECTRONIC
tUgOCjZZD3d8FeyA	ELECTRONIC,SOUL,UK GARAGE,SINGER-SONGWRITER,HOUSE	EN	0.415	0.4270000000000001	6.0	1.0	0.317	150.47299999999996	279643	ELECTRONIC
3B3SEhpSUI5wSPUL	FOLK	EN	0.265	0.331	11.0	1.0	0.188	132.162	265293	FOLK
cmJFsFqZB7lM44ep	FOLK METAL,VIKING METAL	EN	0.404	0.929	7.0	0.0	0.3720000000000001	127.9	363773	FOLK
vbK10lFkBcc07d8K	COUNTRY,FOLK	EN	0.401	0.278	9.0	0.0	0.376	118.75	199960	FOLK
3GfWKyIRbkUbxnrU	FOLK METAL,VIKING METAL,METAL,VIKING METAL,FOLK METAL	EN	0.488	0.84	4.0	0.0	0.101	120.043	565347	FOLK
JQUp2yaVl7CKYIND	FOLK,SINGER-SONGWRITER	EN	0.509	0.508	9.0	0.0	0.366	79.923	299671	FOLK
1V431yH7cge7k1cL	FOLK	EN	0.322	0.227	6.0	1.0	0.218	182.843	278533	FOLK
jfulRYzxOF5W517w	FOLK	EN	0.654	0.148	6.0	1.0	0.287	130.738	208973	FOLK
EipOFmJxrPhfeDdp	COUNTRY,FOLK,SINGER-SONGWRITER	EN	0.5820000000000001	0.211	11.0	1.0	0.316	80.601	206307	FOLK
ztaz9kqb44s2WVLS	FOLK,SINGER-SONGWRITER	EN	0.351	0.579	9.0	1.0	0.438	95.04	291867	FOLK
V5cDNRj1C5k7sgCB	FOLK	EN	0.579	0.221	0.0	1.0	0.221	118.871	101148	FOLK
i80C5KqohS6d6oj8	PSYCHEDELIC FOLK,FOLK,FOLK,PSYCHEDELIC FOLK	EN	0.283	0.313	10.0	1.0	0.0744	133.211	277267	FOLK
Se5kfHlNvAygLjYA	FOLK,SINGER-SONGWRITER	EN	0.422	0.21	7.0	0.0	0.343	86.87200000000001	205853	FOLK
AVWEjnOD1GOB6cke	SINGER-SONGWRITER,INDIE FOLK	EN	0.574	0.279	6.0	1.0	0.264	61.127	270547	FOLK
oH7NBzYVpBV6b8tq	FOLK METAL,DEATH METAL	EN	0.539	0.923	4.0	0.0	0.128	110.037	238000	FOLK
Fy5gtALBciQO5osK	VIKING METAL,FOLK METAL	EN	0.292	0.992	11.0	0.0	0.118	108.27	320427	FOLK
3StgFQWxjoWYIcUh	FOLK,INDIE FOLK	EN	0.6709999999999999	0.172	4.0	1.0	0.272	82.97200000000002	258127	FOLK
DBE8xBHci8nlKw8Q	FOLK	EN	0.635	0.452	6.0	0.0	0.885	146.945	189333	FOLK
rZDNyJo1DcukmgO7	FOLK,SINGER-SONGWRITER	EN	0.41	0.348	4.0	1.0	0.248	101.656	360840	FOLK
IER1W5F6rXV0wU55	FOLK,SINGER-SONGWRITER	EN	0.728	0.481	0.0	1.0	0.802	125.998	192640	FOLK
AlO6VC66rMrrOE1h	FOLK	EN	0.474	0.341	0.0	1.0	0.329	165.40599999999995	232693	FOLK
uNba6ZUhTee5uGRW	FOLK,SINGER-SONGWRITER	EN	0.331	0.28	3.0	0.0	0.0883	141.416	327907	FOLK
zhK1sE6vQMnIsEge	FOLK	EN	0.485	0.6990000000000001	3.0	1.0	0.568	97.582	189018	FOLK
ESnfcK91JipoO4vM	SINGER-SONGWRITER,FOLK	EN	0.588	0.38	7.0	0.0	0.502	132.885	280627	FOLK
TxGTzoFuVO8T1tJu	FOLK,SINGER-SONGWRITER	EN	0.605	0.617	5.0	0.0	0.516	110.573	182893	FOLK
oue4oLnMZitva79D	FOLK	EN	0.5720000000000001	0.409	3.0	1.0	0.351	129.983	247373	FOLK
Ee1wyXIxgtfgQzxn	FOLK,SINGER-SONGWRITER	EN	0.318	0.0632	7.0	1.0	0.0711	77.138	472613	FOLK
bXf7PPQO7y6gtvmb	FOLK	EN	0.374	0.25	11.0	1.0	0.425	162.946	169133	FOLK
JCdJyuFF9NZlPZTV	FOLK,SINGER-SONGWRITER	EN	0.614	0.271	1.0	0.0	0.207	93.029	132544	FOLK
KawDRVir30dyZMOQ	POWER METAL,FOLK METAL,POWER METAL,FOLK METAL	EN	0.215	0.946	0.0	1.0	0.443	187.748	345573	FOLK
jNMoM6EUyoY1fz8x	FOLK	EN	0.513	0.21	5.0	1.0	0.147	149.997	250479	FOLK
3OWPc4okLT83N1tr	COUNTRY,FOLK	EN	0.522	0.12	2.0	1.0	0.237	154.357	293693	FOLK
sjDneX2SYlb5RvvW	FOLK,SINGER-SONGWRITER,FOLK,SINGER-SONGWRITER	EN	0.408	0.439	7.0	1.0	0.258	97.036	368420	FOLK
FMcYThwLmZiMe9Dm	NEOFOLK	EN	0.221	0.399	6.0	1.0	0.273	131.53799999999998	137067	FOLK
1B8kdPrwIsdpE6e3	FOLK,SINGER-SONGWRITER	EN	0.469	0.148	2.0	0.0	0.291	89.588	220760	FOLK
B6LZTtlFAB0759c6	FOLK,SINGER-SONGWRITER,INDIE FOLK,FOLK,SINGER-SONGWRITER	EN	0.638	0.1639999999999999	0.0	1.0	0.363	100.218	141960	FOLK
0hcO6fu02UtR1iSd	MELODIC DEATH METAL,FOLK METAL,METAL	EN	0.257	0.92	7.0	1.0	0.15	139.996	738000	FOLK
INBA0rMrXfo2Xc9N	EXPERIMENTAL,FREE FOLK	EN	0.215	0.328	3.0	1.0	0.101	100.365	367734	FOLK
3MoylmLFrWkr2Rch	SINGER-SONGWRITER,FOLK	EN	0.223	0.0011	7.0	0.0	0.0222	135.295	1314493	FOLK
nLocVjfUEHFuIzwL	FOLKTRONICA	EN	0.672	0.742	0.0	1.0	0.804	135.064	227019	FOLK
0qgdmHEKVUOkICJq	NEOFOLK,MARTIAL INDUSTRIAL	EN	0.584	0.366	11.0	0.0	0.189	100.056	249067	FOLK
KnhtyVG9483BPuGj	INDIE FOLK,FOLK,SINGER-SONGWRITER	EN	0.401	0.328	7.0	1.0	0.315	137.721	271126	FOLK
hBjJUhEbuWOJA1IE	FOLKTRONICA	EN	0.602	0.552	11.0	1.0	0.36	92.933	349200	FOLK
L5ouKjBmJbqJEmQZ	FOLK,SINGER-SONGWRITER,FREAK FOLK	EN	0.373	0.478	6.0	0.0	0.254	93.849	206570	FOLK
7kGopsVyrPw3BBAB	INDIE FOLK,FOLK,AMBIENT	EN	0.463	0.123	7.0	0.0	0.259	136.619	271560	FOLK
tj3pM1vIwMMuMaCw	SINGER-SONGWRITER,INDIE FOLK,FOLK	EN	0.595	0.416	2.0	1.0	0.0393	91.885	283613	FOLK
2TAZAsRTomiImG8w	BLACK METAL,ATMOSPHERIC BLACK METAL,DOOM METAL,FOLK METAL	EN	0.3	0.7909999999999999	2.0	0.0	0.263	126.017	579760	FOLK
7EeHgP3CRIaZ0ba8	FOLK,INDIE FOLK	EN	0.517	0.481	5.0	1.0	0.461	138.51	246973	FOLK
igiDyIWxWz7hLirf	FOLK	EN	0.513	0.407	4.0	0.0	0.397	126.637	232680	FOLK
koablaVTpuEQEr8I	FOLK	EN	0.556	0.542	6.0	1.0	0.424	119.222	206680	FOLK
dQCRV6wdp2quPbGi	FOLK	EN	0.347	0.181	5.0	1.0	0.127	79.328	227800	FOLK
5UiImpjdkTisqyAN	FOLK,SINGER-SONGWRITER	EN	0.5529999999999999	0.378	7.0	1.0	0.586	78.009	244800	FOLK
s8Dt7dF3hSpT0FY2	AMBIENT,FOLK	EN	0.508	0.652	11.0	1.0	0.746	101.313	230518	FOLK
Kq0r1ChHdiI5kh8F	FOLK,SOUNDTRACK,INDIE FOLK	EN	0.603	0.861	1.0	1.0	0.77	138.49	168213	FOLK
H7izsJwo50c0TLba	NEOFOLK,NEOFOLK	EN	0.449	0.481	5.0	1.0	0.507	135.278	205853	FOLK
zwORQdnLgSfzyd7J	FOLK	EN	0.382	0.306	0.0	0.0	0.253	150.94799999999995	219893	FOLK
50LPWpHfI5Gamfw5	FOLK,LO-FI	EN	0.491	0.419	0.0	1.0	0.343	75.5	192081	FOLK
g3IWRs8B76hME4fm	SINGER-SONGWRITER,FOLK	EN	0.685	0.15	2.0	1.0	0.125	124.956	379520	FOLK
3yTzhBbInNjmKZ9t	FOLK,COUNTRY,SINGER-SONGWRITER	EN	0.588	0.0191	3.0	1.0	0.107	73.874	194467	FOLK
VOuJM02R2eDj8EPr	FOLK,SINGER-SONGWRITER	EN	0.624	0.252	2.0	1.0	0.3670000000000001	107.0	255853	FOLK
VIknslOJ85ylmtbI	SINGER-SONGWRITER,FOLK,FOLK,SINGER-SONGWRITER	EN	0.627	0.564	7.0	1.0	0.464	89.573	215773	FOLK
eMcN861ZoF3kH3jl	FOLK,SINGER-SONGWRITER	EN	0.588	0.35	0.0	0.0	0.0357	58.953	524005	FOLK
I0Y9UkEo4rfEFd6Z	BLUEGRASS,FOLK	EN	0.515	0.286	5.0	1.0	0.284	115.076	216173	FOLK
CQALpxaRahSLQYrm	SOUNDTRACK,FOLK,SINGER-SONGWRITER	EN	0.34	0.209	0.0	1.0	0.151	137.042	244133	FOLK
wGNlMXJ3GOYrE1TR	FOLK	EN	0.5870000000000001	0.343	4.0	1.0	0.468	91.973	226122	FOLK
rlYEWOpYxNrY5rHO	FOLK	EN	0.693	0.468	0.0	1.0	0.386	113.987	182893	FOLK
v5ZicpwHTCBpZHC6	FOLK METAL,DOOM METAL	EN	0.274	0.584	2.0	0.0	0.316	118.3	527853	FOLK
EXBcx2Sgmf2XxJyk	NEOFOLK	EN	0.436	0.7340000000000001	7.0	1.0	0.591	91.098	143000	FOLK
uSPCHtFMpkIN23X0	FOLK,INDIE FOLK,FOLK,INDIE FOLK	EN	0.5429999999999999	0.659	2.0	1.0	0.94	157.885	123173	FOLK
hhmqwP9RtJpyEYRb	FOLK,INDIE FOLK	EN	0.7829999999999999	0.5760000000000001	9.0	1.0	0.647	130.034	234694	FOLK
n5WbkuoWqiK8m9BK	FOLK	EN	0.36	0.348	0.0	1.0	0.307	180.053	185274	FOLK
32g6BRGFNVK2Mg7M	FOLK	EN	0.654	0.586	9.0	1.0	0.6729999999999999	140.046	205000	FOLK
3F9Ggwm0psVj2Mcq	FOLK	EN	0.343	0.0977	2.0	1.0	0.626	83.773	202747	FOLK
bg1NLY9b6V2YuAXT	VIKING METAL,METAL,FOLK METAL,MELODIC DEATH METAL	EN	0.251	0.985	2.0	1.0	0.222	132.641	237227	FOLK
esWFGIBGPDanm1KS	AMBIENT,FOLK	EN	0.557	0.5660000000000001	9.0	0.0	0.117	129.987	373318	FOLK
rYB2Cfj1xcLmcb6Y	FOLK	EN	0.606	0.326	7.0	1.0	0.489	78.906	227500	FOLK
aE1qMhXue1bDAAQk	EXPERIMENTAL,FREAK FOLK,EXPERIMENTAL,FREAK FOLK	EN	0.4370000000000001	0.525	8.0	0.0	0.405	147.335	303520	FOLK
Wpm1j7ia9Tnt0qNI	VIKING METAL,FOLK METAL,BLACK METAL	EN	0.121	0.893	7.0	1.0	0.136	95.541	312987	FOLK
58lQulrCrslsJKyw	FOLK,EXPERIMENTAL	EN	0.468	0.439	6.0	1.0	0.17	126.079	279400	FOLK
HIV8i4kOcHc5dtIB	FOLK METAL,MELODIC DEATH METAL,CELTIC METAL	EN	0.433	0.91	6.0	1.0	0.471	126.321	173213	FOLK
zEDejcmPBzYpG4t6	COUNTRY,FOLK	EN	0.506	0.226	7.0	1.0	0.475	143.895	173867	FOLK
HNU7899zG5nzMtpn	CELTIC,FOLK	EN	0.213	0.255	0.0	1.0	0.127	85.04700000000003	294440	FOLK
6s0ycXKh6Ilc7AGO	SINGER-SONGWRITER,FOLK	EN	0.475	0.525	2.0	1.0	0.469	171.982	271907	FOLK
RAp6vEnREc66lXxU	FOLK	EN	0.647	0.246	5.0	1.0	0.369	112.633	176760	FOLK
VMwKCJd8bTjCgTQL	COUNTRY,FOLK	EN	0.526	0.499	0.0	1.0	0.7859999999999999	155.775	152680	FOLK
i1l1PtPlMdfIivm2	FOLK,SINGER-SONGWRITER	EN	0.354	0.28	9.0	1.0	0.215	125.605	285893	FOLK
GuUaZTQuJtaRj8e0	FOLK,SINGER-SONGWRITER	EN	0.483	0.256	8.0	1.0	0.5820000000000001	139.904	278693	FOLK
Lxlx8ZcGEUZh23V3	NEOFOLK,MARTIAL INDUSTRIAL	EN	0.433	0.787	6.0	0.0	0.625	175.247	249280	FOLK
5FcK4c2vXlzQQhp1	FOLK,SINGER-SONGWRITER	EN	0.375	0.219	1.0	1.0	0.197	143.447	211000	FOLK
VDEMZWzLAuYbtuox	FOLK,SINGER-SONGWRITER	EN	0.636	0.121	11.0	1.0	0.304	111.469	207507	FOLK
B4dtWZ0ToffEjKvs	FOLK,SINGER-SONGWRITER	EN	0.551	0.8390000000000001	9.0	1.0	0.6809999999999999	116.051	144013	FOLK
S0FNRXsW6iY9rxR9	FOLK,INDIE FOLK	EN	0.269	0.314	4.0	0.0	0.183	84.72	384680	FOLK
qXl1TdYggbvNI0aE	SINGER-SONGWRITER,INDIE FOLK	EN	0.562	0.25	5.0	1.0	0.595	100.804	236854	FOLK
PHJ1pVKWYhrI98lG	SINGER-SONGWRITER,FOLK	EN	0.385	0.365	11.0	0.0	0.0635	119.091	242960	FOLK
JeKLaUeyy1vsasls	FOLK,SINGER-SONGWRITER	EN	0.601	0.385	3.0	1.0	0.426	140.655	161400	FOLK
dXYlOgT9Cc1Fo2VD	SOUNDTRACK,FOLK,SINGER-SONGWRITER	EN	0.8440000000000001	0.4370000000000001	5.0	1.0	0.877	110.973	193960	FOLK
qqmyf5mmWHFHue25	FOLK,SINGER-SONGWRITER	EN	0.463	0.769	1.0	0.0	0.31	101.128	275729	FOLK
Y2uEDvnk7vFaHrhy	COUNTRY,FOLK,SINGER-SONGWRITER	EN	0.713	0.258	9.0	1.0	0.56	98.805	176533	FOLK
2PhyQzrb1X8Os6KR	SINGER-SONGWRITER,FOLK,FOLK,SINGER-SONGWRITER	EN	0.527	0.0624	9.0	1.0	0.132	80.65899999999998	230280	FOLK
TAttNMXzMbGCYjIE	FOLK,PSYCHEDELIC FOLK	EN	0.229	0.454	1.0	1.0	0.11	72.137	327520	FOLK
1Co1hCIYfkilP33C	FOLK	EN	0.67	0.609	7.0	1.0	0.573	127.463	109736	FOLK
mG9Zd0uNZgpBI8aK	SINGER-SONGWRITER,FOLK	EN	0.578	0.324	2.0	1.0	0.331	108.52	204573	FOLK
5TuLosYYKdCuEgkX	FOLK	EN	0.399	0.118	9.0	0.0	0.0813	141.076	235960	FOLK
FYHEnfwpmJWwZ4w8	FOLK,INDIE FOLK	EN	0.544	0.193	7.0	1.0	0.0394	110.789	169627	FOLK
x4LZbQSsp0ogIVAg	FOLK,COUNTRY,SINGER-SONGWRITER	EN	0.544	0.34	2.0	1.0	0.556	97.005	154187	FOLK
ZIVWGDYAZZ4KUWUB	SINGER-SONGWRITER,FOLK,SINGER-SONGWRITER	EN	0.644	0.8190000000000001	7.0	1.0	0.275	105.036	195414	FOLK
Refx4aFqRhsFm5JH	EXPERIMENTAL,FREAK FOLK	EN	0.479	0.8240000000000001	3.0	0.0	0.517	199.931	291436	FOLK
L4wBXpyCtLNb0Yuf	FOLK	EN	0.522	0.746	8.0	1.0	0.404	102.093	220333	FOLK
AIQDR9MNib3nn5j4	FOLK,SINGER-SONGWRITER	EN	0.5760000000000001	0.0941	5.0	0.0	0.151	120.017	146627	FOLK
niBJj7rRsNMzthTC	FOLK,SINGER-SONGWRITER,INDIE FOLK	EN	0.746	0.3229999999999999	7.0	1.0	0.362	95.608	167840	FOLK
wzDtKIqttUpPvlJY	FOLK	EN	0.422	0.303	5.0	1.0	0.069	132.03799999999998	228600	FOLK
cL9vfQGzx0gFmKkq	FOLK,INDIE FOLK	EN	0.366	0.441	2.0	1.0	0.312	116.55	215812	FOLK
sBVVkvERzLFyenIJ	COUNTRY,FOLK	EN	0.727	0.542	8.0	1.0	0.971	103.613	123573	FOLK
T6znL5UMMraDwWR5	FOLK METAL,CELTIC METAL	EN	0.48	0.969	11.0	0.0	0.157	100.057	266267	FOLK
qa27IJGLVySu37nb	SINGER-SONGWRITER,SINGER-SONGWRITER,INDIE FOLK	EN	0.53	0.481	8.0	1.0	0.34	96.537	231933	FOLK
1dpuzGcY4VlTMXF3	SINGER-SONGWRITER,FOLK,SINGER-SONGWRITER	EN	0.62	0.26	2.0	0.0	0.301	73.003	249230	FOLK
nspkFqQhYBQRpDhC	FOLK,INDIE FOLK	EN	0.5710000000000001	0.312	1.0	0.0	0.232	137.529	191413	FOLK
2ZQC6QPTMkGRAcP1	FOLK,COUNTRY,SINGER-SONGWRITER,FOLK,COUNTRY,SINGER-SONGWRITER	EN	0.642	0.44	11.0	1.0	0.716	115.581	178373	FOLK
fXCl82qvJDOOwv9g	BLACK METAL,FOLK METAL	EN	0.313	0.979	11.0	1.0	0.425	160.013	265000	FOLK
0PbBzlx3pFAvg3A3	SINGER-SONGWRITER,FOLK	EN	0.451	0.133	0.0	0.0	0.298	78.084	238067	FOLK
k6qFGgpEV85Pp9Nf	CELTIC,NEW AGE,FOLK	EN	0.333	0.128	9.0	1.0	0.0724	114.44	297253	FOLK
vuA6UkGxjb9sLgDI	FOLK,FOLK	EN	0.529	0.374	4.0	1.0	0.43	139.829	158067	FOLK
ctsYFHsP6LlOZkSq	FOLK,EASY LISTENING	EN	0.505	0.0246	7.0	1.0	0.809	102.626	266653	FOLK
zy12fTWPHtT4ecRt	FOLK,SINGER-SONGWRITER	EN	0.693	0.337	9.0	1.0	0.215	115.073	230093	FOLK
ABMwTblsiVn82AzC	FOLK,SINGER-SONGWRITER	EN	0.192	0.263	3.0	1.0	0.196	87.74700000000001	248693	FOLK
xkQHIa7i5Eq3IlAw	FOLK,INDIE FOLK	EN	0.351	0.465	2.0	1.0	0.224	123.75	255827	FOLK
ViqxCOxEuHis3N97	FOLK,FOLK,HARDCORE	EN	0.338	0.204	4.0	0.0	0.304	131.31	130200	FOLK
tCRG5a3BDJPpCyLV	FOLK,INDIE FOLK	EN	0.529	0.243	2.0	1.0	0.332	147.812	229973	FOLK
PlkFmS6DWTLWzik7	FOLK	EN	0.54	0.535	7.0	0.0	0.471	150.84	208053	FOLK
9JBMeHJ1GygsVbFW	FOLK,DRONE,AMBIENT	EN	0.488	0.425	7.0	0.0	0.192	65.097	334491	FOLK
lFhcOoQP8Iu4uCe9	FOLK	EN	0.464	0.282	1.0	0.0	0.285	136.172	143040	FOLK
7oGhTwVS3eIofzuc	FOLK,SINGER-SONGWRITER	EN	0.369	0.794	4.0	1.0	0.395	129.332	254383	FOLK
yL3UJz4IgOVhcts2	FOLK	EN	0.5539999999999999	0.451	10.0	1.0	0.333	73.946	290743	FOLK
ivcgXbt9M6CJl9sq	FOLK	EN	0.345	0.189	1.0	0.0	0.483	167.703	195186	FOLK
ft55w2zxXF1mDBx4	FOLK	EN	0.534	0.0421	0.0	1.0	0.324	99.743	153293	FOLK
uK7Meu4sDiK7MrhT	FOLKTRONICA	EN	0.534	0.494	7.0	0.0	0.509	154.048	253378	FOLK
x8SQwHJRMHWWbI5O	SINGER-SONGWRITER,FOLK	EN	0.326	0.224	0.0	1.0	0.183	78.306	343573	FOLK
8rrvKJCMgiUzfS7N	FOLK	EN	0.29	0.25	5.0	1.0	0.0652	100.9	269479	FOLK
B7b1cHfYQrD8Y1Zk	FOLK	EN	0.366	0.35	3.0	1.0	0.0687	84.569	214980	FOLK
Lbd1ulJvOl6l7xOQ	FOLK,INDIE FOLK	EN	0.378	0.298	2.0	0.0	0.0389	114.926	260027	FOLK
T17SSDEyw5tEYOTx	INDIE FOLK,FOLK	EN	0.8640000000000001	0.397	11.0	0.0	0.4320000000000001	95.019	155067	FOLK
b3JpMnMQlC2JEAa9	NEOFOLK	EN	0.502	0.6629999999999999	5.0	1.0	0.118	126.988	272933	FOLK
9VQ9GGVuYePVTUdY	FOLK METAL,DOOM METAL,SYMPHONIC METAL	EN	0.25	0.371	2.0	0.0	0.0794	136.29	595000	FOLK
xIyyI927YGMt3598	INDIE FOLK	EN	0.292	0.293	0.0	1.0	0.244	151.47799999999995	209387	FOLK
GOImQoKxCQay01Zn	FOLK,SINGER-SONGWRITER	EN	0.634	0.254	3.0	1.0	0.147	114.996	240160	FOLK
atEdinFXMehLIS59	FOLK,SINGER-SONGWRITER	EN	0.539	0.601	7.0	1.0	0.405	93.541	204307	FOLK
bbmGvAzgMHXq9NTW	FOLK,INDIE FOLK	EN	0.525	0.494	6.0	0.0	0.31	130.582	241333	FOLK
0myBWSK9YBY5kzzR	FOLK,SINGER-SONGWRITER	EN	0.557	0.185	8.0	1.0	0.418	145.77200000000005	182187	FOLK
6hMlvN6LOg12kRap	SINGER-SONGWRITER,FOLK	EN	0.459	0.0698	6.0	1.0	0.232	105.202	187373	FOLK
MGfj7BWAkHneAvqC	SINGER-SONGWRITER,FOLK	EN	0.415	0.121	4.0	1.0	0.371	156.965	190427	FOLK
XcNBuY1EJVMZeAJ1	FOLK	EN	0.539	0.451	0.0	1.0	0.4320000000000001	87.553	227760	FOLK
l4WEH4ESzuU8ULHK	FOLK	EN	0.6559999999999999	0.8	11.0	1.0	0.515	119.966	206467	FOLK
ONIm2kW0ntd77Zgo	FOLK,INDIE FOLK	EN	0.356	0.325	2.0	0.0	0.0536	114.985	289853	FOLK
3a22B9635mv3uun8	FOLK	EN	0.182	0.34	0.0	0.0	0.112	78.895	267747	FOLK
4RrgJ3HTdr18j9Dw	NEOFOLK,MARTIAL INDUSTRIAL	EN	0.442	0.462	6.0	0.0	0.309	62.944	235627	FOLK
fIKcXccroKFGjNC3	POWER METAL,FOLK METAL	EN	0.507	0.757	4.0	1.0	0.522	89.038	246320	FOLK
9P1f7xLRlXbr83M0	INDIE FOLK,FOLK	EN	0.527	0.303	3.0	0.0	0.151	86.54	228427	FOLK
R0j1eHChVxNogNYe	FOLK	EN	0.488	0.206	9.0	0.0	0.178	81.457	133072	FOLK
Qe3yBrsjy3Htk4e9	FOLK,SINGER-SONGWRITER	EN	0.5329999999999999	0.28	4.0	0.0	0.72	118.836	268360	FOLK
blJfTtBbirLvxzXx	FOLK	EN	0.5539999999999999	0.374	4.0	1.0	0.85	80.113	130000	FOLK
4qdVV29bV26RhEdD	FOLK,SINGER-SONGWRITER	EN	0.6409999999999999	0.294	0.0	1.0	0.89	132.709	166533	FOLK
ihzWTlG6HvCAoyQS	FOLK METAL,VIKING METAL,MELODIC DEATH METAL,METAL	EN	0.287	0.99	2.0	1.0	0.5329999999999999	142.833	194893	FOLK
NdPORJTvmWsxJtKF	FOLK	EN	0.63	0.342	7.0	1.0	0.552	77.515	209587	FOLK
gCcOY1algbwvzLCz	FOLK,FOLK	EN	0.711	0.402	10.0	0.0	0.226	109.943	223453	FOLK
k9Ht9RHlzTTYZ8RK	FOLK,SINGER-SONGWRITER	EN	0.523	0.269	4.0	1.0	0.374	118.917	277773	FOLK
a4zbAPFRj47EraSz	EXPERIMENTAL,FOLKTRONICA,FREAK FOLK	EN	0.741	0.471	4.0	0.0	0.319	90.01299999999998	323615	FOLK
vCTMMRetpbytAwD7	FOLK	EN	0.57	0.256	4.0	1.0	0.0829	131.17	291761	FOLK
O3DjEyWN3WoF35CR	FOLK,SINGER-SONGWRITER,LO-FI	EN	0.441	0.33	2.0	1.0	0.447	170.169	123838	FOLK
Ku5evD0cUG34eMI5	FOLK	EN	0.626	0.412	9.0	0.0	0.795	93.627	171333	FOLK
0r4GXVQMxdHlqWVw	NEOFOLK	EN	0.374	0.456	2.0	1.0	0.315	97.634	192333	FOLK
7MeKvGhRrGaSvDYq	FOLK	EN	0.458	0.0987	9.0	0.0	0.349	139.987	247123	FOLK
hNEndhPj7p8Hc1u0	CONTEMPORARY FOLK,LO-FI	EN	0.642	0.17	1.0	1.0	0.18	83.28200000000002	196000	FOLK
toE7Oay9OHAk5oIo	FOLK	EN	0.545	0.33	5.0	1.0	0.489	137.408	233733	FOLK
IxRDUDRM2njVjtcj	FOLK	EN	0.42	0.395	0.0	1.0	0.345	87.361	203867	FOLK
Qrtc7ZUywmZuJBSM	FOLK,SINGER-SONGWRITER	EN	0.4320000000000001	0.185	0.0	1.0	0.0796	81.488	296507	FOLK
ZXSiFK26eje6mxM3	FOLK,SINGER-SONGWRITER	EN	0.579	0.536	9.0	0.0	0.67	81.868	204320	FOLK
TEiNg7OyxPEn4WGD	FOLK	EN	0.648	0.189	9.0	0.0	0.231	98.891	230547	FOLK
dCi7JraUuYddMJLl	FOLK,NEOFOLK	EN	0.273	0.159	8.0	0.0	0.0885	147.52	250360	FOLK
kNr006ThXxyMzlR3	LO-FI,AMBIENT,INDIE FOLK	EN	0.426	0.122	3.0	1.0	0.0452	130.064	222479	FOLK
xrcS3jSuL0PyFPrS	FOLK,EXPERIMENTAL,EXPERIMENTAL,FOLK	EN	0.211	0.274	7.0	0.0	0.173	82.81200000000003	240861	FOLK
AghPRnUuGTZFTkSr	FOLK,PSYCHEDELIC FOLK,SINGER-SONGWRITER	EN	0.38	0.4	4.0	0.0	0.184	128.74200000000002	197350	FOLK
aInYbUCujp0FxxjP	NEOFOLK,INDUSTRIAL,NEOFOLK	EN	0.225	0.552	9.0	0.0	0.317	84.676	303467	FOLK
qrJDRnMJOF8Bzj9a	SINGER-SONGWRITER,FOLK	EN	0.544	0.187	10.0	1.0	0.289	108.842	231560	FOLK
JR34ldMRod4KS4Jz	FOLK	EN	0.375	0.321	7.0	1.0	0.406	142.52200000000005	254200	FOLK
UNTroV9avbu4oJjy	FOLK,SINGER-SONGWRITER	EN	0.61	0.204	11.0	1.0	0.255	131.391	214240	FOLK
eiERsWw36v1F6d5t	FOLK,SINGER-SONGWRITER	EN	0.504	0.6829999999999999	5.0	1.0	0.138	72.998	188493	FOLK
qtmVgCEMawYrJadS	EXPERIMENTAL,FOLK,LO-FI,FREAK FOLK	EN	0.381	0.0955	9.0	0.0	0.256	113.92	140600	FOLK
VAYBg9O75SbG8P83	FOLK,PUNK,CELTIC,CELTIC PUNK	EN	0.4970000000000001	0.313	2.0	1.0	0.0947	122.631	199867	FOLK
PFleWhdvlutsFq4t	FOLK,SINGER-SONGWRITER,SINGER-SONGWRITER,FOLK	EN	0.415	0.336	4.0	1.0	0.114	92.047	349627	FOLK
qBu3fK5byDMoUKGd	FOLK,ALTERNATIVE METAL,MELODIC DEATH METAL,NU METAL,FOLK,ALTERNATIVE METAL,MELODIC DEATH METAL	EN	0.631	0.402	5.0	1.0	0.598	78.0	228480	FOLK
CvPcg8prloLUmP8s	CONTEMPORARY FOLK	EN	0.568	0.462	6.0	0.0	0.281	128.27200000000002	50040	FOLK
lmRmvQT184rWP1z9	FOLK,SINGER-SONGWRITER	EN	0.564	0.357	1.0	1.0	0.477	129.24200000000002	206067	FOLK
QDFrjvIDieEevvW5	FOLK,SINGER-SONGWRITER,INDIE FOLK	EN	0.235	0.162	8.0	1.0	0.0993	147.797	225733	FOLK
swU7nMw0spdQo8JY	FOLK	EN	0.619	0.928	7.0	0.0	0.813	120.003	198253	FOLK
7MuQwPyR0B12cdhH	NEOFOLK,MARTIAL INDUSTRIAL	EN	0.485	0.71	7.0	1.0	0.731	102.025	210373	FOLK
sTj6uLtZ4Pdgl3TB	FOLK,SINGER-SONGWRITER	EN	0.52	0.336	1.0	1.0	0.2	125.537	436240	FOLK
v0071BeA2U5qpMrU	FOLK,SOUNDTRACK	EN	0.365	0.273	4.0	0.0	0.238	132.285	248965	FOLK
u9vnyzObCKanl3wI	FOLK,SINGER-SONGWRITER,COUNTRY	EN	0.399	0.068	7.0	1.0	0.101	131.19899999999998	283696	FOLK
8HEGKcuRfwpjkCIb	COUNTRY,FOLK	EN	0.633	0.588	2.0	1.0	0.624	105.646	182960	FOLK
NysZZDyEbfFuCCPb	SINGER-SONGWRITER,FOLK	EN	0.782	0.421	8.0	1.0	0.291	115.944	257062	FOLK
wftCf4THJ7oPDXxc	FOLK	EN	0.448	0.365	8.0	1.0	0.134	91.19	313973	FOLK
h37IPYWqCvnh5sEu	FOLK	EN	0.393	0.466	0.0	1.0	0.174	136.939	213600	FOLK
yyqrw2cJzKj7qeok	FOLK,SINGER-SONGWRITER	EN	0.265	0.254	2.0	1.0	0.244	92.617	234307	FOLK
57hhYSWbdr5US8in	FOLK	EN	0.5870000000000001	0.58	6.0	1.0	0.193	131.953	224800	FOLK
dluFAaA17kMzXlJb	FOLK,INDIE FOLK	EN	0.601	0.59	4.0	0.0	0.353	119.841	276813	FOLK
hkxv9yyxd76CiZHg	FOLK	EN	0.281	0.1689999999999999	2.0	0.0	0.155	138.267	286053	FOLK
G9G2dyLRYpYJsUez	FOLK	EN	0.561	0.55	8.0	1.0	0.446	147.01	252080	FOLK
m5fxZ9tC6IIJrLY0	SINGER-SONGWRITER,COUNTRY,FOLK	EN	0.653	0.453	4.0	1.0	0.489	142.347	227840	FOLK
yRR8jQNkueUHpM4X	FOLK,PSYCHEDELIC FOLK	EN	0.29	0.115	7.0	1.0	0.039	126.646	259776	FOLK
HDQ7PBBsA22YiN5b	FOLK METAL,VIKING METAL,PROGRESSIVE METAL,POWER METAL	EN	0.514	0.997	7.0	1.0	0.102	116.946	339413	FOLK
zBJeXyvxi0lV8SQV	FOLK	EN	0.574	0.216	6.0	1.0	0.0813	113.616	190067	FOLK
FAO2nBI4I6x0rUGY	FOLK,ALTERNATIVE METAL,MELODIC DEATH METAL,NU METAL,METAL	EN	0.535	0.281	9.0	0.0	0.145	149.05200000000005	269016	FOLK
8U2EQxevDLkBQG6S	FOLK,FOLK	EN	0.626	0.616	6.0	1.0	0.324	126.999	258280	FOLK
GJXS6HbcFVEv3M2r	FOLK	EN	0.5870000000000001	0.316	5.0	1.0	0.483	142.44799999999995	234627	FOLK
EbP1i8YNflop8m8R	SINGER-SONGWRITER,FOLK,SINGER-SONGWRITER,FOLK	EN	0.353	0.141	4.0	1.0	0.194	74.297	356667	FOLK
Zr4glSlFzyj4yZoh	INDIE FOLK	EN	0.413	0.87	0.0	1.0	0.8	100.816	218133	FOLK
uL3sJ59oEEMZQ0uq	FOLK	EN	0.524	0.458	3.0	0.0	0.395	96.266	222130	FOLK
bKU8R1YmN96mDFKs	FOLK,NEOFOLK	EN	0.464	0.303	9.0	0.0	0.222	110.059	289040	FOLK
PxGnHPHCogGJRBWc	INDIE FOLK	EN	0.459	0.304	7.0	1.0	0.0772	124.162	172800	FOLK
1iYBMx5qrvxm8s9c	FOLK	EN	0.3229999999999999	0.5720000000000001	5.0	1.0	0.516	74.304	218053	FOLK
eSQhibCGhJY1B8g0	FOLK,SINGER-SONGWRITER	EN	0.528	0.72	2.0	0.0	0.362	87.031	194625	FOLK
wAJAYGkyYvPv3oN3	FOLK	EN	0.359	0.47	2.0	0.0	0.103	130.812	299382	FOLK
1p3mjapyTGpNckqf	FOLK,LO-FI	EN	0.435	0.161	0.0	1.0	0.5529999999999999	202.033	84472	FOLK
BRRos1nhd0d6OxdO	SYMPHONIC METAL,FOLK,METAL,CELTIC,SYMPHONIC METAL,POWER METAL,GOTHIC METAL	EN	0.5579999999999999	0.49	0.0	0.0	0.711	110.104	259120	FOLK
TqhxVtXEifWVRXWB	SINGER-SONGWRITER,FOLK	EN	0.472	0.0352	4.0	0.0	0.436	70.027	225893	FOLK
VHBRCaIgAQzQoOl9	FOLK	EN	0.319	0.6509999999999999	2.0	1.0	0.474	118.501	272200	FOLK
fpx2ZSTLumIXkuIA	COUNTRY,FOLK,SINGER-SONGWRITER	EN	0.322	0.168	10.0	1.0	0.259	146.68	311893	FOLK
haBK1S5bKGKQexvj	SINGER-SONGWRITER,FOLK	EN	0.446	0.186	3.0	1.0	0.355	134.766	176267	FOLK
oxuEprofEDdxCV9u	FOLK	EN	0.291	0.353	3.0	1.0	0.221	104.034	346600	FOLK
URF2bPNEdexrmIHn	FOLK,SINGER-SONGWRITER	EN	0.465	0.0906	2.0	1.0	0.679	96.028	107347	FOLK
Cby7rMD73wrxtnxs	COUNTRY,FOLK	EN	0.7340000000000001	0.79	4.0	0.0	0.713	108.728	144333	FOLK
L0btHnN1GHNRO8S5	FOLK,SINGER-SONGWRITER	EN	0.525	0.303	3.0	0.0	0.165	119.861	252154	FOLK
aak2rKL7OHgu7Uvw	FOLK,INDIE FOLK	EN	0.557	0.299	0.0	1.0	0.297	90.081	256007	FOLK
wIdToi9xPlt3exKq	FOLK,INDIE FOLK	EN	0.376	0.616	9.0	1.0	0.37	177.981	311267	FOLK
4zEzHYIwIbMZjo3T	FOLK,SINGER-SONGWRITER	EN	0.5529999999999999	0.119	0.0	1.0	0.243	106.883	184400	FOLK
7GIMuErkq7Y6D8e9	FOLK	EN	0.556	0.537	2.0	1.0	0.521	89.404	200253	FOLK
UXnqTEfxbfB8pPQu	FOLK,SINGER-SONGWRITER	EN	0.524	0.201	0.0	1.0	0.418	102.814	203987	FOLK
sRW63OPUUiSTyVNm	FOLK,SINGER-SONGWRITER	EN	0.557	0.847	10.0	1.0	0.67	128.04399999999998	216360	FOLK
y0WBziF9NKhk1vU1	FOLK,SINGER-SONGWRITER	EN	0.425	0.197	9.0	1.0	0.235	116.468	383107	FOLK
5VKUMhSY9idaAJFI	FOLK,BLUEGRASS,COUNTRY	EN	0.555	0.306	11.0	1.0	0.272	110.511	316440	FOLK
5PJlKixWHlXJ7Ymr	NEOFOLK,DARK AMBIENT	EN	0.5920000000000001	0.192	5.0	0.0	0.84	135.164	91507	FOLK
iiVaHGyteifRG0eq	FOLK	EN	0.416	0.0911	3.0	0.0	0.386	142.111	152067	FOLK
pxSEhg9EHpshgsLk	FOLK,COUNTRY	EN	0.435	0.168	5.0	1.0	0.158	76.256	176200	FOLK
xmq6v4jJHOCbOgsP	FOLK,INDIE FOLK	EN	0.48	0.6709999999999999	11.0	0.0	0.306	121.984	243107	FOLK
o9Ri93h9CgQdsYb6	BLACK METAL,PROGRESSIVE METAL,FOLK METAL,DOOM METAL,PROGRESSIVE BLACK METAL,DOOM METAL,FOLK METAL,BLACK METAL	EN	0.431	0.897	7.0	0.0	0.156	135.04399999999998	706347	FOLK
Rk6xhG1LZDIqFj2v	FOLK,SINGER-SONGWRITER	EN	0.608	0.725	5.0	1.0	0.662	99.843	225947	FOLK
ihJzcgC098p5jeUR	PSYCHEDELIC FOLK	EN	0.257	0.412	1.0	1.0	0.858	152.126	228133	FOLK
J9TEvXYMR9sN2pVB	FOLK,INDIE FOLK	EN	0.297	0.413	9.0	1.0	0.0393	129.455	239830	FOLK
rj5SVtcu3YCSnOSI	NEOFOLK	EN	0.453	0.375	9.0	0.0	0.424	100.809	204213	FOLK
Ff4d0TmBYJD9fRjT	FOLK,LO-FI	EN	0.439	0.242	0.0	1.0	0.378	137.606	199272	FOLK
bbJPapA1rJWCDApo	FOLK,SINGER-SONGWRITER	EN	0.444	0.103	7.0	1.0	0.235	105.463	304173	FOLK
304uJTJ5C67l51gV	FOLK	EN	0.508	0.451	4.0	0.0	0.586	80.835	213813	FOLK
5Ot4yapwTROC81lI	COUNTRY,FOLK	EN	0.44	0.631	9.0	1.0	0.295	191.538	255973	FOLK
XhxoPiIj1pOpn1do	COUNTRY,FOLK,COUNTRY,FOLK,SINGER-SONGWRITER	EN	0.604	0.346	0.0	1.0	0.409	94.067	201827	FOLK
MHErWvi0ugGrfaRo	FOLK,SINGER-SONGWRITER	EN	0.5920000000000001	0.851	7.0	1.0	0.792	81.032	218893	FOLK
mTgtbgo0UktD7DSa	FOLK,SINGER-SONGWRITER	EN	0.465	0.121	0.0	0.0	0.0906	115.418	258080	FOLK
kJwwXVW2nEftrhwB	COUNTRY,SINGER-SONGWRITER,FOLK	EN	0.476	0.399	9.0	1.0	0.292	76.762	292600	FOLK
wHQ2bdPUMrgGejZ7	FOLK,SINGER-SONGWRITER	EN	0.352	0.38	7.0	0.0	0.267	92.956	246987	FOLK
Dvl4lA2CRyhMsL1A	NEOFOLK,MARTIAL INDUSTRIAL,POST-PUNK	EN	0.342	0.47	1.0	1.0	0.178	144.279	246587	FOLK
ewsl6tqteOOzXo3q	FOLK,FOLK	EN	0.4970000000000001	0.15	5.0	1.0	0.119	76.919	281943	FOLK
48Hx3I3UTg6eA6pj	SINGER-SONGWRITER,FOLK	EN	0.386	0.0424	9.0	0.0	0.195	81.048	128587	FOLK
rfiH0eM6wRwRDY6z	FOLK,SINGER-SONGWRITER,FOLK,SINGER-SONGWRITER	EN	0.6579999999999999	0.72	7.0	1.0	0.82	145.014	196133	FOLK
dCFAxAyya7YkH68Q	FOLK	EN	0.466	0.0763	2.0	1.0	0.675	93.275	116907	FOLK
wog1gjRmttBHZtQ6	FOLK,SINGER-SONGWRITER	EN	0.604	0.687	8.0	1.0	0.5429999999999999	92.447	290040	FOLK
75lNOkbEY8kZglEG	FOLK	EN	0.7020000000000001	0.21	6.0	0.0	0.508	141.203	222520	FOLK
IuCJxClFvLXMAXpy	AMBIENT,FOLK	EN	0.126	0.1	7.0	1.0	0.0713	75.91199999999998	235047	FOLK
37i3p5UcvPOTb33j	FOLK,SINGER-SONGWRITER	EN	0.475	0.149	4.0	1.0	0.318	95.423	105500	FOLK
OX4Q60OHENvN1jzE	EXPERIMENTAL,FREAK FOLK	EN	0.32	0.512	11.0	1.0	0.133	125.339	472400	FOLK
mwyYwA7q5mXkXDYE	FOLK,SINGER-SONGWRITER	EN	0.7120000000000001	0.0954	7.0	1.0	0.393	140.42700000000002	229493	FOLK
KDVfORXfLDJbmErs	FOLK	EN	0.6779999999999999	0.354	7.0	1.0	0.384	116.894	256960	FOLK
iYC0qu52LorsQQNl	FOLK,SINGER-SONGWRITER	EN	0.627	0.374	7.0	1.0	0.399	106.018	306240	FOLK
zb4gbsrV76zBIeJq	FOLK,SINGER-SONGWRITER	EN	0.534	0.5329999999999999	7.0	0.0	0.522	145.531	229627	FOLK
654pm3bd6h7uX9Ak	FOLK,SINGER-SONGWRITER	EN	0.564	0.357	1.0	1.0	0.477	129.24200000000002	206067	FOLK
Pl8cMpfKf1zy4RQX	FOLK	EN	0.516	0.0193	2.0	1.0	0.165	91.879	187453	FOLK
1uVbbgcRTRkWoa7d	FOLK,SINGER-SONGWRITER	EN	0.5870000000000001	0.4970000000000001	6.0	1.0	0.401	144.972	287634	FOLK
TvQ8fb9347o0cvcT	FOLK,SINGER-SONGWRITER	EN	0.61	0.122	4.0	0.0	0.195	131.291	208680	FOLK
49VfI1kX4Kla3c0c	NEOFOLK,FOLK	EN	0.292	0.495	3.0	1.0	0.406	124.075	238547	FOLK
ko4ajpOHwFUIkgra	FOLK,LO-FI	EN	0.652	0.361	5.0	1.0	0.485	145.901	228803	FOLK
Z7DYqeVArjbFk8y3	SINGER-SONGWRITER,FOLK	EN	0.489	0.611	9.0	1.0	0.463	122.648	274620	FOLK
zsg4IClo3VQGKMbR	FOLK	EN	0.609	0.413	10.0	1.0	0.426	126.701	209947	FOLK
pIbfMW9hDlcVDRML	FOLK,SINGER-SONGWRITER	EN	0.645	0.438	7.0	1.0	0.903	128.088	191573	FOLK
Gk5LSgjKhSJFhfKs	DOOM METAL,BLACK METAL,FOLK METAL,DOOM METAL,FOLK METAL,BLACK METAL	EN	0.266	0.462	7.0	0.0	0.159	111.259	628027	FOLK
dqWMNk5vAll4cUjM	FOLK,SINGER-SONGWRITER	EN	0.493	0.807	5.0	1.0	0.408	100.246	234347	FOLK
eVxB87whPMfYnDMh	FOLK,INDIE FOLK	EN	0.418	0.207	7.0	1.0	0.218	124.122	340373	FOLK
12JddYJLbEIcwfUa	FOLK METAL,VIKING METAL,METAL	EN	0.435	0.939	11.0	0.0	0.706	197.87	289427	FOLK
e9GqvRIxhen4KAD9	FOLK	EN	0.44	0.192	1.0	0.0	0.146	117.592	295280	FOLK
mgU3vJsPytnho5dz	FOLK,ALTERNATIVE METAL,MELODIC DEATH METAL,NU METAL,METAL	EN	0.453	0.688	4.0	1.0	0.478	69.527	204253	FOLK
r9g1yXhXhdPfwdTN	FOLK	EN	0.376	0.418	7.0	1.0	0.337	151.29399999999995	267787	FOLK
VrGnOH13GZcXd9US	SINGER-SONGWRITER,FOLK	EN	0.5589999999999999	0.617	11.0	0.0	0.243	96.978	240760	FOLK
n6pcjaQ1GVNGprdl	FOLK,SINGER-SONGWRITER,FOLK	EN	0.43	0.177	6.0	0.0	0.265	97.705	213707	FOLK
S15CS9mDRKpfH1Mh	FOLK	EN	0.52	0.105	9.0	1.0	0.0577	132.403	272653	FOLK
54rANvlnRP5XDU3H	COUNTRY,SINGER-SONGWRITER,FOLK	EN	0.192	0.392	5.0	1.0	0.391	172.312	186200	FOLK
DSA7mv5klQmO3le4	FOLK,SINGER-SONGWRITER	EN	0.7829999999999999	0.579	5.0	0.0	0.37	155.79	192739	FOLK
1FTNGgQ5zGpdB1xf	FOLK	EN	0.31	0.23	4.0	1.0	0.0732	95.701	239840	FOLK
h8RCkWOfYJQNTHEt	FOLK,SINGER-SONGWRITER	EN	0.498	0.0662	5.0	1.0	0.17	146.972	246733	FOLK
yQvJeFs1ib00oKiq	FOLK,SINGER-SONGWRITER	EN	0.5429999999999999	0.158	5.0	1.0	0.293	150.375	159747	FOLK
8ZtcuYGKrqOrNwF3	FOLK,SINGER-SONGWRITER,POETRY	EN	0.31	0.351	5.0	0.0	0.385	171.674	335907	FOLK
sWFwbxUDMH8eGg4J	SINGER-SONGWRITER,FOLK,COUNTRY	EN	0.5579999999999999	0.539	9.0	0.0	0.7440000000000001	157.439	277000	FOLK
EvQgPoBez1u3OCa9	FOLK,COUNTRY	EN	0.4970000000000001	0.191	7.0	1.0	0.619	91.368	154707	FOLK
ixy2jodb1r3wsxqN	FOLK	EN	0.747	0.399	4.0	1.0	0.632	101.136	160200	FOLK
OBDC5WP9Fualaeaj	FOLK,INDIE FOLK,SINGER-SONGWRITER	EN	0.381	0.268	2.0	0.0	0.148	131.724	238280	FOLK
Yj6s7OvomrzQmK8D	SINGER-SONGWRITER,FOLK	EN	0.43	0.202	4.0	1.0	0.134	139.144	224067	FOLK
bp640JhsImm5qItO	FOLK,SINGER-SONGWRITER	EN	0.545	0.154	8.0	1.0	0.192	103.228	198147	FOLK
D2WHFtLqbsJF22hW	FOLK,SINGER-SONGWRITER	EN	0.407	0.0299	0.0	1.0	0.0391	84.485	233373	FOLK
O7pjTEtfY0momza8	FOLK	EN	0.508	0.957	5.0	0.0	0.419	134.004	213267	FOLK
HoHeB8G23iDWkYIb	FOLK,SINGER-SONGWRITER	EN	0.5660000000000001	0.127	7.0	1.0	0.189	123.211	330067	FOLK
THTYGiOPNePKyMJT	FOLK,SINGER-SONGWRITER	EN	0.45	0.38	1.0	1.0	0.202	97.93	301149	FOLK
CSHuu6gakhVreemd	COUNTRY,FOLK	EN	0.7340000000000001	0.746	8.0	1.0	0.92	110.584	118827	FOLK
IzqvwabydplHLApr	COUNTRY,FOLK	EN	0.514	0.316	0.0	1.0	0.382	84.367	194533	FOLK
DGkA8tCkgoiaiLTg	FOLK PUNK	EN	0.473	0.741	0.0	1.0	0.794	110.729	187667	FOLK
3LQx69BbYZRmHNqW	FOLK	EN	0.423	0.317	9.0	0.0	0.187	176.015	227640	FOLK
c8fy8YtKzknAMvZb	FOLK,SINGER-SONGWRITER,FOLK,SINGER-SONGWRITER	EN	0.584	0.361	2.0	1.0	0.325	172.66299999999995	415893	FOLK
rHDPdKtkGg1MiHDb	FOLK	EN	0.65	0.227	2.0	1.0	0.267	82.292	179333	FOLK
UBECHzHOJo1zySdy	FOLK,FOLK,SINGER-SONGWRITER	EN	0.622	0.369	0.0	1.0	0.353	114.857	210733	FOLK
QWpHjnqbbHv1Ecnm	FOLK,INDIE FOLK	EN	0.333	0.7559999999999999	11.0	1.0	0.628	138.834	217907	FOLK
OJHy8TzR6O8OmDEm	COUNTRY,FOLK	EN	0.5710000000000001	0.7020000000000001	2.0	1.0	0.875	80.058	241053	FOLK
Y8XwpDYUHZrrgSqZ	FOLK,SINGER-SONGWRITER	EN	0.55	0.565	4.0	1.0	0.312	84.176	207080	FOLK
4A2DbAi3rYz3rw1W	SINGER-SONGWRITER,SINGER-SONGWRITER,FOLK	EN	0.5489999999999999	0.473	5.0	0.0	0.195	124.036	244760	FOLK
jDku8zYXBqhQpV0U	FOLK,SINGER-SONGWRITER	EN	0.506	0.343	5.0	0.0	0.265	130.05200000000002	286107	FOLK
jsDcp5PBCCGk9gcU	NEOFOLK	EN	0.458	0.564	2.0	0.0	0.465	68.994	242880	FOLK
RuI0Ykij1FhGEnjM	FOLK,SINGER-SONGWRITER	EN	0.443	0.256	0.0	1.0	0.138	98.812	222591	FOLK
APrSiESdbMQxUuSD	FOLK	EN	0.531	0.879	9.0	1.0	0.863	92.537	210907	FOLK
HZdZgOJ0x7HHcDUL	LO-FI,FOLK,EXPERIMENTAL	EN	0.524	0.376	4.0	0.0	0.319	74.232	124247	FOLK
W2q9aR2DiNPClKZD	FOLKTRONICA	EN	0.555	0.198	6.0	0.0	0.597	76.127	107813	FOLK
Is0KaUAISxYrfL4Q	FOLK METAL,GOTHIC METAL,SYMPHONIC METAL	EN	0.24	0.8320000000000001	0.0	1.0	0.0941	160.39700000000005	301627	FOLK
kxGnCRHbhnffm5am	FOLK	EN	0.56	0.431	11.0	1.0	0.132	79.03	210627	FOLK
9lEGU6h80ka5JNvz	FOLK	EN	0.128	0.149	4.0	0.0	0.0701	81.095	376000	FOLK
2cpH8oaloPnnsStJ	FOLK,SINGER-SONGWRITER	EN	0.414	0.4	2.0	1.0	0.292	100.944	264160	FOLK
PUcZEHiD6V2p7NCp	FOLK	EN	0.452	0.51	0.0	0.0	0.112	118.331	290440	FOLK
WFvvbrfVAOowKJCE	NEOFOLK,FOLK,SINGER-SONGWRITER,NEOFOLK,EXPERIMENTAL	EN	0.4370000000000001	0.359	0.0	1.0	0.316	98.222	491240	FOLK
wS0tp2lO4eY7aoBn	FOLK,SINGER-SONGWRITER	EN	0.621	0.721	6.0	1.0	0.5429999999999999	77.446	172283	FOLK
OHED2FYeZEkjDJPr	AMBIENT,FOLK,AMBIENT,FOLK	EN	0.508	0.411	11.0	0.0	0.353	69.995	169806	FOLK
4P6XgBn13y64xV2p	SYMPHONIC METAL,FOLK METAL	EN	0.364	0.7979999999999999	4.0	0.0	0.233	122.108	244253	FOLK
yHIZnnY4IinBEM76	FOLK	EN	0.565	0.268	0.0	0.0	0.26	73.21600000000002	168387	FOLK
VwQiid6wUI4MntgJ	FOLK,FOLK	EN	0.309	0.383	0.0	1.0	0.0773	81.611	246080	FOLK
8so8bCen024S2gCt	FOLK,SINGER-SONGWRITER	EN	0.237	0.129	9.0	0.0	0.207	201.67	297693	FOLK
KFnWDhQZon9coqDZ	FOLK	EN	0.502	0.753	0.0	1.0	0.523	104.623	218840	FOLK
TiK9qgpp9rqw3q9l	FOLK,SINGER-SONGWRITER,FOLK,SINGER-SONGWRITER	EN	0.607	0.7140000000000001	0.0	1.0	0.526	107.981	285223	FOLK
tgthuoqmZZIxj2sb	FOLK	EN	0.731	0.547	8.0	1.0	0.662	112.462	237267	FOLK
clq1cOvb5KcSrBY8	FOLK,SINGER-SONGWRITER	EN	0.512	0.248	2.0	1.0	0.158	109.692	211240	FOLK
QJidJKvG8eJcobww	FOLK	EN	0.508	0.596	4.0	0.0	0.4	79.36	264547	FOLK
39R2yMM4QDk3uFzn	FOLK,SINGER-SONGWRITER	EN	0.338	0.075	9.0	1.0	0.139	99.069	174800	FOLK
WuBjy1BCuy6trDX0	AMBIENT,EXPERIMENTAL,NEOFOLK,NEOFOLK,EXPERIMENTAL	EN	0.19	0.0751	7.0	1.0	0.0515	75.69	352493	FOLK
POwwKudjmIjMRDwL	FOLK METAL	EN	0.294	0.594	2.0	0.0	0.0803	140.077	444569	FOLK
qNa2uFHqHw23bMY4	FOLK	EN	0.5479999999999999	0.233	0.0	1.0	0.201	141.921	286360	FOLK
mEOaOrUZ11Y2xjTy	FOLK,LO-FI,SINGER-SONGWRITER	EN	0.514	0.0596	0.0	1.0	0.162	139.674	145080	FOLK
CKAt671sayxbDEyi	WORLD,FOLK,HAWAIIAN	EN	0.6709999999999999	0.153	0.0	1.0	0.6579999999999999	85.6	211933	FOLK
Iargq2R7F4EGL4Ra	FOLK	EN	0.467	0.0663	0.0	1.0	0.493	126.911	195827	FOLK
aI1a20EKxUkhAX5O	FOLK,SINGER-SONGWRITER	EN	0.679	0.639	7.0	1.0	0.315	104.998	188133	FOLK
8bcDwelPI28LEYnc	FOLK	EN	0.568	0.6509999999999999	5.0	0.0	0.8809999999999999	89.98	203244	FOLK
pTGwOCXtAhZOXPfG	FOLK,SINGER-SONGWRITER	EN	0.388	0.732	4.0	1.0	0.7909999999999999	145.364	259272	FOLK
7ygxc1Da7UNYaGXs	FOLK,SINGER-SONGWRITER	EN	0.326	0.307	5.0	1.0	0.124	83.70700000000002	199998	FOLK
0M6hUCAfwiW9MAvh	FOLK,SINGER-SONGWRITER	EN	0.36	0.377	2.0	0.0	0.181	116.86	239453	FOLK
kjRgnrTy7iEPfneC	FOLK,FREAK FOLK,SINGER-SONGWRITER	EN	0.449	0.304	0.0	1.0	0.407	163.063	180120	FOLK
36OH00eUfFRi2kA5	FOLK,SINGER-SONGWRITER,FOLK,SINGER-SONGWRITER	EN	0.59	0.3	0.0	1.0	0.456	110.293	264133	FOLK
IPKgufI405VKSPqq	FOLK,SINGER-SONGWRITER	EN	0.5539999999999999	0.78	10.0	1.0	0.431	134.955	221601	FOLK
5aTYJxn1RE8Ezqli	FOLK	EN	0.6559999999999999	0.373	0.0	1.0	0.52	102.888	264467	FOLK
9G7OUCr7JUm1V7qx	FOLK	EN	0.414	0.1669999999999999	9.0	1.0	0.384	133.45	207240	FOLK
S1m4yBeBgLWdM9rz	INDIE FOLK	EN	0.695	0.254	8.0	1.0	0.218	120.027	223827	FOLK
FtgjBDSsgCAXXmjt	FOLK,SINGER-SONGWRITER,EXPERIMENTAL	EN	0.588	0.165	4.0	1.0	0.605	135.958	110840	FOLK
rGi8p4ZDWVmPOYHW	SOUNDTRACK,SINGER-SONGWRITER,FOLK	EN	0.733	0.737	0.0	1.0	0.7	106.547	207813	FOLK
ZCOKFQdbf4lSlgLV	FOLK	EN	0.6679999999999999	0.324	7.0	0.0	0.148	120.069	211507	FOLK
voJQtN0oUI1YmUJm	FOLK,SINGER-SONGWRITER	EN	0.352	0.19	2.0	1.0	0.331	157.10399999999996	144800	FOLK
QiAfI1Y5zJxCdxe5	FOLK,SINGER-SONGWRITER	EN	0.466	0.177	10.0	0.0	0.426	118.844	151400	FOLK
kVVgC47w454gIDyR	FOLK	EN	0.39	0.11	0.0	1.0	0.179	110.95	184907	FOLK
ifAqQQIto7p9U6NW	SINGER-SONGWRITER,FOLK	EN	0.56	0.501	1.0	1.0	0.383	131.884	223453	FOLK
qQUcmqbc69PTRbuS	FOLK	EN	0.589	0.667	9.0	0.0	0.404	101.28	259893	FOLK
R5KI7spsElv0O5uT	FOLK,DRONE,AMBIENT	EN	0.408	0.593	0.0	1.0	0.262	121.993	250380	FOLK
VJ0qQXP4axKGrb6E	FOLK,SINGER-SONGWRITER	EN	0.5670000000000001	0.318	7.0	1.0	0.435	132.005	231507	FOLK
oPigzupOOncRLEvu	FOLK,SINGER-SONGWRITER,FREAK FOLK	EN	0.28	0.142	0.0	1.0	0.0735	106.505	227547	FOLK
jJ3RkjQHgkn4ratL	FOLK,INDIE FOLK	EN	0.629	0.586	1.0	1.0	0.526	102.995	253848	FOLK
GfkRKY9KJQ9mP4Ef	COUNTRY,FOLK,SINGER-SONGWRITER	EN	0.6759999999999999	0.58	5.0	1.0	0.89	95.358	172987	FOLK
jx9wXkkgrYR3RkSe	PROGRESSIVE METAL,POWER METAL,FOLK METAL	EN	0.457	0.965	2.0	0.0	0.467	100.017	274500	FOLK
1LLN8bYGc3d8ZZ1H	FOLK,EXPERIMENTAL,SINGER-SONGWRITER	EN	0.599	0.111	6.0	0.0	0.34	132.317	194387	FOLK
4btGAxG5Jaupx0Z7	FOLK,SINGER-SONGWRITER	EN	0.833	0.325	1.0	0.0	0.8640000000000001	102.02	185787	FOLK
80k1f6lvmiuwEaoU	FOLK,SINGER-SONGWRITER	EN	0.327	0.434	9.0	1.0	0.343	178.53900000000004	245960	FOLK
g1pT5uF2EhzjGeAa	FOLK,COUNTRY	EN	0.774	0.243	0.0	1.0	0.672	100.098	211573	FOLK
2jvSAsrqAkvOxF2t	FOLK,SINGER-SONGWRITER	EN	0.189	0.34	10.0	0.0	0.143	172.78	272613	FOLK
O0JavR5i7TUr9Iip	FOLK,ALTERNATIVE METAL,MELODIC DEATH METAL,NU METAL,METAL	EN	0.624	0.61	6.0	1.0	0.65	75.265	284972	FOLK
dovvCu3hD3t1EXq8	FOLK,SINGER-SONGWRITER	EN	0.594	0.512	6.0	1.0	0.52	97.348	381040	FOLK
AFKXUkX4F96wKNLz	FREAK FOLK,EXPERIMENTAL,FOLK	EN	0.409	0.409	0.0	0.0	0.115	76.36399999999998	321680	FOLK
hOidRrQSNbGibj4m	SINGER-SONGWRITER,FOLK	EN	0.458	0.16	3.0	1.0	0.153	133.555	360413	FOLK
4MUgRXQGoZq7Nf3G	FOLK	EN	0.389	0.411	6.0	0.0	0.227	187.281	214000	FOLK
gVFyXk2DZflzddkm	FOLK	EN	0.33	0.207	4.0	1.0	0.173	117.966	271080	FOLK
sFjtquf2sdK7R1ee	FOLK,SINGER-SONGWRITER	EN	0.43	0.457	4.0	0.0	0.7090000000000001	109.875	405627	FOLK
jCsxrqOvtFel6Gy3	FOLK,SINGER-SONGWRITER	EN	0.138	0.189	7.0	1.0	0.0396	88.41799999999998	246573	FOLK
Xgc7bG5igBG9aav6	FOLK,FOLK,SINGER-SONGWRITER	EN	0.212	0.186	0.0	1.0	0.51	174.963	135453	FOLK
2D2Y65RCSF2HFMTa	EXPERIMENTAL,FREAK FOLK	EN	0.513	0.498	0.0	0.0	0.0787	67.469	290187	FOLK
Z0ZcsAh2kAjpnKf6	SINGER-SONGWRITER,FOLK	EN	0.655	0.445	6.0	1.0	0.5820000000000001	134.028	291933	FOLK
ui4bfNFpReoGeIQa	PROGRESSIVE METAL,DOOM METAL,FOLK METAL,PROGRESSIVE METAL,MELODIC DEATH METAL,DEATH METAL	EN	0.441	0.943	0.0	0.0	0.402	136.907	290078	FOLK
4Vcc5ehknSMBfmFA	FOLK,SINGER-SONGWRITER	EN	0.466	0.165	5.0	1.0	0.0969	116.738	322040	FOLK
B8ebGSiO67FOpyvC	FOLK	EN	0.309	0.159	7.0	1.0	0.139	87.493	211360	FOLK
Er8zB1Et7ZPSFuNU	EXPERIMENTAL,FREAK FOLK,FOLK	EN	0.682	0.6	9.0	0.0	0.297	121.999	218907	FOLK
LGPnswByWn3ESi3u	FOLK,SINGER-SONGWRITER	EN	0.51	0.435	9.0	1.0	0.6559999999999999	131.232	188307	FOLK
mexCloIjHrk7EMhd	FOLK,SINGER-SONGWRITER,INDIE FOLK	EN	0.591	0.7809999999999999	7.0	1.0	0.923	156.249	254360	FOLK
hRkhs7UKvVNsKSzB	FOLK,SINGER-SONGWRITER	EN	0.374	0.121	1.0	1.0	0.413	166.21200000000005	211987	FOLK
yWpasLZxMkCbp8b8	FOLK,IRISH FOLK,CELTIC	EN	0.551	0.8340000000000001	0.0	1.0	0.6609999999999999	108.145	178533	FOLK
pYhqZe1OTBODHiKz	FOLK	EN	0.474	0.472	4.0	1.0	0.514	134.106	468907	FOLK
Xc0roLkKU6YS6rzA	FOLK	EN	0.544	0.296	10.0	1.0	0.389	158.253	209899	FOLK
86TAo1wylsSZ9XgB	FOLK	EN	0.306	0.192	3.0	1.0	0.152	161.793	238840	FOLK
1mXusI3Qa7JsS9AV	PSYCHEDELIC FOLK,SITAR	EN	0.365	0.297	0.0	1.0	0.151	96.294	286320	FOLK
JM49YcUppNR4JPfD	FOLK,REGGAE	EN	0.672	0.526	1.0	0.0	0.483	95.605	171270	FOLK
yE4cLLHSlvmzmuwK	FOLK	EN	0.67	0.496	2.0	1.0	0.4270000000000001	100.168	233973	FOLK
keYX4zmgPoF9TRXd	BEATS,FOLK	EN	0.5670000000000001	0.659	4.0	1.0	0.733	179.861	180907	FOLK
IMlL0ZtUffkb1oVw	FOLK,FOLK PUNK,FOLK	EN	0.395	0.92	4.0	1.0	0.81	148.513	230051	FOLK
A1acpUUPeaeo176N	FOLK,SINGER-SONGWRITER	EN	0.696	0.269	5.0	0.0	0.7809999999999999	127.798	152480	FOLK
zddXIHhmYcWpzZvS	FOLK	EN	0.5760000000000001	0.253	9.0	1.0	0.334	107.684	163547	FOLK
xuTKnXlKCxtLo7bS	FOLK	EN	0.43	0.485	4.0	1.0	0.519	150.95600000000005	213173	FOLK
xj06nPLeBFenctWQ	NEOFOLK,DARK AMBIENT	EN	0.614	0.508	2.0	1.0	0.301	120.009	193760	FOLK
rDJRFaqE1TNcqqlb	FOLK,SINGER-SONGWRITER	EN	0.401	0.273	2.0	1.0	0.531	87.76700000000002	230040	FOLK
tqdESBeg9gq8Y8Gi	CELTIC,FOLK,NEW AGE	EN	0.195	0.454	4.0	0.0	0.21	75.517	343813	FOLK
o5RQZt7kXh20v0R5	FOLK,BLUEGRASS,COUNTRY	EN	0.7659999999999999	0.695	11.0	1.0	0.7659999999999999	90.805	212347	FOLK
2ABcXBBdm7nwYnOo	SINGER-SONGWRITER,CONTEMPORARY FOLK	EN	0.396	0.192	6.0	1.0	0.315	95.14	212053	FOLK
wKzXL8cNSWUCLCm5	SINGER-SONGWRITER,FOLK,FOLK,SINGER-SONGWRITER	EN	0.408	0.088	0.0	1.0	0.366	78.93	115960	FOLK
8z6NaPMBT60LbARD	FOLK,SINGER-SONGWRITER,INDIE FOLK	EN	0.568	0.3229999999999999	3.0	0.0	0.136	75.99	238006	FOLK
MFFOdbxytLhbmz8v	FOLK,SINGER-SONGWRITER	EN	0.472	0.456	5.0	1.0	0.12	127.851	230000	FOLK
yaPlo3XRb17GQjz1	SINGER-SONGWRITER,FOLK	EN	0.511	0.0394	4.0	0.0	0.121	74.846	159987	FOLK
fxcwsjmEJ87vXTzd	NEOFOLK	EN	0.342	0.434	4.0	0.0	0.0949	131.42	252173	FOLK
qdoERgLznf1cRL9f	FOLK	EN	0.6709999999999999	0.355	5.0	1.0	0.256	119.968	253500	FOLK
epgocn2twO0en0DL	COUNTRY,FOLK	EN	0.602	0.463	10.0	1.0	0.454	142.635	210133	FOLK
oHriKxjDXO5tBjVz	FOLK	EN	0.56	0.468	9.0	1.0	0.124	129.961	194920	FOLK
4vtpVm7ayJwW39Ac	FOLK,INDIE FOLK	EN	0.45	0.356	2.0	0.0	0.182	96.085	266867	FOLK
z3NLq51foF1Xk48Q	FOLK	EN	0.631	0.402	5.0	1.0	0.598	78.0	228480	FOLK
4jGih9FNGz1F310p	FOLK,FOLK,SINGER-SONGWRITER	EN	0.723	0.294	0.0	1.0	0.511	112.292	196493	FOLK
DKmhhGdF6BoVyq3D	EXPERIMENTAL,FOLK	EN	0.413	0.8440000000000001	0.0	0.0	0.127	78.98100000000002	200000	FOLK
1zvDQm3OpfkzIgMM	FOLK,CELTIC,NEW AGE	EN	0.254	0.175	2.0	1.0	0.257	86.154	361760	FOLK
KJDyqAuTCrzbKqB8	FOLK,SINGER-SONGWRITER,COUNTRY,FOLK,SINGER-SONGWRITER	EN	0.579	0.76	2.0	1.0	0.4970000000000001	93.992	158617	FOLK
t2EBSBmSfbFOqvvi	FOLK,SINGER-SONGWRITER,FOLK,SINGER-SONGWRITER	EN	0.556	0.377	11.0	1.0	0.189	80.003	233020	FOLK
3mvXw41aZTSr4QYJ	FOLK,SINGER-SONGWRITER	EN	0.66	0.5660000000000001	0.0	1.0	0.295	125.747	245466	FOLK
jyumtX80KkIBcxSA	FOLK	EN	0.304	0.159	1.0	0.0	0.134	91.639	292600	FOLK
T7zzFK2MuSGRTasF	FOLK,SINGER-SONGWRITER,POETRY	EN	0.527	0.0948	5.0	1.0	0.292	79.098	216067	FOLK
bu6AFjzgLc8dDUR9	FOLK,SINGER-SONGWRITER	EN	0.344	0.37	2.0	1.0	0.475	157.833	148493	FOLK
fnrbwuMuCDacpZZe	FOLK	EN	0.5670000000000001	0.267	2.0	1.0	0.484	95.715	201825	FOLK
QtypIv8SrwQuhtMJ	COUNTRY,SOUNDTRACK,FOLK,COUNTRY	EN	0.7070000000000001	0.556	9.0	0.0	0.746	120.028	166493	FOLK
T3XIFKM5eReqPd5x	FOLK	EN	0.77	0.3670000000000001	7.0	1.0	0.593	112.969	237853	FOLK
6M9T3KNQhf4gyBKt	COMEDY,FOLK	EN	0.8370000000000001	0.268	0.0	1.0	0.664	120.06	105787	FOLK
WZYgOhfQWg0faGWq	FOLK,EXPERIMENTAL,FOLK	EN	0.412	0.224	4.0	0.0	0.116	131.731	231829	FOLK
h0JXU5lFlLBUJDyP	FOLK,FOLK,SINGER-SONGWRITER	EN	0.417	0.48	1.0	0.0	0.588	136.322	234335	FOLK
G38EbmZnsdSwVtMR	FOLK,SINGER-SONGWRITER	EN	0.593	0.263	4.0	0.0	0.109	76.37899999999998	238520	FOLK
pDSRoCqXOieZWmH2	FOLK,INDIE FOLK,SINGER-SONGWRITER	EN	0.636	0.642	5.0	1.0	0.475	116.292	191000	FOLK
p0dRmp5s87KWmtkm	SINGER-SONGWRITER,FOLK,SINGER-SONGWRITER,FOLK	EN	0.466	0.423	9.0	1.0	0.297	112.299	237016	FOLK
NlTuU8lwMVNcsIY8	FOLK,SINGER-SONGWRITER	EN	0.626	0.314	4.0	0.0	0.326	141.954	163731	FOLK
PFtTpkXAAlb8amzO	FOLK,SINGER-SONGWRITER	EN	0.5660000000000001	0.65	8.0	1.0	0.851	121.407	166913	FOLK
SfFjcF4OwN8d1Tt3	FOLK,COUNTRY	EN	0.655	0.245	7.0	1.0	0.39	123.77	153933	FOLK
q7IoefaTcxxOytxM	SINGER-SONGWRITER,FOLK	EN	0.825	0.405	8.0	0.0	0.7240000000000001	137.974	222133	FOLK
I2ek5qrC0NzWWfjH	MELODIC DEATH METAL,FOLK METAL,VIKING METAL,METAL	EN	0.163	0.87	0.0	1.0	0.36	178.892	158128	FOLK
12JhsAShO6upIpkM	CELTIC,FOLK,NEW AGE	EN	0.341	0.529	0.0	0.0	0.265	139.916	401600	FOLK
qgs8Rj4SAAGcFDlN	FOLK	EN	0.488	0.484	10.0	1.0	0.473	92.245	190840	FOLK
qWve5jlE6kBynSLZ	FOLK,CELTIC,CELTIC PUNK	EN	0.498	0.8059999999999999	2.0	1.0	0.741	146.622	165493	FOLK
xFUYpBKEbbItZVS3	FOLK,SINGER-SONGWRITER,INDIE FOLK	EN	0.5670000000000001	0.434	7.0	0.0	0.254	82.459	272347	FOLK
869RhLlLqo89II0C	FOLK,SINGER-SONGWRITER,FOLK,SINGER-SONGWRITER	EN	0.8190000000000001	0.123	0.0	1.0	0.61	120.392	183840	FOLK
RknpDVD4KkJQ5rTE	FOLK	EN	0.335	0.205	0.0	1.0	0.254	135.725	193093	FOLK
3sKVeQfkxCCqWRo1	FOLK,FREAK FOLK,FOLK,SINGER-SONGWRITER	EN	0.54	0.296	0.0	1.0	0.179	65.298	184533	FOLK
sbQBNMVzYklwqWjG	FOLK,SINGER-SONGWRITER	EN	0.472	0.57	11.0	1.0	0.15	131.988	300896	FOLK
LD37ai27dW1d0z5h	FOLK	EN	0.593	0.6890000000000001	5.0	1.0	0.933	111.254	140307	FOLK
Z0ejutwNlzhxp2pl	FOLK METAL,FOLK METAL,VIKING METAL	EN	0.536	0.979	0.0	1.0	0.966	129.998	188360	FOLK
ZNvxpLxDeskHNn7h	FOLK,INDIE FOLK,FOLK,INDIE FOLK	EN	0.512	0.282	9.0	1.0	0.145	131.032	352079	FOLK
X3zTsQcKa7oqb4DW	LO-FI,DRONE,FOLK,AMBIENT	EN	0.37	0.285	1.0	0.0	0.104	125.902	350253	FOLK
x9fwpFn2ElgG2E8k	EXPERIMENTAL,FREAK FOLK	EN	0.635	0.993	11.0	0.0	0.38	130.754	394680	FOLK
5b0HGXL4GVYH7D8X	EMO,FOLK	EN	0.409	0.383	7.0	1.0	0.209	75.543	521954	FOLK
4IYoZWfATEUWMUlk	FOLK METAL	EN	0.509	0.855	8.0	1.0	0.804	160.05100000000004	202587	FOLK
5zJFt43ZR8RtCUAk	FOLK,SINGER-SONGWRITER	EN	0.342	0.172	2.0	1.0	0.252	139.77700000000002	230013	FOLK
FWC3ACFkcR4pZbie	COUNTRY,FOLK,SINGER-SONGWRITER	EN	0.611	0.479	5.0	0.0	0.79	82.366	158573	FOLK
h7LVZQ9oiIyvEQAC	FOLK PUNK	EN	0.364	0.0946	4.0	1.0	0.22	101.085	148227	FOLK
SetkhGCpZ6Y1iGqv	FOLK	EN	0.51	0.581	0.0	1.0	0.594	104.622	239733	FOLK
ZgAeyriey40JP7XX	MELODIC DEATH METAL,FOLK METAL	EN	0.1669999999999999	0.99	7.0	1.0	0.118	153.637	880931	FOLK
HTh0w9yCWYkUtFMy	SINGER-SONGWRITER,FOLK	EN	0.465	0.451	9.0	0.0	0.0905	79.88600000000002	250033	FOLK
lCKeWwB4CXmdFrbz	FOLK,SINGER-SONGWRITER	EN	0.382	0.267	2.0	1.0	0.216	121.656	251693	FOLK
HS1CclluPnx6TUx5	FOLK	EN	0.556	0.6579999999999999	0.0	1.0	0.787	80.529	203653	FOLK
U8HSLpmCwKizvvPN	FOLK,AMBIENT	EN	0.479	0.219	11.0	0.0	0.206	115.6	202617	FOLK
q6k3r6mm4muc1s8o	FOLK	EN	0.529	0.273	0.0	1.0	0.591	76.89399999999998	156093	FOLK
IS68w9PdksB6XM8H	COUNTRY,FOLK	EN	0.535	0.512	6.0	1.0	0.282	88.02600000000002	222587	FOLK
VnuWkwZsq8d1Crb2	NEOFOLK,MARTIAL INDUSTRIAL	EN	0.412	0.6940000000000001	0.0	1.0	0.308	128.025	261507	FOLK
E1OCW6momSGAheeq	FOLK,FOLK	EN	0.465	0.267	0.0	1.0	0.0757	132.002	331693	FOLK
xTZUqFllkKJ82jfl	FOLK,INDIE FOLK	EN	0.524	0.446	8.0	0.0	0.272	97.856	265773	FOLK
TERE1PDrfXrxHg6l	FOLK,SINGER-SONGWRITER,FOLK,SINGER-SONGWRITER	EN	0.301	0.496	11.0	0.0	0.417	88.04700000000003	236920	FOLK
epHF07uxLb90RVXL	FOLK	EN	0.524	0.14	4.0	0.0	0.26	134.877	163560	FOLK
7CoCLsJZnyLimQQm	COUNTRY,FOLK	EN	0.642	0.341	9.0	1.0	0.342	107.982	199747	FOLK
IQ18pAadvThQNBDX	COUNTRY,FOLK	EN	0.674	0.537	1.0	0.0	0.809	110.578	161533	FOLK
is1Htpyc5iOBUKxF	FOLK	EN	0.69	0.399	6.0	1.0	0.4320000000000001	117.029	211795	FOLK
XuTeN7r1Jdymjnec	FOLK	EN	0.546	0.945	5.0	0.0	0.601	109.618	334547	FOLK
YxG9ziwKspKTZcTN	NEOFOLK,MARTIAL INDUSTRIAL	EN	0.34	0.472	11.0	0.0	0.255	114.264	202467	FOLK
FzXkk3OoX7Hqhezb	FOLK	EN	0.529	0.406	5.0	1.0	0.4970000000000001	153.822	323827	FOLK
dHEPnGbVC1vXl0ry	FOLK,SINGER-SONGWRITER	EN	0.6	0.547	11.0	1.0	0.444	125.909	260342	FOLK
JHFJMTEyo42LucQ7	FOLK,SINGER-SONGWRITER	EN	0.5579999999999999	0.574	9.0	1.0	0.573	156.692	182267	FOLK
LrfLsnjliToliTn1	FOLK,INDIE FOLK	EN	0.282	0.411	3.0	1.0	0.194	166.61700000000005	214413	FOLK
038kN6re1prxGxWC	VIKING METAL,FOLK METAL	EN	0.318	0.959	8.0	0.0	0.281	175.484	269760	FOLK
DctmIQjv8DMbRGs6	FOLK	EN	0.503	0.274	11.0	0.0	0.305	148.7	213716	FOLK
lmoeglSKRieY5PkD	COUNTRY,COUNTRY,FOLK,SINGER-SONGWRITER	EN	0.74	0.315	10.0	1.0	0.527	128.035	148173	FOLK
xXeEXxUvjKXiW4VV	FOLK,SINGER-SONGWRITER	EN	0.645	0.464	2.0	1.0	0.227	125.863	266226	FOLK
WNelT1NHbjQw41Bk	COUNTRY,FOLK,SOUNDTRACK	EN	0.456	0.302	6.0	1.0	0.185	74.525	200920	FOLK
UpsOdQio2jeAfde6	FOLK METAL,POWER METAL,METAL	EN	0.483	0.988	4.0	0.0	0.141	82.491	232000	FOLK
WfuCdGS1taw7eoPo	FOLK,FOLKTRONICA,SINGER-SONGWRITER	EN	0.64	0.619	0.0	0.0	0.563	115.01	223613	FOLK
HaoLm2wyEX281Nsd	FOLK	EN	0.736	0.371	7.0	1.0	0.474	114.683	184627	FOLK
4GMxza09CTpdkFQ3	NEOFOLK,MARTIAL INDUSTRIAL	EN	0.623	0.532	4.0	0.0	0.128	96.993	368387	FOLK
7XlE5lfuyNxTVuqZ	FOLK,INDIE FOLK	EN	0.655	0.933	1.0	0.0	0.413	159.96200000000005	174427	FOLK
q6KcvFrFhuIZmkYl	NEOFOLK,FOLK	EN	0.639	0.562	5.0	0.0	0.622	96.025	221840	FOLK
B5O5Xs7Fdsl0jWfk	FOLK	EN	0.54	0.3670000000000001	9.0	0.0	0.0961	64.689	313653	FOLK
otQpspEjIJ388NDO	FOLK,SINGER-SONGWRITER	EN	0.5920000000000001	0.467	4.0	1.0	0.517	119.23	151120	FOLK
bkVxEhKnSLHZ2scD	FOLK	EN	0.78	0.179	4.0	1.0	0.621	112.355	226227	FOLK
laLr13V3c2dkeZP2	FOLK,SINGER-SONGWRITER	EN	0.235	0.289	4.0	0.0	0.218	131.11700000000002	485893	FOLK
3gqRrJoGSpohmncP	NEOFOLK,LOUNGE	EN	0.407	0.445	9.0	0.0	0.443	132.72899999999998	305960	FOLK
x0wx9Gifk9BMIQNp	FOLK	EN	0.523	0.784	6.0	1.0	0.336	139.941	192960	FOLK
NAiZp6Jap8sotP6f	FOLK,LO-FI,INDIE FOLK	EN	0.295	0.224	10.0	1.0	0.26	84.949	179320	FOLK
5ric9d2E1FigsTMU	SINGER-SONGWRITER,LO-FI,FOLK	EN	0.637	0.767	9.0	1.0	0.825	118.882	248787	FOLK
4fDbCdYXcbsD8FJP	NEOFOLK,INDUSTRIAL	EN	0.271	0.409	4.0	0.0	0.188	167.923	370000	FOLK
fhNjQgeL91zroEEG	FOLK	EN	0.784	0.55	11.0	0.0	0.799	109.284	126400	FOLK
vO9leOhPOQ9HnSUA	EXPERIMENTAL,FREAK FOLK,FOLK	EN	0.183	0.863	9.0	1.0	0.224	133.519	249326	FOLK
G2Adx0DNPZa7O51F	FOLK,LO-FI	EN	0.603	0.667	2.0	0.0	0.643	90.104	249973	FOLK
5V15liEhNmZpNe57	FOLK,SINGER-SONGWRITER	EN	0.596	0.417	3.0	1.0	0.333	78.48100000000002	223400	FOLK
EmsWMkKLmmTYOz3Y	FOLK,SINGER-SONGWRITER,FOLK,SINGER-SONGWRITER	EN	0.532	0.0981	4.0	1.0	0.136	89.06	198693	FOLK
2bzwXwT8KnjDlrjU	FOLK	EN	0.8340000000000001	0.226	10.0	0.0	0.47	109.954	237187	FOLK
iVuPFYrvFh3IMbbL	FOLK,INDIE FOLK,LO-FI,EXPERIMENTAL	EN	0.261	0.442	2.0	1.0	0.17	93.443	346853	FOLK
38CYNngJ5kd6uRmD	CELTIC,NEW AGE,CELTIC,FOLK,NEW AGE	EN	0.331	0.275	2.0	0.0	0.363	121.508	274027	FOLK
4obXTg0b115emdvz	FOLK,SINGER-SONGWRITER	EN	0.285	0.276	2.0	1.0	0.408	175.885	232373	FOLK
EyNiCXurlMxGiEoG	FOLK,SINGER-SONGWRITER	EN	0.343	0.426	3.0	0.0	0.135	111.158	213350	FOLK
jAbAy2xvWdS6E7wS	ANTI-FOLK	EN	0.495	0.298	2.0	1.0	0.335	74.568	125880	FOLK
JULnrLUfFukSTB1Y	FOLK,SINGER-SONGWRITER	EN	0.81	0.436	10.0	1.0	0.446	119.973	259413	FOLK
ngq70EJy8ZTxQo7P	FOLK,SINGER-SONGWRITER	EN	0.754	0.534	11.0	1.0	0.498	97.113	351693	FOLK
e1IW0PdbvgPUsanQ	SINGER-SONGWRITER,FOLK	EN	0.5379999999999999	0.305	7.0	1.0	0.236	134.202	201560	FOLK
7NSW901Ap16nGSsU	FOLK,INDIE FOLK	EN	0.456	0.6679999999999999	5.0	0.0	0.227	101.994	301793	FOLK
HtYyAB3bhLMHt7jm	FOLK,SINGER-SONGWRITER,INDIE FOLK	EN	0.491	0.234	3.0	1.0	0.274	126.249	261013	FOLK
3qElnfPf6VzW4SjI	FOLK	EN	0.414	0.421	4.0	0.0	0.185	113.108	278667	FOLK
yz2WgVHrRtz1BuVR	FOLK	EN	0.307	0.162	4.0	1.0	0.194	206.21400000000003	267533	FOLK
Tf0kAZzYcdoZ8GO0	CELTIC PUNK,FOLK PUNK,IRISH FOLK	EN	0.65	0.938	0.0	1.0	0.858	133.0	236304	FOLK
9wc8gfkLIfQKLHY7	FOLK,INDIE FOLK	EN	0.506	0.17	9.0	1.0	0.213	114.729	124520	FOLK
mn3fdOI5tGX3St7C	SINGER-SONGWRITER,INDIE FOLK,FOLK	EN	0.3670000000000001	0.326	7.0	1.0	0.064	116.659	185747	FOLK
h2VdGZSmHrfPJ1V4	FOLK,INDIE FOLK,COUNTRY	EN	0.46	0.278	2.0	1.0	0.384	77.00399999999998	185250	FOLK
i19hxqFBrvPDNqqF	BLUEGRASS,FOLK	EN	0.254	0.928	9.0	0.0	0.327	189.451	206400	FOLK
eUAp36sFBqibwc1P	NEOFOLK,POST-PUNK	EN	0.573	0.862	9.0	1.0	0.4370000000000001	126.203	170280	FOLK
8EhrPYGSaYr9H25W	FOLK	EN	0.47	0.22	3.0	1.0	0.349	156.109	320520	FOLK
JNrnYKIIKk4QqK2I	SINGER-SONGWRITER,INDIE FOLK	EN	0.463	0.18	5.0	0.0	0.236	87.334	116484	FOLK
RAZzy5QHKKK7RWr9	FOLK,SINGER-SONGWRITER	EN	0.606	0.411	1.0	1.0	0.412	84.944	168307	FOLK
ELnnZoC4Xe95zSpa	SINGER-SONGWRITER,FOLK	EN	0.804	0.53	2.0	1.0	0.454	82.01100000000002	289225	FOLK
7oO0GWwpsXg9Ewea	COUNTRY,FOLK	EN	0.647	0.6629999999999999	0.0	1.0	0.929	129.80200000000002	181813	FOLK
rNgZtN9lEuCTV4N4	EXPERIMENTAL,FREAK FOLK,FOLK	EN	0.219	0.428	0.0	1.0	0.0394	96.748	224674	FOLK
6Q370bHmTVKuCdqu	SINGER-SONGWRITER,FOLK,SINGER-SONGWRITER	EN	0.396	0.608	4.0	1.0	0.305	144.907	208733	FOLK
w5Iy6LBB9Du9snHu	FOLK,FOLK,SINGER-SONGWRITER	EN	0.55	0.304	8.0	1.0	0.21	82.945	210573	FOLK
bsFedjb9QSz5vEdD	CELTIC,FOLK,NEW AGE,CELTIC,FOLK,NEW AGE	EN	0.32	0.389	4.0	0.0	0.109	90.972	455867	FOLK
byatkSRsD9SdpKna	FOLK,SINGER-SONGWRITER	EN	0.616	0.315	10.0	1.0	0.206	111.931	284147	FOLK
wz7YlMyzub0MgYzR	FOLK,SINGER-SONGWRITER	EN	0.642	0.805	0.0	1.0	0.465	138.001	247004	FOLK
pp580fsc1O3MVgOh	FOLK,LO-FI,FOLK,SINGER-SONGWRITER	EN	0.506	0.354	9.0	1.0	0.0395	97.761	214707	FOLK
CRPZHOYpAT40IwXf	FOLK,SINGER-SONGWRITER	EN	0.41	0.598	2.0	1.0	0.262	76.445	203333	FOLK
u0wss16PYSYomNRd	EXPERIMENTAL,FREAK FOLK,FOLK	EN	0.229	0.454	9.0	1.0	0.0641	80.602	233632	FOLK
C9Y3pavMeL7VLsgv	INDIE FOLK	EN	0.284	0.407	4.0	1.0	0.127	92.134	180493	FOLK
cJaHOM5cdGW2klUa	FOLK	EN	0.268	0.0488	7.0	0.0	0.0602	146.534	649200	FOLK
4FZQIC919cXrDzDc	FOLK,SINGER-SONGWRITER	EN	0.5579999999999999	0.581	7.0	1.0	0.347	119.978	205840	FOLK
9MFCmH85QjuKPNMB	FOLK,SINGER-SONGWRITER	EN	0.5760000000000001	0.349	7.0	1.0	0.107	124.967	366947	FOLK
wUWgG3GfnrJGKXGl	FOLK,SINGER-SONGWRITER	EN	0.523	0.228	8.0	1.0	0.605	114.34	177760	FOLK
RnGWw86drQEH4Bcc	FOLK,SINGER-SONGWRITER	EN	0.494	0.3720000000000001	7.0	1.0	0.25	116.855	285160	FOLK
Lmj7vH9T1MNERL8h	NEOFOLK,DARK WAVE	EN	0.546	0.951	11.0	0.0	0.255	115.734	406895	FOLK
rIfPMAdBG4gT66hZ	FOLK,SINGER-SONGWRITER,LO-FI,FREAK FOLK	EN	0.598	0.556	11.0	1.0	0.644	105.184	320704	FOLK
CSFPstssqKdtQojc	FOLK,INDIE FOLK	EN	0.615	0.617	7.0	0.0	0.508	96.2	207427	FOLK
Uwv1gXYSFTCwWESd	FOLK	EN	0.382	0.0968	0.0	1.0	0.102	111.642	152607	FOLK
BJyjK2SdFkyzUK3r	FOLK	EN	0.561	0.438	7.0	1.0	0.335	68.741	120707	FOLK
c9VfUUXXMzJMCLvE	FOLK,NEOFOLK	EN	0.411	0.23	8.0	1.0	0.0374	82.399	332848	FOLK
XlXk8zYceh9S2Xcw	FOLK	EN	0.607	0.477	9.0	1.0	0.873	87.208	153547	FOLK
HCt68qC6B4Qe7PAy	FOLK,SINGER-SONGWRITER	EN	0.48	0.125	3.0	1.0	0.233	116.391	318023	FOLK
iZTb8bBQN50AJCiX	FOLK	EN	0.244	0.0236	11.0	1.0	0.0381	135.576	629013	FOLK
oAvTgJtnLVBjdEcj	LO-FI,DOWNTEMPO,FOLK	EN	0.325	0.28	9.0	1.0	0.216	79.592	147920	FOLK
McO1L4IQyOuWNAVh	FOLK,SINGER-SONGWRITER,INDIE FOLK	EN	0.5429999999999999	0.337	4.0	1.0	0.216	122.361	174773	FOLK
eGzC4Nx5Tkknd7nn	FOLK,SINGER-SONGWRITER	EN	0.443	0.241	11.0	1.0	0.44	136.695	215587	FOLK
CfumFwlJRzgzOSA2	VIKING METAL,METAL,FOLK METAL,MELODIC DEATH METAL	EN	0.403	0.247	2.0	0.0	0.0353	100.345	134907	FOLK
8ycSipIuw3RcKp6H	SINGER-SONGWRITER,FOLK	EN	0.593	0.611	3.0	1.0	0.473	93.171	241013	FOLK
ZGxLYxKagOjotoWD	NEOFOLK,FOLK,FOLK METAL	EN	0.5479999999999999	0.377	0.0	0.0	0.645	80.119	260867	FOLK
GXT6akYHItI5EzGG	SINGER-SONGWRITER,FOLK	EN	0.5589999999999999	0.604	9.0	1.0	0.509	114.992	299693	FOLK
4SpIAnUQInG7rDoT	SINGER-SONGWRITER,FOLK	EN	0.8270000000000001	0.168	5.0	1.0	0.332	115.982	322293	FOLK
dM2fVwqJ0OFMVt6F	LO-FI,AMBIENT,INDIE FOLK	EN	0.5770000000000001	0.176	2.0	1.0	0.0384	120.183	202375	FOLK
nMizQGYbitG111DT	FOLK	EN	0.635	0.449	4.0	0.0	0.28	99.298	173240	FOLK
umievzD0lKs4hlMg	FOLK,SINGER-SONGWRITER	EN	0.389	0.222	8.0	1.0	0.219	130.77200000000002	234653	FOLK
nDIqoLn0PsylIbpk	FOLK	EN	0.77	0.115	7.0	1.0	0.353	138.966	218800	FOLK
ivAz0nLd0ACToP2V	FOLK,INDIE FOLK	EN	0.48	0.0631	0.0	1.0	0.159	118.44	203880	FOLK
xyDAJFwSXc5rh53k	CONTEMPORARY FOLK	EN	0.568	0.408	11.0	1.0	0.429	115.035	95787	FOLK
l4rq78EHzGHmYvVm	SINGER-SONGWRITER,FOLK	EN	0.7190000000000001	0.557	8.0	0.0	0.942	107.843	240000	FOLK
mPK8SJ1cS6ZveZkh	FOLK,SINGER-SONGWRITER	EN	0.345	0.588	2.0	0.0	0.451	172.433	284549	FOLK
ShsS4WM9bcoDi2P9	FOLK	EN	0.461	0.433	10.0	1.0	0.469	85.07600000000002	175533	FOLK
DethorWCoq5lVX33	NEOFOLK,DARK AMBIENT	EN	0.547	0.536	0.0	1.0	0.173	130.171	268029	FOLK
ymGOwZUPM88WgqKe	MELODIC DEATH METAL,FOLK METAL,VIKING METAL,POWER METAL	EN	0.398	0.871	2.0	0.0	0.225	111.46	423253	FOLK
sYZ97QHa7yDlfuME	FOLK,SINGER-SONGWRITER	EN	0.409	0.058	4.0	0.0	0.6759999999999999	63.371	93560	FOLK
X1DW1R86yvdLBlPi	FOLK	EN	0.234	0.389	0.0	1.0	0.0631	164.542	186600	FOLK
JRBcALOmAZy1Wpsj	FOLK	EN	0.56	0.257	7.0	0.0	0.122	121.197	256463	FOLK
561sRU41qM6z7qQR	FOLK,FOLK,SINGER-SONGWRITER	EN	0.178	0.741	4.0	0.0	0.161	78.266	390240	FOLK
DvPtgNlIzwl7KSpg	FOLK	EN	0.488	0.507	10.0	1.0	0.369	100.066	248680	FOLK
9PhVWhEo6PLnPY5p	CELTIC,FOLK	EN	0.361	0.0786	2.0	0.0	0.381	145.316	242267	FOLK
07E0Wiir54qbDB8t	FOLK,SINGER-SONGWRITER	EN	0.474	0.0404	9.0	0.0	0.18	119.415	310773	FOLK
lfDSzOSkpulrDN5d	FOLK,SINGER-SONGWRITER	EN	0.466	0.315	0.0	1.0	0.228	123.913	297547	FOLK
fXs5DXdr7gJaLKzB	FOLK,INDIE FOLK	EN	0.501	0.283	7.0	0.0	0.0876	79.97800000000002	225000	FOLK
hCGK53RQdhy7ToyL	FOLK,FOLK	EN	0.484	0.291	5.0	1.0	0.276	101.207	202520	FOLK
OrColppwFOVMbqfv	INDIE FOLK	EN	0.512	0.795	6.0	1.0	0.36	91.586	344053	FOLK
fT62MkE7rgcP9Vwn	FOLK	EN	0.475	0.209	0.0	1.0	0.3	112.725	209440	FOLK
xhR5W3K53lEOizCM	FOLK PUNK,PUNK,FOLK	EN	0.4920000000000001	0.611	0.0	1.0	0.933	182.529	74960	FOLK
b8Q5l3YPvtqh0HGi	FOLK,SINGER-SONGWRITER,FREAK FOLK	EN	0.51	0.22	2.0	1.0	0.0585	93.043	196012	FOLK
EzrZ41g8pfdk53W4	EXPERIMENTAL,FREAK FOLK,FOLK	EN	0.716	0.72	0.0	1.0	0.439	122.002	226052	FOLK
RHR40gS1KqINnry6	FOLK,SINGER-SONGWRITER	EN	0.613	0.356	1.0	0.0	0.484	106.043	150907	FOLK
1qIrffQFy4Rq0Fsr	FOLK METAL	EN	0.45	0.787	11.0	0.0	0.326	100.1	227840	FOLK
Wtq9kxf1sNxSVDBx	FOLK	EN	0.563	0.375	2.0	1.0	0.215	91.671	183160	FOLK
FZeK53npkMTadzyS	FOLK	EN	0.546	0.537	9.0	0.0	0.447	81.95200000000001	191307	FOLK
vBOzuzWyQ2NvZ6we	FOLK	EN	0.41	0.306	4.0	0.0	0.166	141.565	326206	FOLK
Ka6M6iPMR7jF3uSN	METAL,POWER METAL,FOLK METAL	EN	0.395	0.918	10.0	1.0	0.21	94.155	264200	FOLK
0g473y5n6Abn9EKK	FOLK PUNK	EN	0.388	0.222	4.0	1.0	0.289	166.204	207720	FOLK
MLmiNvtX4vQCf6Rz	FOLK,COUNTRY,SINGER-SONGWRITER	EN	0.6609999999999999	0.387	9.0	1.0	0.804	111.446	159240	FOLK
oBpRX3vQJK9HCNF8	VIKING METAL,METAL,FOLK METAL,MELODIC DEATH METAL	EN	0.424	0.988	2.0	1.0	0.156	120.598	255880	FOLK
RFT0eKcwMmVgVbyF	POWER METAL,SYMPHONIC METAL,SYMPHONIC POWER METAL,FOLK METAL	EN	0.473	0.93	5.0	0.0	0.6459999999999999	75.668	271941	FOLK
aR18sO0q7fou9kAc	SINGER-SONGWRITER,ANTI-FOLK	EN	0.706	0.0967	1.0	1.0	0.329	74.298	196867	FOLK
bWywooYEXFmDr4oJ	FOLK	EN	0.496	0.5329999999999999	3.0	0.0	0.415	95.477	237000	FOLK
V4tuWGf2V53mTyoF	FOLK	EN	0.522	0.626	7.0	1.0	0.4	126.972	219960	FOLK
1TIUCI6mN2eCXWeL	INDIE FOLK,FOLK	EN	0.263	0.29	2.0	1.0	0.212	102.411	146347	FOLK
UITCc7V3NKRublyz	EXPERIMENTAL,FREAK FOLK	EN	0.235	0.7909999999999999	9.0	1.0	0.478	177.95	323573	FOLK
Ez0spi9ABXSZ4u9g	SINGER-SONGWRITER,FOLK	EN	0.5820000000000001	0.615	11.0	0.0	0.696	153.684	324707	FOLK
TDovAzN2FTlvzLw5	FOLK	EN	0.325	0.163	9.0	0.0	0.192	94.359	227467	FOLK
IcCQQIVsVADsvmbe	SINGER-SONGWRITER,FOLK	EN	0.625	0.578	0.0	1.0	0.517	108.146	255601	FOLK
hFyZ5XhMYVw65GN9	FOLK	EN	0.853	0.194	5.0	1.0	0.7909999999999999	116.959	185620	FOLK
0pyGlnBwlm5720dh	FOLK	EN	0.461	0.118	4.0	1.0	0.149	113.852	230973	FOLK
aB3X0zLxpx4qbDfw	FOLK,SINGER-SONGWRITER	EN	0.542	0.128	0.0	1.0	0.147	127.326	242640	FOLK
j6QiDv6i1wEZKNwR	FOLK,SINGER-SONGWRITER	EN	0.631	0.184	7.0	1.0	0.247	100.301	207653	FOLK
BETnePfrHjixcXRa	FOLK	EN	0.78	0.398	0.0	1.0	0.469	86.008	204421	FOLK
Z7SmR3LCc3pheV2i	FOLK	EN	0.544	0.24	7.0	1.0	0.185	124.375	134267	FOLK
vVRUvBjzTuruDZMy	FOLK	EN	0.503	0.271	4.0	1.0	0.255	78.956	205000	FOLK
5n5yHms8tfdqjisT	SINGER-SONGWRITER,FOLK	EN	0.511	0.631	10.0	1.0	0.282	110.952	336293	FOLK
cvVOsnArGMbGaOOQ	FOLK,SINGER-SONGWRITER,LO-FI,FREAK FOLK	EN	0.441	0.344	4.0	1.0	0.111	87.588	275227	FOLK
qp6G1hRkD9GyoWZi	FOLK,SINGER-SONGWRITER,LO-FI,FREAK FOLK	EN	0.402	0.8320000000000001	9.0	1.0	0.193	133.96	491175	FOLK
i0s1pXmBocicPCZz	NEOFOLK	EN	0.376	0.513	11.0	0.0	0.225	180.61900000000003	212333	FOLK
osmFDXPkTdOrkD2f	FOLK,SINGER-SONGWRITER	EN	0.461	0.19	0.0	1.0	0.227	67.343	215813	FOLK
ukD23bEvzG3fUySK	FOLK	EN	0.403	0.445	6.0	1.0	0.172	154.881	293320	FOLK
PM9Y9kiWtGvUBOaq	SINGER-SONGWRITER,FOLK	EN	0.445	0.124	11.0	1.0	0.318	128.084	222960	FOLK
QFH5trj2J5eggYPP	FOLK,SINGER-SONGWRITER	EN	0.464	0.155	9.0	1.0	0.433	100.683	232893	FOLK
FYTsCRbDC13IQs8y	FOLK	EN	0.617	0.187	4.0	0.0	0.326	133.216	253467	FOLK
lNjRyDodjoAVDYGY	FOLK	EN	0.426	0.113	4.0	0.0	0.155	110.488	249133	FOLK
eZMsXaWDGQ33sndK	FOLK,INDIE FOLK	EN	0.605	0.527	2.0	1.0	0.897	97.342	225400	FOLK
XPFzFOeACul0PT1n	FOLK,FOLK	EN	0.496	0.469	7.0	1.0	0.259	137.833	237680	FOLK
Aj313KaGrnAJ2KEP	FOLK,FOLK PUNK	EN	0.742	0.55	4.0	0.0	0.157	124.988	276507	FOLK
oaS2ki99Bijjzds0	FOLK	EN	0.7090000000000001	0.156	7.0	1.0	0.5479999999999999	76.425	153741	FOLK
PkbuGkvUd9l1nvZ6	SOUNDTRACK,SINGER-SONGWRITER,FOLK	EN	0.45	0.186	1.0	0.0	0.329	135.49	166773	FOLK
rtyk7JsDBAFCKHlP	INDIE FOLK	EN	0.361	0.1639999999999999	3.0	1.0	0.0475	79.848	337412	FOLK
dpiXf01hlNAiDCxV	FOLK	EN	0.402	0.141	2.0	1.0	0.179	117.332	338733	FOLK
9mIwIv5MjgJARJbZ	INDIE FOLK,FOLK,SINGER-SONGWRITER	EN	0.469	0.399	2.0	1.0	0.102	125.961	312318	FOLK
38S5XejjGoA3jNUA	SINGER-SONGWRITER,FOLK,INDIE FOLK	EN	0.665	0.622	3.0	1.0	0.861	133.97	154067	FOLK
dxBXkupRpU6DHOGo	DOOM METAL,NEOFOLK,FOLK METAL,FOLK,DOOM METAL,NEOFOLK,FOLK METAL	EN	0.479	0.366	9.0	0.0	0.419	151.023	202840	FOLK
7XhuSfZbpHkCS96a	FOLK	EN	0.44	0.49	2.0	1.0	0.38	201.554	243574	FOLK
IjUwRczhKHNIJdor	DOOM METAL,PROGRESSIVE METAL,FOLK METAL	EN	0.186	0.92	0.0	0.0	0.114	96.036	556160	FOLK
lHQGw273HHqArLLT	FOLK PUNK,PUNK,FOLK	EN	0.735	0.276	9.0	1.0	0.77	95.555	101627	FOLK
MGpzGMYfUb8BKMKJ	FOLK,SINGER-SONGWRITER	EN	0.359	0.391	3.0	1.0	0.19	154.66	242226	FOLK
BidLGYdeWlJcEKGj	BLACK METAL,DOOM METAL,FOLK METAL,DOOM METAL,FOLK METAL,BLACK METAL	EN	0.172	0.8290000000000001	0.0	1.0	0.303	128.576	408293	FOLK
XMRKXUrzYNgaP3zX	FOLK,SINGER-SONGWRITER	EN	0.6890000000000001	0.738	2.0	1.0	0.52	99.012	252947	FOLK
ZWyNkL5X8dmwrSRi	FOLK	EN	0.679	0.716	1.0	1.0	0.7709999999999999	114.025	222427	FOLK
4zAQXv4NDMoDj7sy	SINGER-SONGWRITER,FOLK	EN	0.608	0.37	6.0	0.0	0.33	112.554	219173	FOLK
REUvCoOzi7XesygS	FOLK,SINGER-SONGWRITER	EN	0.403	0.596	2.0	1.0	0.594	171.92	169413	FOLK
ffiHeeDxM45JnZCV	FOLK,ACCORDION	EN	0.5720000000000001	0.3720000000000001	0.0	1.0	0.451	87.455	208067	FOLK
l5TpM9xkrDsqAIp4	SYMPHONIC METAL,GOTHIC METAL,METAL,FOLK METAL	EN	0.518	0.92	1.0	0.0	0.262	128.015	281907	FOLK
pslyYBErNQ0MOStp	SINGER-SONGWRITER,FOLK	EN	0.516	0.0707	7.0	1.0	0.38	135.916	229840	FOLK
39Bj9W5I8YKJ0lkX	FOLK,SINGER-SONGWRITER	EN	0.4320000000000001	0.643	10.0	1.0	0.557	155.047	266036	FOLK
Dp3vrzrjnAjN7GE7	FOLK,SINGER-SONGWRITER	EN	0.435	0.5579999999999999	4.0	0.0	0.429	157.17700000000005	302427	FOLK
wd6zSNWsnBgqbfs7	SINGER-SONGWRITER,FOLK,SINGER-SONGWRITER	EN	0.466	0.732	7.0	0.0	0.363	134.319	192467	FOLK
k563NNObo7tvLBtP	FOLK,INDIE FOLK	EN	0.375	0.546	2.0	1.0	0.37	95.361	259120	FOLK
mMUollk69EyXfRZl	FOLK METAL	EN	0.5589999999999999	0.882	2.0	1.0	0.114	119.053	84747	FOLK
6PRalGDOmC27ibWk	FOLK,SINGER-SONGWRITER	EN	0.542	0.327	2.0	1.0	0.251	139.518	253760	FOLK
PT014Fj8CiujHbZ1	FOLK	EN	0.487	0.7240000000000001	0.0	1.0	0.546	102.03	225560	FOLK
B66UaLdwJebjyZ0f	FOLK	EN	0.516	0.947	0.0	1.0	0.727	195.718	239003	FOLK
cG0izDoPKoDVPaAf	FOLK,SINGER-SONGWRITER	EN	0.457	0.69	10.0	1.0	0.423	167.90400000000002	172387	FOLK
yCDyhLvQDHqLiqDQ	FOLK	EN	0.4920000000000001	0.841	0.0	0.0	0.313	177.86900000000003	194907	FOLK
q5uiIyjDoICUkGhh	SPOKEN WORD,FOLK	EN	0.334	0.44	7.0	1.0	0.115	127.88	226574	FOLK
wr23WBH5iJ7GKVNG	FOLK	EN	0.636	0.485	0.0	0.0	0.468	102.01	247333	FOLK
lhuloJy81L6OPkwZ	LO-FI,AMBIENT,INDIE FOLK,LO-FI,AMBIENT	EN	0.324	0.135	9.0	0.0	0.0855	147.026	187625	FOLK
jwslXeoI0cVm14zd	FOLK	EN	0.615	0.414	7.0	1.0	0.536	95.776	199013	FOLK
oIkHE1dVe8EO3Fgk	FOLK,SINGER-SONGWRITER	EN	0.173	0.223	4.0	1.0	0.0887	96.165	188267	FOLK
2XYIm1BtwsTWN2wC	SINGER-SONGWRITER,FOLK	EN	0.5	0.24	2.0	1.0	0.282	88.01100000000002	273867	FOLK
WAMINzU9ID69M02h	FOLK	EN	0.411	0.384	10.0	1.0	0.087	108.571	233960	FOLK
CGSL1zmoQ9gtcGa2	FOLK,SINGER-SONGWRITER,SINGER-SONGWRITER,FOLK	EN	0.351	0.142	5.0	1.0	0.182	85.87	307773	FOLK
cNaPmhZfszEkIIgR	FOLK,BANJO	EN	0.414	0.187	7.0	1.0	0.276	127.323	261427	FOLK
VvdU9jpbo8ZX0cfR	FOLK,AMBIENT	EN	0.344	0.359	4.0	1.0	0.225	143.095	204253	FOLK
C6K87smLlT4pYprm	FOLK,SINGER-SONGWRITER	EN	0.626	0.412	9.0	0.0	0.795	93.627	171333	FOLK
8iAlX0HzXy7xsn2n	INDIE FOLK	EN	0.735	0.406	0.0	1.0	0.962	146.514	79505	FOLK
lD7jOe0MEoHpzywf	SINGER-SONGWRITER,FOLK	EN	0.634	0.3229999999999999	1.0	1.0	0.489	147.94299999999996	289693	FOLK
GrrvWdttFoKKevcL	FOLK,SINGER-SONGWRITER	EN	0.614	0.283	0.0	1.0	0.33	107.674	280227	FOLK
QC9UFsMqJkF0LuDl	COUNTRY,FOLK	EN	0.37	0.301	0.0	1.0	0.51	149.265	197893	FOLK
DhoQxZHVjJZz6WSu	FOLK,SINGER-SONGWRITER	EN	0.748	0.573	0.0	1.0	0.463	110.177	163720	FOLK
onUjHZiGoSYhl7dY	FOLK	EN	0.6459999999999999	0.674	7.0	1.0	0.601	110.96	215587	FOLK
hG16qSGndPvZ1Mu5	FOLK,SINGER-SONGWRITER	EN	0.166	0.107	0.0	1.0	0.49	179.743	136453	FOLK
K0Tm4H1mjFItTW9e	FREAK FOLK,EXPERIMENTAL	EN	0.463	0.3720000000000001	9.0	0.0	0.159	108.41	265160	FOLK
3OZaJ51aSX5v5QWk	FOLK METAL,VIKING METAL	EN	0.262	0.928	9.0	1.0	0.5329999999999999	161.925	233520	FOLK
9q9xdOxUtChHaf0Q	FOLK	EN	0.513	0.232	5.0	1.0	0.38	139.634	205533	FOLK
tV4ita8M4V0BVUp0	FOLK,SINGER-SONGWRITER	EN	0.545	0.349	2.0	1.0	0.347	79.168	178320	FOLK
cTRE0WDvj7MnnRS1	FOLK	EN	0.612	0.256	11.0	0.0	0.243	120.072	306160	FOLK
GCpLz9MNjzDybKRH	FOLK,SINGER-SONGWRITER	EN	0.335	0.53	10.0	0.0	0.581	167.115	344747	FOLK
ttNNkAfGhA7FAQg3	PSYCHEDELIC FOLK,FOLK	EN	0.286	0.452	5.0	1.0	0.161	147.84	244400	FOLK
SuSZehwQ94SCVvae	FOLK,LO-FI	EN	0.5379999999999999	0.327	4.0	1.0	0.457	89.429	149880	FOLK
AHAnooFsazAEcx3i	INDIE FOLK	EN	0.623	0.175	5.0	1.0	0.36	95.371	161878	FOLK
m7JmmCLKTtXkuFs3	SOUNDTRACK,FOLK	EN	0.633	0.0519	10.0	0.0	0.204	76.03399999999998	300747	FOLK
kykDAJ4VV5uvdTyz	SINGER-SONGWRITER,FOLK	EN	0.455	0.111	7.0	1.0	0.486	135.312	174360	FOLK
weyl8Jgxe6qlc8Hq	FOLK METAL,VIKING METAL,PROGRESSIVE METAL,POWER METAL	EN	0.525	0.976	4.0	0.0	0.401	119.982	282707	FOLK
q2DknXyQJ90OrqnD	FOLK	EN	0.5479999999999999	0.6970000000000001	10.0	0.0	0.597	94.506	346493	FOLK
p9V9ZyAuRPi7Vre2	FOLK,FOLK	EN	0.433	0.447	5.0	0.0	0.278	78.786	297533	FOLK
BYeHqTXnpNuF0qKQ	FOLK,SINGER-SONGWRITER,LO-FI,FREAK FOLK	EN	0.472	0.423	5.0	1.0	0.244	122.95	266251	FOLK
nDLhD0j7450ShAUZ	FOLK,SINGER-SONGWRITER	EN	0.494	0.294	7.0	1.0	0.464	117.162	166320	FOLK
jJkQEt3lHZWRMfXp	FOLK,SINGER-SONGWRITER,FOLK,SINGER-SONGWRITER	EN	0.619	0.109	1.0	1.0	0.516	104.953	108080	FOLK
2tKtSKusOfpozjk6	FOLK	EN	0.221	0.59	2.0	0.0	0.713	179.267	194467	FOLK
T3MM80lsGDYHt1yH	FOLK	EN	0.325	0.342	7.0	1.0	0.264	92.08	243200	FOLK
Q0Fc5jWPLSH8b0kP	EXPERIMENTAL,FOLK	EN	0.6809999999999999	0.672	9.0	0.0	0.339	101.128	204033	FOLK
JwmkxH96nwLwbxR9	FOLK,FOLK	EN	0.6459999999999999	0.5770000000000001	1.0	0.0	0.24	117.969	264707	FOLK
MBEdtd1BhmHIyXvK	FOLK,LO-FI,SINGER-SONGWRITER	EN	0.479	0.838	5.0	1.0	0.276	150.05200000000005	270136	FOLK
XBGnnX1P36ri7c75	SINGER-SONGWRITER,FOLK	EN	0.506	0.125	0.0	1.0	0.271	142.812	232067	FOLK
A4razwh4JJX8CVAJ	FOLK,NEW WEIRD AMERICA,FOLK,SINGER-SONGWRITER	EN	0.458	0.23	2.0	1.0	0.276	95.745	173067	FOLK
efp6tw58UVIB4OsO	NEOFOLK,FOLK,DARK AMBIENT,NEOFOLK	EN	0.171	0.488	9.0	0.0	0.0349	139.998	515440	FOLK
p9RsR9THDiCHkHFR	FOLK	EN	0.677	0.189	0.0	1.0	0.26	143.127	198373	FOLK
le4nXPNpNzvX3Iv2	CELTIC,FOLK,NEW AGE	EN	0.547	0.71	7.0	0.0	0.53	113.145	390213	FOLK
AYncz6HwfDsnmRl7	MELODIC DEATH METAL,PROGRESSIVE METAL,DEATH METAL,FOLK METAL	EN	0.303	0.721	0.0	0.0	0.534	135.75	355373	FOLK
IBj8uNI06Mg1tQVs	SINGER-SONGWRITER,FOLK	EN	0.473	0.317	2.0	1.0	0.132	139.899	241720	FOLK
Ly6UQxWef2JXyPht	DOWNTEMPO,FOLKTRONICA,CHILLWAVE	EN	0.189	0.594	7.0	1.0	0.159	82.12799999999999	242823	FOLK
L5p8fTgCo4r1YlSL	FOLK	EN	0.4970000000000001	0.277	4.0	0.0	0.179	81.367	222560	FOLK
eqJ7CvPCxphW3aJK	FOLK,COUNTRY	EN	0.453	0.953	7.0	1.0	0.715	217.489	232333	FOLK
BJZ31ABAZfM1w62j	SINGER-SONGWRITER,FOLK	EN	0.573	0.16	2.0	1.0	0.277	111.492	276667	FOLK
Rnu2suorTVo49jmR	FOLK,SINGER-SONGWRITER	EN	0.514	0.26	2.0	0.0	0.125	132.023	263667	FOLK
urpeuBWohWREdygj	FOLK,SOUNDTRACK,INDIE FOLK,FOLK,SINGER-SONGWRITER	EN	0.252	0.314	5.0	0.0	0.2	75.056	247808	FOLK
jfDYIPLbZgfPYBqp	FOLK	EN	0.403	0.286	2.0	1.0	0.148	110.994	236347	FOLK
e790DGHTB2WivjxN	FOLK	EN	0.52	0.0876	9.0	0.0	0.152	93.773	217500	FOLK
TpBYhsnmUGxsxSvT	FOLK,SINGER-SONGWRITER	EN	0.364	0.172	4.0	0.0	0.105	130.505	282373	FOLK
E4chTbBf8KIOjqEf	FOLK,SINGER-SONGWRITER	EN	0.545	0.825	7.0	1.0	0.597	110.004	208521	FOLK
AqOcWFOuDLHoVpjm	SINGER-SONGWRITER,FOLK	EN	0.332	0.216	7.0	1.0	0.222	118.584	267706	FOLK
vLPHC5Bznf43cOHi	FOLK,SINGER-SONGWRITER,INDIE FOLK	EN	0.376	0.13	11.0	1.0	0.0586	125.97	250701	FOLK
IojN398uOv7LkQ8L	FOLK,SINGER-SONGWRITER,FOLK,SINGER-SONGWRITER	EN	0.467	0.191	10.0	0.0	0.33	65.96300000000001	235853	FOLK
fSrgrIB00VfEzRzN	FOLK,LO-FI,SINGER-SONGWRITER	EN	0.544	0.626	9.0	0.0	0.344	133.86	295893	FOLK
1b7D5Gzbd3w8qJIm	FOLK	EN	0.356	0.369	9.0	1.0	0.0397	159.965	204720	FOLK
17ygDyIypVaJ0Y7M	FOLK METAL,VIKING METAL,METAL,FOLK METAL,VIKING METAL	EN	0.469	0.8370000000000001	0.0	1.0	0.504	87.509	222333	FOLK
VsxLM8TmxzkwrqjN	FOLK	EN	0.282	0.357	5.0	1.0	0.253	89.244	201360	FOLK
InR6VFzC7hqNPUAk	SINGER-SONGWRITER,INDIE FOLK	EN	0.6559999999999999	0.181	5.0	1.0	0.342	111.438	145889	FOLK
IlkHc0yNcscUExu1	NEOFOLK	EN	0.375	0.378	11.0	0.0	0.617	183.407	197573	FOLK
y3SOrhIQpciI9uQS	FOLK	EN	0.332	0.452	7.0	1.0	0.329	175.696	273560	FOLK
YfCvBch10JFiAVX3	FOLK,SINGER-SONGWRITER	EN	0.603	0.124	2.0	1.0	0.317	104.902	271667	FOLK
MmM3elVBn3qzQu4J	FOLK,SINGER-SONGWRITER	EN	0.454	0.106	4.0	0.0	0.318	106.619	217267	FOLK
xVJexPZozRQisEtf	FOLK,SINGER-SONGWRITER,FOLK,SINGER-SONGWRITER	EN	0.311	0.417	7.0	1.0	0.254	115.418	698173	FOLK
U3zLPiy3mVHqAn5z	FOLK	EN	0.713	0.927	0.0	1.0	0.807	141.966	174107	FOLK
v54yxpKcEje5dfgC	INDIE FOLK	EN	0.439	0.473	2.0	0.0	0.462	152.855	304034	FOLK
XLwCwVGxrag0STCB	FOLK,FOLK	EN	0.483	0.486	0.0	1.0	0.466	92.048	193049	FOLK
Op6daPhkFznpw74Y	VIKING METAL,FOLK METAL	EN	0.458	0.807	10.0	1.0	0.3229999999999999	127.495	353360	FOLK
NXhJu2soxDvwwocP	FOLK	EN	0.5820000000000001	0.737	4.0	0.0	0.361	127.589	207000	FOLK
qh6jt9FNRfyksMkX	FOLK,SINGER-SONGWRITER,VIOLIN	EN	0.47	0.378	4.0	0.0	0.519	149.414	189360	FOLK
AfYT41a8tQqQWIAd	FOLK,SINGER-SONGWRITER	EN	0.512	0.451	1.0	1.0	0.496	97.373	163920	FOLK
OUsxJAxsz6DP2ejv	DEATH METAL,METAL,FOLK METAL,MELODIC DEATH METAL,FINNISH METAL	EN	0.416	0.983	11.0	1.0	0.264	100.03	314277	FOLK
niRBN14d2jkTn4Tj	FOLK,SINGER-SONGWRITER,FREAK FOLK	EN	0.39	0.173	8.0	0.0	0.135	139.023	174627	FOLK
KE4uuZ65eme1Lt73	FOLK,INDIE FOLK	EN	0.34	0.423	9.0	1.0	0.14	122.563	303627	FOLK
LVp23Bh9px19Zsgp	FOLK	EN	0.376	0.325	4.0	1.0	0.211	154.563	229227	FOLK
gGI2OvtMbUb3T6vZ	FOLK,AMBIENT	EN	0.174	0.662	4.0	0.0	0.346	92.664	255133	FOLK
e1xmF8JiM8xjAqZK	SINGER-SONGWRITER,FOLK	EN	0.679	0.177	7.0	0.0	0.311	130.07399999999998	188461	FOLK
bIUPiGvDzeosyz1t	FOLK,SOUNDTRACK	EN	0.693	0.477	5.0	1.0	0.31	122.06	173627	FOLK
v7xMKp3FcGjNkMXr	FOLK,SINGER-SONGWRITER,INDIE FOLK	EN	0.405	0.265	7.0	1.0	0.0549	119.75	229840	FOLK
uA2BhgDFPLOU0FfX	COUNTRY,FOLK,SINGER-SONGWRITER	EN	0.518	0.401	9.0	0.0	0.171	92.148	216533	FOLK
gfDgeACtNn0dFJzW	LO-FI,FOLK,EXPERIMENTAL	EN	0.606	0.725	0.0	1.0	0.752	123.048	290787	FOLK
MrWJVdIT46mOZx1D	FOLK	EN	0.551	0.0345	9.0	1.0	0.23	134.417	227627	FOLK
cXdxPycdCjuyBJTF	FOLK,FOLK,SINGER-SONGWRITER	EN	0.738	0.5539999999999999	2.0	1.0	0.645	94.192	192333	FOLK
vC8ZIGa4RJitBIkt	FOLK,FOLK,SINGER-SONGWRITER	EN	0.473	0.456	3.0	1.0	0.182	123.243	173413	FOLK
4Sr1HZkpT2sgkxNU	FOLK,SINGER-SONGWRITER	EN	0.6459999999999999	0.159	4.0	1.0	0.17	108.122	191787	FOLK
ag1mdpXyyDRTfLzQ	FOLK,SINGER-SONGWRITER	EN	0.453	0.194	6.0	0.0	0.146	136.088	234760	FOLK
UzvjtClPDg84BiU0	FOLK,SINGER-SONGWRITER	EN	0.324	0.232	5.0	1.0	0.152	104.835	233049	FOLK
tuVuevSruBl6Qxko	FOLK,SINGER-SONGWRITER	EN	0.563	0.606	11.0	1.0	0.425	150.0	248253	FOLK
io5SpEq5ZWLFVyOG	EXPERIMENTAL,AMBIENT,EXPERIMENTAL,FREAK FOLK	EN	0.633	0.565	11.0	1.0	0.77	109.951	325155	FOLK
riCFWqUphzMQLL3l	CELTIC,FOLK	EN	0.378	0.268	9.0	0.0	0.349	116.1	313827	FOLK
mE8xiqPlNUe467hh	POWER METAL,FOLK METAL,MEDIEVAL	EN	0.484	0.941	7.0	0.0	0.2	122.012	306047	FOLK
E2ActxBovdJxhyKx	COUNTRY,FOLK	EN	0.547	0.972	11.0	0.0	0.392	121.03	222733	FOLK
uNUUSzPrGbBa1Zhf	FOLK,BLUEGRASS,COUNTRY	EN	0.485	0.324	5.0	1.0	0.187	142.011	314680	FOLK
PoRyRrygwNsofRJX	FOLK,SINGER-SONGWRITER	EN	0.5329999999999999	0.166	6.0	0.0	0.306	135.44799999999998	179387	FOLK
LgQnvlOklgmIIl74	FOLK,HARDCORE,INDIE FOLK	EN	0.39	0.055	11.0	0.0	0.0396	111.837	142387	FOLK
XQgwbnUiePIJZHJ7	FOLK	EN	0.605	0.361	7.0	1.0	0.398	124.087	151467	FOLK
HF0m0OoUtut54TEf	FOLK	EN	0.575	0.5539999999999999	4.0	1.0	0.442	96.74	206147	FOLK
fgEMYMem28ncjc7K	EXPERIMENTAL,DARK AMBIENT,NEOFOLK,FOLK,EXPERIMENTAL,FOLK	EN	0.443	0.388	9.0	0.0	0.0631	92.226	246757	FOLK
Pq4j69zl58pHsqbV	FOLK,SINGER-SONGWRITER,FREAK FOLK	EN	0.445	0.56	4.0	0.0	0.162	104.007	302576	FOLK
mrJCd6pYnqHUZfo4	FOLK,SINGER-SONGWRITER,INDIE FOLK	EN	0.593	0.343	6.0	1.0	0.452	112.677	261467	FOLK
TmgzNAsN7rX3RsML	FOLK	EN	0.411	0.815	10.0	1.0	0.434	142.36	236867	FOLK
bR1Y4MnKzFoKsQUT	FOLK,SINGER-SONGWRITER	EN	0.48	0.55	4.0	0.0	0.0765	140.02	204784	FOLK
d2c3hiSWbVRtXqKq	COUNTRY,FOLK,SINGER-SONGWRITER	EN	0.219	0.43	9.0	1.0	0.495	180.05	216173	FOLK
Q8f6rkRu21Zo6e7Q	FOLK,EASY LISTENING	EN	0.364	0.207	0.0	1.0	0.138	65.907	345747	FOLK
pltjArPcBvGvAJ7L	NEOFOLK,FOLK,POST-PUNK,LO-FI	EN	0.606	0.7659999999999999	11.0	0.0	0.743	135.026	302000	FOLK
rqZofMvdq7joZCN9	FOLK,INDIE FOLK	EN	0.244	0.595	7.0	1.0	0.225	106.397	339331	FOLK
lD4PXLYbHOt4lqhz	FOLK,SINGER-SONGWRITER	EN	0.471	0.114	9.0	0.0	0.109	113.105	350213	FOLK
rLYXeVcSAScTwCBz	VIKING METAL,FOLK METAL,MELODIC DEATH METAL,METAL	EN	0.253	0.952	5.0	0.0	0.414	140.019	309627	FOLK
1zlRbs9j8HJPc6LF	FOLK,FOLK	EN	0.364	0.308	4.0	1.0	0.389	73.331	191773	FOLK
Ii6ar2jKKkwizy9x	FOLK	EN	0.512	0.612	6.0	1.0	0.371	88.271	258000	FOLK
g5rxBAeXpjjLmItl	FOLK	EN	0.802	0.417	11.0	1.0	0.39	104.059	220027	FOLK
K7v5nJIGuwUs7Rxs	PROGRESSIVE METAL,FOLK METAL,MELODIC DEATH METAL	EN	0.407	0.968	2.0	1.0	0.193	134.876	379198	FOLK
5Rq2gDfcsMhwTjf6	COUNTRY,FOLK	EN	0.723	0.564	5.0	1.0	0.963	102.581	244760	FOLK
1Ff2jDfleAMkK0mP	FOLK,NEW WEIRD AMERICA,FREAK FOLK	EN	0.7140000000000001	0.445	11.0	0.0	0.447	123.417	280987	FOLK
Itmm37WG9QTJvCvL	FOLK	EN	0.75	0.322	0.0	1.0	0.289	116.983	195173	FOLK
g3S4bon3RoqJxaOZ	FOLK	EN	0.7170000000000001	0.455	5.0	1.0	0.389	127.81	200733	FOLK
UM7ijUEdNDdhYaKK	FOLK,SINGER-SONGWRITER	EN	0.344	0.821	0.0	1.0	0.7609999999999999	205.418	286440	FOLK
zD2zwpRSfnvd4UjH	FOLK,SINGER-SONGWRITER	EN	0.617	0.376	10.0	0.0	0.146	116.929	300200	FOLK
yJ3SFaQ6AS3xLIlH	FOLK,INDIE FOLK	EN	0.585	0.628	6.0	1.0	0.621	119.922	199280	FOLK
EztfwXOyhjXlODkg	FOLK	EN	0.389	0.314	2.0	1.0	0.107	95.641	228080	FOLK
E6DcypAdOlwYws02	FOLK,SINGER-SONGWRITER	EN	0.5479999999999999	0.64	10.0	0.0	0.392	108.326	197520	FOLK
VF1RU45FsMfbNhtb	FOLK	EN	0.527	0.481	4.0	1.0	0.377	115.854	229280	FOLK
M6edYCZjdlD3ielP	SYMPHONIC METAL,PROGRESSIVE METAL,METAL,FOLK METAL,GOTHIC METAL	EN	0.484	0.946	4.0	1.0	0.357	140.009	377143	FOLK
F9AIbxKtb5pNZErY	FOLK,FOLK,SINGER-SONGWRITER	EN	0.636	0.195	7.0	1.0	0.109	131.565	136840	FOLK
o76MQpjSE2O4bZoE	SINGER-SONGWRITER,FOLK	EN	0.486	0.732	6.0	1.0	0.396	138.78	219507	FOLK
r9DMlukIeoTtB2eI	SYMPHONIC METAL,FOLK METAL,METAL	EN	0.259	0.5479999999999999	9.0	0.0	0.351	78.793	500013	FOLK
DKZ2FkHbI4KcJ3Bf	CELTIC,FOLK,NEW AGE	EN	0.452	0.479	7.0	1.0	0.327	166.078	296480	FOLK
vtvApSGw21hthi9s	FOLK,SINGER-SONGWRITER	EN	0.485	0.618	2.0	1.0	0.456	130.234	179480	FOLK
SabRsaAEfk7HojaC	SINGER-SONGWRITER,FOLK	EN	0.439	0.647	11.0	1.0	0.5670000000000001	153.93200000000004	288627	FOLK
3scAS8oeAyKzNM8E	FOLK,SINGER-SONGWRITER,FOLK	EN	0.79	0.413	5.0	0.0	0.5589999999999999	99.898	250987	FOLK
dzRazhEXo9OT1EXy	FOLK	EN	0.461	0.414	9.0	0.0	0.204	96.177	336253	FOLK
AroELicy4S1Y5KPG	FOLK	EN	0.414	0.52	7.0	1.0	0.6459999999999999	121.039	76400	FOLK
wJAyQ1k0Qf6QsKhz	FOLK	EN	0.425	0.616	4.0	1.0	0.532	89.705	193787	FOLK
T9dsIJDP1nbtj4EW	FOLK,LO-FI,SINGER-SONGWRITER	EN	0.723	0.4	2.0	1.0	0.691	133.545	171333	FOLK
F399DU8MONX53kWN	FOLK	EN	0.517	0.6859999999999999	3.0	1.0	0.238	126.524	273853	FOLK
1EHk0DaihLrUaHUg	FOLK,INDIE FOLK	EN	0.339	0.589	4.0	1.0	0.728	201.501	232147	FOLK
3JCDZwA9BmuCVq7H	FOLK,SINGER-SONGWRITER,FOLK,SINGER-SONGWRITER	EN	0.496	0.0672	3.0	1.0	0.176	114.059	267160	FOLK
b7lLZhszwuSraItZ	FOLK	EN	0.6890000000000001	0.324	3.0	0.0	0.441	160.08	252227	FOLK
ZigTOrUbQHIrd4RN	FOLK,ALTERNATIVE COUNTRY	EN	0.391	0.153	6.0	1.0	0.217	113.295	240609	FOLK
gL9VkGgGyUv3bmL7	SINGER-SONGWRITER,FOLK	EN	0.557	0.639	4.0	0.0	0.518	74.455	262853	FOLK
Y4A0RrupXXTU2QkO	FOLK	EN	0.607	0.453	0.0	0.0	0.26	126.885	219383	FOLK
8hKqc849UZxfLaW2	FOLK	EN	0.581	0.149	2.0	1.0	0.281	117.329	174334	FOLK
VPovPDNbqZMXRQLg	FOLK,SINGER-SONGWRITER	EN	0.444	0.183	2.0	0.0	0.253	134.968	152068	FOLK
NAj5fsU2ffWJeDQq	SINGER-SONGWRITER,FOLK	EN	0.406	0.449	3.0	0.0	0.335	140.00799999999998	258531	FOLK
dDISVygvAfbTFzTJ	FOLK,NEOFOLK,LO-FI	EN	0.246	0.286	0.0	0.0	0.0385	118.307	362500	FOLK
3vkLHHwd18SRCOH3	INDIE FOLK	EN	0.329	0.481	1.0	0.0	0.271	152.567	313893	FOLK
9t202qicApvyX1fZ	FOLK	EN	0.503	0.54	10.0	1.0	0.4270000000000001	123.746	312773	FOLK
uXSJACqfErseJez9	FOLK,SINGER-SONGWRITER	EN	0.637	0.185	11.0	0.0	0.43	95.367	176280	FOLK
F7l0H2aJuswPHlcQ	FOLK	EN	0.6940000000000001	0.24	11.0	0.0	0.436	148.817	271973	FOLK
xvj7UK0qMXo5XdGN	FOLK,SINGER-SONGWRITER,INDIE FOLK	EN	0.381	0.639	4.0	0.0	0.128	136.55	258561	FOLK
JQnyjFdlaX5xppOg	FOLK,SINGER-SONGWRITER	EN	0.767	0.9	0.0	1.0	0.605	139.14600000000002	190427	FOLK
yMrvJNtwUgWbpbX2	FOLK,SINGER-SONGWRITER	EN	0.46	0.438	4.0	1.0	0.246	127.365	267467	FOLK
ZL2st1HhlU1HYtsc	FOLK,INDIE FOLK,SINGER-SONGWRITER	EN	0.6709999999999999	0.195	9.0	0.0	0.639	121.691	165013	FOLK
wmRapt56AKvfixAK	FOLK	EN	0.611	0.33	7.0	1.0	0.418	150.075	232400	FOLK
oDNfrEIMQQTLnFrY	FOLK,SINGER-SONGWRITER	EN	0.5770000000000001	0.447	6.0	1.0	0.261	81.005	261640	FOLK
1U8IQ1OlBN1FQNwa	FOLK,INDIE FOLK	EN	0.346	0.546	9.0	0.0	0.131	128.569	228040	FOLK
DR7xnX41sjqW1Xzn	FOLK	EN	0.39	0.746	5.0	1.0	0.37	113.427	225480	FOLK
SvkdoiwoFL9XirAX	FOLK	EN	0.358	0.757	6.0	1.0	0.196	121.245	252293	FOLK
uMIX98uD3YeR0EHx	FOLK	EN	0.464	0.296	5.0	1.0	0.396	160.509	256573	FOLK
s4vP996HH5nNblET	FOLK METAL,MELODIC DEATH METAL,CELTIC METAL	EN	0.402	0.985	4.0	0.0	0.103	104.881	311027	FOLK
6WDss5wrmj5E9Bpe	FOLK METAL,BLACK METAL,METAL,BLACK METAL,FOLK METAL	EN	0.219	0.769	2.0	1.0	0.106	104.609	556280	FOLK
7xbi3ICIo8pYrOv0	FOLK	EN	0.418	0.403	0.0	1.0	0.149	105.801	303653	FOLK
gcTJhtfwVFuQ7DNJ	FOLK,SINGER-SONGWRITER	EN	0.517	0.396	3.0	1.0	0.522	118.778	284640	FOLK
cgRXAWsKXasz5YTJ	FOLK	EN	0.416	0.295	10.0	1.0	0.522	108.211	203760	FOLK
SMnJLcXL9Cz7aYjN	FOLK	EN	0.283	0.221	6.0	0.0	0.0983	100.416	207441	FOLK
3e3y0H3NDJ5SMMcT	FOLK,SINGER-SONGWRITER,FOLK	EN	0.475	0.264	10.0	1.0	0.135	81.92200000000003	114120	FOLK
LLjssYSc6tyEG3lH	SINGER-SONGWRITER,FOLK	EN	0.562	0.191	5.0	1.0	0.331	116.111	256587	FOLK
ASV8lsgrJgmlnBRl	FOLK	EN	0.415	0.703	11.0	0.0	0.5770000000000001	82.49700000000001	152718	FOLK
5L1qAvAHHEps3Oao	NEOFOLK	EN	0.422	0.405	4.0	0.0	0.384	94.491	153253	FOLK
B6e3ZZoy0HPAfU8s	FOLK	EN	0.6459999999999999	0.297	11.0	0.0	0.181	110.963	224600	FOLK
42Bky31sjjiiVCBR	FOLK	EN	0.501	0.312	1.0	1.0	0.402	107.611	165133	FOLK
TkgQ5lfSvggyXDpX	FOLK,SINGER-SONGWRITER	EN	0.58	0.433	2.0	1.0	0.362	102.108	307013	FOLK
o9D9MMkyUh8R50ea	FOLK,FOLK,SINGER-SONGWRITER	EN	0.43	0.297	4.0	1.0	0.121	100.002	223974	FOLK
J2aMgQXqfLPjijAH	VIKING METAL,BLACK METAL,PROGRESSIVE METAL,FOLK METAL,BLACK METAL,VIKING METAL,PROGRESSIVE METAL	EN	0.29	0.866	2.0	1.0	0.181	116.323	267560	FOLK
0GiJDgr0yn2ctll9	FOLK,ALTERNATIVE METAL,MELODIC DEATH METAL,NU METAL,METAL	EN	0.355	0.649	9.0	1.0	0.499	102.712	224867	FOLK
22zx3DPQLZjxfmUr	FOLK,DRONE,AMBIENT,EXPERIMENTAL	EN	0.446	0.461	7.0	0.0	0.261	83.146	255076	FOLK
S7FdjNM6mlEXXKgE	MELODIC DEATH METAL,FOLK METAL,VIKING METAL,POWER METAL	EN	0.235	0.865	9.0	0.0	0.272	186.892	474477	FOLK
XmlC4NgXRgmHTWAt	FOLK	EN	0.695	0.205	10.0	0.0	0.374	97.009	245653	FOLK
hsItldmVR7LqXanu	FOLK METAL,FOLK,MELODIC DEATH METAL,CELTIC METAL,FOLK METAL,MELODIC DEATH METAL	EN	0.307	0.993	11.0	0.0	0.145	124.532	299009	FOLK
GyNthQHjWq9R4U30	FOLK,SINGER-SONGWRITER	EN	0.631	0.0712	10.0	1.0	0.451	118.083	233933	FOLK
JpRavig9RX5bDRdI	FOLK,AMBIENT	EN	0.37	0.285	1.0	0.0	0.104	125.902	350253	FOLK
riEv2XTl7wpxMbW6	FOLK,SINGER-SONGWRITER	EN	0.328	0.264	3.0	0.0	0.0671	143.767	217493	FOLK
8jyHfOooT6XTzuoI	FOLK,BLUEGRASS,COUNTRY	EN	0.611	0.621	0.0	1.0	0.336	132.013	221413	FOLK
OqVFiTyVf5wR5FNq	SINGER-SONGWRITER,FOLK	EN	0.621	0.487	6.0	1.0	0.38	82.602	207787	FOLK
FQjPm0z8ocv1u63k	FOLK	EN	0.747	0.265	1.0	1.0	0.2	138.017	229653	FOLK
bTXs01MwD3jsDgCO	LO-FI,FOLK,EXPERIMENTAL	EN	0.402	0.406	5.0	1.0	0.243	109.946	332880	FOLK
Ii9Of30ixb6VrAmM	FOLK,ALTERNATIVE METAL,MELODIC DEATH METAL,NU METAL,METAL	EN	0.332	0.307	6.0	1.0	0.161	87.03200000000002	270502	FOLK
uIi8OwFL9JkBnwMT	FOLK	EN	0.546	0.727	8.0	1.0	0.417	90.036	182093	FOLK
LB8Oem8c4TM5wpqv	FOLK,SINGER-SONGWRITER	EN	0.462	0.275	10.0	0.0	0.14	111.334	242978	FOLK
g7IgIwyIAX1SaGCv	FOLK,COUNTRY,SINGER-SONGWRITER	EN	0.43	0.1369999999999999	0.0	1.0	0.371	132.958	295107	FOLK
fvTwUTcsNvZ6Rl6U	FOLK	EN	0.64	0.388	1.0	1.0	0.257	95.914	267840	FOLK
VwuMn8DPRQiLc4oD	AMBIENT,NEOFOLK	EN	0.171	0.6709999999999999	7.0	1.0	0.373	90.609	294253	FOLK
NdvXoWRPOO1gyvES	FOLK,FOLK,INDIE FOLK	EN	0.747	0.5760000000000001	3.0	1.0	0.476	120.004	234093	FOLK
C9QUSSUfYMR8REX9	FOLK	EN	0.502	0.483	8.0	1.0	0.243	92.579	254547	FOLK
Su0GSnwnYR2CZkpT	FOLK	EN	0.609	0.491	7.0	1.0	0.7040000000000001	152.981	162084	FOLK
6AP9tMTTDf7hxqpY	FOLK	EN	0.433	0.863	4.0	1.0	0.54	82.99799999999998	240253	FOLK
2QDxhoVmjRkw6NVb	FOLK,SINGER-SONGWRITER	EN	0.625	0.4320000000000001	5.0	1.0	0.5379999999999999	98.002	182806	FOLK
wopYmXDRTHaJa8ye	FOLK	EN	0.14	0.37	5.0	1.0	0.0364	64.69800000000001	354333	FOLK
j2dUTA5e83JR0fnL	FOLK,SINGER-SONGWRITER,BLUEGRASS	EN	0.468	0.621	9.0	1.0	0.262	81.433	236400	FOLK
sl2dNmYLJ1Vgg4U4	NEOFOLK,DARK AMBIENT	EN	0.426	0.861	11.0	0.0	0.191	110.035	428053	FOLK
kkeGbifrJJ3HuMdb	FOLK METAL,POWER METAL	EN	0.454	0.978	4.0	0.0	0.436	159.996	264867	FOLK
6LedXIsPVtcEY9d3	FOLK,LO-FI,INDIE FOLK	EN	0.399	0.0925	9.0	1.0	0.175	163.797	124387	FOLK
llujutyR2r0s9Wbo	DRAMA,FOLK	EN	0.534	0.529	10.0	1.0	0.419	132.41	318973	FOLK
bG463yDnhIpHkapD	FOLK,SINGER-SONGWRITER	EN	0.454	0.5660000000000001	7.0	1.0	0.424	136.165	262258	FOLK
0lS01YkgsnwAHs9c	FOLK	EN	0.381	0.107	5.0	1.0	0.161	79.271	169534	FOLK
pXlFEGCT6fukZDIn	FOLK	EN	0.525	0.461	5.0	0.0	0.202	147.997	216052	FOLK
0ZDwbIxO5m6JVWjI	FOLK,INDIE FOLK,FOLK	EN	0.44	0.276	0.0	1.0	0.077	79.907	339720	FOLK
PuEmQuxdPCUjIOF5	SINGER-SONGWRITER,SHOEGAZE,FOLK	EN	0.733	0.745	0.0	1.0	0.81	94.635	233360	FOLK
rLYI5t0gd4qyzQyJ	FOLK,SINGER-SONGWRITER	EN	0.602	0.504	8.0	1.0	0.557	126.002	247613	FOLK
UxD5GLJZuZwH2hos	COUNTRY,FOLK	EN	0.573	0.431	5.0	0.0	0.642	97.371	241957	FOLK
oH9LsqGPOipPnUBj	FOLK,EXPERIMENTAL,FOLK	EN	0.59	0.665	5.0	0.0	0.222	98.526	164471	FOLK
Cgkf4YUoXFINsrTk	FOLK	EN	0.652	0.568	7.0	1.0	0.856	168.18200000000004	117667	FOLK
ak62fhpHYcJgWeVu	FOLK,SINGER-SONGWRITER	EN	0.585	0.19	8.0	1.0	0.3720000000000001	90.464	137800	FOLK
CqRGldJNkjZMJiIG	FOLK,INDIE FOLK	EN	0.726	0.58	5.0	0.0	0.486	117.115	261813	FOLK
7QeHkjhIe3HrVam4	CELTIC PUNK,FOLK PUNK	EN	0.465	0.957	0.0	1.0	0.6779999999999999	103.447	166960	FOLK
CTdXIIySOr8MXBGF	FOLK,SINGER-SONGWRITER,SINGER-SONGWRITER,FOLK	EN	0.8029999999999999	0.168	9.0	0.0	0.0892	84.99	307613	FOLK
mBipVmdDwFP4RNOg	FOLK,INDIE FOLK	EN	0.267	0.38	2.0	1.0	0.214	145.317	197600	FOLK
8XxtWbj4cmbrGotb	FOLK,SINGER-SONGWRITER,INDIE FOLK	EN	0.455	0.401	11.0	0.0	0.0751	80.95	315600	FOLK
11QBhFpXtB4X5Aj7	FOLK,SINGER-SONGWRITER,FOLK,SINGER-SONGWRITER	EN	0.624	0.22	7.0	0.0	0.371	170.107	212424	FOLK
1mOKii25oS4ECGKp	COUNTRY,FOLK,SINGER-SONGWRITER,BLUEGRASS	EN	0.524	0.483	0.0	1.0	0.578	114.768	242960	FOLK
Opcn5sv1HmOZ7mU8	FOLK	EN	0.452	0.348	5.0	1.0	0.4320000000000001	150.648	174760	FOLK
UuuX7G7Js8c9oBp9	FOLK,SINGER-SONGWRITER	EN	0.439	0.109	9.0	0.0	0.328	147.276	276747	FOLK
VHlDw77EpQHbr399	FOLK	EN	0.544	0.339	1.0	1.0	0.142	127.136	253493	FOLK
ALXfb4rrSBk2Bme2	INDIE FOLK,FOLK,SINGER-SONGWRITER	EN	0.205	0.206	0.0	1.0	0.0934	89.08	276692	FOLK
4vaN72AjXOyyDEgF	FOLK,SINGER-SONGWRITER	EN	0.767	0.458	8.0	1.0	0.483	88.55	324720	FOLK
IV3PX9WQt89aEW2v	FOLK,LO-FI,FOLK,LO-FI	EN	0.619	0.299	2.0	1.0	0.31	115.405	251960	FOLK
KJg2bqLTVTM01PII	FOLK,SINGER-SONGWRITER	EN	0.311	0.417	7.0	1.0	0.254	115.418	698173	FOLK
tFCydMi5EW2rCXwF	SINGER-SONGWRITER,FOLK	EN	0.515	0.64	6.0	1.0	0.314	111.157	272200	FOLK
wrI9JqW5QctHVyVI	FOLK,SINGER-SONGWRITER	EN	0.654	0.326	5.0	1.0	0.5479999999999999	116.103	281178	FOLK
xJhII6YMbTT4IJdo	FOLK,SINGER-SONGWRITER,INDIE FOLK	EN	0.531	0.289	2.0	1.0	0.119	129.747	393962	FOLK
8d4xBtniEL3B1AqU	FOLK,SINGER-SONGWRITER	EN	0.551	0.179	3.0	1.0	0.356	100.313	223267	FOLK
O2noE0qoPUZUBJEs	FOLK,SINGER-SONGWRITER	EN	0.333	0.232	11.0	1.0	0.196	120.472	191707	FOLK
RMax1WPFxWHQWVIn	FOLK	EN	0.423	0.333	2.0	1.0	0.0954	83.01899999999998	253039	FOLK
Fv4Dk7XRYavqSV9G	FOLK,SINGER-SONGWRITER	EN	0.458	0.286	4.0	0.0	0.51	93.958	307373	FOLK
9qVaygDepqS4Nc0F	SINGER-SONGWRITER,FOLK	EN	0.637	0.352	4.0	0.0	0.228	120.048	243120	FOLK
KQAkGGINziZsT2fW	INDIE FOLK,SINGER-SONGWRITER,FOLK,LO-FI	EN	0.408	0.413	9.0	1.0	0.48	94.408	243205	FOLK
oZOssQMiWjvMbJYB	COUNTRY,FOLK	EN	0.61	0.307	9.0	1.0	0.487	141.023	261107	FOLK
MHA4yk5wtvEwajGA	INDIE FOLK	EN	0.619	0.741	5.0	1.0	0.923	99.475	163840	FOLK
V8DPBYhAj5JqQjVM	FOLK,INDIE FOLK,FOLK	EN	0.42	0.355	3.0	0.0	0.362	115.767	195076	FOLK
mbA7Jz2HsW3WzPQg	FOLK,AMBIENT	EN	0.415	0.61	6.0	1.0	0.254	112.519	327929	FOLK
nL5OISo1ClBQrJ2y	INDIE FOLK	EN	0.887	0.584	11.0	1.0	0.677	114.016	313684	FOLK
WQfpsmHIseOjWwCB	FOLK,INDIE FOLK,COUNTRY	EN	0.458	0.256	2.0	0.0	0.317	140.61700000000002	184932	FOLK
hzKVQKbAvrbJWArP	SINGER-SONGWRITER,FOLK	EN	0.575	0.189	2.0	0.0	0.354	90.461	138227	FOLK
KUE8GBXk7vdlZjoM	FOLK,SINGER-SONGWRITER,FOLK	EN	0.415	0.602	9.0	1.0	0.513	134.793	298577	FOLK
yy79Nm7dggEeo4jb	DOOM METAL,FOLK METAL,PROGRESSIVE METAL,DOOM METAL,FOLK METAL,BLACK METAL	EN	0.388	0.8390000000000001	7.0	0.0	0.158	132.054	629721	FOLK
d4D3FAnPxZjJSiF9	FOLK	EN	0.499	0.47	6.0	0.0	0.277	145.076	296760	FOLK
QKtqOEayujT7uiN8	FOLK	EN	0.245	0.64	2.0	0.0	0.105	135.739	255133	FOLK
MsPLVds6E2WqDsQe	FOLK,INDIE FOLK	EN	0.373	0.475	4.0	1.0	0.123	100.354	249080	FOLK
Gp3Yg6mzFF0B0S1y	FOLK,SINGER-SONGWRITER,INDIE FOLK,FOLK,SINGER-SONGWRITER	EN	0.251	0.355	5.0	0.0	0.187	75.85300000000002	255170	FOLK
Be1AmsfHJ3H8kfAh	FOLK,SINGER-SONGWRITER	EN	0.389	0.0968	1.0	1.0	0.216	161.141	186906	FOLK
wM1bJx0vG61oifpB	FOLK	EN	0.478	0.394	4.0	0.0	0.158	141.159	258464	FOLK
JA1tWKcLysuUi2nl	FOLK	EN	0.6659999999999999	0.7859999999999999	0.0	1.0	0.6	117.126	249907	FOLK
HorAOZfYPgRKaQuC	FOLK	EN	0.528	0.309	5.0	1.0	0.603	156.745	177493	FOLK
rYCy3gkDWTwQ0KAr	EXPERIMENTAL,FOLK,EXPERIMENTAL	EN	0.6970000000000001	0.672	9.0	0.0	0.443	129.935	260000	FOLK
zHPB5eEbKjsJIGCU	SINGER-SONGWRITER,FOLK	EN	0.201	0.285	9.0	1.0	0.417	85.35799999999998	224680	FOLK
xWRgbbY1JVJtej0M	PSYCHEDELIC FOLK	EN	0.395	0.428	6.0	0.0	0.161	126.315	217707	FOLK
hxgj8Z4MKlnwiWn7	FOLK,LO-FI	EN	0.608	0.5489999999999999	11.0	0.0	0.477	124.439	233908	FOLK
uzQjuQFRBTBzV6Ni	FOLK	EN	0.242	0.35	8.0	0.0	0.0964	145.825	316520	FOLK
NDyfjVXrzUxszRSl	FOLK	EN	0.525	0.319	11.0	0.0	0.378	118.974	245093	FOLK
3tMy8BGMrRUWn48V	FOLK,SINGER-SONGWRITER,FOLK,SINGER-SONGWRITER	EN	0.392	0.295	4.0	1.0	0.472	91.74	232548	FOLK
A1QAicW8Z2Qd8wgZ	FOLK	EN	0.416	0.122	2.0	1.0	0.183	120.71	219120	FOLK
TtdLmeyA79MAiy2g	FOLK,SINGER-SONGWRITER,FOLK,SINGER-SONGWRITER	EN	0.446	0.7440000000000001	9.0	1.0	0.186	81.548	289427	FOLK
n21dLLCVrEA7m6Ez	FOLK	EN	0.274	0.3670000000000001	7.0	1.0	0.213	88.07600000000002	350440	FOLK
GT5yH2LuXyu85bsP	FOLK PUNK,CELTIC PUNK	EN	0.188	0.949	10.0	1.0	0.531	141.099	199093	FOLK
iZertLjJ4E5SBL3k	FOLK	EN	0.664	0.297	3.0	1.0	0.465	121.479	195387	FOLK
CX7CrFIFWRFp6VqC	FOLK,SOUNDTRACK	EN	0.462	0.187	4.0	1.0	0.252	140.096	135444	FOLK
lT9o3PSl2Hh3BDn0	FOLK,SINGER-SONGWRITER	EN	0.487	0.322	0.0	1.0	0.404	108.848	203500	FOLK
HdKH6e7iMeu50cAt	FOLK	EN	0.544	0.422	7.0	1.0	0.327	140.284	183438	FOLK
cyL3c8ZD7DfWazQu	FOLK,LO-FI	EN	0.357	0.241	7.0	1.0	0.324	172.449	259870	FOLK
PfKtDFsWEiTGxfLH	FOLK	EN	0.5870000000000001	0.753	5.0	0.0	0.49	106.011	207347	FOLK
jv7iWWSVAJEqgugg	NEOFOLK,MARTIAL INDUSTRIAL	EN	0.3229999999999999	0.117	0.0	1.0	0.146	63.198	216640	FOLK
EbX09UNnDnwRugho	FOLK	EN	0.7140000000000001	0.45	2.0	0.0	0.735	97.972	245533	FOLK
sT7pfT6vDvhpMFHz	COMEDY,FOLK	EN	0.7240000000000001	0.301	0.0	1.0	0.45	100.838	157501	FOLK
bDcXjWmCqO1tooAv	SINGER-SONGWRITER,FOLK,INDIE FOLK	EN	0.304	0.303	9.0	1.0	0.0847	117.178	299216	FOLK
eXQl3NrY2dai7YEv	FOLK,SINGER-SONGWRITER	EN	0.514	0.182	5.0	1.0	0.319	134.429	150947	FOLK
cOWHM7Mdr9hqTYp8	EXPERIMENTAL,FOLK,EXPERIMENTAL,FOLK	EN	0.516	0.349	6.0	1.0	0.258	68.051	132000	FOLK
hU4TPtmKb6P55W66	FOLK,LO-FI,INDIE FOLK	EN	0.498	0.122	6.0	1.0	0.394	112.927	154213	FOLK
PBVhvpnOoOTrhW6C	FOLK	EN	0.486	0.13	4.0	0.0	0.272	94.277	188467	FOLK
JKCmNj7TVqzqeZgL	NEOFOLK,MARTIAL INDUSTRIAL	EN	0.366	0.5760000000000001	7.0	1.0	0.516	88.353	235107	FOLK
cJtAWyi9XZ2FDdJc	FOLK	EN	0.563	0.0726	0.0	0.0	0.306	77.845	167960	FOLK
klIBtk3sgxrW947O	INDIE FOLK,FOLK	EN	0.551	0.3720000000000001	2.0	1.0	0.537	151.991	139365	FOLK
4iJg0IDs7rCmQuOc	INDIE FOLK	EN	0.352	0.45	5.0	1.0	0.114	86.93700000000003	274200	FOLK
P21CwXz5TODfuIN6	FOLK,MPB,INDIE FOLK	EN	0.588	0.138	2.0	1.0	0.466	94.885	177333	FOLK
9dPc5sl24xAxpJcO	LO-FI,FOLK	EN	0.452	0.265	4.0	1.0	0.0871	111.975	163840	FOLK
9dlPG3vwkyHq8XS4	FOLK,SOUNDTRACK	EN	0.684	0.341	9.0	1.0	0.557	75.94800000000002	159507	FOLK
azkaeX2LO9F0JUPa	FOLK,SINGER-SONGWRITER	EN	0.478	0.321	9.0	1.0	0.394	144.583	201067	FOLK
Qm068CxE17fYdXof	FOLK,SINGER-SONGWRITER,FOLK,SINGER-SONGWRITER	EN	0.545	0.7879999999999999	11.0	1.0	0.647	129.922	301960	FOLK
oUTDOSVzmuGhyfCs	FOLK,INDIE FOLK	EN	0.369	0.691	9.0	1.0	0.322	108.222	198000	FOLK
TunzBjTCyH1mvtMY	SINGER-SONGWRITER,FOLK	EN	0.447	0.208	2.0	1.0	0.511	105.669	202533	FOLK
M43VqCjOKABeafxt	FOLK,SINGER-SONGWRITER	EN	0.58	0.274	0.0	1.0	0.195	60.962	253821	FOLK
5tgYqpyjSawg8ekb	FOLK	EN	0.502	0.723	5.0	0.0	0.519	82.488	189443	FOLK
nnRPIZS6VIyt91Bs	FOLK,SINGER-SONGWRITER	EN	0.58	0.18	4.0	1.0	0.657	129.828	132613	FOLK
R4wdtUoSpMg3D4b8	FOLK,LO-FI,INDIE FOLK	EN	0.5760000000000001	0.0623	4.0	1.0	0.268	104.454	288117	FOLK
UOm3vJtSATn3MZZq	FOLK,SINGER-SONGWRITER	EN	0.5820000000000001	0.195	9.0	0.0	0.198	113.027	204773	FOLK
mSNsbYB7V5nG7td6	FOLK,INDIE FOLK,SINGER-SONGWRITER	EN	0.456	0.241	4.0	1.0	0.133	132.19899999999998	473405	FOLK
Z99UzfQ2obmnkSt0	VIKING METAL,FOLK METAL	EN	0.245	0.8220000000000001	7.0	1.0	0.219	157.659	445173	FOLK
m3n4nt0jvVOtrlDj	FOLK,SINGER-SONGWRITER,BRITISH FOLK	EN	0.508	0.0807	7.0	0.0	0.198	93.402	198485	FOLK
nDKmbHgxGhwxjkGm	FOLK,SINGER-SONGWRITER	EN	0.322	0.371	4.0	0.0	0.346	169.638	277600	FOLK
BzRNZcQlh9Sax3xn	FOLK,SINGER-SONGWRITER,COUNTRY	EN	0.583	0.589	11.0	1.0	0.895	174.247	139893	FOLK
pU2UktebIX3rSCRL	FOLK,INDIE FOLK	EN	0.482	0.35	8.0	1.0	0.374	170.051	190093	FOLK
rsgSmGPgjxKEnUeX	FOLK	EN	0.449	0.948	7.0	1.0	0.785	177.983	122187	FOLK
LO0uzPSnPRwlcQQn	EXPERIMENTAL,FREAK FOLK	EN	0.449	0.855	10.0	1.0	0.0393	119.92	244347	FOLK
rHYcYjr8PY7ss5CW	EXPERIMENTAL,FOLK	EN	0.65	0.43	8.0	1.0	0.581	82.583	163253	FOLK
vXF6F8a0LAmR39bz	FOLK,SINGER-SONGWRITER	EN	0.416	0.369	8.0	1.0	0.794	82.10799999999998	172600	FOLK
KI2ZynkbCFGZB9SU	FOLK,SINGER-SONGWRITER	EN	0.328	0.149	9.0	1.0	0.414	195.624	254747	FOLK
zemHvUemTaCDQb0Z	FOLK	EN	0.631	0.523	9.0	1.0	0.541	103.294	229907	FOLK
Uwgc1uddnIrhqDeW	FOLK,SINGER-SONGWRITER	EN	0.579	0.415	7.0	1.0	0.42	102.713	219093	FOLK
QzfAgLNr8UZa6Hee	NEOFOLK,MARTIAL INDUSTRIAL	EN	0.5329999999999999	0.816	9.0	0.0	0.123	124.911	305360	FOLK
30RWZnxpkhRCO19G	FOLK	EN	0.436	0.0695	7.0	1.0	0.255	97.128	162933	FOLK
pc0mzfrQkhagdQSn	CONTEMPORARY FOLK,LO-FI,CONTEMPORARY FOLK	EN	0.6729999999999999	0.397	1.0	1.0	0.252	100.289	226000	FOLK
N5AprLdlDDSNhGR0	FOLK	EN	0.4320000000000001	0.833	9.0	0.0	0.589	173.81099999999995	229013	FOLK
vgNEii4H9lJZGSN3	SINGER-SONGWRITER,FOLK	EN	0.318	0.7609999999999999	1.0	1.0	0.59	154.106	254200	FOLK
rdFchzwSx7TQzdkF	VIKING METAL,FOLK METAL,METAL,FOLK	EN	0.537	0.813	6.0	1.0	0.78	112.034	319707	FOLK
Es0stFikjKu9pH4j	FOLK,SINGER-SONGWRITER	EN	0.21	0.512	0.0	1.0	0.163	92.943	300240	FOLK
tUGznsMGvOXiXSQS	FOLK	EN	0.536	0.7090000000000001	0.0	1.0	0.29	136.02100000000002	260573	FOLK
HjoBI6q9DUaXGvhN	FOLK PUNK,PUNK,PUNK,FOLK	EN	0.454	0.986	2.0	1.0	0.735	159.971	170147	FOLK
HW1nF1Id0zuivjoe	FOLK,SINGER-SONGWRITER	EN	0.657	0.161	0.0	1.0	0.415	109.002	149960	FOLK
8aKVDTVUXBtrxtEV	FOLK,SINGER-SONGWRITER	EN	0.596	0.19	3.0	1.0	0.176	71.10600000000002	175653	FOLK
PKs95sLX196aSbzl	COUNTRY,COUNTRY,FOLK,SINGER-SONGWRITER	EN	0.381	0.335	2.0	1.0	0.259	83.792	213440	FOLK
aOfdQvs9R3NfsHhE	SINGER-SONGWRITER,FOLK	EN	0.474	0.46	9.0	1.0	0.0902	105.002	333610	FOLK
MyjTsG8ZEZoIGpDP	SINGER-SONGWRITER,INDIE FOLK	EN	0.532	0.192	1.0	1.0	0.212	92.218	196093	FOLK
o1l4EgRv1OOF3aVs	FOLK,SINGER-SONGWRITER	EN	0.229	0.269	1.0	1.0	0.112	180.09	200547	FOLK
Ye26t9CETUO3T12M	FOLK METAL,POWER METAL	EN	0.573	0.962	1.0	1.0	0.862	128.009	190333	FOLK
MhhW7EqSpOlMzQCz	FOLK,CELTIC,SINGER-SONGWRITER	EN	0.4320000000000001	0.249	7.0	1.0	0.489	152.778	454427	FOLK
hCCi0Y08zaEYz0z0	FOLK,SINGER-SONGWRITER	EN	0.635	0.36	1.0	1.0	0.245	120.592	208573	FOLK
kLlPyStcA2XVhPAY	LO-FI,FOLK,EXPERIMENTAL	EN	0.5479999999999999	0.6970000000000001	10.0	0.0	0.597	94.506	346493	FOLK
3sZx1PzsdllIZxkn	NEOFOLK,NEOFOLK,MARTIAL INDUSTRIAL	EN	0.458	0.564	2.0	0.0	0.465	68.994	242880	FOLK
6M6vlrpUfjJpHoqW	FOLK	EN	0.376	0.474	3.0	0.0	0.27	180.196	195040	FOLK
rQ3zp7DBTXFGJnEo	FOLK,SINGER-SONGWRITER	EN	0.524	0.382	7.0	1.0	0.466	91.955	191813	FOLK
jOJvq5w09szoHsJZ	FOLK,SINGER-SONGWRITER	EN	0.34	0.4270000000000001	1.0	1.0	0.404	120.646	203187	FOLK
A8JcVL43n9NCQVGp	FOLK	EN	0.644	0.478	2.0	0.0	0.5479999999999999	126.343	304080	FOLK
v15lxJIkee1JRf0u	FOLK,SINGER-SONGWRITER	EN	0.343	0.422	2.0	0.0	0.127	95.624	131373	FOLK
iVuDC6LS5XlwlV3J	FOLK,SINGER-SONGWRITER	EN	0.687	0.214	8.0	1.0	0.336	120.938	199358	FOLK
VyG9mkv3WZxLCbun	EXPERIMENTAL,FOLK	EN	0.451	0.155	4.0	0.0	0.144	94.995	128773	FOLK
5v7p7JyUviL89A3n	FOLK,SINGER-SONGWRITER,INDIE FOLK	EN	0.667	0.405	2.0	0.0	0.371	128.049	216387	FOLK
XxWbvL0dOUTYQLks	HIP HOP,CONSCIOUS HIP HOP	EN	0.374	0.758	3.0	0.0	0.535	83.821	249534	HIP HOP
ZmXHCROopvjj4Ff0	HIP HOP	EN	0.715	0.794	10.0	1.0	0.604	119.994	260974	HIP HOP
EOq1EBK8EbFBxm8D	HIP HOP	EN	0.742	0.595	9.0	1.0	0.431	101.013	227000	HIP HOP
PtuqSVE1RcsInamg	RAP,HIP HOP,RAP,HIP HOP	EN	0.586	0.539	11.0	0.0	0.197	158.116	161139	HIP HOP
xgsti6EpKVsi68ts	HIP HOP,RAP,RAP	EN	0.7809999999999999	0.526	6.0	0.0	0.662	94.992	235613	HIP HOP
5B0D5yDQSlpsPYqd	HIP HOP,RAP	EN	0.752	0.695	11.0	1.0	0.485	154.998	216762	HIP HOP
gsvE2kAVs83E6oVG	RAP,HIP HOP	EN	0.563	0.6729999999999999	0.0	0.0	0.163	130.032	269125	HIP HOP
2iX3uhcoCtMiQ56d	RAP,HIP HOP	EN	0.7440000000000001	0.43	7.0	1.0	0.286	89.993	186667	HIP HOP
CVki2vQQAo4Muo78	HIP HOP,RAP	EN	0.764	0.603	11.0	0.0	0.5529999999999999	121.773	113187	HIP HOP
AeUjH00du3zQ0W3C	RAP,HIP HOP	EN	0.6859999999999999	0.6920000000000001	0.0	0.0	0.649	173.78	269357	HIP HOP
HNHhc2o9xcEku1WP	RAP,HIP HOP	EN	0.632	0.792	5.0	0.0	0.249	74.165	231669	HIP HOP
uu3asNEhI03McMm7	RAP,HIP HOP,EMO	EN	0.564	0.64	6.0	0.0	0.281	94.026	292527	HIP HOP
Rj8urccpwmj5kSuO	RAP,HIP HOP,HOUSE,HIP HOUSE	EN	0.913	0.809	5.0	0.0	0.455	121.934	215600	HIP HOP
84JjO4qTzNMeHRgF	RAP,COMEDY,HIP HOP	EN	0.831	0.514	7.0	1.0	0.397	114.94	244340	HIP HOP
KQktWUnTWlOwZoBc	COMEDY,RAP,HIP HOP	EN	0.823	0.731	3.0	1.0	0.877	90.3	195693	HIP HOP
Htjn35FpZQVQQVaP	HIP HOP,SOUL	EN	0.645	0.6579999999999999	1.0	1.0	0.19	77.021	259144	HIP HOP
LCEgBhV1p3bROQxq	HIP HOP	EN	0.6509999999999999	0.927	1.0	1.0	0.705	145.045	216400	HIP HOP
74k8qdan0o4DFa7L	RAP,HIP HOP	EN	0.504	0.856	11.0	0.0	0.335	101.866	198280	HIP HOP
1czndztZjHgIwLqi	RAP,HIP HOP,RAP,HIP HOP	EN	0.419	0.66	5.0	1.0	0.733	86.052	199610	HIP HOP
gtCFUfcXd1swCTH6	HIP HOP	EN	0.613	0.485	8.0	1.0	0.165	170.18200000000004	128000	HIP HOP
eAou7WQoHsCJHj7i	RAP,HIP HOP	EN	0.8690000000000001	0.68	1.0	1.0	0.815	85.51899999999998	268400	HIP HOP
dFlCMQDiNTxgEjye	HIP HOP	EN	0.574	0.937	1.0	1.0	0.7290000000000001	68.167	170000	HIP HOP
va7QDv2nHuipZfOm	ABSTRACT HIP HOP,NOISE,EXPERIMENTAL HIP HOP,HARDCORE HIP HOP	EN	0.716	0.5770000000000001	0.0	1.0	0.0345	132.10399999999998	265978	HIP HOP
h5va64hXVPyGJMQT	RAP,HIP HOP	EN	0.789	0.451	11.0	0.0	0.215	89.883	319400	HIP HOP
6RilOB3yVjrkxxLG	HIP HOP,RAP	EN	0.846	0.452	2.0	1.0	0.52	145.952	131493	HIP HOP
zeFkrDqTbAAfKNnN	HIP HOP	EN	0.708	0.7490000000000001	2.0	1.0	0.382	96.016	223333	HIP HOP
48syBzChA77b6t8c	HIP HOP	EN	0.381	0.5920000000000001	7.0	1.0	0.6729999999999999	84.97399999999998	67520	HIP HOP
9CuEQRYVaaGpgOGn	RAP,HIP HOP	EN	0.609	0.655	1.0	0.0	0.316	160.415	208867	HIP HOP
Ks9hm3Z4kWDOsjDl	RAP,HIP HOP,RAP,HIP HOP	EN	0.8170000000000001	0.45	6.0	1.0	0.769	90.104	86507	HIP HOP
uwCu1t9SHXlahETo	HIP HOP	EN	0.947	0.602	0.0	1.0	0.347	103.961	186453	HIP HOP
7oMmK7KU8E9v7KjU	RAP,HIP HOP	EN	0.407	0.835	1.0	0.0	0.649	79.805	261080	HIP HOP
KEOiMjMep1j0WpQ0	EMO,RAP,HIP HOP	EN	0.45	0.332	0.0	1.0	0.0636	59.957	129730	HIP HOP
rHfOnphVW5ceQhqZ	RAP,HIP HOP	EN	0.374	0.7490000000000001	4.0	0.0	0.299	168.24900000000005	212507	HIP HOP
NEF3uCUMNHnrrSEU	RAP,HIP HOP	EN	0.7959999999999999	0.716	0.0	1.0	0.505	102.07	319600	HIP HOP
E20MG4u2jyYy4aSq	RAP,HIP HOP	EN	0.679	0.706	11.0	1.0	0.316	140.968	188951	HIP HOP
QRDB2vfDc0Zoxx3k	RAP,HIP HOP	EN	0.784	0.43	10.0	0.0	0.236	127.087	159382	HIP HOP
AFS9IOxKup7q3h8o	RAP,HIP HOP,HORRORCORE	EN	0.784	0.846	10.0	0.0	0.67	75.145	319973	HIP HOP
vDlIDLdkf3dQmETG	HIP HOP,ALTERNATIVE HIP HOP	EN	0.84	0.525	2.0	1.0	0.189	130.037	177000	HIP HOP
0cuo4JAsQZ337r1q	RAP,HIP HOP	EN	0.4920000000000001	0.26	9.0	0.0	0.312	111.519	347227	HIP HOP
MnchRovxNb18lwet	HIP HOP	EN	0.728	0.601	1.0	0.0	0.22	146.0	256251	HIP HOP
M0Ff1SNwxtZBziVS	RAP,HIP HOP	EN	0.927	0.6409999999999999	3.0	1.0	0.8270000000000001	138.062	180912	HIP HOP
Z4vPMCQEzJZmW0vc	RAP,HIP HOP	EN	0.7090000000000001	0.685	9.0	0.0	0.66	134.76	259040	HIP HOP
hPjLYCrpOH1xIdoi	HIP HOP	EN	0.7559999999999999	0.672	1.0	1.0	0.532	90.848	238707	HIP HOP
CG02FU1Nec1xyE0T	HIP HOP	EN	0.855	0.521	6.0	0.0	0.742	89.449	311373	HIP HOP
myfnaCNkTkNGe1pG	RAP,HIP HOP	EN	0.835	0.7559999999999999	10.0	0.0	0.809	153.988	221853	HIP HOP
f7lQCS53MWdcevp9	HIP HOP	EN	0.765	0.601	11.0	0.0	0.368	85.928	241133	HIP HOP
xCkRr4Ok7FcBdm8p	HIP HOP	EN	0.872	0.613	11.0	0.0	0.0641	112.01	197693	HIP HOP
EmTBgx2qQRPjFQUK	RAP,HIP HOP	EN	0.68	0.687	9.0	0.0	0.467	150.053	249533	HIP HOP
fONetQ1cX9vqcwNX	EXPERIMENTAL,GLITCH HOP,RAP,HIP HOP	EN	0.695	0.8490000000000001	9.0	0.0	0.623	140.092	86778	HIP HOP
zeZ4aXyj1wTqgPYP	RAP,COMEDY,HIP HOP	EN	0.685	0.621	11.0	0.0	0.5379999999999999	128.906	353960	HIP HOP
i6Cdui4wr9xtpPi5	RAP,HIP HOP	EN	0.653	0.511	1.0	1.0	0.77	172.266	202140	HIP HOP
iDxAuPuIc3UorBOF	SOUL,RAP,HIP HOP	EN	0.594	0.445	0.0	0.0	0.399	140.034	73387	HIP HOP
hUu4G1SPIxEAOYVt	RAP,HIP HOP,RAP,HIP HOP	EN	0.639	0.628	6.0	0.0	0.43	90.482	237507	HIP HOP
FBYNISynhLMju7n1	RAP,COMEDY,HIP HOP	EN	0.672	0.923	4.0	0.0	0.544	79.936	205146	HIP HOP
BdbIraQ3iRFfQqgm	HIP HOP	EN	0.525	0.523	5.0	0.0	0.144	130.82399999999998	170173	HIP HOP
otOEZ0XGRzswj1dN	HIP HOP,RAP,RAP,HIP HOP	EN	0.6779999999999999	0.794	10.0	0.0	0.54	87.374	290573	HIP HOP
2VbVKaA3VDsss4q3	RAP,HIP HOP	EN	0.6679999999999999	0.7290000000000001	4.0	0.0	0.7340000000000001	79.872	242307	HIP HOP
Zpp8bpU2LxpQrQwc	RAP,HIP HOP	EN	0.685	0.306	0.0	1.0	0.7340000000000001	84.03200000000002	164351	HIP HOP
0kOZA5Tv120GBBlp	RAP,HIP HOP	EN	0.823	0.547	4.0	0.0	0.483	77.791	198800	HIP HOP
Jmjdj8tK8HkCVebb	HIP HOP	EN	0.239	0.352	10.0	1.0	0.23	88.45299999999997	245667	HIP HOP
av78Ga8dSBY1fA7h	RAP,HIP HOP	EN	0.688	0.43	1.0	1.0	0.489	76.439	175392	HIP HOP
Uu5aSDhqZXq9iMge	HIP HOP,RAP	EN	0.718	0.6920000000000001	5.0	0.0	0.721	142.99200000000005	206307	HIP HOP
sLQx83kObf7q4nwh	RAP,HIP HOP	EN	0.743	0.467	0.0	0.0	0.19	150.004	219360	HIP HOP
NplnnnnV3iX2E9Qw	RAP,HIP HOP	EN	0.968	0.396	7.0	1.0	0.625	120.029	128575	HIP HOP
p1nsAq2FvFDeaOZh	RAP,HIP HOP	EN	0.593	0.632	6.0	0.0	0.0789	173.36900000000003	235232	HIP HOP
0n8KN4mULvn0dLHt	RAP,HIP HOP	EN	0.6859999999999999	0.429	8.0	0.0	0.27	130.09	194933	HIP HOP
iN44rJI1M8VGiG4z	RAP,HIP HOP	EN	0.434	0.772	11.0	0.0	0.547	168.363	198708	HIP HOP
bqfQJajAsjAVXs9R	HIP HOP,EXPERIMENTAL HIP HOP	EN	0.638	0.662	1.0	1.0	0.675	82.32700000000001	248781	HIP HOP
zAMXKYTWasJtiVEP	RAP,HIP HOP,RAP,HIP HOP	EN	0.569	0.484	3.0	0.0	0.45	96.94	245867	HIP HOP
fIovfPJPOL6WcL8v	RAP,HIP HOP,EXPERIMENTAL HIP HOP	EN	0.584	0.546	2.0	1.0	0.355	136.336	242747	HIP HOP
F6MeEIUt9C8T1IJU	RAP,HIP HOP	EN	0.629	0.6559999999999999	0.0	1.0	0.285	135.996	163173	HIP HOP
hXWNacXiak7gKm6u	HIP HOP,ALTERNATIVE HIP HOP	EN	0.386	0.383	4.0	0.0	0.0926	75.039	314600	HIP HOP
OFQAvWWbJopCz1zQ	RAP,HIP HOP	EN	0.495	0.747	1.0	0.0	0.462	80.104	241560	HIP HOP
CIHBOkVNBS9cIbst	GRIME,RAP,UK HIP HOP	EN	0.731	0.486	1.0	1.0	0.455	72.52	173266	HIP HOP
CXwXKdcSE7wlEGD8	RAP,HIP HOP	EN	0.846	0.8590000000000001	10.0	0.0	0.865	136.056	178776	HIP HOP
NEH64ZHldTSNdYdd	HIP HOP,RAP	EN	0.665	0.602	9.0	1.0	0.382	77.46600000000002	190530	HIP HOP
lkS2TdsH3NA3kV1V	RAP,HIP HOP	EN	0.8270000000000001	0.805	8.0	0.0	0.685	100.06	240640	HIP HOP
vaoCnylPynOC98XC	RAP,HIP HOP	EN	0.65	0.564	2.0	1.0	0.208	85.89	162400	HIP HOP
V600AT3qLIlXj1Aj	REGGAE,HIP HOP	EN	0.833	0.431	2.0	1.0	0.385	87.97	270493	HIP HOP
VWZB0vR2wVApPiBD	RAP,HIP HOP	EN	0.665	0.531	1.0	1.0	0.539	81.343	177960	HIP HOP
IYbBB5UkbEeUFFOX	RAP,HIP HOP	EN	0.732	0.7879999999999999	1.0	0.0	0.765	103.584	197267	HIP HOP
4YslPM85UWfpC2gQ	HIP HOP	EN	0.643	0.7659999999999999	11.0	1.0	0.737	149.984	193974	HIP HOP
tf0lIl1Yk45HMU2d	RAP,EMO,HIP HOP	EN	0.433	0.778	4.0	1.0	0.764	114.208	87561	HIP HOP
IZyX757DUUks3FRJ	RAP,HIP HOP	EN	0.531	0.5489999999999999	7.0	1.0	0.308	145.567	369387	HIP HOP
lAyo5rlu2EokhQBp	RAP,HIP HOP	EN	0.713	0.935	6.0	1.0	0.878	91.98	207093	HIP HOP
w4VcxX54qTPgRxfb	RAP,SOUL,HIP HOP,FUNK	EN	0.748	0.665	11.0	0.0	0.49	94.984	192160	HIP HOP
0tC5tYcWRVjoLFgO	HIP HOP,RAP	EN	0.5329999999999999	0.7240000000000001	7.0	0.0	0.505	89.861	95507	HIP HOP
vCUQKi2OxJNF8RCO	RAP,HIP HOP	EN	0.767	0.782	7.0	1.0	0.8270000000000001	116.491	220319	HIP HOP
nWYrVQG0DikiEvWu	TRIP HOP,EXPERIMENTAL HIP HOP,EXPERIMENTAL	EN	0.626	0.7340000000000001	4.0	0.0	0.237	127.177	272247	HIP HOP
Md0r9500PDGzBzXk	HIP HOP,RAP	EN	0.804	0.282	1.0	1.0	0.0723	151.988	180800	HIP HOP
TsJfbDydyC4eoWhd	RAP,HIP HOP,EMO	EN	0.7979999999999999	0.621	1.0	1.0	0.314	130.037	167886	HIP HOP
MsAoqXCmDadkuItw	RAP,HIP HOP	EN	0.436	0.655	7.0	1.0	0.523	139.71200000000002	154749	HIP HOP
crCZy21TXQWbFkGy	WORSHIP,HIP HOP	EN	0.8079999999999999	0.888	5.0	0.0	0.7879999999999999	124.989	177842	HIP HOP
RumUSYoB4ZmnGPoH	RAP,HIP HOP	EN	0.517	0.61	1.0	1.0	0.163	135.498	186593	HIP HOP
zYsXwCZBaRtwJpPW	RAP,HIP HOP	EN	0.741	0.391	1.0	0.0	0.124	94.416	205456	HIP HOP
9Y8mFfLOw7kIoJHK	RAP,HIP HOP,RAP	EN	0.517	0.911	1.0	1.0	0.659	78.059	200944	HIP HOP
9QLs058X3VfqlvNr	HIP HOP	EN	0.6679999999999999	0.444	7.0	1.0	0.662	147.014	201559	HIP HOP
dUaU0NiwTVUGjT5n	RAP,HIP HOP	EN	0.855	0.489	11.0	1.0	0.217	130.04	205872	HIP HOP
qpzEfMcAgRw2249D	HIP HOP,RAP	EN	0.488	0.893	8.0	1.0	0.239	139.74200000000002	349760	HIP HOP
pq7cZgVxUVAhsLns	RAP,HIP HOP	EN	0.743	0.87	1.0	1.0	0.884	99.075	194184	HIP HOP
RtND0H9YUGoC9e7Y	HIP HOP	EN	0.865	0.664	2.0	1.0	0.565	162.83100000000005	287000	HIP HOP
sQaC1fbjXbagUCmm	HIP HOP	EN	0.8	0.297	0.0	0.0	0.213	140.05100000000002	139674	HIP HOP
HLzoX5DAIHXpsbJ5	RAP,HIP HOP,RAP	EN	0.515	0.431	4.0	1.0	0.184	141.392	227809	HIP HOP
26G4HCQnXhXsiW5B	RAP,HIP HOP	EN	0.68	0.664	7.0	0.0	0.388	98.111	211467	HIP HOP
WV4ePCICas7x0Vzm	RAP,HIP HOP	EN	0.72	0.626	8.0	1.0	0.182	75.032	286730	HIP HOP
2iQEZfEXpJScIHo1	RAP,HIP HOP	EN	0.67	0.684	9.0	0.0	0.473	146.054	223347	HIP HOP
8ZuGlBpAWogKlSfK	RAP,RAP,HIP HOP	EN	0.334	0.81	9.0	0.0	0.306	151.643	206605	HIP HOP
bs66DEPMvBCOwZko	RAP,HIP HOP	EN	0.92	0.622	9.0	1.0	0.815	119.962	204573	HIP HOP
gh4vbvcrSEnfs7ek	HIP HOP,ALTERNATIVE HIP HOP,HIP HOP,ALTERNATIVE HIP HOP	EN	0.511	0.687	2.0	1.0	0.416	132.476	193560	HIP HOP
XijoqZiHbjyhkbwc	RAP,HIP HOP	EN	0.7170000000000001	0.907	4.0	0.0	0.401	107.051	232693	HIP HOP
j6dFoD5UTtqP0whg	RAP,HIP HOP,RAP	EN	0.8029999999999999	0.752	1.0	1.0	0.5870000000000001	101.062	293333	HIP HOP
nXSov6aCMIslmJTm	RAP,HIP HOP	EN	0.8540000000000001	0.71	4.0	0.0	0.818	106.894	214947	HIP HOP
RVUGTCW3DkNsv2gb	RAP,HIP HOP,RAP,HIP HOP	EN	0.772	0.836	4.0	0.0	0.763	167.921	241882	HIP HOP
IDprKUfYg5wTItfX	HIP HOP,ALTERNATIVE HIP HOP	EN	0.695	0.3720000000000001	0.0	0.0	0.193	129.967	253074	HIP HOP
Oos3HnzbuXnyvwZb	RAP,HIP HOP	EN	0.5	0.593	1.0	1.0	0.329	68.456	256093	HIP HOP
cJ0ZGBwWjB9AycwU	RAP,HIP HOP	EN	0.778	0.578	9.0	0.0	0.758	84.48700000000002	252747	HIP HOP
cQqYSTy4xRpdLjLD	HIP HOP,RAP	EN	0.8370000000000001	0.736	10.0	0.0	0.905	104.907	234093	HIP HOP
tCB0hO1AdzEUN5vU	RAP,HIP HOP	EN	0.726	0.597	7.0	1.0	0.3670000000000001	83.021	151615	HIP HOP
KbxZeMXi9Xm0Zxhj	HIP HOP,RAP,PHONK	EN	0.863	0.907	1.0	0.0	0.5529999999999999	130.037	151580	HIP HOP
HChL3cG5siyihZrk	HIP HOP	EN	0.6	0.91	8.0	1.0	0.557	84.883	299827	HIP HOP
2zgiPe7cc7vr5o9k	ABSTRACT HIP HOP,RAP,HIP HOP	EN	0.462	0.341	5.0	0.0	0.87	180.72	236530	HIP HOP
c0kK3lTRnUnnnH9q	HIP HOP,RAP,HIP HOP	EN	0.959	0.524	9.0	0.0	0.84	119.933	215792	HIP HOP
YPWX4BcO6NC1JJQV	RAP,HIP HOP,HIP HOP,RAP	EN	0.688	0.551	0.0	0.0	0.5579999999999999	162.118	180808	HIP HOP
Kao6qNJx9RuAz7sS	RAP,HIP HOP,RAP	EN	0.8640000000000001	0.607	9.0	0.0	0.747	82.04799999999999	257813	HIP HOP
hxguNxQFImy2eQnB	HIP HOP,RAP	EN	0.608	0.58	2.0	1.0	0.229	135.982	411027	HIP HOP
FBOUYsm9gIzG9qs7	UK DRILL,RAP,HIP HOP	EN	0.912	0.695	9.0	1.0	0.6	142.04	220000	HIP HOP
hWD0uOUr0Dxn7h6d	RAP,HIP HOP,SOUTHERN HIP HOP	EN	0.698	0.83	1.0	1.0	0.6859999999999999	155.029	243206	HIP HOP
kdNuEmY9Iud1QTjy	RAP,HIP HOP	EN	0.8909999999999999	0.319	4.0	0.0	0.687	92.649	284467	HIP HOP
xUphwNPVG23yN2BT	RAP,HIP HOP	EN	0.82	0.407	2.0	0.0	0.455	126.987	262226	HIP HOP
jngtsW2Mm0L8UySe	RAP,HIP HOP,RAP	EN	0.763	0.726	1.0	1.0	0.349	139.059	126346	HIP HOP
kbPSOMOSH5P1xTzu	HIP HOP,RAP,HIP HOP	EN	0.703	0.835	8.0	0.0	0.602	136.158	229219	HIP HOP
ZhFOkLoHf6YXRJCy	HIP HOP,RAP,PHONK	EN	0.607	0.7490000000000001	2.0	1.0	0.18	121.829	126224	HIP HOP
6aOeI957RmS0WwrL	HIP HOP	EN	0.757	0.544	5.0	1.0	0.921	173.208	308360	HIP HOP
g6CSgXHlFbE06trX	RAP,HIP HOP	EN	0.759	0.7240000000000001	9.0	0.0	0.334	94.999	200191	HIP HOP
AweILs2nWOvIJyPy	NOISE,EXPERIMENTAL,HIP HOP,NOISE,EXPERIMENTAL	EN	0.399	0.388	2.0	1.0	0.0342	82.015	224697	HIP HOP
s0SN7PLKILw24Et7	HARDCORE HIP HOP	EN	0.8320000000000001	0.607	1.0	1.0	0.526	140.063	181797	HIP HOP
T0KRR5qjk9fLUeOt	HIP HOP	EN	0.769	0.632	10.0	0.0	0.294	131.93200000000002	176387	HIP HOP
tZjLHYdgOOsBESiG	HIP HOP,RAP	EN	0.7659999999999999	0.7929999999999999	4.0	0.0	0.647	91.925	260800	HIP HOP
4rMIR6wvKfldd1oC	HIP HOP	EN	0.602	0.472	6.0	0.0	0.304	163.817	201840	HIP HOP
JPetjDZ9EwDwjeE1	RAP,HIP HOP	EN	0.703	0.514	5.0	0.0	0.315	132.026	169743	HIP HOP
9s6tQJo8rKVbjYoY	HIP HOP,RAP	EN	0.797	0.716	8.0	0.0	0.923	96.252	279307	HIP HOP
LiuvRduvXAA1ZzZP	HIP HOP	EN	0.6409999999999999	0.613	11.0	0.0	0.443	104.849	167000	HIP HOP
js0DvJzkn85V60qz	HARDCORE HIP HOP	EN	0.918	0.634	10.0	1.0	0.932	135.082	130889	HIP HOP
Eo6N9jIZKJTOwrKh	RAP,RAP,HIP HOP	EN	0.5589999999999999	0.71	11.0	1.0	0.5329999999999999	140.595	240769	HIP HOP
Pwk51UY2ezOzXHmK	HIP HOP,RAP	EN	0.593	0.4970000000000001	5.0	0.0	0.44	154.955	153027	HIP HOP
7EjNBvMzGWHNeUyN	HIP HOP,RAP	EN	0.745	0.898	9.0	1.0	0.778	109.614	204461	HIP HOP
YGf8dn8rGaeTvzyv	HIP HOP,HIP HOP	EN	0.5770000000000001	0.616	1.0	1.0	0.233	159.972	130571	HIP HOP
EpFgmL9mrxbAL3AE	HIP HOP	EN	0.693	0.8220000000000001	4.0	0.0	0.763	126.035	223800	HIP HOP
ZfKmOOJA1A5zD5RS	RAP,HIP HOP	EN	0.647	0.7340000000000001	1.0	1.0	0.578	146.16299999999995	271760	HIP HOP
PdNevARe2vLJPWta	HIP HOP,GRIME	EN	0.732	0.974	1.0	1.0	0.7170000000000001	137.905	156961	HIP HOP
AA8CrAI0nEx4kQg5	HIP HOP	EN	0.5670000000000001	0.75	5.0	1.0	0.647	73.425	78718	HIP HOP
6CH45wqrOmDtMRh6	HIP HOP,RAP	EN	0.665	0.5660000000000001	3.0	0.0	0.755	173.804	259800	HIP HOP
se5HgxuufBTnmdqu	RAP,HIP HOP	EN	0.71	0.484	4.0	0.0	0.1369999999999999	144.995	185496	HIP HOP
NI2TPuwb1U8TfmJF	HIP HOP	EN	0.449	0.524	6.0	0.0	0.564	80.373	232467	HIP HOP
PxhGbODM0gvHpxpe	RAP,RAP,HIP HOP	EN	0.907	0.7290000000000001	10.0	0.0	0.457	105.003	193872	HIP HOP
QtIZPLQxW55qhdD5	HIP HOP	EN	0.57	0.395	1.0	1.0	0.194	109.961	174801	HIP HOP
fuwd8XyuFpT1asUp	HIP HOP,RAP	EN	0.637	0.66	0.0	1.0	0.503	90.876	329427	HIP HOP
FvnIqpCpM2yd0jfy	RAP,HIP HOP	EN	0.8909999999999999	0.728	1.0	0.0	0.633	83.008	244827	HIP HOP
mgevnjRbq9WwiRRf	HARDCORE HIP HOP	EN	0.629	0.616	2.0	1.0	0.463	113.486	163034	HIP HOP
2rQiu54zZBs5Dmmi	RAP,WEST COAST RAP,HIP HOP	EN	0.794	0.773	6.0	1.0	0.5529999999999999	92.465	283373	HIP HOP
4P6uRYvds5S4aDTU	HIP HOP,EAST COAST HIP HOP,RAP,HIP HOP	EN	0.7659999999999999	0.425	5.0	0.0	0.63	77.104	214500	HIP HOP
A7qZYBR4AqKdjT76	RAP,HIP HOP	EN	0.887	0.758	1.0	1.0	0.652	105.118	219240	HIP HOP
XQGtIv05VpsxenEe	HIP HOP,RAP	EN	0.723	0.852	6.0	0.0	0.428	106.887	155992	HIP HOP
CfEAKjuz58cAMDGR	HIP HOP	EN	0.901	0.7440000000000001	0.0	1.0	0.593	135.95	212712	HIP HOP
99DS3Upn48otRsML	RAP,HIP HOP	EN	0.696	0.5579999999999999	11.0	0.0	0.588	78.532	224563	HIP HOP
yJpFXDA4wRMCwubY	HIP HOP	EN	0.795	0.5820000000000001	6.0	1.0	0.329	82.016	261410	HIP HOP
YCy9xPbIJgfGRvih	RAP,HIP HOP	EN	0.795	0.41	7.0	1.0	0.434	100.015	184661	HIP HOP
SHT8NtUgXaTI0nmP	RAP,RAP,HIP HOP	EN	0.713	0.496	7.0	0.0	0.6	162.039	316920	HIP HOP
xMerikWJypxYN90U	JAZZ RAP,RAP,HIP HOP	EN	0.469	0.557	8.0	1.0	0.645	85.04799999999999	227229	HIP HOP
1iZebQYVnYoFkbHr	RAP,HIP HOP	EN	0.901	0.5920000000000001	1.0	1.0	0.22	88.729	321307	HIP HOP
m6rPAnsZRE4rDJ0d	RAP,HIP HOP	EN	0.672	0.723	9.0	1.0	0.705	171.847	235362	HIP HOP
2ucbC0O12SOh6CrF	RAP,EMO RAP,HIP HOP	EN	0.637	0.856	1.0	1.0	0.285	160.06799999999996	167107	HIP HOP
881vUvn86B5VKQgv	RAP,HIP HOP	EN	0.639	0.634	7.0	1.0	0.395	130.19899999999998	195627	HIP HOP
Nrxn2rlhyLjdIULD	RAP,HIP HOP,ABSTRACT HIP HOP,EAST COAST HIP HOP	EN	0.314	0.897	2.0	0.0	0.5660000000000001	69.668	206573	HIP HOP
nqAcqWt9VBA9tSxG	HIP HOP	EN	0.66	0.361	8.0	0.0	0.6759999999999999	80.43	141310	HIP HOP
iqxILXQLZmFrde9F	RAP,HIP HOP	EN	0.747	0.455	1.0	1.0	0.13	130.106	251077	HIP HOP
JARY8TCj15n1ptK7	RAP,HIP HOP	EN	0.496	0.785	7.0	1.0	0.357	170.02	318360	HIP HOP
QqI1sqHasOsLTdHi	RAP,HIP HOP	EN	0.7170000000000001	0.574	10.0	0.0	0.353	100.015	183500	HIP HOP
4r1IjzqHAOYQlgfS	RAP,HIP HOP	EN	0.83	0.546	1.0	1.0	0.535	182.973	262494	HIP HOP
9W5Kgbmb0dxE5agg	HIP HOP	EN	0.63	0.604	7.0	0.0	0.7509999999999999	91.986	274000	HIP HOP
BB1CEWQdQvzsvN4a	HARDCORE HIP HOP	EN	0.929	0.621	1.0	1.0	0.165	136.154	197647	HIP HOP
rFzk0V7AIOdUS7nl	RAP,HIP HOP	EN	0.693	0.843	7.0	1.0	0.529	158.465	301600	HIP HOP
P7wntB3K9prI27Kh	RAP,HIP HOP	EN	0.64	0.843	5.0	0.0	0.0739	95.959	217107	HIP HOP
FysHjJXOnGlGdhg2	RAP,HIP HOP,SOUTHERN HIP HOP	EN	0.621	0.725	7.0	1.0	0.153	155.974	297614	HIP HOP
x57Ux1JnLdBVBjZJ	RAP,HIP HOP	EN	0.679	0.908	8.0	1.0	0.687	85.91799999999998	279013	HIP HOP
JOKCKv5x0ixZPaVi	RAP,HIP HOP	EN	0.705	0.899	2.0	1.0	0.6409999999999999	139.976	199573	HIP HOP
CR6J9p1RLRWLNXfe	RAP,HIP HOP	EN	0.825	0.855	1.0	1.0	0.5479999999999999	102.631	192440	HIP HOP
o3s2WgSrHITUoZwI	RAP,AMBIENT,HIP HOP	EN	0.7879999999999999	0.8420000000000001	4.0	0.0	0.481	190.077	166476	HIP HOP
DILfNY0017ZWgOJh	RAP,HIP HOP	EN	0.7170000000000001	0.925	0.0	1.0	0.412	137.989	212245	HIP HOP
FdXizREUVluIekHl	HIP HOP	EN	0.399	0.344	0.0	1.0	0.296	74.503	229280	HIP HOP
wr93zy6wrksrq4we	RAP,HIP HOP,EXPERIMENTAL HIP HOP	EN	0.433	0.85	10.0	0.0	0.58	159.95600000000005	167813	HIP HOP
GXnGhIRi7WxPW0Jy	RAP,HIP HOP	EN	0.924	0.596	1.0	1.0	0.7879999999999999	95.502	288200	HIP HOP
Cg897iKIZodbmpLw	SOUL,FUNK,HIP HOP	EN	0.6890000000000001	0.836	0.0	1.0	0.7490000000000001	127.411	223067	HIP HOP
bpEs6TI0BedQ56UM	EXPERIMENTAL,GLITCH HOP,RAP,HIP HOP	EN	0.463	0.657	1.0	1.0	0.569	101.005	236476	HIP HOP
2YZYTQ4HetQ78I2b	RAP,HIP HOP	EN	0.753	0.607	7.0	1.0	0.308	119.987	211711	HIP HOP
wiVo9khgXFmlyROH	RAP,HIP HOP	EN	0.988	0.633	5.0	0.0	0.929	117.493	248160	HIP HOP
9CNGU8QfcEtqksLA	RAP,HIP HOP	EN	0.8170000000000001	0.56	7.0	0.0	0.76	75.04	182414	HIP HOP
5Un8K5ITutio9pyr	RAP,HIP HOP	EN	0.691	0.643	1.0	1.0	0.28	123.796	207933	HIP HOP
f8TlpMUpGiTzIw3k	RAP,HIP HOP	EN	0.721	0.489	6.0	0.0	0.474	123.755	245682	HIP HOP
SSDnJww24KC2rwh5	HIP HOP,RAP	EN	0.7	0.435	7.0	1.0	0.645	125.894	275500	HIP HOP
lWN0txucZNvYP5td	RAP,RAP,HIP HOP	EN	0.472	0.562	9.0	0.0	0.508	125.524	123387	HIP HOP
kUBbQBO5LyYk5Z2L	RAP,HIP HOP	EN	0.762	0.858	11.0	1.0	0.615	100.049	205307	HIP HOP
KqCHwCpiuVTTRspO	HARDCORE HIP HOP	EN	0.857	0.861	0.0	1.0	0.721	140.035	175012	HIP HOP
wQPaAfoIUy9dlyLL	RAP,HIP HOP,RAP	EN	0.5920000000000001	0.978	1.0	1.0	0.469	139.84799999999998	153496	HIP HOP
dDnhMiwfgU3jMgmK	RAP,HIP HOP	EN	0.775	0.684	1.0	1.0	0.348	160.17	193104	HIP HOP
NsdluNhUNqzEIpmx	RAP,HIP HOP	EN	0.887	0.847	7.0	1.0	0.7390000000000001	103.008	283293	HIP HOP
cEbcPDWpsVbxz05n	RAP,HIP HOP,RAP	EN	0.735	0.7190000000000001	4.0	1.0	0.359	130.03799999999998	152864	HIP HOP
Zn1KLgKc7mz88kHc	HIP HOP	EN	0.6970000000000001	0.835	1.0	0.0	0.506	115.025	166174	HIP HOP
xxMZNcsdctFhnqC1	HIP HOP,RAP	EN	0.93	0.609	9.0	1.0	0.7709999999999999	106.876	248160	HIP HOP
Xs0mAmXiMARLlgNg	RAP,HIP HOP,GANGSTER RAP	EN	0.951	0.597	9.0	1.0	0.462	135.003	200613	HIP HOP
O4D7QBeqmlmXmgbP	RAP,HIP HOP	EN	0.8	0.368	4.0	1.0	0.496	145.822	211107	HIP HOP
73AXquNwCsXjPkQU	RAP,HIP HOP	EN	0.833	0.643	0.0	1.0	0.44	161.94899999999996	142051	HIP HOP
zgcaVVnuYzqZTAxU	RAP,HIP HOP	EN	0.789	0.624	4.0	1.0	0.56	147.99	166217	HIP HOP
h32MUf0aTWHD0qWZ	HIP HOP,HIP HOP	EN	0.82	0.469	4.0	0.0	0.498	92.288	164027	HIP HOP
oklI9fQisUDm4i8F	HIP HOP,EXPERIMENTAL HIP HOP,RAP	EN	0.66	0.738	8.0	1.0	0.515	122.525	211507	HIP HOP
Tvum0hngmyHoIJjN	HIP HOP	EN	0.594	0.454	5.0	1.0	0.28	75.012	295000	HIP HOP
b2U2YEofMK5dtsag	RAP,WEST COAST RAP,HIP HOP	EN	0.8079999999999999	0.716	4.0	0.0	0.352	90.009	231653	HIP HOP
sKRxDaOnmJrJOD68	HIP HOP,RAP	EN	0.636	0.901	1.0	0.0	0.836	162.994	165908	HIP HOP
k5j3pIRfG0SN0xjb	RAP,HIP HOP	EN	0.711	0.662	0.0	1.0	0.0586	125.988	187493	HIP HOP
hNnYYAU2e5zyfLzj	HIP HOP,RAP,HIP HOP	EN	0.741	0.775	6.0	1.0	0.5870000000000001	114.987	210793	HIP HOP
OokmnsloeW1Sh3NF	RAP,HIP HOP	EN	0.568	0.893	0.0	1.0	0.326	188.84	229107	HIP HOP
Dddjjk8sufLxBlak	RAP,HIP HOP	EN	0.728	0.769	2.0	0.0	0.627	154.986	170267	HIP HOP
lXm9xBO1Mx4fovte	HIP HOP,RAP	EN	0.506	0.763	1.0	1.0	0.642	86.48	230867	HIP HOP
FO6K9wI1u66VhCxl	RAP,HIP HOP	EN	0.88	0.795	2.0	1.0	0.8320000000000001	100.786	138027	HIP HOP
DFUy0JvIxZPHye6D	RAP,HIP HOP	EN	0.889	0.466	1.0	1.0	0.403	100.17	177067	HIP HOP
MLwzUuhAHfRIMPQD	HIP HOP,GRIME,DUBSTEP	EN	0.6559999999999999	0.746	7.0	1.0	0.8240000000000001	104.044	188939	HIP HOP
BvmoiCZn9ccFF5cB	HIP HOP,RAP,HIP HOP,RAP	EN	0.8079999999999999	0.911	11.0	0.0	0.7390000000000001	107.868	341693	HIP HOP
hCKWOVKhjPffcjw2	RAP,HIP HOP	EN	0.778	0.769	6.0	0.0	0.484	80.044	404107	HIP HOP
aIovzx9Aax4y8Fb2	RAP,HIP HOP	EN	0.852	0.459	9.0	1.0	0.157	163.02100000000004	169093	HIP HOP
Q837q2LPqffyecBB	RAP,HIP HOP	EN	0.528	0.932	9.0	1.0	0.4370000000000001	124.144	223720	HIP HOP
f03F95Ql3dUyYuJy	HIP HOP	EN	0.625	0.1689999999999999	5.0	1.0	0.138	105.0	162250	HIP HOP
iYIjaTZ1ScAaqkme	RAP,COMEDY,HIP HOP	EN	0.8	0.339	7.0	1.0	0.8440000000000001	165.982	197760	HIP HOP
FYUYb99Dm1hmdboI	RAP,HIP HOP	EN	0.597	0.848	9.0	1.0	0.545	106.302	235500	HIP HOP
Jy5Yn7Z6gujQy5B3	RAP,HIP HOP	EN	0.638	0.523	1.0	1.0	0.422	139.91299999999998	185947	HIP HOP
TynRPxT2eYqsE1vD	HIP HOP	EN	0.629	0.802	11.0	0.0	0.57	92.003	308880	HIP HOP
xtMZ9ONNjQD03fE9	HIP HOP,ALTERNATIVE HIP HOP	EN	0.718	0.628	10.0	0.0	0.722	92.107	274274	HIP HOP
jVPCS4cm9J0MOgGe	RAP,HIP HOP,ANIME,COMEDY,RAP,HIP HOP,ANIME	EN	0.642	0.921	1.0	1.0	0.45	130.16299999999998	193881	HIP HOP
idQi5IgQoTe25hcV	RAP,HIP HOP,RAP	EN	0.8079999999999999	0.593	5.0	0.0	0.239	88.057	142456	HIP HOP
DaHCHtf5yaIkh4Y0	RAP,HIP HOP	EN	0.691	0.96	4.0	1.0	0.645	157.02	305680	HIP HOP
vxcy2Ra2SLg5a1Zo	HIP HOP,SOUL	EN	0.6	0.562	7.0	0.0	0.0393	79.94	283000	HIP HOP
Lk2q1tOVaDJomOtG	RAP,HIP HOP	EN	0.669	0.419	1.0	0.0	0.0397	109.813	215320	HIP HOP
m97NiIKwgNd8sRV3	RAP,HIP HOP	EN	0.45	0.943	7.0	0.0	0.21	83.40700000000002	232613	HIP HOP
LSlXU7NYPeRz4THO	HIP HOP,RAP	EN	0.72	0.672	7.0	1.0	0.705	124.986	204640	HIP HOP
9vbVFQsOr7zv0xtS	HIP HOP,RAP	EN	0.833	0.815	10.0	0.0	0.76	94.009	188600	HIP HOP
ptnOrvZ9jRMoxJcJ	LO-FI,FRENCH HIP HOP	EN	0.421	0.625	2.0	1.0	0.617	175.482	169080	HIP HOP
R0WmdVS28WVvjG2r	RAP,HIP HOP,EXPERIMENTAL HIP HOP	EN	0.655	0.8690000000000001	1.0	0.0	0.0815	135.763	140133	HIP HOP
ERJkIZtinyFitLMN	RAP,HIP HOP	EN	0.8370000000000001	0.521	1.0	1.0	0.7929999999999999	94.995	228480	HIP HOP
6WlXsXSK7GF5VNHn	HIP HOP,ALTERNATIVE HIP HOP,HIP HOP,RAP	EN	0.618	0.604	2.0	0.0	0.258	75.057	145000	HIP HOP
zVC0bjGYQVowDMui	RAP,HIP HOP,RAP	EN	0.784	0.608	7.0	1.0	0.382	90.713	211685	HIP HOP
AwJeEaUrZ1xsrDeZ	RAP,HIP HOP	EN	0.7909999999999999	0.494	9.0	1.0	0.6	146.003	171392	HIP HOP
DKfqiNeEU6glhLtz	HIP HOP,FUNK	EN	0.884	0.657	6.0	0.0	0.489	107.059	234693	HIP HOP
1NU0GJO0o4M0rYuf	RAP,HIP HOP,ABSTRACT HIP HOP,EAST COAST HIP HOP	EN	0.322	0.645	11.0	1.0	0.631	133.064	194693	HIP HOP
FInlnpuVuZkyipHu	RAP,HIP HOP,RAP	EN	0.759	0.8909999999999999	11.0	1.0	0.5870000000000001	98.579	216707	HIP HOP
WRDgKmJjyRZ5izVi	RAP,HIP HOP	EN	0.688	0.768	1.0	1.0	0.588	146.864	205600	HIP HOP
kdJqNLYmchL505iO	RAP,HIP HOP	EN	0.845	0.835	4.0	0.0	0.6	116.927	301721	HIP HOP
X9zyiDeDOr6k8iUd	RAP,HIP HOP	EN	0.764	0.821	2.0	1.0	0.962	162.519	276596	HIP HOP
NyGfrYUdLPiAzzjf	RAP,HIP HOP	EN	0.6940000000000001	0.7959999999999999	5.0	1.0	0.5920000000000001	78.033	166120	HIP HOP
Eem0gTyiqcu80rjV	HIP HOP	EN	0.47	0.604	1.0	0.0	0.347	80.828	250413	HIP HOP
XIxDyGKYBp4hPsqd	RAP,HIP HOP	EN	0.857	0.378	7.0	0.0	0.626	119.976	194347	HIP HOP
dIvgSjWCih0mAWXN	RAP,HIP HOP,UNDERGROUND HIP HOP,RAP,HIP HOP,UNDERGROUND HIP HOP	EN	0.677	0.4970000000000001	10.0	0.0	0.461	172.16400000000004	190605	HIP HOP
LrXqYV8Z9OA3bpz7	RAP,HIP HOP	EN	0.903	0.623	6.0	0.0	0.121	120.055	224000	HIP HOP
cwWGMH8SdXpilN41	HIP HOP,GRIME	EN	0.823	0.581	6.0	0.0	0.675	106.047	192109	HIP HOP
6e5DpbZf6phQsBhN	RAP,HIP HOP	EN	0.7859999999999999	0.5529999999999999	1.0	1.0	0.424	135.969	162353	HIP HOP
bXjUnexphin1fGEE	RAP,HIP HOP	EN	0.852	0.8009999999999999	5.0	1.0	0.261	132.07	215467	HIP HOP
m0KegxzEIAJuwgU8	RAP,HIP HOP,RAP	EN	0.8540000000000001	0.58	1.0	1.0	0.7	162.116	246173	HIP HOP
D39zCaZF8TERfOgH	HIP HOP,EXPERIMENTAL	EN	0.521	0.66	5.0	0.0	0.4270000000000001	149.972	178240	HIP HOP
vW0vrIA503O4t5yy	HIP HOP,RAP	EN	0.65	0.343	8.0	1.0	0.255	151.988	145080	HIP HOP
RdI3OACaD7jUbvuy	RAP,HIP HOP	EN	0.565	0.4970000000000001	2.0	0.0	0.24	75.017	314743	HIP HOP
7Z16S7LfxyB2NPFw	RAP,HIP HOP	EN	0.843	0.805	4.0	0.0	0.615	94.946	270507	HIP HOP
0NYG1w8NYBBz47ie	RAP,HIP HOP	EN	0.436	0.684	1.0	1.0	0.0986	149.953	319960	HIP HOP
rsoSTT0SqUXPXUoB	HIP HOP	EN	0.52	0.738	1.0	1.0	0.228	142.0	328080	HIP HOP
LgZcH1mic2W34xhc	HIP HOP	EN	0.723	0.644	0.0	1.0	0.743	189.537	222360	HIP HOP
PcTZnj0GSYwVZgoc	GRIME,HIP HOP,RAP	EN	0.7440000000000001	0.758	2.0	1.0	0.546	137.892	214258	HIP HOP
VfdzCa9TqyT1orKp	RAP,HIP HOP	EN	0.352	0.6759999999999999	8.0	1.0	0.352	79.138	275283	HIP HOP
prN8MuXj9brtfO3B	RAP,HIP HOP	EN	0.557	0.905	11.0	1.0	0.799	160.013	244693	HIP HOP
CgOffXelbLlgU4mo	RAP,HIP HOP,SOUTHERN HIP HOP,RAP,HIP HOP	EN	0.76	0.715	1.0	1.0	0.0479	142.035	132813	HIP HOP
xhQWWzKY5TAwaliZ	RAP,HIP HOP	EN	0.843	0.805	4.0	0.0	0.615	94.946	270507	HIP HOP
B4pAptstSqAcYwRa	RAP,HIP HOP	EN	0.7809999999999999	0.526	6.0	0.0	0.662	94.992	235613	HIP HOP
7dWRdutpjO5kbScG	HARDCORE HIP HOP	EN	0.807	0.861	10.0	0.0	0.715	175.983	155455	HIP HOP
MfkMs2zoY3RuGDt3	RAP,HIP HOP	EN	0.687	0.672	0.0	0.0	0.792	80.035	261000	HIP HOP
Xer2E6QDebmZPVzO	RAP,HIP HOP,RAP	EN	0.458	0.96	2.0	1.0	0.611	99.502	161733	HIP HOP
n0tH4tmOB9kf0eaA	HIP HOP	EN	0.502	0.623	8.0	1.0	0.399	75.555	211680	HIP HOP
iItFgd8SBqCVcIj1	HIP HOP	EN	0.539	0.399	1.0	1.0	0.118	78.248	301587	HIP HOP
HbuQKtQ5NzKDxHLb	RAP,HIP HOP,RAP,HIP HOP	EN	0.725	0.846	11.0	1.0	0.429	128.061	241763	HIP HOP
cUOkPzemSa9Af4ba	HIP HOP,RAP	EN	0.493	0.882	6.0	0.0	0.345	88.535	312933	HIP HOP
nog4FNyLrO0vvDMI	RAP,HIP HOP	EN	0.6990000000000001	0.5579999999999999	11.0	1.0	0.493	79.992	165000	HIP HOP
uLUAVP3aDthuqvSv	HIP HOP	EN	0.6809999999999999	0.314	8.0	1.0	0.166	139.99200000000002	208120	HIP HOP
1zu5jVcv8bMMBQeB	RAP,HIP HOP	EN	0.897	0.612	11.0	1.0	0.767	102.305	208267	HIP HOP
JLhqH1nndwViyQiU	HIP HOP	EN	0.775	0.539	5.0	1.0	0.624	144.966	211862	HIP HOP
1KMrXxSrbgfYDtbU	RAP,HIP HOP	EN	0.754	0.431	6.0	0.0	0.133	136.216	205000	HIP HOP
48xurceMwOLh4MTG	RAP,HIP HOP	EN	0.925	0.8690000000000001	7.0	1.0	0.731	109.96	192070	HIP HOP
AF2L7YAWxJEUiJvS	HIP HOP	EN	0.7809999999999999	0.58	4.0	0.0	0.528	103.065	214000	HIP HOP
h8tcVXoRb1g8yYYT	RAP,HIP HOP	EN	0.828	0.631	7.0	1.0	0.502	128.53799999999998	240293	HIP HOP
4DMdGC8wIGBHI6U4	HIP HOP	EN	0.7490000000000001	0.8390000000000001	1.0	0.0	0.64	87.587	271080	HIP HOP
lsCnLZk5zkWsumbl	HIP HOP,WEST COAST RAP	EN	0.725	0.41	2.0	0.0	0.28	162.759	155000	HIP HOP
4LPlDeR0LOBrtC9N	RAP,HIP HOP,EXPERIMENTAL HIP HOP	EN	0.6579999999999999	0.763	8.0	0.0	0.126	142.431	172105	HIP HOP
GV253SSgkXAgz0As	LO-FI,RAP,HIP HOP	EN	0.531	0.7290000000000001	5.0	1.0	0.7120000000000001	80.001	183196	HIP HOP
liFjkJop3ku5pYUo	HIP HOP	EN	0.557	0.75	6.0	1.0	0.7609999999999999	68.819	161991	HIP HOP
dAblWIG81jFOqiGE	RAP,HIP HOP	EN	0.758	0.957	7.0	1.0	0.966	111.119	267933	HIP HOP
RvfnoZoz9UJHU6IA	RAP,HIP HOP	EN	0.8	0.467	0.0	1.0	0.307	132.054	263427	HIP HOP
VwApT9MehZ2gx1a8	HIP HOP,EXPERIMENTAL HIP HOP,RAP	EN	0.6579999999999999	0.6409999999999999	2.0	1.0	0.24	80.917	144280	HIP HOP
ToFwCrxEbtcYMUFc	HIP HOP	EN	0.78	0.654	6.0	1.0	0.885	97.642	178333	HIP HOP
Mi4ivv6uJJuTxQM9	HIP HOP	EN	0.888	0.7879999999999999	1.0	1.0	0.87	118.998	241520	HIP HOP
WdVgvH55NfAqbtw4	RAP,HIP HOP	EN	0.799	0.679	0.0	0.0	0.408	122.011	175097	HIP HOP
ZzEbCHIWNhs3KO2i	RAP,HIP HOP	EN	0.7609999999999999	0.8859999999999999	1.0	1.0	0.89	121.91	231933	HIP HOP
4wR82BEbsAd3ApeR	HIP HOP,FUNK,JAZZ RAP	EN	0.406	0.7979999999999999	11.0	0.0	0.58	71.547	268493	HIP HOP
DEv5EKd95vZK8kE0	RAP,HIP HOP	EN	0.708	0.612	6.0	0.0	0.341	94.274	182267	HIP HOP
W8po2v65iIzhnxzA	RAP,HIP HOP,ALTERNATIVE HIP HOP	EN	0.552	0.415	3.0	1.0	0.36	72.862	36160	HIP HOP
QQkVfRle2EjA82d4	RAP,HIP HOP	EN	0.67	0.861	1.0	1.0	0.457	82.061	187320	HIP HOP
z5aj7SKojvbx7XEO	RAP,HIP HOP	EN	0.388	0.66	5.0	1.0	0.247	97.959	235102	HIP HOP
DUWKqWWf2eGTYShD	RAP,HIP HOP	EN	0.5920000000000001	0.599	11.0	1.0	0.133	114.522	44957	HIP HOP
pli0RpUkPINCUUPr	RAP,HIP HOP	EN	0.455	0.8109999999999999	6.0	0.0	0.248	155.983	374960	HIP HOP
K6FSQDg9doPug7Be	HIP HOP	EN	0.8	0.639	4.0	0.0	0.45	129.44299999999998	226027	HIP HOP
HaiSndwEnHdTR5r3	HIP HOP	EN	0.94	0.716	2.0	1.0	0.6759999999999999	140.037	178917	HIP HOP
JEQwT1thSil47AME	HIP HOP,RAP	EN	0.628	0.7829999999999999	6.0	0.0	0.364	81.883	188613	HIP HOP
qKxrHLVLznSOozuo	RAP,HIP HOP,ELECTRO	EN	0.442	0.625	0.0	1.0	0.201	139.18200000000002	276400	HIP HOP
gw9zZ3xtxoEjmYeB	RAP,HIP HOP	EN	0.6759999999999999	0.768	2.0	1.0	0.361	174.03799999999995	198147	HIP HOP
Y6N9bDXWoPWPOqgi	HIP HOP,BEATS,HIP HOP,BEATS	EN	0.778	0.51	9.0	1.0	0.357	127.792	140000	HIP HOP
O5UjlbeDTkcUuNKv	HIP HOP,ALTERNATIVE HIP HOP,IRISH HIP HOP,RAP	EN	0.8759999999999999	0.377	0.0	1.0	0.746	89.955	160973	HIP HOP
anGHLhCNm6LMQyJS	HIP HOP	EN	0.624	0.458	1.0	1.0	0.215	121.479	171789	HIP HOP
LUmENTp7g51MlHp6	RAP,HIP HOP,HALLOWEEN	EN	0.703	0.614	6.0	0.0	0.453	150.047	202333	HIP HOP
EuVg4Ou0zOYx3Zzd	ALTERNATIVE HIP HOP	EN	0.6920000000000001	0.655	9.0	1.0	0.4	141.015	251964	HIP HOP
p3ypLAOtsOpLTn3R	HIP HOP,ALTERNATIVE HIP HOP	EN	0.672	0.59	1.0	0.0	0.496	160.06799999999996	165750	HIP HOP
R97YjDivI6ZdnITw	SOUL,DUB,HIP HOP,REGGAE	EN	0.8270000000000001	0.573	5.0	0.0	0.504	130.059	180000	HIP HOP
HHoRU3yeaLkgmoCH	RAP,HIP HOP	EN	0.6609999999999999	0.91	7.0	1.0	0.7090000000000001	88.875	277320	HIP HOP
CgUoBhyn3ZhGMeGE	RAP,HIP HOP,WEST COAST RAP	EN	0.856	0.904	8.0	1.0	0.855	99.247	246533	HIP HOP
z8H3Z1wPNYtBQHg2	RAP,HIP HOP	EN	0.747	0.458	10.0	1.0	0.487	129.916	228307	HIP HOP
8jx7RpG8FHM0epe1	RAP,HIP HOP	EN	0.7759999999999999	0.747	8.0	1.0	0.0956	128.00799999999998	187579	HIP HOP
8uRK1ilyQsu4mo6Q	HIP HOP	EN	0.937	0.6779999999999999	1.0	0.0	0.949	122.774	259133	HIP HOP
N090ztdmYMkLc5Y3	RAP,HIP HOP	EN	0.659	0.5579999999999999	1.0	1.0	0.501	129.064	195620	HIP HOP
qLUsrLOvLgdOYXtv	HIP HOP,RAP	EN	0.8420000000000001	0.498	1.0	0.0	0.32	150.933	179507	HIP HOP
hG5sdq9G3648UgSM	RAP,HIP HOP	EN	0.568	0.967	0.0	1.0	0.604	148.114	173392	HIP HOP
6EnjeHVmvQrm5PKh	HIP HOP,RAP	EN	0.649	0.6729999999999999	8.0	1.0	0.7190000000000001	157.968	202067	HIP HOP
F225QHXAWes2oGPr	ALTERNATIVE HIP HOP	EN	0.545	0.687	1.0	0.0	0.1369999999999999	77.40100000000002	279088	HIP HOP
eic4lVZB48lMT5IY	RAP,HIP HOP	EN	0.774	0.7440000000000001	1.0	0.0	0.0947	170.03799999999995	193412	HIP HOP
A4OVTRC4LrcuEwXw	HIP HOP,RAP	EN	0.841	0.458	6.0	0.0	0.224	101.893	189760	HIP HOP
5jrGuGKHBy2EJUef	HIP HOP,RAP	EN	0.914	0.396	6.0	1.0	0.6659999999999999	100.369	166720	HIP HOP
FPQPeAxjlzaF8ZHT	HIP HOP,ALTERNATIVE HIP HOP	EN	0.539	0.804	10.0	0.0	0.7979999999999999	85.75200000000002	93840	HIP HOP
QoeX1MwJMwoUuBFX	HIP HOP,ALTERNATIVE HIP HOP	EN	0.835	0.6809999999999999	8.0	1.0	0.687	113.989	202087	HIP HOP
zC33VujgCNujGitc	HIP HOP	EN	0.54	0.507	0.0	1.0	0.473	133.953	164333	HIP HOP
mFL0vxvmreU3GL7U	HIP HOP	EN	0.417	0.708	4.0	1.0	0.613	105.988	91920	HIP HOP
BHPZcrPoZfJ0Zx8e	HARDCORE HIP HOP	EN	0.65	0.69	7.0	1.0	0.27	129.935	177087	HIP HOP
7MFE3R0Ib2ExgW9w	SOUL,HIP HOP	EN	0.493	0.584	9.0	0.0	0.485	103.701	203600	HIP HOP
BM79zuXJSZ53wXYD	RAP,HIP HOP	EN	0.452	0.6920000000000001	2.0	1.0	0.359	84.499	214800	HIP HOP
LefJsHWktUTI757t	SOUL,HIP HOP	EN	0.514	0.986	0.0	1.0	0.618	160.624	222547	HIP HOP
2HlUsiHeIt1bwRLE	RAP,WEST COAST RAP,HIP HOP	EN	0.482	0.324	5.0	1.0	0.145	75.66	63933	HIP HOP
xdpNanomjzQVGwtM	HIP HOP	EN	0.713	0.945	0.0	1.0	0.5710000000000001	120.016	260867	HIP HOP
zahPWsTHtw5t3sij	RAP,HIP HOP	EN	0.573	0.599	1.0	1.0	0.45	120.142	234853	HIP HOP
d41rVa4fkK2uBVTh	UNDERGROUND HIP HOP,HIP HOP	EN	0.665	0.972	6.0	1.0	0.7240000000000001	101.973	175187	HIP HOP
QIVFvCqHeMp4Nmv4	RAP,HIP HOP,EXPERIMENTAL HIP HOP	EN	0.534	0.7829999999999999	1.0	1.0	0.334	69.71600000000001	208373	HIP HOP
mD0G1FaPe589N8Lq	SOUL,SOUL,HIP HOP	EN	0.7659999999999999	0.396	8.0	0.0	0.26	92.017	245687	HIP HOP
qOfHdDMBDilRIgvM	HIP HOP,RAP	EN	0.7490000000000001	0.476	11.0	0.0	0.534	71.937	188189	HIP HOP
XoUIVUHTvMHHfDb6	RAP,HIP HOP,ALTERNATIVE HIP HOP	EN	0.7340000000000001	0.6709999999999999	1.0	1.0	0.113	94.025	194080	HIP HOP
iScsAryHrH7K4voO	HIP HOP	EN	0.737	0.8690000000000001	1.0	1.0	0.851	174.907	297973	HIP HOP
sB0b3Tn7ukr8Pf8K	RAP,HIP HOP	EN	0.546	0.925	1.0	1.0	0.655	184.082	146087	HIP HOP
8TiWIAssqYUkwC03	TRIP HOP,DOWNTEMPO,NU JAZZ,UK HIP HOP	EN	0.755	0.445	11.0	0.0	0.322	113.52	230148	HIP HOP
oevIfqUSPXF5kxZV	RAP,HIP HOP	EN	0.9	0.733	1.0	1.0	0.679	98.062	223573	HIP HOP
AcO2BpGMcIyJIgli	HIP HOP,RAP	EN	0.763	0.708	8.0	1.0	0.732	160.035	216947	HIP HOP
Gq0GwtaCDHUp79ia	HIP HOP,GRIME	EN	0.6990000000000001	0.7240000000000001	1.0	1.0	0.402	140.157	197452	HIP HOP
n5oeyGfuwCXPTb1W	HIP HOP	EN	0.63	0.449	6.0	0.0	0.0738	158.861	401933	HIP HOP
lRsPeiVsiPaunVRp	RAP,HIP HOP	EN	0.501	0.7829999999999999	4.0	1.0	0.458	75.04	175120	HIP HOP
xWy6Ojn0djFG1PvO	RAP,HIP HOP	EN	0.7859999999999999	0.44	8.0	0.0	0.315	98.014	235703	HIP HOP
HJak8rJJr5v8RRqW	HIP HOP	EN	0.831	0.6509999999999999	1.0	1.0	0.502	120.064	224013	HIP HOP
fK42C4rF0XKFQSKY	CONSCIOUS HIP HOP	EN	0.795	0.8640000000000001	1.0	1.0	0.7809999999999999	130.017	199500	HIP HOP
oqIAOVgYPSzaHJkz	HIP HOP,RAP,RAP,CRUNK	EN	0.835	0.4370000000000001	8.0	1.0	0.128	123.126	236093	HIP HOP
T0Zd7YFQuEzq6H95	RAP,HIP HOP	EN	0.684	0.609	1.0	1.0	0.249	145.077	213029	HIP HOP
mhVISIk7LfjwTrOL	HIP HOP	EN	0.8190000000000001	0.525	6.0	1.0	0.15	124.856	163200	HIP HOP
XhtQ00cu1X8ICkIo	RAP,HIP HOP	EN	0.715	0.6679999999999999	4.0	1.0	0.529	99.98	226945	HIP HOP
boi0zL0QXd5oKeja	RAP,HIP HOP	EN	0.8390000000000001	0.573	6.0	1.0	0.813	96.738	215160	HIP HOP
pK2EZxyujhM6yp7Z	RAP,HIP HOP	EN	0.77	0.937	9.0	1.0	0.685	95.011	238173	HIP HOP
vRM2NmtzpFswD9wD	RAP,HIP HOP,RAP	EN	0.7070000000000001	0.6829999999999999	0.0	1.0	0.5670000000000001	116.009	243627	HIP HOP
hyUuShIqVYlJvDuW	RAP,HIP HOP	EN	0.785	0.528	9.0	1.0	0.256	112.061	192854	HIP HOP
E7HzYmdT5AgyMiJO	LO-FI,HIP HOP,BEATS	EN	0.653	0.123	0.0	1.0	0.0671	93.952	107234	HIP HOP
RKKWEeffNmw1nJGw	RAP,HIP HOP	EN	0.8440000000000001	0.454	1.0	1.0	0.274	155.029	431587	HIP HOP
PHQ3WO1bRQsVnPeg	HIP HOP	EN	0.816	0.851	8.0	0.0	0.568	137.968	240747	HIP HOP
dddRSAzGZZfhrXeO	RAP,HIP HOP	EN	0.916	0.537	6.0	0.0	0.223	123.02	313987	HIP HOP
EnvXIdyvTH86tWhi	RAP,HIP HOP	EN	0.713	0.527	1.0	1.0	0.413	137.018	207712	HIP HOP
zexrIw6fHe3QktQN	BEATS,FUNK,HIP HOP	EN	0.6890000000000001	0.7090000000000001	6.0	1.0	0.878	93.009	203871	HIP HOP
WuZIAlFeykTfjY80	HIP HOP	EN	0.765	0.569	6.0	1.0	0.747	197.89	213173	HIP HOP
pLrBgzYu0wXsq1SQ	RAP,HIP HOP	EN	0.585	0.853	7.0	1.0	0.485	105.058	297507	HIP HOP
Km2wKBLXSfYglIYo	RAP,HIP HOP	EN	0.921	0.472	10.0	0.0	0.198	139.996	292267	HIP HOP
Y9MLLewiXNuZWQyF	HIP HOP	EN	0.736	0.67	10.0	1.0	0.845	130.032	169999	HIP HOP
Pr4k7EDoE68EGP5i	UNDERGROUND HIP HOP	EN	0.733	0.444	4.0	1.0	0.3720000000000001	89.10600000000002	221787	HIP HOP
e6vD0UCUBfuca7CC	RAP,HIP HOP	EN	0.805	0.62	0.0	0.0	0.653	74.097	251920	HIP HOP
AGvBudMIYbRUEvZY	RAP,HIP HOP,RAP	EN	0.6859999999999999	0.8290000000000001	9.0	1.0	0.128	97.531	255773	HIP HOP
lZaxopE3wMSN89MY	RAP,HIP HOP	EN	0.947	0.607	10.0	0.0	0.732	100.619	431800	HIP HOP
uu9FLUsnHIdXGyB2	ANTHEM,HIP HOP	EN	0.8290000000000001	0.949	1.0	1.0	0.5870000000000001	112.015	159589	HIP HOP
Hjq6g6u4cTnfkjS3	HIP HOP,RAP	EN	0.468	0.6729999999999999	11.0	1.0	0.409	150.093	206333	HIP HOP
UmD4kcC1QvcNDQZ8	HIP HOP,RAP	EN	0.769	0.6729999999999999	6.0	0.0	0.688	177.78400000000005	163467	HIP HOP
96NwZCLY1RkkkCvy	HIP HOP	EN	0.546	0.53	1.0	1.0	0.227	128.209	225080	HIP HOP
fW0EWNj3vj8gBXSF	RAP,HIP HOP	EN	0.85	0.473	10.0	0.0	0.38	85.454	157605	HIP HOP
pK0V4q7kHQwLJwqs	HIP HOP	EN	0.889	0.626	2.0	1.0	0.736	147.011	170915	HIP HOP
xKPC4VHw5VEsftgO	HIP HOP	EN	0.361	0.542	3.0	1.0	0.0399	115.279	208744	HIP HOP
ryllahVSy6Sxk77l	RAP,HIP HOP	EN	0.7509999999999999	0.463	1.0	1.0	0.276	124.009	293733	HIP HOP
r42WijtCDw8QlZac	RAP,HIP HOP	EN	0.947	0.883	6.0	0.0	0.56	100.004	180493	HIP HOP
jonuDRuVRbAwELhF	RAP,HIP HOP	EN	0.5720000000000001	0.5770000000000001	10.0	0.0	0.25	161.905	192467	HIP HOP
83Y5O0JGOSaLxBXq	RAP,HIP HOP	EN	0.5429999999999999	0.915	0.0	0.0	0.5770000000000001	153.998	292093	HIP HOP
adoWZAZM3SrXe0xz	RAP,HIP HOP	EN	0.812	0.949	4.0	0.0	0.322	115.057	166984	HIP HOP
lxevGfEC4kuLPLDI	RAP,HIP HOP	EN	0.416	0.52	6.0	0.0	0.486	78.794	206321	HIP HOP
Ix9CagIAyjGoD9RO	RAP,HIP HOP	EN	0.591	0.708	10.0	0.0	0.318	131.589	143587	HIP HOP
23aA0GPz7veDbuJs	RAP,HIP HOP	EN	0.8809999999999999	0.622	1.0	1.0	0.633	91.989	266067	HIP HOP
FtHalkTpAF93ajq4	EMO RAP,RAP,HIP HOP	EN	0.407	0.472	11.0	0.0	0.225	110.017	260000	HIP HOP
mfwyHt6r4y7cCgnP	RAP,HIP HOP	EN	0.688	0.473	8.0	1.0	0.299	84.958	318525	HIP HOP
sx9jYvX4Etmq31os	HIP HOP,RAP,HIP HOP,RAP	EN	0.909	0.468	7.0	1.0	0.189	134.981	171027	HIP HOP
ug023lPvulteo0im	EMOCORE,EMO,RAP,HIP HOP	EN	0.3229999999999999	0.67	4.0	0.0	0.179	84.137	102857	HIP HOP
mWzYC1mG9Ps2Nz0C	OLD SCHOOL HIP HOP,RAP,HIP HOP	EN	0.89	0.716	1.0	1.0	0.6559999999999999	99.988	247400	HIP HOP
D6gxPqrIaSMASD3R	RAP,HIP HOP,EMO,HORRORCORE,RAP	EN	0.7340000000000001	0.57	7.0	0.0	0.6890000000000001	129.953	95467	HIP HOP
JoVrL3vE4UDjs2jm	HARDCORE HIP HOP	EN	0.7120000000000001	0.8220000000000001	5.0	0.0	0.4920000000000001	169.97299999999996	155616	HIP HOP
CgydXubzmTwdcpCc	RAP,HIP HOP	EN	0.949	0.6459999999999999	5.0	0.0	0.927	121.007	248680	HIP HOP
VXEZq3MotuSMOkJL	HIP HOP,RAP,RAP	EN	0.6729999999999999	0.879	2.0	1.0	0.828	90.145	278627	HIP HOP
n4dtQhMIBhqKakNc	RAP,HIP HOP	EN	0.515	0.605	3.0	0.0	0.354	76.318	226411	HIP HOP
v1wx1AoEKi6vZPiv	HIP HOP	EN	0.531	0.752	1.0	1.0	0.103	89.917	237800	HIP HOP
jATIvJWDjD3J2RCM	RAP,HIP HOP	EN	0.713	0.62	0.0	1.0	0.206	130.09	211785	HIP HOP
v1dlvp77V9GLp2Mx	RAP,HIP HOP,SOUTHERN HIP HOP	EN	0.715	0.57	0.0	0.0	0.371	107.766	232293	HIP HOP
AjzEKJOhhtIUvUyv	RAP,HIP HOP	EN	0.5920000000000001	0.512	10.0	0.0	0.564	85.988	250358	HIP HOP
sJ1U8EUHksZcyFW8	HIP HOP	EN	0.879	0.83	7.0	1.0	0.7190000000000001	100.014	196893	HIP HOP
lC6vonkApPQMR5ah	HIP HOP	EN	0.644	0.6609999999999999	11.0	1.0	0.272	154.001	240307	HIP HOP
LC3OHEVYYEuMgGeO	HIP HOP,RAP	EN	0.858	0.415	7.0	1.0	0.366	96.807	176867	HIP HOP
arYurOHyLvl4Bn4I	RAP,HIP HOP	EN	0.632	0.305	0.0	0.0	0.679	86.86399999999998	169320	HIP HOP
yHeLsdbDTMyvTjXn	EXPERIMENTAL HIP HOP,HIP HOP,HARDCORE HIP HOP,RAP,EXPERIMENTAL HIP HOP,HIP HOP,HARDCORE HIP HOP	EN	0.638	0.7090000000000001	10.0	0.0	0.621	95.161	214787	HIP HOP
LSDtoGZmfqDSBYiG	RAP,HIP HOP	EN	0.8909999999999999	0.321	1.0	1.0	0.331	136.005	217867	HIP HOP
8xppbLxi0tbzXnZV	RAP,HIP HOP,EMO RAP	EN	0.462	0.371	10.0	1.0	0.255	139.637	132952	HIP HOP
LUAiSGTJH2YyNOkS	RAP,HIP HOP	EN	0.708	0.843	7.0	1.0	0.625	148.14	363521	HIP HOP
p7DxZQyERJxL3Qgr	HIP HOP	EN	0.792	0.7559999999999999	11.0	0.0	0.825	97.027	210933	HIP HOP
7T6iNBAvaDIA8eM5	HIP HOP,RAP,SOUL	EN	0.5379999999999999	0.449	1.0	1.0	0.27	132.639	249320	HIP HOP
hmow6Oc5Rzg4W0AH	HIP HOP,RAP	EN	0.473	0.442	9.0	1.0	0.0749	139.661	268366	HIP HOP
HsR3z8KwJkVfx3II	RAP,HIP HOP,BOUNCE	EN	0.835	0.626	1.0	1.0	0.35	91.03	217925	HIP HOP
pex9lAnnfHe1WIa5	HARDCORE HIP HOP,EXPERIMENTAL HIP HOP,CONSCIOUS HIP HOP,EAST COAST HIP HOP	EN	0.605	0.613	11.0	0.0	0.336	63.764	408064	HIP HOP
347Okpnj0JqWBA6W	UNDERGROUND HIP HOP	EN	0.522	0.856	8.0	1.0	0.8759999999999999	167.734	295360	HIP HOP
vdJnTbDyu9MQ4vfw	HIP HOP	EN	0.327	0.509	6.0	0.0	0.385	140.10399999999998	224533	HIP HOP
Iox9VcV7RA73qtz7	HIP HOP,RAP	EN	0.7809999999999999	0.617	0.0	1.0	0.506	139.97299999999998	147347	HIP HOP
lJex6D7CuF5RqPO4	HIP HOP,ALTERNATIVE HIP HOP	EN	0.522	0.613	3.0	0.0	0.309	76.516	280235	HIP HOP
UOC3r4tvGL3Gm9lX	HIP HOP,RAP,RAP,HIP HOP	EN	0.821	0.703	11.0	0.0	0.536	105.154	203627	HIP HOP
DUFb4qp5fV1tHM4Z	HIP HOP,RAP	EN	0.696	0.521	10.0	0.0	0.458	100.0	292987	HIP HOP
4QN59ZGxaxSLgTt6	RAP,HIP HOP	EN	0.722	0.5	4.0	1.0	0.823	116.96	154992	HIP HOP
q9fr9Ro9mkibZtlV	HIP HOP,RAP	EN	0.69	0.7290000000000001	11.0	0.0	0.357	91.376	202107	HIP HOP
YuUL92jDCyZUjBG4	HIP HOP,RAP,SOUL	EN	0.546	0.71	11.0	0.0	0.268	165.544	447440	HIP HOP
ppE80HvGdfBmJvoJ	RAP,HIP HOP	EN	0.519	0.821	1.0	1.0	0.284	140.971	226187	HIP HOP
JZv4DZXYfKT4ydoz	HIP HOP	EN	0.778	0.741	10.0	0.0	0.364	102.95	219306	HIP HOP
sTHJXvVoSZRm7TjL	HIP HOP	EN	0.71	0.441	4.0	1.0	0.537	80.024	264227	HIP HOP
VexnQtbeOHagodo7	HIP HOP	EN	0.8590000000000001	0.7040000000000001	1.0	1.0	0.8859999999999999	99.608	233907	HIP HOP
YIih8Zqc7Hdd4lIt	RAP,HIP HOP,RAP,HIP HOP	EN	0.8220000000000001	0.8740000000000001	11.0	0.0	0.862	81.493	130407	HIP HOP
hznc8ec9b91rTdyR	HIP HOP	EN	0.826	0.903	10.0	0.0	0.6459999999999999	100.02	278853	HIP HOP
BQa9vctCphYFQeYa	HIP HOP,RAP	EN	0.638	0.66	2.0	1.0	0.409	80.038	195750	HIP HOP
Srs1T8LWUazpC1bj	RAP,HIP HOP	EN	0.8220000000000001	0.7120000000000001	11.0	1.0	0.647	102.874	211696	HIP HOP
ePHs77Mr8573E1wd	RAP,HIP HOP	EN	0.725	0.522	6.0	0.0	0.544	134.16	204720	HIP HOP
U5FeyA4s3QlipRwy	HIP HOP	EN	0.49	0.632	1.0	0.0	0.537	188.125	197347	HIP HOP
vCjPncpWVbgY3jnX	HIP HOP,RAP,RAP,HIP HOP	EN	0.775	0.308	6.0	1.0	0.633	75.954	202691	HIP HOP
w1DNGoZLFFnLQO7L	HIP HOP	EN	0.8	0.502	1.0	1.0	0.388	115.091	289760	HIP HOP
LDOt6mI8RCfOtVxG	HIP HOP,RAP	EN	0.945	0.7020000000000001	11.0	0.0	0.6779999999999999	119.887	259000	HIP HOP
ji00JSR5FnCqpxdS	RAP,HIP HOP	EN	0.62	0.6579999999999999	4.0	0.0	0.589	138.995	243747	HIP HOP
MMQGBiVAdE7NSnwY	HIP HOP,EXPERIMENTAL HIP HOP,RAP	EN	0.721	0.703	8.0	1.0	0.501	83.985	234347	HIP HOP
wuUoux0bgSjXaxrX	RAP,HIP HOP	EN	0.8590000000000001	0.365	1.0	1.0	0.461	150.039	204460	HIP HOP
zR9DfVSbhN6dmsUB	HIP HOP,RAP	EN	0.474	0.848	9.0	0.0	0.5589999999999999	73.92	214208	HIP HOP
g1eOiVRnOBIvbxos	HIP HOP,RAP	EN	0.511	0.614	1.0	1.0	0.95	92.184	234147	HIP HOP
jj55fEqkySIv4qy1	RAP,HIP HOP	EN	0.759	0.73	0.0	0.0	0.74	115.007	268434	HIP HOP
Nb8Wzo0OIGC8zHy2	RAP,HIP HOP	EN	0.757	0.448	1.0	0.0	0.3	149.974	163387	HIP HOP
HpmlPz027q0huOnt	RAP,HIP HOP	EN	0.7170000000000001	0.862	8.0	1.0	0.52	130.02100000000002	224933	HIP HOP
x7y7AYjCLfsqKVH4	RAP,HIP HOP,GRIME	EN	0.895	0.877	0.0	1.0	0.595	135.036	186027	HIP HOP
MGdl79h8fjmXroOk	RAP,RAP,HIP HOP	EN	0.7070000000000001	0.438	5.0	0.0	0.53	88.119	284693	HIP HOP
NPHFcFzS6ImbWlhV	SOUL,HIP HOP	EN	0.8320000000000001	0.7490000000000001	2.0	1.0	0.65	94.899	333907	HIP HOP
XxHlcqd14zUl27sB	HIP HOP,RAP	EN	0.877	0.74	1.0	1.0	0.754	95.224	216596	HIP HOP
mrUr7qg0gJDNC2XA	RAP,HIP HOP	EN	0.648	0.199	1.0	1.0	0.95	149.548	33227	HIP HOP
TeHsLxgKt1RxWce1	HIP HOP,ALTERNATIVE HIP HOP	EN	0.414	0.373	6.0	0.0	0.19	81.939	240000	HIP HOP
kufmRCU4ELbkoBG7	RAP,RAP,HIP HOP	EN	0.585	0.597	0.0	1.0	0.227	100.051	324674	HIP HOP
zYv8YCdW3uQkCOHd	RAP,HIP HOP	EN	0.725	0.534	2.0	0.0	0.621	168.11900000000003	289173	HIP HOP
C6HBWCZUnI0pzcTx	HIP HOP	EN	0.7090000000000001	0.922	10.0	1.0	0.947	122.83	172309	HIP HOP
9c7aQJ1qeGfyLNEm	RAP,HIP HOP	EN	0.5720000000000001	0.853	1.0	1.0	0.102	171.297	297893	HIP HOP
VmmkAb0DwU646WYI	HIP HOP,EXPERIMENTAL HIP HOP,RAP	EN	0.5760000000000001	0.74	0.0	1.0	0.37	159.959	122987	HIP HOP
BrE3jF3Ebs6g0wUb	RAP,HIP HOP	EN	0.503	0.494	10.0	0.0	0.134	90.677	196893	HIP HOP
ibpcxyHvTMnfx5M6	EXPERIMENTAL HIP HOP,HIP HOP,HARDCORE HIP HOP,RAP	EN	0.529	0.713	2.0	1.0	0.516	167.368	195827	HIP HOP
KBsXNZLLM1C9LgKx	EXPERIMENTAL,HIP HOP,EXPERIMENTAL HIP HOP	EN	0.7509999999999999	0.652	10.0	0.0	0.556	91.015	230495	HIP HOP
OCx99Oa9jrLSNnOY	SOUL,FUNK,RAP,HIP HOP	EN	0.765	0.58	1.0	1.0	0.785	63.576	220157	HIP HOP
T1DPwVTfaunoGw8k	HIP HOP,RAP	EN	0.652	0.654	5.0	0.0	0.28	126.001	217667	HIP HOP
qHLkm2ppHTNZQHph	RAP,HIP HOP	EN	0.926	0.69	1.0	0.0	0.387	128.952	239493	HIP HOP
p2jyW8CeYOZn3JOn	RAP,HIP HOP	EN	0.873	0.586	7.0	1.0	0.5329999999999999	92.907	218080	HIP HOP
6o2VH8JwGGZy1brT	RAP,HIP HOP	EN	0.7829999999999999	0.8170000000000001	7.0	0.0	0.841	174.25099999999995	239227	HIP HOP
rwTPV1qJCcm02srF	HIP HOP,RAP	EN	0.758	0.7290000000000001	11.0	0.0	0.326	119.999	249093	HIP HOP
UQMfvI5U2VX0sQXl	RAP,EXPERIMENTAL HIP HOP	EN	0.408	0.4970000000000001	1.0	0.0	0.473	121.645	224039	HIP HOP
dmj5NdY5r6mVCPjF	HIP HOP,RAP	EN	0.684	0.8340000000000001	2.0	0.0	0.5379999999999999	164.02	217667	HIP HOP
3PvdhAplvGv5i62d	HIP HOP	EN	0.629	0.662	7.0	0.0	0.535	137.718	224234	HIP HOP
WBtF5P3RDoH1pGCd	EXPERIMENTAL,GLITCH HOP,RAP,HIP HOP	EN	0.797	0.933	1.0	1.0	0.725	119.908	80000	HIP HOP
y1ebEzkdgLwG3Ugo	LATIN HIP HOP,RAP,HIP HOP	EN	0.725	0.8	1.0	0.0	0.471	100.609	254640	HIP HOP
wHkYODixM8OPAaUb	HIP HOP	EN	0.684	0.905	0.0	0.0	0.4920000000000001	95.985	159011	HIP HOP
DCnLjlC6wJDpiF7A	HIP HOP,BEATS	EN	0.557	0.535	1.0	0.0	0.349	130.075	300923	HIP HOP
zaRXslqcKTthzjxo	HIP HOP	EN	0.677	0.579	8.0	0.0	0.312	157.967	254627	HIP HOP
Z8TDrjbCjHt0Gcz3	RAP,HIP HOP	EN	0.6409999999999999	0.922	2.0	1.0	0.847	146.078	258343	HIP HOP
A2Sc6PmbSuQdebpT	RAP,HIP HOP	EN	0.713	0.647	7.0	1.0	0.6940000000000001	94.036	304147	HIP HOP
ActlJhnv7ZdkuBuG	RAP,HIP HOP	EN	0.866	0.7490000000000001	2.0	1.0	0.8909999999999999	92.077	249800	HIP HOP
zDPcS72Y2t1eQwN0	RAP,HIP HOP	EN	0.506	0.745	8.0	1.0	0.311	161.808	192947	HIP HOP
CuqDYHXn2DMVGQSu	RAP,HIP HOP	EN	0.648	0.759	6.0	1.0	0.518	85.99600000000002	324307	HIP HOP
1oRoiXcfTOeYXegg	RAP,HIP HOP	EN	0.926	0.517	9.0	1.0	0.284	132.07	197747	HIP HOP
gWPjgESKodhSYAbE	RAP,HIP HOP,RAP	EN	0.735	0.197	3.0	0.0	0.383	147.899	129720	HIP HOP
kJ7nqTRIAlcPCthB	RAP,HIP HOP,RAP,HIP HOP	EN	0.659	0.72	8.0	1.0	0.0933	140.065	221000	HIP HOP
ZYSeSsneMqyywXmj	RAP,HIP HOP	EN	0.75	0.703	10.0	0.0	0.27	133.461	244400	HIP HOP
y8KIVhwT50ZaIsiM	RAP,HIP HOP	EN	0.833	0.917	2.0	1.0	0.56	129.93200000000002	218832	HIP HOP
O7i1hYooe7yf5Jx4	NIGERIAN HIP HOP,RAP	EN	0.503	0.5920000000000001	5.0	0.0	0.344	201.85	231618	HIP HOP
qUkFjTESBWgMVveZ	HIP HOP,RAP	EN	0.812	0.6	7.0	1.0	0.555	97.338	226440	HIP HOP
WIl5mnxDL16H0NiR	HIP HOP	EN	0.794	0.81	3.0	1.0	0.802	125.252	217720	HIP HOP
8cQw0HbFaV4WcHjN	RAP,HIP HOP	EN	0.607	0.7829999999999999	9.0	1.0	0.182	87.02600000000002	180333	HIP HOP
4XSQXKywlm4icisJ	HIP HOP,RAP	EN	0.628	0.493	6.0	1.0	0.222	129.894	160107	HIP HOP
P8qxHDSBDJzT6NwC	RAP,HIP HOP	EN	0.8109999999999999	0.57	5.0	1.0	0.8140000000000001	128.066	251250	HIP HOP
JB85wNFjtRD87CjP	RAP,HIP HOP	EN	0.604	0.467	7.0	1.0	0.15	102.032	165907	HIP HOP
c0VQUnEe2miJhKSn	RAP,HIP HOP	EN	0.76	0.813	7.0	0.0	0.8079999999999999	108.976	154540	HIP HOP
Vdkz2WQ7xcqS7l7w	INDUSTRIAL,RAP,HIP HOP	EN	0.775	0.823	1.0	1.0	0.273	130.041	188013	HIP HOP
HyShUPWpJWL6utnn	RAP,HIP HOP	EN	0.7090000000000001	0.787	1.0	1.0	0.607	75.986	287400	HIP HOP
6bZc95Zh5Wwwhtbv	RAP,HIP HOP	EN	0.92	0.569	7.0	0.0	0.6409999999999999	139.953	240000	HIP HOP
KOr8Jl6iF3HoySAO	RAP,HIP HOP	EN	0.841	0.738	4.0	0.0	0.305	93.725	255893	HIP HOP
qJoia43WmH4OUlsy	RAP,HIP HOP	EN	0.7390000000000001	0.79	2.0	1.0	0.652	96.055	213373	HIP HOP
T49WRKbudKPr0STZ	RAP,HIP HOP	EN	0.7340000000000001	0.6729999999999999	4.0	1.0	0.415	99.97	136093	HIP HOP
lvmYmjsS6BjlumBl	HIP HOP	EN	0.7709999999999999	0.772	2.0	1.0	0.359	140.05	183044	HIP HOP
0RswMLgk4KS4GbIP	HIP HOP	EN	0.742	0.84	5.0	0.0	0.287	138.032	204360	HIP HOP
F2hwRmrsWIlqFgrB	HIP HOP,GRIME	EN	0.468	0.823	4.0	1.0	0.941	74.457	179564	HIP HOP
kvpJnRX6kwlaAm0p	HIP HOP,EXPERIMENTAL,GLITCH HOP	EN	0.514	0.774	1.0	1.0	0.595	134.235	117482	HIP HOP
AbsruohDUlU7EpR9	RAP,HIP HOP,BOUNCE	EN	0.586	0.909	8.0	1.0	0.757	93.394	210747	HIP HOP
mdBTffMWbpa7ZIVv	RAP,HIP HOP	EN	0.7879999999999999	0.7290000000000001	7.0	1.0	0.815	82.01	246413	HIP HOP
FDnPGRj95BakXOSj	RAP,HIP HOP	EN	0.638	0.6990000000000001	1.0	0.0	0.66	92.939	207627	HIP HOP
kYZTRao2A1njViX7	RAP,HIP HOP	EN	0.957	0.415	6.0	0.0	0.647	116.325	157467	HIP HOP
K3lGspevuT7yxZaa	HIP HOP,RAP	EN	0.779	0.653	1.0	1.0	0.469	95.134	250200	HIP HOP
0s1lX4fZwieG9qyO	HIP HOP	EN	0.698	0.797	6.0	1.0	0.745	95.212	197293	HIP HOP
UZDLvfkWiG7LzGRp	RAP,HIP HOP	EN	0.898	0.467	5.0	1.0	0.251	159.969	108069	HIP HOP
PWyFUkr8L83IsRVX	HIP HOP,RAP,WEST COAST RAP	EN	0.8009999999999999	0.971	10.0	0.0	0.597	106.939	235707	HIP HOP
8HDKAYc4y9owyJP2	HIP HOP	EN	0.682	0.357	0.0	0.0	0.347	118.039	242373	HIP HOP
hEY6SdaX0OoNr8uw	RAP,HIP HOP	EN	0.7020000000000001	0.785	7.0	0.0	0.647	132.857	169017	HIP HOP
C5p9Jr8WABOMgdCl	RAP,HIP HOP	EN	0.6579999999999999	0.508	6.0	0.0	0.8220000000000001	191.125	206240	HIP HOP
fpslRVnT2Rsqk6FX	HIP HOP,RAP	EN	0.4	0.602	7.0	0.0	0.0964	74.142	298641	HIP HOP
JTPvlSzG4L6x0yXc	RAP,HIP HOP	EN	0.731	0.6459999999999999	1.0	1.0	0.667	168.067	178603	HIP HOP
ZVfQofqG8ukq7i0k	RAP,HIP HOP,RAP	EN	0.628	0.638	10.0	0.0	0.378	81.645	312373	HIP HOP
CUkyAx7nvXkVj0AG	WEST COAST RAP,UNDERGROUND HIP HOP	EN	0.915	0.54	7.0	1.0	0.111	100.039	183159	HIP HOP
5iFzGVWI1B7LhB8F	HIP HOP	EN	0.638	0.741	1.0	0.0	0.7020000000000001	178.12400000000005	166907	HIP HOP
D2GV6jaFtFIy2uiz	RAP,HIP HOP	EN	0.6729999999999999	0.957	1.0	1.0	0.399	174.021	221067	HIP HOP
398R4mk3rOXhgFHc	HIP HOP,IRISH HIP HOP	EN	0.914	0.7490000000000001	7.0	1.0	0.96	137.974	180387	HIP HOP
1ZsNuMxsdHv7HQyc	HIP HOP	EN	0.4970000000000001	0.452	0.0	1.0	0.146	100.078	216880	HIP HOP
GgXyxfj3F5C7AExi	EXPERIMENTAL,GLITCH HOP,RAP,HIP HOP	EN	0.899	0.541	10.0	0.0	0.5670000000000001	138.96200000000002	198310	HIP HOP
5s4mJMNgsD9wzl7W	RAP,HIP HOP,RAP	EN	0.664	0.8420000000000001	9.0	1.0	0.7190000000000001	84.994	208571	HIP HOP
aB6s8ygIyeuId1sB	HIP HOP,RAP	EN	0.7440000000000001	0.664	11.0	0.0	0.7190000000000001	96.944	249027	HIP HOP
hBbYMNmjdKnYCkl9	RAP,HIP HOP	EN	0.602	0.81	7.0	1.0	0.275	156.325	234333	HIP HOP
aKrK1ilNBUJmFyFc	RAP,RAP,HIP HOP	EN	0.748	0.705	4.0	0.0	0.483	189.891	208733	HIP HOP
oZjJrTShSQMSllPp	RAP,HIP HOP	EN	0.8370000000000001	0.885	6.0	0.0	0.6940000000000001	95.313	253720	HIP HOP
I5DLh3byN8JaQwMe	HIP HOP	EN	0.604	0.809	1.0	0.0	0.275	173.739	228000	HIP HOP
6sUE7Mf0a49mHeJr	RAP,HIP HOP	EN	0.636	0.731	4.0	1.0	0.61	86.15	262507	HIP HOP
bN9egN6fJRxGWe4C	RAP,HIP HOP	EN	0.797	0.731	11.0	0.0	0.6759999999999999	99.952	295353	HIP HOP
hPB98OA4wX3tGaZp	HIP HOP	EN	0.667	0.848	6.0	0.0	0.711	91.789	227333	HIP HOP
MVJGt8KSC8x9I5n2	RAP,HIP HOP	EN	0.7490000000000001	0.794	0.0	1.0	0.46	135.959	269554	HIP HOP
JChMVgXTqDmd3Xiu	RAP,HIP HOP	EN	0.8859999999999999	0.316	1.0	1.0	0.0389	135.006	142222	HIP HOP
CcgpQlForg0bO6cu	RAP,HIP HOP	EN	0.523	0.878	6.0	1.0	0.354	137.214	200331	HIP HOP
p8A9bo0DJdNpBAsU	RAP,HIP HOP	EN	0.807	0.561	11.0	1.0	0.672	107.092	264400	HIP HOP
yPhiaJTRbpFcsEqG	RAP,HIP HOP	EN	0.7390000000000001	0.911	9.0	1.0	0.378	112.948	261733	HIP HOP
ROtBcfYWYTCSRWI6	HIP HOP,RAP,RAP	EN	0.721	0.949	6.0	1.0	0.835	83.02799999999998	240093	HIP HOP
dmTtfav4wnkwbLmL	RAP,HIP HOP	EN	0.89	0.715	2.0	1.0	0.581	109.006	154107	HIP HOP
PsZDpx7nfGLQWaiH	RAP,UNDERGROUND HIP HOP	EN	0.777	0.4370000000000001	1.0	0.0	0.622	90.068	296960	HIP HOP
RZAfN9YlsD6eb0Z0	INDUSTRIAL,RAP,PHONK,HIP HOP	EN	0.506	0.618	8.0	1.0	0.112	179.90099999999995	121801	HIP HOP
9HBg3AXFz54KZVC3	SOUL,HIP HOP	EN	0.6729999999999999	0.635	1.0	0.0	0.419	107.935	216347	HIP HOP
jJEgEAF2iuW4yk9g	HIP HOP,RAP	EN	0.737	0.8809999999999999	1.0	0.0	0.419	148.439	195966	HIP HOP
BXLuxmOENTkKfhgT	HIP HOP,INDIETRONICA,ELECTRO	EN	0.78	0.654	11.0	0.0	0.953	129.984	281080	HIP HOP
FRCtF2mGPLE3HWTj	HIP HOP,RAP	EN	0.8390000000000001	0.551	11.0	0.0	0.852	88.727	237667	HIP HOP
wBdHm1cOjVM0gdY8	RAP,HIP HOP	EN	0.7020000000000001	0.978	8.0	1.0	0.6679999999999999	110.0	222960	HIP HOP
UcYfUhKnbN0ntM6f	HIP HOP	EN	0.6679999999999999	0.53	6.0	1.0	0.657	81.458	157620	HIP HOP
BJLKE0kitiIxSRl8	RAP,HIP HOP	EN	0.914	0.635	8.0	1.0	0.369	144.05100000000004	235677	HIP HOP
FJtbjaIhW50U8J0P	RAP,HIP HOP	EN	0.911	0.743	9.0	0.0	0.878	148.012	297933	HIP HOP
DHfG6PnSaCMjNxTy	RAP,HIP HOP,RAP,HIP HOP	EN	0.7909999999999999	0.759	10.0	0.0	0.619	102.382	289693	HIP HOP
tejrtHNIAofPibbb	RAP,HIP HOP	EN	0.792	0.964	1.0	1.0	0.621	99.771	226200	HIP HOP
6xfH2wHZxGdmV2zl	RAP,HIP HOP	EN	0.307	0.924	10.0	1.0	0.256	87.31700000000002	264347	HIP HOP
MKhy6EbfDBrYyk0K	RAP,HIP HOP	EN	0.664	0.81	5.0	0.0	0.162	164.05200000000005	339667	HIP HOP
LEC10wo6Zrx0AGFq	RAP,HIP HOP	EN	0.897	0.631	10.0	0.0	0.685	91.388	231467	HIP HOP
z6g5F2bslCMS04r6	RAP,EXPERIMENTAL HIP HOP	EN	0.418	0.537	6.0	1.0	0.357	127.205	209473	HIP HOP
uaXuAaJu4JYXOgjl	RAP,HIP HOP	EN	0.601	0.8190000000000001	10.0	1.0	0.21	170.11700000000005	185000	HIP HOP
AtHdTMBLEgrqCnIr	RAP,HIP HOP	EN	0.907	0.879	10.0	0.0	0.828	111.993	167760	HIP HOP
PIlKMUlFEcxddCgD	RAP,HIP HOP,JAZZ RAP	EN	0.667	0.523	10.0	0.0	0.409	143.934	232571	HIP HOP
GPaucabPuBC4X1it	HIP HOP	EN	0.703	0.754	9.0	0.0	0.69	140.065	196286	HIP HOP
dVLg34HafHN2B9lW	RAP,HIP HOP	EN	0.67	0.654	4.0	1.0	0.438	180.024	227533	HIP HOP
yYY1jeyfKyuxSwoW	HIP HOP,RAP	EN	0.623	0.716	11.0	0.0	0.203	116.914	270000	HIP HOP
DPGhN6RAvGYvEVYY	HIP HOP	EN	0.79	0.457	2.0	1.0	0.355	125.249	293053	HIP HOP
mi0cCcRq0NFqGXGE	RAP,HIP HOP,SOUL	EN	0.631	0.623	8.0	1.0	0.765	80.23	227893	HIP HOP
4uVQdfJogxXAwDHI	RAP,HIP HOP,COMEDY	EN	0.618	0.329	0.0	1.0	0.375	94.189	162407	HIP HOP
VonxaO63Q6ATyHtd	RAP,HIP HOP	EN	0.713	0.746	0.0	1.0	0.47	135.02100000000002	299747	HIP HOP
ZjXaL0Esf2zyFwGx	RAP,HIP HOP	EN	0.922	0.8590000000000001	2.0	1.0	0.616	114.001	269613	HIP HOP
Cha4fjUFlWpz3eD5	HIP HOP	EN	0.672	0.622	4.0	0.0	0.375	108.052	256480	HIP HOP
nltzxmV9aWW7F7z8	RAP,HIP HOP	EN	0.7609999999999999	0.899	10.0	0.0	0.6729999999999999	95.027	217587	HIP HOP
84GzeABJ3eSnam6a	RAP,HIP HOP	EN	0.6	0.721	0.0	1.0	0.371	94.939	193547	HIP HOP
5R7xZqZcW8w3zKkB	RAP,HIP HOP	EN	0.669	0.809	7.0	1.0	0.5720000000000001	97.885	249293	HIP HOP
mgjDCaqqLfxz1070	RAP,HIP HOP	EN	0.925	0.708	1.0	0.0	0.621	104.754	300267	HIP HOP
ev57Mg11qQURTPae	HIP HOP	EN	0.7140000000000001	0.63	9.0	0.0	0.366	156.112	204615	HIP HOP
sos1xCWGNyZFUbek	RAP,HIP HOP	EN	0.8340000000000001	0.481	2.0	0.0	0.406	89.84899999999998	285907	HIP HOP
mQzo6qXZfjhj1JTx	RAP,HIP HOP	EN	0.866	0.599	2.0	1.0	0.831	94.982	226733	HIP HOP
TyH7ktDqKfMxY9qI	HIP HOP,EXPERIMENTAL,GLITCH HOP	EN	0.66	0.762	3.0	0.0	0.267	114.861	180011	HIP HOP
SuoCWL5SysFFarIZ	RAP,HIP HOP	EN	0.413	0.677	1.0	1.0	0.0845	172.50099999999995	302173	HIP HOP
eWj45U6gCr2v795O	HIP HOP,HIP HOP	EN	0.628	0.5770000000000001	10.0	0.0	0.374	145.005	189322	HIP HOP
vTwuHZcNjTT9fe3Z	RAP,HIP HOP	EN	0.503	0.494	10.0	0.0	0.134	90.677	196893	HIP HOP
M46VRYOc899SxOUh	CRUNK,HIP HOP	EN	0.675	0.501	10.0	1.0	0.532	139.861	260600	HIP HOP
0Df8PLjiYYu00yeu	RAP,HIP HOP	EN	0.632	0.625	2.0	1.0	0.535	139.981	192126	HIP HOP
f2ydxL0WWIjX23xQ	RAP,HIP HOP	EN	0.804	0.66	10.0	0.0	0.257	94.053	169345	HIP HOP
ATh6m6kpEhbdZXbB	RAP,HIP HOP	EN	0.815	0.484	1.0	0.0	0.155	77.563	151160	HIP HOP
AjYjoJOhcj79neXY	RAP,COMEDY,HIP HOP	EN	0.916	0.362	8.0	1.0	0.416	104.979	645876	HIP HOP
Y3LAFj6zUqiMuRfa	RAP,HIP HOP	EN	0.773	0.508	9.0	0.0	0.496	133.966	211436	HIP HOP
M7drHad4r6XIGQr9	HIP HOP,RAP	EN	0.476	0.936	0.0	0.0	0.37	178.123	175373	HIP HOP
4zIazGBvDRNybblV	RAP,HIP HOP	EN	0.8029999999999999	0.753	4.0	0.0	0.557	129.998	350227	HIP HOP
BsztDgeUHXH5xMdG	RAP,HIP HOP	EN	0.8640000000000001	0.6409999999999999	6.0	0.0	0.6779999999999999	93.526	307827	HIP HOP
Ti3tzVtIpPqf8aJT	HIP HOP,ALTERNATIVE HIP HOP	EN	0.882	0.375	3.0	0.0	0.6559999999999999	120.055	181577	HIP HOP
LjrEIu72vhCTRCCT	HIP HOP	EN	0.636	0.802	8.0	1.0	0.5329999999999999	94.919	161267	HIP HOP
nlwdfGw4ITli4enw	RAP,HIP HOP	EN	0.596	0.5429999999999999	1.0	1.0	0.218	121.638	163248	HIP HOP
MJgi6oXXtTs8diPy	RAP,HIP HOP,EMO,HORRORCORE,EMO RAP	EN	0.57	0.285	9.0	0.0	0.0973	83.485	99707	HIP HOP
hpTLJXXFL3mCMi3R	RAP,HIP HOP	EN	0.93	0.65	0.0	1.0	0.403	98.023	199296	HIP HOP
ScNaHUrt3DRCrf4v	RAP,HIP HOP,COMEDY	EN	0.696	0.5429999999999999	7.0	1.0	0.514	145.028	158921	HIP HOP
RF8GyQhiZav6OvpW	ALTERNATIVE HIP HOP,RAP	EN	0.591	0.889	7.0	1.0	0.65	143.067	239613	HIP HOP
5yuxfTfS1IQorM5r	RAP,HIP HOP	EN	0.865	0.73	6.0	0.0	0.8079999999999999	90.096	193467	HIP HOP
PF8yXJ6or9SKPsSy	HIP HOP,EXPERIMENTAL,GLITCH HOP	EN	0.71	0.474	1.0	1.0	0.655	107.644	161487	HIP HOP
Ig8kmdfCOKtL3mOs	HIP HOP,RAP	EN	0.453	0.855	4.0	1.0	0.337	84.851	229814	HIP HOP
hsi9hq0ojkWVTUup	HIP HOP	EN	0.544	0.672	7.0	1.0	0.244	85.88	197400	HIP HOP
Lemrq1Pvl88x7Kr0	RAP,HIP HOP,RAP	EN	0.7340000000000001	0.693	6.0	1.0	0.441	170.013	225882	HIP HOP
7SvyWNO8okpttyo8	RAP,RAP,HIP HOP	EN	0.711	0.594	1.0	1.0	0.5589999999999999	86.925	234947	HIP HOP
oxDDzKlqefIpCiC5	RAP,HIP HOP	EN	0.95	0.665	5.0	0.0	0.76	104.504	284200	HIP HOP
MR6I8cnIyY5vLeJ5	RAP,HIP HOP	EN	0.952	0.435	6.0	0.0	0.816	103.991	150480	HIP HOP
EdQ3HZUF5KcU03lu	HIP HOP	EN	0.687	0.563	2.0	1.0	0.112	185.056	212947	HIP HOP
40ZPCzLOJCiQz5zN	RAP,HIP HOP	EN	0.662	0.804	11.0	0.0	0.708	102.766	215560	HIP HOP
PiTkOYDEcg1Nrj8M	RAP,HIP HOP	EN	0.458	0.852	11.0	0.0	0.765	104.021	249522	HIP HOP
ZAm0n50NCJTH6Rkv	HIP HOP,RAP	EN	0.795	0.6	2.0	1.0	0.633	101.78	250133	HIP HOP
5vLnCaIEDnpGZDv0	RAP,HIP HOP	EN	0.65	0.721	1.0	1.0	0.498	122.844	242000	HIP HOP
EuTux1EIVqPm37aQ	RAP,HIP HOP	EN	0.387	0.775	3.0	0.0	0.162	122.43	243933	HIP HOP
RiR8t8KN1w6NVPnE	GRIME,RAP,UK HIP HOP,GRIME,RAP	EN	0.8170000000000001	0.525	6.0	1.0	0.27	99.991	153646	HIP HOP
HC19tpRmdthwj9sR	HIP HOP	EN	0.89	0.6940000000000001	9.0	1.0	0.7440000000000001	98.972	143720	HIP HOP
QTjXaC0bCCE1fqOg	HIP HOP,RAP	EN	0.574	0.799	0.0	1.0	0.463	199.804	267320	HIP HOP
ilwgPwZBofv8S2Wy	HIP HOP	EN	0.875	0.679	8.0	1.0	0.191	120.067	268000	HIP HOP
vDpfwamvxddR2FZc	EMO,RAP,HIP HOP	EN	0.58	0.867	11.0	0.0	0.482	79.975	128109	HIP HOP
Fq0HYcadYXdSa0nu	RAP,HIP HOP	EN	0.908	0.621	1.0	0.0	0.421	150.011	177000	HIP HOP
QuBsqRgBbPWxsj4e	RAP,HIP HOP,SOUTHERN HIP HOP	EN	0.527	0.772	9.0	1.0	0.438	97.948	264520	HIP HOP
6prZl5p9Hy4t9eul	RAP,HIP HOP	EN	0.792	0.743	7.0	1.0	0.742	150.024	195637	HIP HOP
DsKOHM0woeZeX6wo	RAP,HIP HOP	EN	0.682	0.505	1.0	1.0	0.4	89.954	260067	HIP HOP
KwZai1UJW5Nj0mRT	HIP HOP,RAP	EN	0.7020000000000001	0.8320000000000001	1.0	1.0	0.619	92.362	252600	HIP HOP
qhikDCVS9plrJkgX	RAP,HIP HOP,RAP	EN	0.518	0.706	8.0	1.0	0.418	128.26	113787	HIP HOP
c8pW8no4BKDn9HGg	HIP HOP,ALTERNATIVE HIP HOP,IRISH HIP HOP	EN	0.642	0.573	5.0	0.0	0.252	82.514	233987	HIP HOP
ozFeg31wZPB60ADg	HIP HOP,RAP	EN	0.672	0.452	0.0	1.0	0.514	82.012	213659	HIP HOP
u65jfrisAdeCWy2Z	HARDCORE HIP HOP	EN	0.873	0.563	9.0	0.0	0.213	140.075	195044	HIP HOP
dvv6HQDe9fpGRwFd	RAP,HIP HOP	EN	0.606	0.368	0.0	0.0	0.349	101.549	80000	HIP HOP
XEbyzfafxVpCCLK2	RAP,HIP HOP	EN	0.72	0.748	10.0	0.0	0.246	145.22	247867	HIP HOP
xIOKBUI7Grapa2xR	HIP HOP,RAP	EN	0.89	0.542	10.0	0.0	0.565	78.458	165293	HIP HOP
5VeUWjyDEkP6BIKK	RAP,HIP HOP,SPOKEN WORD	EN	0.6859999999999999	0.6970000000000001	3.0	1.0	0.393	143.987	215947	HIP HOP
kfiD4pEhO7oZ1gFm	METAL,RAP,HIP HOP	EN	0.833	0.539	11.0	0.0	0.385	99.947	149520	HIP HOP
cHpJFTW2MfnYJGQO	RAP,HIP HOP,TRAP MUSIC	EN	0.846	0.809	11.0	0.0	0.512	140.011	144660	HIP HOP
XGCNQiwMMWBT9cuh	RAP,HIP HOP,UNDERGROUND HIP HOP	EN	0.8909999999999999	0.5870000000000001	11.0	1.0	0.954	130.012	134548	HIP HOP
MoUTYdSeg2uc70Pa	HIP HOP,RAP	EN	0.862	0.642	6.0	0.0	0.765	99.201	267267	HIP HOP
SXOftMeTB6uzalYw	RAP,HIP HOP	EN	0.59	0.561	2.0	1.0	0.15	134.936	262307	HIP HOP
MI4ooQKxZdsihgnS	RAP,HIP HOP	EN	0.6579999999999999	0.872	1.0	1.0	0.815	159.907	209533	HIP HOP
ApmVtES4zB1OlCmc	RAP,HIP HOP	EN	0.684	0.8190000000000001	1.0	0.0	0.25	179.99900000000005	231867	HIP HOP
fmd85Ver4gZuR2A6	RAP,ALTERNATIVE HIP HOP	EN	0.6629999999999999	0.86	1.0	1.0	0.8909999999999999	115.536	118218	HIP HOP
wLyfDXEjbQSi2Wk4	ALTERNATIVE HIP HOP,SOUL	EN	0.544	0.4270000000000001	9.0	0.0	0.186	139.939	181400	HIP HOP
3ThxO5Q3A29V2vnd	HIP HOP,GRIME,DUBSTEP	EN	0.596	0.7190000000000001	7.0	1.0	0.836	138.795	156493	HIP HOP
1ImkA64Fq4VHuG7j	HIP HOP,RAP,HIP HOP	EN	0.794	0.539	9.0	0.0	0.765	129.065	182209	HIP HOP
xMvGac7qtw48l63Q	RAP,HIP HOP	EN	0.851	0.8490000000000001	1.0	0.0	0.8440000000000001	120.014	298773	HIP HOP
50a0XVEae8lrv2sR	RAP,HIP HOP,CONSCIOUS HIP HOP	EN	0.573	0.738	5.0	0.0	0.565	207.852	398202	HIP HOP
Plx7C44yqq5H7v6L	HIP HOP	EN	0.733	0.555	9.0	1.0	0.35	77.584	175520	HIP HOP
PGx3whYejx0HtiVG	RAP,HIP HOP,SOUTHERN HIP HOP	EN	0.72	0.691	1.0	1.0	0.34	115.966	266978	HIP HOP
SfbFeDBHyywIJXWM	RAP,HIP HOP	EN	0.8390000000000001	0.598	9.0	0.0	0.524	144.566	162730	HIP HOP
v3IhMi29Z2pGWyk6	HIP HOP,RAP,GRIME	EN	0.8590000000000001	0.624	1.0	1.0	0.635	149.94799999999995	219737	HIP HOP
kKg3iaSKjyAkNM42	HIP HOP,GRIME	EN	0.68	0.804	7.0	1.0	0.687	133.893	187839	HIP HOP
6G5PTMXvrIMuXyib	RAP,HIP HOP	EN	0.449	0.434	1.0	1.0	0.371	78.57	224893	HIP HOP
AhgqzGjkoMacoeev	HIP HOP	EN	0.564	0.436	11.0	0.0	0.0918	137.028	199867	HIP HOP
w5hSAY2cFk2jxSne	RAP,HIP HOP	EN	0.6659999999999999	0.962	1.0	1.0	0.599	133.398	181264	HIP HOP
Q0co4ldfMZj7XZlL	RAP,HIP HOP	EN	0.695	0.777	6.0	0.0	0.36	135.01	334253	HIP HOP
Cf9HTNzWqNwl2PLi	RAP,HIP HOP	EN	0.828	0.433	0.0	1.0	0.44	148.07299999999995	299333	HIP HOP
KmLvXEZaTy6o3jRp	FUNK,HIP HOP	EN	0.807	0.513	7.0	0.0	0.7440000000000001	129.951	193518	HIP HOP
UmPJ0eqFMIRbwiJ4	HIP HOP,RAP	EN	0.898	0.409	0.0	1.0	0.623	92.722	357200	HIP HOP
vyz1fa0zlWoZBNiD	RAP,HIP HOP,REGGAE	EN	0.7290000000000001	0.6809999999999999	10.0	0.0	0.157	93.028	189787	HIP HOP
U4yY4zFGOHYClSzF	RAP,HIP HOP	EN	0.615	0.8079999999999999	6.0	1.0	0.562	149.92	220173	HIP HOP
bWQBwAtRlOhQazkl	RAP,HIP HOP	EN	0.775	0.6	0.0	1.0	0.544	148.032	205539	HIP HOP
dzmwxbE9gk1zBTk3	RAP,HIP HOP	EN	0.885	0.5429999999999999	2.0	1.0	0.43	99.026	195992	HIP HOP
bi1WH0HZf9fe9Ah8	RAP,HIP HOP	EN	0.542	0.8190000000000001	7.0	1.0	0.647	190.282	201960	HIP HOP
GEIYQelXLLiliNN1	RAP,SOUTHERN HIP HOP,HIP HOP	EN	0.8320000000000001	0.774	7.0	0.0	0.657	160.016	234837	HIP HOP
DLEHVDPmcehj88PS	HIP HOP	EN	0.611	0.938	0.0	1.0	0.126	91.952	141435	HIP HOP
CKT0RcoGLqZWz5Bk	RAP,HIP HOP	EN	0.779	0.799	9.0	1.0	0.414	109.944	270187	HIP HOP
rpmlK982jMKgmR6D	RAP,UNDERGROUND HIP HOP,WEST COAST RAP,RAP	EN	0.8370000000000001	0.6409999999999999	11.0	0.0	0.579	110.48	249320	HIP HOP
sIBjXprpRz150SLl	HIP HOP	EN	0.8029999999999999	0.637	4.0	0.0	0.5	97.032	181613	HIP HOP
inFQYpgF3fWGsVQr	SOUL,HIP HOP	EN	0.617	0.495	3.0	1.0	0.6759999999999999	144.887	131893	HIP HOP
ZImnDJyB863xs87Z	RAP,HIP HOP	EN	0.552	0.638	7.0	1.0	0.197	122.763	192200	HIP HOP
fF6FSVZFsiePK5Ax	RAP,HIP HOP	EN	0.708	0.8909999999999999	1.0	1.0	0.807	91.598	231493	HIP HOP
v8Is3nRJz9BVIBk2	HIP HOP	EN	0.6409999999999999	0.922	2.0	1.0	0.847	146.078	258343	HIP HOP
OtXQAagnsUVblvxU	RAP,HIP HOP	EN	0.415	0.6809999999999999	2.0	0.0	0.364	171.893	359800	HIP HOP
C7HukVypWu66y9wJ	EXPERIMENTAL HIP HOP,HIP HOP,HARDCORE HIP HOP,RAP	EN	0.701	0.585	7.0	1.0	0.43	99.987	97145	HIP HOP
Qroh1jw3xR2yjaM9	RAP,HIP HOP	EN	0.4970000000000001	0.55	8.0	1.0	0.542	79.955	204939	HIP HOP
BhHuE9FafoRCEJVE	RAP,HIP HOP	EN	0.529	0.809	8.0	1.0	0.136	125.285	230960	HIP HOP
lBMurCCn6HpfFC9q	FUNK,RAP,HIP HOP	EN	0.738	0.632	7.0	0.0	0.6970000000000001	118.003	223792	HIP HOP
jlcMtrjyXpMv9WKS	HARDCORE HIP HOP	EN	0.738	0.622	9.0	1.0	0.299	141.942	148793	HIP HOP
rKcLDQxesn05zHVM	RAP,HIP HOP,CONSCIOUS HIP HOP	EN	0.612	0.7559999999999999	1.0	0.0	0.371	87.289	312686	HIP HOP
6QgFiLpsGRUdK2Hx	RAP,HIP HOP,RAP	EN	0.77	0.789	4.0	0.0	0.49	81.969	247827	HIP HOP
0HOiJhLFaqgiuYCr	HIP HOP	EN	0.723	0.561	8.0	1.0	0.278	140.053	202613	HIP HOP
6YlaDzr4pFMlNlLd	HIP HOP	EN	0.613	0.591	2.0	1.0	0.371	77.124	316976	HIP HOP
NB7DWXskVBuvmHX8	HIP HOP,RAP	EN	0.677	0.5489999999999999	8.0	1.0	0.262	77.523	229400	HIP HOP
9uChJlLyGUsMWo1P	RAP,HIP HOP	EN	0.337	0.853	7.0	1.0	0.4270000000000001	101.034	233560	HIP HOP
qSbavDMfj1l3V5Kl	HIP HOP	EN	0.935	0.552	10.0	0.0	0.615	99.993	145627	HIP HOP
hLDDA7EQuMK2pPuh	HIP HOP	EN	0.8690000000000001	0.45	1.0	1.0	0.816	95.223	221800	HIP HOP
NtvcL4YndIMuoek8	HIP HOP	EN	0.72	0.67	2.0	1.0	0.5660000000000001	121.342	305280	HIP HOP
9rLtRDA5JPQDoiHG	HIP HOP,ALTERNATIVE HIP HOP,IRISH HIP HOP,RAP	EN	0.7609999999999999	0.43	5.0	0.0	0.728	83.024	170661	HIP HOP
ZdvNSVjAdD9RgAK7	HIP HOP	EN	0.51	0.503	10.0	0.0	0.193	153.582	243773	HIP HOP
5Ma1pgdSp7MhRb0Q	RAP,HIP HOP	EN	0.6779999999999999	0.659	1.0	1.0	0.675	173.988	243180	HIP HOP
K0lojVO0zWFZoGID	NIGERIAN HIP HOP,RAP	EN	0.636	0.5489999999999999	1.0	1.0	0.588	167.87400000000005	265642	HIP HOP
yOpTHyJUPrjISOiW	RAP,HIP HOP	EN	0.653	0.71	8.0	1.0	0.409	122.044	238053	HIP HOP
l1ShwBBWLIceEXPv	HIP HOP	EN	0.424	0.52	11.0	1.0	0.184	189.613	245253	HIP HOP
tfeVEJMUddpOJTsT	HIP HOP,RAP	EN	0.605	0.344	0.0	1.0	0.435	79.947	202813	HIP HOP
mxvGDOTVFI9XYI5f	HIP HOP,RAP	EN	0.687	0.701	6.0	1.0	0.3720000000000001	159.915	167107	HIP HOP
KIu3puiaq8VTt1PZ	HIP HOP	EN	0.7659999999999999	0.518	6.0	0.0	0.107	110.059	242693	HIP HOP
5OB8TA7U7LT79Dip	HIP HOP,RAP	EN	0.509	0.8590000000000001	1.0	0.0	0.8959999999999999	111.08	191187	HIP HOP
rmsnyXGLw16yZmhy	RAP,HIP HOP	EN	0.873	0.682	11.0	0.0	0.799	157.94299999999996	151600	HIP HOP
JMq8GEmhGx5qmFL0	RAP,UNDERGROUND HIP HOP,ALTERNATIVE HIP HOP,HIP HOP	EN	0.537	0.753	8.0	1.0	0.693	90.294	115827	HIP HOP
8imDuMiZL7KYFSgd	RAP,HIP HOP	EN	0.5479999999999999	0.688	7.0	1.0	0.266	75.11	196756	HIP HOP
ms5Y6HGhKJRgAEfe	JAZZ RAP,CONSCIOUS HIP HOP,RAP,HIP HOP	EN	0.7959999999999999	0.7659999999999999	7.0	1.0	0.5579999999999999	110.034	219333	HIP HOP
EY46gWl82iYqAW2a	RAP,HIP HOP,SOUTHERN HIP HOP	EN	0.7559999999999999	0.746	1.0	1.0	0.0793	103.978	168883	HIP HOP
BzC4d5vF6XGGBvVF	HIP HOP,ALTERNATIVE HIP HOP	EN	0.721	0.603	9.0	1.0	0.405	75.018	199195	HIP HOP
U4SI7bM075KAxe5i	HIP HOP,RAP	EN	0.628	0.767	7.0	1.0	0.375	95.936	304500	HIP HOP
Awwf1OBE6Q6vbyum	HIP HOP	EN	0.369	0.7020000000000001	0.0	1.0	0.285	180.947	175402	HIP HOP
ci1o2h99uqeQF5ex	RAP,HIP HOP	EN	0.6579999999999999	0.736	9.0	0.0	0.804	143.966	160000	HIP HOP
WVrJUcZj6xJ4Cgtr	RAP,HIP HOP,COMEDY	EN	0.892	0.51	10.0	0.0	0.345	99.975	121011	HIP HOP
nJhm9FgPDZ1pdgCw	RAP,HIP HOP	EN	0.6970000000000001	0.8079999999999999	7.0	1.0	0.443	140.013	223197	HIP HOP
vBDXfigR0vVDRSrL	RAP,HIP HOP	EN	0.7609999999999999	0.573	7.0	1.0	0.614	84.016	305653	HIP HOP
7NxXSo5Xly9ZHgyR	RAP,HIP HOP	EN	0.63	0.804	6.0	1.0	0.4920000000000001	123.146	220293	HIP HOP
Ffe0UpibXMyeqAhk	RAP,HIP HOP	EN	0.61	0.283	6.0	0.0	0.762	99.917	51827	HIP HOP
KoDu6k1cUR1BfBSM	HIP HOP,RAP	EN	0.483	0.787	5.0	0.0	0.5920000000000001	84.81	182387	HIP HOP
I8rhpSVdkceD8Xvd	RAP,HIP HOP	EN	0.762	0.6579999999999999	1.0	0.0	0.389	130.003	167539	HIP HOP
LqoZoKh38Cwtamw7	RAP,HIP HOP	EN	0.7509999999999999	0.599	11.0	0.0	0.353	95.702	283800	HIP HOP
XxTKugBphyOFohHS	HIP HOP	EN	0.68	0.659	0.0	1.0	0.411	91.259	247040	HIP HOP
stSTZK3oXV0mmV2D	RAP,RAP,HIP HOP	EN	0.695	0.8270000000000001	6.0	0.0	0.5379999999999999	81.024	279855	HIP HOP
03QgQw5LI8x5RTQK	RAP,HIP HOP	EN	0.715	0.6409999999999999	11.0	1.0	0.283	127.943	217853	HIP HOP
p2uKOaZMLzGQ7n5t	HIP HOP,ALTERNATIVE HIP HOP,IRISH HIP HOP	EN	0.8340000000000001	0.591	10.0	0.0	0.9	104.944	256613	HIP HOP
Gem7LndJxbxpe1XA	HIP HOP	EN	0.65	0.752	10.0	0.0	0.5760000000000001	171.887	268200	HIP HOP
BrDKQo2gQvStSlEp	HIP HOP,RAP	EN	0.5589999999999999	0.578	8.0	1.0	0.239	79.938	320720	HIP HOP
05ogun9U0TYSNQDO	RAP,HIP HOP	EN	0.5529999999999999	0.966	11.0	1.0	0.649	177.745	141053	HIP HOP
8d0OmyuJT04YxWsc	RAP,HIP HOP,RAP,HIP HOP	EN	0.6559999999999999	0.698	1.0	1.0	0.165	90.008	181441	HIP HOP
JwbHW7ahYsLWX0xa	HIP HOP,RAP	EN	0.42	0.7440000000000001	8.0	1.0	0.324	161.792	302547	HIP HOP
XSHWOfF7kblxRxum	RAP,HIP HOP,SOUTHERN HIP HOP	EN	0.726	0.619	8.0	0.0	0.485	140.072	279137	HIP HOP
1Eat2dXRmH9lDF25	RAP,HIP HOP	EN	0.535	0.73	1.0	1.0	0.723	74.89	281133	HIP HOP
JlGyknNvsLU1bt6B	HIP HOP,RAP	EN	0.472	0.846	11.0	0.0	0.4	170.392	185507	HIP HOP
9DxoFbYMMEA1uG88	RAP,HIP HOP	EN	0.865	0.402	1.0	1.0	0.539	140.031	164614	HIP HOP
5D53ebE8oKvBgzLw	ALTERNATIVE HIP HOP	EN	0.654	0.455	8.0	1.0	0.16	112.993	236267	HIP HOP
s95orG8Wtyy6Y9QA	RAP,HIP HOP	EN	0.659	0.636	6.0	0.0	0.28	96.012	202107	HIP HOP
mEmZ8HGsuaYvoNo5	SOUL,HIP HOP	EN	0.545	0.451	3.0	0.0	0.502	115.21	244840	HIP HOP
QC0F3ioCKfCAmqUR	RAP,HIP HOP	EN	0.841	0.718	6.0	0.0	0.728	92.879	211960	HIP HOP
qLGQC5BsWyOd2j42	RAP,HIP HOP	EN	0.813	0.703	11.0	0.0	0.241	94.828	224533	HIP HOP
sLUAkhebbgfnZ8sM	RAP,HIP HOP	EN	0.904	0.813	4.0	0.0	0.81	125.461	226864	HIP HOP
hdThHVxiqrQ1p0n6	RAP,HIP HOP	EN	0.5720000000000001	0.581	1.0	1.0	0.313	100.551	154700	HIP HOP
ZlvX11EItz0KwBEw	RAP,HIP HOP	EN	0.732	0.6829999999999999	2.0	1.0	0.259	75.50399999999998	259573	HIP HOP
tvYkLQfCu2meopw0	RAP,HIP HOP,RAP	EN	0.978	0.787	2.0	1.0	0.597	116.006	254467	HIP HOP
L6LpZBjwYPWhQ6FL	HIP HOP	EN	0.604	0.6759999999999999	2.0	1.0	0.374	146.63299999999995	225839	HIP HOP
sKbDEsAeXiDFeewR	ABSTRACT HIP HOP,RAP,HIP HOP	EN	0.539	0.735	10.0	0.0	0.794	89.302	230087	HIP HOP
yz4RIouoCL9YXKYD	HIP HOP	EN	0.742	0.634	4.0	0.0	0.42	122.864	213040	HIP HOP
NQBB3XAVf0iGbgWJ	HIP HOP,RAP	EN	0.8009999999999999	0.47	1.0	1.0	0.413	159.987	241720	HIP HOP
c6ueRbNvZotL2J6q	RAP,HIP HOP	EN	0.614	0.574	11.0	1.0	0.755	125.173	209107	HIP HOP
v8CxMxQM2jlfkWRQ	RAP,HIP HOP,WEST COAST RAP	EN	0.7609999999999999	0.847	7.0	1.0	0.765	91.519	284480	HIP HOP
DLa0T2VAfk5XbOJI	RAP,HIP HOP	EN	0.609	0.664	7.0	0.0	0.094	105.976	377893	HIP HOP
jJyS5F2zabM2SmsI	RAP,HIP HOP	EN	0.865	0.589	7.0	1.0	0.7759999999999999	91.968	205400	HIP HOP
BbjwoLBQtBZL1YfK	RAP,HIP HOP	EN	0.617	0.7170000000000001	10.0	0.0	0.49	103.992	311867	HIP HOP
FlQNnjWyiD3lXG4g	HIP HOP,ALTERNATIVE HIP HOP,IRISH HIP HOP	EN	0.8059999999999999	0.71	5.0	0.0	0.654	77.032	167398	HIP HOP
vVT7zT0McMHLQmZH	HIP HOP	EN	0.8170000000000001	0.6579999999999999	10.0	0.0	0.513	138.179	191293	HIP HOP
BkvRhnEqbcLSBEI7	HIP HOP,FUNK,RAP	EN	0.7509999999999999	0.708	0.0	1.0	0.509	108.97	369573	HIP HOP
w8U7bZMKw51i9MEE	HIP HOP,RAP	EN	0.78	0.626	7.0	1.0	0.667	93.945	259120	HIP HOP
SxAc4YP417HvkkMf	RAP,HIP HOP	EN	0.831	0.782	0.0	1.0	0.199	141.869	191437	HIP HOP
ZW08i0ZNw5atMYV6	RAP,HIP HOP,RAP,HIP HOP	EN	0.535	0.561	2.0	1.0	0.084	140.112	196845	HIP HOP
kNvLm9bVGBg0AaP2	HIP HOP	EN	0.8370000000000001	0.5489999999999999	0.0	1.0	0.209	121.954	188524	HIP HOP
F4DyxWVhIbN4M0jZ	RAP,HIP HOP,RAP	EN	0.649	0.613	1.0	1.0	0.165	75.018	324569	HIP HOP
KBRpXEHjCJrlXE03	RAP,HIP HOP	EN	0.655	0.413	9.0	0.0	0.439	148.00799999999995	265840	HIP HOP
LcgSqN4SJ0o8QlXV	RAP,HIP HOP,RAP	EN	0.6609999999999999	0.8440000000000001	1.0	1.0	0.602	163.917	238573	HIP HOP
ydweSdDXvQLX76Hi	RAP,RAP,HIP HOP	EN	0.937	0.723	0.0	1.0	0.9	139.58100000000002	134000	HIP HOP
DG39VzSQUIx0P3F6	RAP,HIP HOP	EN	0.7140000000000001	0.5660000000000001	7.0	1.0	0.449	113.074	135920	HIP HOP
iRpU8PKEZMO3zWtk	RAP,HIP HOP	EN	0.918	0.609	10.0	0.0	0.304	128.00799999999998	231400	HIP HOP
YIgPUpw6bhNrSn8W	RAP,HIP HOP	EN	0.799	0.6729999999999999	1.0	1.0	0.371	153.032	205054	HIP HOP
nj4jfkqEWM5BNenm	RAP,HIP HOP	EN	0.8140000000000001	0.481	0.0	1.0	0.193	96.252	161400	HIP HOP
m0b6oPiPP16w7jyQ	RAP,HIP HOP	EN	0.903	0.519	7.0	1.0	0.596	101.561	350560	HIP HOP
8kBTmgDHth54HNUl	IRISH HIP HOP	EN	0.75	0.47	8.0	1.0	0.6	84.897	222214	HIP HOP
VDcuz4e6Zz1QEig4	RAP,HIP HOP	EN	0.919	0.7609999999999999	6.0	1.0	0.706	97.008	321667	HIP HOP
ai3aaa0f5KPsHUrv	RAP,HIP HOP	EN	0.862	0.6629999999999999	0.0	1.0	0.8370000000000001	85.30799999999998	238267	HIP HOP
eWF7Xno3ZHAtkkjF	HIP HOP,RAP	EN	0.654	0.753	11.0	0.0	0.371	110.722	723573	HIP HOP
U4IrvkwJROUrHMzP	RAP,HIP HOP	EN	0.473	0.638	11.0	1.0	0.253	147.768	270400	HIP HOP
2XyyURUsZsPTJet6	HIP HOP,RAP	EN	0.563	0.868	1.0	1.0	0.294	92.962	184537	HIP HOP
DxpgzwaYUUxulamI	HIP HOP,RAP	EN	0.8370000000000001	0.364	8.0	1.0	0.463	123.984	213594	HIP HOP
Kyhj6mij5E8vyEcM	HIP HOP	EN	0.754	0.952	8.0	0.0	0.868	144.05100000000004	225360	HIP HOP
0fvOVCxC0Ygk8JfK	RAP,HIP HOP	EN	0.831	0.43	1.0	1.0	0.473	128.075	106292	HIP HOP
85SuQhNg7pOF5cRf	RAP,HARDCORE HIP HOP	EN	0.61	0.715	7.0	0.0	0.491	94.945	61800	HIP HOP
lOlc5YLc3ateiAmN	HIP HOP	EN	0.603	0.92	1.0	0.0	0.639	89.67	269360	HIP HOP
YvbyX7ul9DaDtLky	RAP,WEST COAST RAP,HIP HOP	EN	0.6709999999999999	0.4920000000000001	0.0	1.0	0.74	166.71200000000005	233467	HIP HOP
JYNjs26xNUnvIgxp	EXPERIMENTAL,GLITCH HOP,RAP,HIP HOP	EN	0.5529999999999999	0.93	7.0	0.0	0.327	67.035	223376	HIP HOP
myWQNK1N0AIrAPX7	RAP,HIP HOP	EN	0.8190000000000001	0.318	9.0	1.0	0.981	179.972	60000	HIP HOP
Sh82Vu3juWALefsR	RAP,HIP HOP	EN	0.927	0.4270000000000001	10.0	0.0	0.652	95.23	215267	HIP HOP
3LMrs5V0yYBs47qc	RAP,HIP HOP	EN	0.835	0.521	5.0	0.0	0.211	158.923	147427	HIP HOP
yXmnmWVzuwa9Cepw	RAP,HIP HOP	EN	0.826	0.493	9.0	0.0	0.478	88.042	313947	HIP HOP
ABwvIfsLLaa97kJp	HIP HOP	EN	0.69	0.618	2.0	1.0	0.733	174.03799999999995	240893	HIP HOP
dFOSPB5nBNAXxYzZ	RAP,HIP HOP	EN	0.8859999999999999	0.352	6.0	0.0	0.524	91.719	220915	HIP HOP
neCR9JZbsC1GmFlK	HIP HOP,RAP	EN	0.847	0.684	10.0	0.0	0.688	101.277	243200	HIP HOP
SfvCPY35TcocauM6	RAP,HIP HOP,SOUTHERN HIP HOP	EN	0.371	0.7979999999999999	0.0	1.0	0.112	90.753	195490	HIP HOP
tJJt3rIpHpsN2QQ0	RAP,HIP HOP	EN	0.737	0.8540000000000001	3.0	0.0	0.65	150.621	166080	HIP HOP
MhNcN1sNVzedlMYZ	HIP HOP,ALTERNATIVE HIP HOP,HIP HOP,RAP	EN	0.644	0.404	1.0	0.0	0.352	80.032	219027	HIP HOP
gJ8NqBX8RfTmEN28	RAP,HIP HOP	EN	0.8059999999999999	0.6629999999999999	6.0	0.0	0.535	97.808	255333	HIP HOP
vXx46LIt3y7b36kr	RAP,HIP HOP	EN	0.83	0.746	5.0	0.0	0.6459999999999999	125.992	220507	HIP HOP
o1ezFNExL7OlOaGp	RAP,HIP HOP	EN	0.906	0.444	4.0	0.0	0.6779999999999999	140.063	235040	HIP HOP
IBwSfknsrLJBhrR3	RAP,HIP HOP	EN	0.519	0.438	4.0	1.0	0.135	128.793	89547	HIP HOP
ACTIJjpScNIle4si	RAP,HIP HOP,RAP,HIP HOP	EN	0.7909999999999999	0.8959999999999999	8.0	1.0	0.875	109.052	231027	HIP HOP
VdcARal7ipd17yD0	NOISE,EXPERIMENTAL,HIP HOP,EXPERIMENTAL HIP HOP	EN	0.526	0.417	9.0	0.0	0.0761	92.927	141615	HIP HOP
j9QMC4k3sqtv29yJ	HIP HOP	EN	0.722	0.8270000000000001	1.0	1.0	0.715	158.985	162775	HIP HOP
D3NdecflxSvMCxeZ	RAP,HIP HOP	EN	0.913	0.596	11.0	0.0	0.973	127.215	272133	HIP HOP
nY0V7ySon6siedSy	RAP,HIP HOP	EN	0.594	0.474	10.0	1.0	0.225	92.004	204354	HIP HOP
MTIleevvZJMAKGkx	HIP HOP	EN	0.351	0.54	8.0	0.0	0.3229999999999999	83.149	238280	HIP HOP
02Oy8Rwe5K5TIhjk	FUNK,HIP HOP	EN	0.804	0.5539999999999999	9.0	0.0	0.502	120.062	327880	HIP HOP
06jt8puPJmLRwXlT	RAP,HIP HOP,RAP	EN	0.7659999999999999	0.331	11.0	0.0	0.291	67.281	90305	HIP HOP
BSdVB0DHeqpvsv5v	RAP,HIP HOP	EN	0.828	0.564	7.0	1.0	0.467	120.967	205867	HIP HOP
k6yV7tbeGmOPvedg	RAP,HIP HOP	EN	0.8490000000000001	0.823	4.0	1.0	0.846	135.929	241898	HIP HOP
SlnKr8RBbTFRfGyv	NOISE,EXPERIMENTAL,HIP HOP,NOISE,EXPERIMENTAL	EN	0.211	0.482	11.0	1.0	0.0394	127.928	65918	HIP HOP
NcAqFaPIs4cOfggg	RAP,HIP HOP	EN	0.933	0.701	7.0	1.0	0.612	112.965	236480	HIP HOP
D8HVlPfAJo7CHVyn	HIP HOP,RAP	EN	0.8009999999999999	0.5429999999999999	5.0	1.0	0.534	133.982	293040	HIP HOP
z3mFcaxjNcQZ8rnF	HIP HOP,RAP	EN	0.769	0.7909999999999999	6.0	0.0	0.768	182.949	223707	HIP HOP
8HEt9HMOIVYUZ2cZ	RAP,HIP HOP,SOUTHERN HIP HOP	EN	0.579	0.735	7.0	0.0	0.411	137.98	260952	HIP HOP
TvNkfVxwYzNd3Mh1	RAP,HIP HOP	EN	0.7340000000000001	0.674	0.0	1.0	0.655	149.957	172507	HIP HOP
0ieYP5stgbxpAWtW	HIP HOP,EXPERIMENTAL HIP HOP,RAP	EN	0.4920000000000001	0.5429999999999999	2.0	0.0	0.152	176.063	277853	HIP HOP
tDOXFzhmZzTFAmI9	RAP,HIP HOP	EN	0.7340000000000001	0.693	6.0	0.0	0.8440000000000001	107.933	197778	HIP HOP
J9Mlqfv82F4nrZGK	HIP HOP	EN	0.68	0.946	1.0	0.0	0.772	130.029	221137	HIP HOP
uOJIAZmhvg5gOlU2	RAP,RAP,HIP HOP	EN	0.502	0.768	2.0	0.0	0.403	168.218	372113	HIP HOP
XNqhYYa15IiYUsZD	EXPERIMENTAL,GLITCH HOP,RAP,HIP HOP	EN	0.5870000000000001	0.5429999999999999	1.0	1.0	0.488	116.609	195187	HIP HOP
MseLmGW388rS0uF0	HIP HOP,ALTERNATIVE HIP HOP,RAP	EN	0.878	0.446	11.0	0.0	0.805	138.035	221267	HIP HOP
XcLlXCbVEuMHGMIx	RAP,HIP HOP	EN	0.772	0.8	0.0	1.0	0.802	145.93200000000004	296507	HIP HOP
PpewZQMSDAmAp50X	HIP HOP,RAP	EN	0.743	0.701	0.0	1.0	0.568	92.711	207600	HIP HOP
OjoNE0chN226OZnI	RAP,HIP HOP,SOUTHERN HIP HOP	EN	0.493	0.826	9.0	1.0	0.75	112.865	189974	HIP HOP
gpDE92wWtU8JRkWS	HIP HOP	EN	0.7190000000000001	0.5870000000000001	4.0	0.0	0.871	108.994	200067	HIP HOP
MUcek3fWJuZxBc0n	HIP HOP,RAP	EN	0.624	0.388	2.0	0.0	0.387	133.972	304147	HIP HOP
07AjGMk31TkPW3O9	RAP,HIP HOP	EN	0.9	0.845	11.0	0.0	0.914	111.187	427360	HIP HOP
9gCAFsjb2v9J9jVm	HIP HOP	EN	0.802	0.461	11.0	0.0	0.74	90.995	185933	HIP HOP
SapKhbn1GGlJKlWI	HIP HOP	EN	0.888	0.556	6.0	1.0	0.969	110.731	43867	HIP HOP
0g0IT4I65GaiJBXD	ALTERNATIVE HIP HOP	EN	0.78	0.5710000000000001	2.0	1.0	0.305	104.981	37360	HIP HOP
COk0ciJFipigrKDR	RAP,RAP METAL,RAP,HIP HOP	EN	0.228	0.919	10.0	1.0	0.696	176.192	269686	HIP HOP
KmNAszuOLRK2CduM	RAP,HIP HOP	EN	0.6709999999999999	0.775	10.0	0.0	0.331	148.195	227060	HIP HOP
1YRrEz1rZzRjtjA3	HIP HOP,SOUL	EN	0.508	0.529	10.0	0.0	0.59	93.471	117773	HIP HOP
4LIdJ4y9AFrODzIY	HIP HOP	EN	0.885	0.679	2.0	1.0	0.223	136.04399999999998	220400	HIP HOP
CfCJl3HWjZCvaTv3	RAP,HIP HOP	EN	0.909	0.539	8.0	0.0	0.8690000000000001	90.038	229933	HIP HOP
1uxHUDxoLtsXNZ5R	RAP,HIP HOP	EN	0.701	0.931	8.0	0.0	0.362	79.99600000000002	241587	HIP HOP
aOv5t7ue8JpHfNiK	RAP,HIP HOP	EN	0.8290000000000001	0.499	1.0	0.0	0.235	99.061	235630	HIP HOP
8C4D2WQXhlWvjyXW	HIP HOP	EN	0.485	0.578	5.0	0.0	0.0656	126.006	140952	HIP HOP
4kvqJjoeslWEYjzc	RAP,HIP HOP	EN	0.615	0.7040000000000001	10.0	0.0	0.517	158.509	146184	HIP HOP
cNW66Tp890ApWpMm	RAP,HIP HOP	EN	0.411	0.477	5.0	0.0	0.175	93.746	176087	HIP HOP
lKA8uQdCEoFu9bYh	HIP HOP	EN	0.477	0.333	4.0	1.0	0.0882	100.017	215813	HIP HOP
SJHNU7yrqTQZ8WkZ	HIP HOP	EN	0.7709999999999999	0.602	7.0	1.0	0.616	127.956	179553	HIP HOP
2r4Aa7F27fuD5nqZ	RAP,CONSCIOUS HIP HOP	EN	0.67	0.7	1.0	1.0	0.648	69.986	160293	HIP HOP
SugSKTaLMg7ovqTq	HIP HOP,ALTERNATIVE HIP HOP	EN	0.5820000000000001	0.314	1.0	1.0	0.0398	137.977	310373	HIP HOP
r1PxPW8seHeCOY3c	RAP,HIP HOP	EN	0.505	0.795	2.0	1.0	0.7340000000000001	89.669	265480	HIP HOP
Yu0ydGxzQ3HGK1bE	HARDCORE HIP HOP	EN	0.8909999999999999	0.851	1.0	1.0	0.757	95.987	150000	HIP HOP
jxacceCKzeOI5o0R	RAP,HIP HOP	EN	0.499	0.654	6.0	1.0	0.0464	169.83900000000003	298520	HIP HOP
1QviZMRbz8J4Ka5g	HIP HOP,UNDERGROUND HIP HOP,EXPERIMENTAL HIP HOP	EN	0.5479999999999999	0.615	7.0	1.0	0.32	80.569	212360	HIP HOP
plQ65QvKGz2xk5QI	HIP HOP	EN	0.852	0.635	2.0	1.0	0.395	89.994	122293	HIP HOP
IxVsyLglDr3cbzCY	RAP,HIP HOP	EN	0.772	0.701	0.0	0.0	0.69	159.954	218947	HIP HOP
8xFGSQjh2oVIDrFy	RAP,HIP HOP	EN	0.745	0.675	9.0	0.0	0.667	94.247	272707	HIP HOP
ZKz2NGZzBoVp7aOS	RAP,HIP HOP	EN	0.6629999999999999	0.607	9.0	0.0	0.5589999999999999	153.972	250587	HIP HOP
iyxVCgf1662sfarS	RAP,HIP HOP	EN	0.726	0.395	4.0	0.0	0.561	140.032	192000	HIP HOP
sCP52k8ZCCEHydPF	RAP,HIP HOP	EN	0.47	0.825	4.0	1.0	0.3229999999999999	166.28599999999997	379947	HIP HOP
qZNHIIvHB280TcJE	HIP HOP	EN	0.836	0.68	3.0	0.0	0.871	76.013	240095	HIP HOP
JOwxYbcYxoAyNfpj	HIP HOP,RAP	EN	0.8109999999999999	0.645	7.0	1.0	0.659	101.015	270427	HIP HOP
pW8qgiYEVJMWGfWV	HARDCORE HIP HOP	EN	0.6920000000000001	0.8640000000000001	9.0	0.0	0.585	142.985	147692	HIP HOP
kYSnnva28gmdWByj	GRIME,HIP HOP	EN	0.933	0.8290000000000001	7.0	1.0	0.295	104.752	224800	HIP HOP
Lk2xlxBd7CjUYutO	HIP HOP	EN	0.845	0.601	1.0	1.0	0.329	74.008	242013	HIP HOP
GYB3RV47EOGDwGcJ	RAP,HIP HOP	EN	0.81	0.353	6.0	0.0	0.0727	88.031	208293	HIP HOP
as1XGCjlvfvBlkPp	RAP,HIP HOP	EN	0.862	0.6759999999999999	7.0	1.0	0.281	111.111	268827	HIP HOP
RwP7Pv5i89I1rHvi	HIP HOP,RAP	EN	0.802	0.947	10.0	1.0	0.444	112.416	276173	HIP HOP
qAcMA3Z0KNnwYFEM	RAP,HIP HOP	EN	0.82	0.809	4.0	0.0	0.737	83.01100000000002	231240	HIP HOP
bloxBMR1MHV2P0i9	RAP,HIP HOP	EN	0.649	0.759	0.0	1.0	0.527	92.067	313280	HIP HOP
dXvotOPxk05k8wQ1	RAP,HIP HOP	EN	0.775	0.7340000000000001	7.0	1.0	0.342	90.001	210840	HIP HOP
26TCLWrkW6Qxh4yH	HIP HOP	EN	0.828	0.54	0.0	1.0	0.852	108.118	206947	HIP HOP
tBt97JpW4dShuYwg	EMO,RAP,HIP HOP,EMO,RAP	EN	0.649	0.5379999999999999	0.0	0.0	0.355	160.075	150000	HIP HOP
3bC0HzfWAptG4XGH	HIP HOP,RAP,PHONK	EN	0.5329999999999999	0.469	9.0	0.0	0.33	185.664	155016	HIP HOP
Nfe6SBjFfvJ6vDB2	HIP HOP,RAP	EN	0.826	0.897	8.0	1.0	0.722	106.024	201387	HIP HOP
rtb9AYK1dTqwMksF	RAP,HIP HOP,UNDERGROUND RAP	EN	0.75	0.473	3.0	1.0	0.49	79.986	168016	HIP HOP
7Ro1tttV2n2oNU1T	RAP,HIP HOP	EN	0.738	0.7879999999999999	4.0	0.0	0.307	155.078	185992	HIP HOP
ASDi9e0yR1XrLlFQ	HARDCORE,SOUL,RAP,HIP HOP,POST-HARDCORE,METALCORE	EN	0.477	0.7829999999999999	0.0	0.0	0.152	119.985	238280	HIP HOP
OvirJLEOqfTklDPR	RAP,HIP HOP	EN	0.6409999999999999	0.579	9.0	1.0	0.421	145.994	212428	HIP HOP
CxVmcsnGD3m0CmHx	EMOCORE,EMO,RAP,HIP HOP	EN	0.5539999999999999	0.58	11.0	0.0	0.346	149.036	125638	HIP HOP
Ir5CszNHRSyMqFZF	RAP,HIP HOP	EN	0.91	0.5670000000000001	7.0	1.0	0.545	130.999	166688	HIP HOP
k9lmoxaFAbm8ZOLn	HARDCORE HIP HOP	EN	0.936	0.523	1.0	1.0	0.278	130.014	162636	HIP HOP
eon7lwdaC4UU5WF3	RAP,HIP HOP	EN	0.877	0.435	0.0	1.0	0.589	98.008	147905	HIP HOP
U7Hk0KnmcsvKjhWj	RAP,HIP HOP	EN	0.746	0.978	9.0	1.0	0.652	153.89700000000005	304227	HIP HOP
71De9tdYEmNWBHoW	RAP,HIP HOP,RAP,HIP HOP	EN	0.693	0.647	9.0	0.0	0.34	151.94799999999995	220893	HIP HOP
rtYAuG4DxQgwHqed	RAP,UNDERGROUND HIP HOP	EN	0.609	0.799	9.0	1.0	0.5820000000000001	157.74	215509	HIP HOP
gMk6L2dylGHqw1rt	RAP,HIP HOP	EN	0.652	0.809	5.0	1.0	0.512	94.786	254466	HIP HOP
4PwURPWgnS8m6uqm	RAP,HIP HOP	EN	0.746	0.499	1.0	1.0	0.15	140.013	247427	HIP HOP
bgSnCpU79fiurnF2	RAP,HIP HOP	EN	0.5670000000000001	0.585	0.0	1.0	0.299	84.977	327491	HIP HOP
1KGKpWkeW70Knm0L	HIP HOP	EN	0.38	0.484	6.0	1.0	0.363	171.812	196053	HIP HOP
QWnjpT7IFHbkX89O	HIP HOP	EN	0.721	0.675	7.0	1.0	0.247	86.99700000000001	221227	HIP HOP
4tzeBrQwrXQXEDMU	RAP,HIP HOP,RAP	EN	0.821	0.276	1.0	1.0	0.0569	144.89600000000004	213427	HIP HOP
7rhn67Af6AzsaFbc	HIP HOP,RAP,HIP HOP	EN	0.608	0.6759999999999999	1.0	1.0	0.57	80.939	260632	HIP HOP
bE456e0JEjmgkfS9	HIP HOP,RAP	EN	0.8490000000000001	0.5820000000000001	8.0	1.0	0.516	100.049	156837	HIP HOP
1k6vE0lutJ80m6GB	RAP,HIP HOP	EN	0.857	0.841	11.0	1.0	0.74	112.023	194440	HIP HOP
k4ejQkimaU7REQYT	HARDCORE HIP HOP	EN	0.703	0.7	2.0	1.0	0.34	169.861	138353	HIP HOP
JroVF1ZkuzhP4DCb	HIP HOP,BEATS	EN	0.6509999999999999	0.695	11.0	0.0	0.5429999999999999	92.981	177120	HIP HOP
2bH01h8dBvli01lz	RAP,HIP HOP	EN	0.852	0.828	5.0	1.0	0.847	93.097	173956	HIP HOP
hNgze6GoTSJE8gxT	HIP HOP,SOUL	EN	0.568	0.873	1.0	1.0	0.547	106.783	209093	HIP HOP
IIfvFDMGH4mskejp	RAP,HIP HOP	EN	0.939	0.675	0.0	1.0	0.795	96.918	248573	HIP HOP
liF2x3iVyBBq45WM	RAP,HIP HOP	EN	0.856	0.632	7.0	1.0	0.5429999999999999	100.034	173291	HIP HOP
CAsejpWorGjb1p2v	RAP,HIP HOP	EN	0.698	0.789	7.0	1.0	0.705	153.93	192640	HIP HOP
umPyLNAXbQHjKr3g	HIP HOP	EN	0.75	0.495	5.0	0.0	0.453	123.032	266520	HIP HOP
726bXu0syBGfRjBV	HIP HOP,RAP,HIP HOP,RAP	EN	0.911	0.69	1.0	0.0	0.933	87.999	75773	HIP HOP
5J3KtM01yQ11My8T	HIP HOP,RAP,FUNK	EN	0.792	0.701	6.0	0.0	0.251	103.888	324373	HIP HOP
SPF605gPZHVDx3IM	HIP HOP,RAP	EN	0.8959999999999999	0.621	5.0	0.0	0.818	121.966	206080	HIP HOP
50cXWxbQEXNe9l3T	EMO,RAP,HIP HOP	EN	0.38	0.351	2.0	1.0	0.0765	79.84100000000002	207853	HIP HOP
31EMrQzLpX4I4h1p	RAP,HIP HOP	EN	0.8290000000000001	0.527	6.0	0.0	0.473	116.078	200310	HIP HOP
nSHMrGgarF7ByMZI	RAP,HIP HOP	EN	0.53	0.923	4.0	0.0	0.236	125.118	239773	HIP HOP
4JTVXX9YEyWPsdSG	RAP,HIP HOP	EN	0.893	0.6609999999999999	1.0	0.0	0.17	95.019	212507	HIP HOP
lWPQa8zmoUz4Stnv	HIP HOP,RAP	EN	0.652	0.557	5.0	1.0	0.331	119.081	189373	HIP HOP
JjIsnFT3gCVeyDDx	EMO RAP,RAP,HIP HOP	EN	0.753	0.5920000000000001	10.0	0.0	0.556	118.023	197304	HIP HOP
WdddXXSqgd4S7H2q	RAP,HIP HOP	EN	0.7340000000000001	0.5820000000000001	7.0	1.0	0.473	139.986	233417	HIP HOP
HHsNqJHON2fUU760	NOISE,EXPERIMENTAL,HIP HOP,EXPERIMENTAL HIP HOP	EN	0.408	0.187	4.0	1.0	0.249	78.62899999999998	184214	HIP HOP
6Ku7bJlCxqrwTQNi	HIP HOP	EN	0.667	0.8079999999999999	7.0	1.0	0.58	95.893	350400	HIP HOP
9WfSa2sya3ZkrUvQ	HIP HOP	EN	0.568	0.42	7.0	0.0	0.453	79.89	415613	HIP HOP
BIAsjWmmsAuoASXR	RAP,HIP HOP	EN	0.632	0.634	8.0	1.0	0.388	81.0	253747	HIP HOP
FooT24vyHv5hTET1	RAP,HIP HOP	EN	0.7609999999999999	0.847	7.0	1.0	0.765	91.519	284480	HIP HOP
XWYmYBLMhxw7vyJy	HIP HOP,RAP	EN	0.6679999999999999	0.838	6.0	1.0	0.835	96.112	164853	HIP HOP
USvDoefakskilvk5	SOUL,HIP HOP	EN	0.8	0.469	11.0	0.0	0.392	109.975	209381	HIP HOP
CNXmizHh5dfLTjju	HIP HOP,RAP	EN	0.632	0.826	7.0	1.0	0.371	139.90200000000002	288857	HIP HOP
b8HlhpyGFFwVN3AZ	RAP,HIP HOP,RAP	EN	0.45	0.722	1.0	1.0	0.489	121.278	240739	HIP HOP
U811V7bsIc6tKkmT	JAZZ,HIP HOP,JAZZ,FUNK	EN	0.581	0.383	3.0	1.0	0.8390000000000001	110.728	45053	HIP HOP
44T8AWzmHV4PYrld	RAP,HIP HOP	EN	0.653	0.855	6.0	1.0	0.583	81.018	202252	HIP HOP
XouPkWUSEFZT8wmZ	RAP,HIP HOP	EN	0.898	0.82	8.0	1.0	0.925	115.004	260293	HIP HOP
z4hmyHAwDJaqha1y	HIP HOP	EN	0.503	0.508	10.0	0.0	0.317	81.908	273640	HIP HOP
QCcCLUSasXV2cXD3	HIP HOP,RAP,RAP	EN	0.7490000000000001	0.865	3.0	1.0	0.371	111.914	216013	HIP HOP
cQXXNLHDn2K0JAU2	HIP HOP,RAP	EN	0.908	0.436	8.0	1.0	0.591	136.998	260947	HIP HOP
tUwBbeCx8B03vr3E	RAP,HIP HOP,RAP	EN	0.802	0.7140000000000001	10.0	0.0	0.216	101.991	246640	HIP HOP
EzXYWpHL0H2WVhSw	HIP HOP,RAP	EN	0.632	0.748	7.0	1.0	0.515	105.316	307640	HIP HOP
4FAvU2H3SmW8oq7L	HIP HOP	EN	0.818	0.799	1.0	0.0	0.0815	100.014	213733	HIP HOP
FPqjediKtwhPwUJE	HIP HOP	EN	0.706	0.584	9.0	0.0	0.7040000000000001	87.3	88320	HIP HOP
2siKekqD3ahk609Y	RAP,HIP HOP,EMO	EN	0.6409999999999999	0.258	0.0	1.0	0.286	140.031	223085	HIP HOP
szOALTSMY0yB8TKt	RAP,HIP HOP	EN	0.862	0.515	4.0	0.0	0.821	82.99	271160	HIP HOP
WsYvOC81lUjWetvW	HIP HOP,SOUL	EN	0.8	0.6629999999999999	2.0	1.0	0.472	91.934	228000	HIP HOP
iWYhGyL25nsfE5dt	RAP,HIP HOP,ABSTRACT HIP HOP,EAST COAST HIP HOP,RAP,HIP HOP	EN	0.27	0.693	7.0	1.0	0.278	86.1	176373	HIP HOP
8pAOJW0sROVz6lZe	RAP,HIP HOP	EN	0.873	0.872	9.0	0.0	0.6829999999999999	97.978	181360	HIP HOP
tgwo00klTVzUykdP	RAP,HIP HOP	EN	0.884	0.8140000000000001	7.0	1.0	0.907	155.938	181624	HIP HOP
XJRq3K6V4wyIWkJE	HIP HOP	EN	0.861	0.7290000000000001	2.0	1.0	0.812	123.802	205480	HIP HOP
BAhaveKOJTZ8l3jY	RAP,HIP HOP,RAP	EN	0.909	0.5479999999999999	2.0	1.0	0.42	113.358	309867	HIP HOP
qqgYhDDjwQVHX7kR	RAP,HIP HOP	EN	0.7070000000000001	0.7120000000000001	7.0	0.0	0.248	119.9	160013	HIP HOP
s6ZMbyhvl2DdX5pL	HIP HOP	EN	0.775	0.417	2.0	1.0	0.398	97.956	191840	HIP HOP
shRm9hpwmMMuPXaE	RAP,HIP HOP,RAP	EN	0.794	0.873	11.0	1.0	0.602	90.841	279200	HIP HOP
TYoYVKiQpzhvcatl	RAP,HIP HOP	EN	0.929	0.65	7.0	1.0	0.655	112.249	290227	HIP HOP
R76xbekV2PCJWnAS	RAP,HIP HOP	EN	0.649	0.556	7.0	1.0	0.552	95.032	202115	HIP HOP
QAYFCAXaj5k2LHTO	HIP HOP,HARDCORE HIP HOP,SOUNDTRACK	EN	0.466	0.76	8.0	1.0	0.166	143.96200000000005	197000	HIP HOP
DoG5o9fyqc3h63b1	HIP HOP,RAP	EN	0.8	0.7070000000000001	11.0	1.0	0.619	95.849	159787	HIP HOP
95Zhj6vHIHayudtP	SOUL,HIP HOP	EN	0.418	0.447	0.0	0.0	0.8690000000000001	169.33599999999996	81787	HIP HOP
p2vK9Eou17a5qnPE	RAP,HIP HOP	EN	0.647	0.627	7.0	0.0	0.636	87.82	322000	HIP HOP
A5rwJhjmbAL6tqwM	RAP,HIP HOP,UNDERGROUND HIP HOP	EN	0.725	0.478	1.0	0.0	0.338	74.983	232511	HIP HOP
BH5MmZUFFsitpWS0	RAP,GRIME,HIP HOP	EN	0.589	0.696	7.0	1.0	0.8440000000000001	130.899	213080	HIP HOP
iWPf0TB4GotKM6r4	RAP,HIP HOP	EN	0.715	0.765	1.0	0.0	0.691	89.988	157738	HIP HOP
sMtR36YCMX7vOqRm	RAP,HIP HOP	EN	0.556	0.992	0.0	1.0	0.544	139.974	140643	HIP HOP
4ek6xbXiAGgn1VEG	HIP HOP,IRISH HIP HOP	EN	0.838	0.809	0.0	1.0	0.797	77.021	116885	HIP HOP
nKvrktO4RIrgBmNy	RAP,HIP HOP,CONSCIOUS HIP HOP	EN	0.627	0.904	4.0	0.0	0.654	139.92	327497	HIP HOP
NtxiVy3u9ZIMz6qO	RAP,HIP HOP	EN	0.6659999999999999	0.467	1.0	1.0	0.153	114.598	118067	HIP HOP
9WjVr5fxwGlbPSaW	HIP HOP,RAP,OLD SCHOOL HIP HOP	EN	0.8079999999999999	0.726	10.0	0.0	0.616	96.12	221027	HIP HOP
qvpVj3426RZjWOHy	HIP HOP	EN	0.573	0.623	4.0	1.0	0.353	187.734	229240	HIP HOP
hxtQVGz5yoWSvnLP	HIP HOP,RAP	EN	0.589	0.488	1.0	1.0	0.0871	125.027	186027	HIP HOP
2kw61ZE1Ap5AWTb5	RAP,HIP HOP	EN	0.862	0.93	1.0	1.0	0.738	95.984	248200	HIP HOP
3jqqz7EyI0qLJTc7	HIP HOP,RAP	EN	0.632	0.5329999999999999	5.0	0.0	0.595	90.064	235800	HIP HOP
d4XwN6XDBMyxSi7N	UNDERGROUND HIP HOP	EN	0.597	0.856	10.0	0.0	0.7709999999999999	131.95	167320	HIP HOP
12D004Pt8nBW4Qyx	RAP,HIP HOP	EN	0.691	0.862	6.0	0.0	0.7859999999999999	96.637	229427	HIP HOP
STPRitBGal7T893P	RAP,HIP HOP	EN	0.611	0.947	3.0	0.0	0.355	150.411	248973	HIP HOP
iqbYI2WJBTJ1dx6f	RAP,HIP HOP	EN	0.741	0.693	7.0	1.0	0.7709999999999999	175.91299999999995	266907	HIP HOP
phKoLbDPZW6HY0Jx	NOISE,EXPERIMENTAL,HIP HOP,EXPERIMENTAL HIP HOP	EN	0.606	0.52	1.0	1.0	0.128	167.929	125410	HIP HOP
FqwzM4ZMmE9BG3Zg	RAP,HIP HOP	EN	0.925	0.659	3.0	1.0	0.71	97.018	214227	HIP HOP
FmTypFCzhh31aKur	RAP,COMEDY,HIP HOP	EN	0.906	0.888	2.0	1.0	0.7559999999999999	105.991	262985	HIP HOP
ROV1EEmjoRmLETKB	RAP,HIP HOP	EN	0.85	0.632	7.0	1.0	0.467	75.028	216000	HIP HOP
PnKCeBGOVkGd1yYO	RAP,HIP HOP	EN	0.423	0.456	2.0	0.0	0.148	112.984	223947	HIP HOP
mYFYsY2Eu0bhMFhy	HIP HOP,GRIME,HIP HOP	EN	0.888	0.6970000000000001	7.0	1.0	0.735	139.999	207000	HIP HOP
t6Wj6LdJKQqIFAw6	HIP HOP	EN	0.639	0.7440000000000001	7.0	0.0	0.379	147.855	225053	HIP HOP
0010xmHR6UICBOYT	UNDERGROUND HIP HOP	EN	0.591	0.513	7.0	0.0	0.263	172.208	325096	HIP HOP
okvADfU8g68yFmZv	RAP,RAP,HIP HOP	EN	0.596	0.7829999999999999	0.0	0.0	0.334	127.018	320957	HIP HOP
gKhv1CbuzPT1Xj6g	HIP HOP	EN	0.5579999999999999	0.535	5.0	1.0	0.463	169.912	178903	HIP HOP
2ypE2PjWKJLoyHsR	SOUL,HIP HOP,SOUL	EN	0.491	0.74	7.0	1.0	0.626	81.557	297107	HIP HOP
3EehSZTQqr6fUNWm	EMO,RAP,HIP HOP	EN	0.544	0.498	11.0	0.0	0.173	110.0	226000	HIP HOP
5b0dLUwz8xzAuaky	RAP,HIP HOP	EN	0.7490000000000001	0.794	0.0	1.0	0.46	135.959	269554	HIP HOP
384QbTcrmsb3DKiY	RAP,HIP HOP	EN	0.773	0.542	6.0	1.0	0.31	84.124	280000	HIP HOP
G9Rcmt9HxckGPQER	RAP,HIP HOP,SOUTHERN HIP HOP	EN	0.6709999999999999	0.617	5.0	0.0	0.465	109.888	171908	HIP HOP
dFSAqmJvCkZAMEHH	RAP,HIP HOP	EN	0.5870000000000001	0.8079999999999999	3.0	0.0	0.6779999999999999	94.095	314600	HIP HOP
O38y4txzsVCDOCcf	RAP,HIP HOP,SOUTHERN HIP HOP	EN	0.847	0.8759999999999999	1.0	1.0	0.873	148.736	48297	HIP HOP
xEXgHwXnI3YmT7ZK	HIP HOP,RAP	EN	0.813	0.614	1.0	1.0	0.308	145.019	212920	HIP HOP
hwubS7bmdkuAxbwn	RAP,HIP HOP	EN	0.893	0.633	7.0	1.0	0.772	92.519	198856	HIP HOP
FRt9EKId1w1xCbiu	RAP,HIP HOP	EN	0.643	0.687	4.0	0.0	0.258	82.27600000000002	192000	HIP HOP
RM14M5bc7jWbXEVt	RAP,HIP HOP,EXPERIMENTAL HIP HOP	EN	0.773	0.625	1.0	0.0	0.6759999999999999	82.00399999999998	227648	HIP HOP
UwgcEPBJpmAtk8fZ	HIP HOP	EN	0.512	0.644	10.0	0.0	0.3	124.046	254027	HIP HOP
N0xUvZgLjOIMbyF0	RAP,HIP HOP	EN	0.8740000000000001	0.49	10.0	0.0	0.446	139.514	211667	HIP HOP
Ug0MLGzHfYsDDR5I	HIP HOP,RAP	EN	0.5	0.622	1.0	1.0	0.252	165.503	239467	HIP HOP
zP4PDYaE5f7iMHWQ	RAP,HIP HOP	EN	0.647	0.514	8.0	1.0	0.387	79.97399999999998	240693	HIP HOP
ZO7gxU9HW0mticib	HARDCORE HIP HOP	EN	0.623	0.785	2.0	1.0	0.476	75.056	217440	HIP HOP
dDd04xjj3zUzx2U3	HIP HOP	EN	0.562	0.718	10.0	0.0	0.349	194.27	220907	HIP HOP
mbUzDTvGGWCJW4zx	HIP HOP	EN	0.858	0.609	1.0	1.0	0.478	107.978	222840	HIP HOP
jwKgxg4pNByzf2kc	RAP,HIP HOP	EN	0.648	0.875	7.0	0.0	0.464	113.821	229907	HIP HOP
EOHtgzZyoNfsnHFO	HIP HOP,EXPERIMENTAL HIP HOP,RAP	EN	0.5660000000000001	0.898	7.0	0.0	0.382	80.583	209387	HIP HOP
r927XxAzYxHAPqZK	RAP,HIP HOP	EN	0.836	0.66	8.0	1.0	0.752	95.041	192001	HIP HOP
dQEdhPW9WbEtwWth	RAP,HIP HOP	EN	0.812	0.628	10.0	0.0	0.485	123.004	207059	HIP HOP
mahr3kLtteOPLO4G	RAP,HIP HOP	EN	0.804	0.8340000000000001	10.0	1.0	0.605	104.965	209084	HIP HOP
4JFij7yh2G1Y9chT	EXPERIMENTAL,HIP HOP	EN	0.63	0.95	7.0	1.0	0.654	160.064	220933	HIP HOP
Lv7nbwe2VwDwwQp5	RAP,HIP HOP	EN	0.6940000000000001	0.7709999999999999	8.0	1.0	0.81	101.462	205733	HIP HOP
bjNhWJ1yY92zuh0c	RAP,SOUTHERN HIP HOP,HIP HOP	EN	0.882	0.632	0.0	0.0	0.442	75.501	170066	HIP HOP
u0K5SZWNTFeHq8aw	UNDERGROUND HIP HOP	EN	0.701	0.557	9.0	0.0	0.371	142.028	109920	HIP HOP
OhhFyfG1lhnZh3r9	HIP HOP,RAP,SOUL	EN	0.7709999999999999	0.721	8.0	1.0	0.755	92.942	199030	HIP HOP
dbf9oESHGn0fgisC	RAP,HIP HOP	EN	0.861	0.731	8.0	0.0	0.36	95.919	265333	HIP HOP
TbMkaocInjhHZWQq	HIP HOP,RAP	EN	0.8640000000000001	0.759	2.0	0.0	0.341	129.99200000000002	178000	HIP HOP
xxW6B3z4LZnELt3P	RAP,EXPERIMENTAL HIP HOP	EN	0.588	0.539	6.0	1.0	0.343	132.976	209473	HIP HOP
dQ0QKf2O54bRTjxd	VIDEO GAME MUSIC,HIP HOP	EN	0.624	0.638	5.0	1.0	0.301	177.917	132135	HIP HOP
28i4sH1HlOkzypzt	HIP HOP	EN	0.516	0.708	9.0	0.0	0.33	89.93799999999997	289067	HIP HOP
ATZT90pTOOf3OSTv	RAP,HIP HOP	EN	0.888	0.6990000000000001	1.0	1.0	0.6970000000000001	103.066	198253	HIP HOP
UIRIKK5BttiXm5C1	HIP HOP	EN	0.938	0.5	4.0	0.0	0.462	140.011	201707	HIP HOP
RbHVZb6ONkiNiQ07	HIP HOP,ALTERNATIVE HIP HOP	EN	0.529	0.638	9.0	0.0	0.216	123.957	189074	HIP HOP
fNJfcmU55Pjcw6bN	RAP,HIP HOP	EN	0.797	0.5820000000000001	2.0	1.0	0.415	105.974	282640	HIP HOP
9B4DNYJDdPDclMCQ	RAP,HIP HOP	EN	0.7040000000000001	0.499	7.0	1.0	0.374	98.911	215905	HIP HOP
amrNPctHBLhEopMB	JAZZ,SOUL	EN	0.307	0.243	3.0	1.0	0.273	106.424	168760	JAZZ
LJ0NkMmXTDEX1G3R	JAZZ	EN	0.585	0.0294	5.0	0.0	0.404	110.872	226400	JAZZ
txCjzIH79UG7vYee	JAZZ FUSION,JAZZ	EN	0.383	0.607	7.0	1.0	0.435	144.245	651733	JAZZ
G4OXh7aSH366jWVT	JAZZ	EN	0.237	0.18	7.0	1.0	0.161	141.977	244080	JAZZ
Fk0P6iWEpmnPMAom	SOUL,SOUL,JAZZ	EN	0.415	0.305	4.0	1.0	0.434	76.743	210133	JAZZ
y6s9xeko0gaDpaxV	SOUL,JAZZ,SINGER-SONGWRITER	EN	0.605	0.226	2.0	0.0	0.142	122.713	243213	JAZZ
ppfAS6HOOjBZenig	JAZZ,SOUL,JAZZ,SWING	EN	0.51	0.457	8.0	1.0	0.634	109.327	197973	JAZZ
3acD8cv7zhxlthnv	JAZZ	EN	0.438	0.205	8.0	0.0	0.732	172.347	323267	JAZZ
1lgjXomBlqPgj2c8	SOUL,JAZZ,SOUL,JAZZ	EN	0.828	0.59	10.0	0.0	0.51	147.954	248493	JAZZ
mVGnqZPX84ZKJmYS	SOUL,JAZZ	EN	0.405	0.364	0.0	1.0	0.315	81.813	225640	JAZZ
mDK0pbya0Nc8n3D9	FUNK,ACID JAZZ,SOUL,FUNK,ACID JAZZ	EN	0.665	0.5820000000000001	0.0	1.0	0.546	85.351	225173	JAZZ
NKklhH9d5qHFacZ8	JAZZ,EASY LISTENING	EN	0.188	0.0767	7.0	1.0	0.146	76.22	194040	JAZZ
q7g0H9GW8K7a2bGd	BOSSA NOVA,JAZZ	EN	0.475	0.403	9.0	1.0	0.733	150.666	128987	JAZZ
nUjMRqhad6O6PQvm	SOUL,FUNK,SOUL,JAZZ	EN	0.7240000000000001	0.773	8.0	1.0	0.647	93.097	221147	JAZZ
OM3nd0DYPGluR6as	MAMBO,LATIN,JAZZ	EN	0.816	0.416	5.0	0.0	0.8170000000000001	90.148	162213	JAZZ
A0w99EPYJOZRbj1h	EASY LISTENING,VOCAL JAZZ,SWING,JAZZ,BIG BAND	EN	0.453	0.228	0.0	1.0	0.471	127.497	147067	JAZZ
qngZIxtIKJOftXFq	FUNK,ACID JAZZ	EN	0.674	0.435	2.0	0.0	0.49	120.332	223627	JAZZ
EgF2xADqPCWezQ0x	SMOOTH JAZZ,SOUL,JAZZ	EN	0.851	0.39	9.0	0.0	0.639	118.006	252467	JAZZ
C9AU5VqzKf3VhGyj	JAZZ	EN	0.305	0.0307	6.0	1.0	0.282	75.42699999999998	255400	JAZZ
mm2nhlo9eEObGGfC	JAZZ,EASY LISTENING,SWING,LOUNGE	EN	0.591	0.246	7.0	0.0	0.56	120.132	165133	JAZZ
93gBbTfDqXI85mEl	SOUL,JAZZ	EN	0.603	0.962	10.0	0.0	0.515	96.997	382000	JAZZ
qz1O9FCKIGHYutNJ	JAZZ,BLUES	EN	0.65	0.299	8.0	1.0	0.294	123.597	197280	JAZZ
x5aH4JW1WY40zgfM	JAZZ,BLUES,VOCAL JAZZ	EN	0.488	0.122	5.0	1.0	0.331	79.514	196347	JAZZ
MRSfD6PXnIBFhG0r	JAZZ,FOLK	EN	0.687	0.758	10.0	0.0	0.436	95.998	262586	JAZZ
ziT77Si01mOb5oZg	JAZZ	EN	0.7070000000000001	0.391	8.0	1.0	0.868	87.243	122160	JAZZ
UfKmWMisINWbKOiy	JAZZ,SWING,EASY LISTENING	EN	0.653	0.258	7.0	1.0	0.347	119.355	147000	JAZZ
AV8exd33gKqQzt0p	JAZZ,VOCAL JAZZ	EN	0.188	0.307	7.0	1.0	0.165	89.10700000000001	224227	JAZZ
fu7HdIY2HZuKlq4A	JAZZ	EN	0.573	0.0307	2.0	0.0	0.334	122.56	206427	JAZZ
xyysAuyTqkOxhZEp	SOUL,BLUES,JAZZ	EN	0.917	0.466	7.0	1.0	0.634	91.3	379533	JAZZ
H6JbQWYOrdENuS8C	SYMPHONIC METAL,PROGRESSIVE METAL,AVANT-GARDE,JAZZ METAL	EN	0.62	0.943	0.0	1.0	0.894	149.92700000000005	146867	JAZZ
MaGLXLuHDEz8p1kO	JAZZ,EASY LISTENING,VOCAL JAZZ	EN	0.203	0.0895	2.0	0.0	0.115	173.451	173533	JAZZ
eYuNjR5y2FW9D232	JAZZ,SWING	EN	0.277	0.135	9.0	0.0	0.115	118.248	155560	JAZZ
BPxaMM9purBH2v7b	ACID JAZZ,FUNK,SOUL,JAZZ	EN	0.6920000000000001	0.835	6.0	0.0	0.961	95.892	241893	JAZZ
7UyghGyJiArsdn0T	JAZZ,VOCAL JAZZ,SWING	EN	0.693	0.217	7.0	0.0	0.8220000000000001	80.577	229880	JAZZ
VgXFmg8i4zX8UDs7	JAZZ	EN	0.513	0.301	10.0	1.0	0.262	65.437	360055	JAZZ
EUofgN1J6D3sLnGu	SOUL,SMOOTH JAZZ	EN	0.626	0.356	3.0	0.0	0.31	128.588	221773	JAZZ
KRzZfyP9g6mxCrH5	JAZZ,SWING,VOCAL JAZZ	EN	0.574	0.338	6.0	1.0	0.493	67.008	199093	JAZZ
PlKOyKarM3mxTE2F	JAZZ	EN	0.248	0.0516	0.0	1.0	0.0993	69.309	190147	JAZZ
TErsKdyNqrQ40Rup	JAZZ,VOCAL JAZZ	EN	0.5539999999999999	0.2	9.0	0.0	0.4320000000000001	127.309	195787	JAZZ
EOT8ga9JgDmNMmRI	SOUL,SMOOTH JAZZ,JAZZ,SOUL,JAZZ	EN	0.693	0.652	9.0	1.0	0.83	94.322	205973	JAZZ
KK1DZvOv05Ib6Dr5	SWING,JAZZ,EASY LISTENING	EN	0.612	0.144	6.0	0.0	0.343	128.629	181627	JAZZ
D5z0dWO50sLyTDWE	SOUL,SOUL,JAZZ	EN	0.489	0.358	2.0	1.0	0.422	77.78399999999998	298027	JAZZ
HdDsdgvppaDF8Np4	JAZZ	EN	0.649	0.334	11.0	1.0	0.412	88.79	237800	JAZZ
PQ1TZQ4m1BfqrZn3	JAZZ,SOUL,SWING	EN	0.374	0.47	7.0	0.0	0.426	161.495	275577	JAZZ
pgocyx6xo1uMk21l	SOUL,JAZZ	EN	0.5760000000000001	0.8109999999999999	2.0	0.0	0.65	124.888	256800	JAZZ
yzRWPe8tW6dntOUc	JAZZ,VOCAL JAZZ	EN	0.618	0.366	4.0	0.0	0.622	110.24	168853	JAZZ
uO0YWyQuKgAjWLuU	JAZZ	EN	0.632	0.32	0.0	1.0	0.354	122.516	474627	JAZZ
Ktc1pUI8t2EeGcN7	JAZZ,EASY LISTENING	EN	0.37	0.275	10.0	1.0	0.308	82.137	164400	JAZZ
kINdWsCsoaAC9tFz	SOUL,SOUL,JAZZ	EN	0.47	0.5820000000000001	11.0	0.0	0.429	162.039	200293	JAZZ
KWndPbS0zopVQ5Oi	JAZZ,SMOOTH JAZZ,SOUL	EN	0.645	0.247	0.0	1.0	0.174	127.902	237240	JAZZ
TuPZd07jSVzU8cSZ	SOUL,SMOOTH JAZZ	EN	0.6940000000000001	0.637	2.0	0.0	0.397	136.007	270773	JAZZ
tRDgNQ6tI49PEfT7	FUNK,DISCO,ACID JAZZ,FUNK,DISCO,ACID JAZZ	EN	0.716	0.825	2.0	1.0	0.7070000000000001	114.981	218540	JAZZ
nsCQHt8EBDUBsQq8	HARDCORE,JAZZ,MATHCORE,JAZZ FUSION,PROGRESSIVE METALCORE	EN	0.191	0.934	11.0	0.0	0.141	83.23100000000002	244894	JAZZ
1yD7beXgdNjMQCsJ	SOUL,JAZZ,EASY LISTENING	EN	0.579	0.225	2.0	0.0	0.202	92.431	329107	JAZZ
SNruiLQdBF8F9HJR	EASY LISTENING,JAZZ	EN	0.718	0.327	7.0	1.0	0.44	111.017	165960	JAZZ
EgmqwENDL6JEqcZj	SWING,JAZZ,BIG BAND	EN	0.5	0.237	9.0	0.0	0.816	149.213	182413	JAZZ
mDrOsau4vGCZ7lcA	SOUL,JAZZ	EN	0.643	0.871	1.0	0.0	0.452	121.569	185187	JAZZ
EdiA7MFVCN3RaIfW	JAZZ,SWING	EN	0.731	0.272	10.0	0.0	0.584	117.451	198173	JAZZ
L4N5zyqf5OyApAbw	SMOOTH JAZZ,JAZZ,EASY LISTENING	EN	0.601	0.795	11.0	1.0	0.45	83.97	258200	JAZZ
H2PUBLuSO0Vx9E3R	JAZZ,SOUL,EXPERIMENTAL	EN	0.5870000000000001	0.295	1.0	1.0	0.108	107.988	308252	JAZZ
bgxjYFP86AorO5T4	SOUL,SOUL,NU JAZZ	EN	0.599	0.598	11.0	1.0	0.23	110.775	295413	JAZZ
3Nvgqb7Zr6oNe0lv	JAZZ	EN	0.563	0.383	2.0	0.0	0.357	173.984	210520	JAZZ
2lPhUIifeTbJEJuu	SOUL,JAZZ,BLUES,RHYTHM AND BLUES	EN	0.556	0.61	9.0	1.0	0.665	199.373	171467	JAZZ
u7vhAjFy7gXHiDoX	JAZZ	EN	0.348	0.325	7.0	0.0	0.625	59.618	168307	JAZZ
u1HFMaombYv5OBS6	SOUL,JAZZ,SOUL,JAZZ	EN	0.7390000000000001	0.7909999999999999	1.0	1.0	0.968	99.82	217467	JAZZ
ITjFifrSkh67YzCH	CABARET,GYPSY JAZZ	EN	0.272	0.135	2.0	1.0	0.0796	103.515	363520	JAZZ
PK3VhFWRT5EITbOD	JAZZ,SWING,SOUNDTRACK	EN	0.682	0.316	9.0	1.0	0.6459999999999999	92.684	211133	JAZZ
pJdgkb0H7GiXEiLz	FUNK,DISCO,ACID JAZZ	EN	0.836	0.531	10.0	1.0	0.965	124.007	232761	JAZZ
cZ60ZAdOzGFxHAUj	JAZZ,FOLK,SOUL	EN	0.752	0.207	11.0	0.0	0.332	122.262	265400	JAZZ
3HKSsk3OGF0jttK5	JAZZ,NEW WAVE,SINGER-SONGWRITER	EN	0.67	0.634	1.0	1.0	0.853	119.308	164467	JAZZ
FaCUZhNWUJRCkgrJ	SOUL,JAZZ	EN	0.643	0.871	1.0	0.0	0.452	121.569	185187	JAZZ
bsfrgdn5lh5khx8g	JAZZ,SWING,VOCAL JAZZ	EN	0.344	0.0859	5.0	1.0	0.233	130.762	210067	JAZZ
5bVqP2AsQwwTBO1v	JAZZ,SOUL	EN	0.589	0.601	2.0	1.0	0.22	149.90200000000004	208933	JAZZ
zHvuMFLWLmJonA0a	SOUL,VOCAL JAZZ	EN	0.6409999999999999	0.433	0.0	1.0	0.452	121.824	284400	JAZZ
RwkDigqH8U7R31Qd	JAZZ	EN	0.525	0.555	6.0	1.0	0.593	90.554	195360	JAZZ
ywEjyBMstRqfUo5e	JAZZ,VOCAL JAZZ,BLUES	EN	0.389	0.144	6.0	0.0	0.0984	90.78	258693	JAZZ
oJl6T2DkHJ9fIzrA	JAZZ	EN	0.314	0.411	11.0	1.0	0.272	104.179	604213	JAZZ
mU1KfJEX8Ly8YAWO	BLUES,SOUL,JAZZ	EN	0.624	0.487	8.0	0.0	0.429	81.825	157347	JAZZ
ZjMCgnTPfSkFayeU	JAZZ,SMOOTH JAZZ	EN	0.547	0.251	5.0	0.0	0.536	129.921	318187	JAZZ
jaiBwtq2wWgQi7vI	JAZZ,SOUNDTRACK,JAZZ,SWING	EN	0.376	0.297	5.0	1.0	0.584	126.528	180193	JAZZ
prVky8MabZY60zIG	DOWNTEMPO,TRIP HOP,NU JAZZ	EN	0.898	0.593	10.0	0.0	0.813	98.61	194952	JAZZ
ujCM5vRaNYLOhRkD	JAZZ	EN	0.635	0.584	10.0	1.0	0.609	137.959	244573	JAZZ
1nSrGnJs0OYiWzMz	JAZZ	EN	0.606	0.607	7.0	1.0	0.64	152.105	224853	JAZZ
arbCYCP2mmPKJxgh	JAZZ,VOCAL JAZZ,LOUNGE,JAZZ,SWING	EN	0.234	0.0976	2.0	0.0	0.0585	110.127	197133	JAZZ
edRCdb3AjNbR1aKl	JAZZ	EN	0.547	0.263	3.0	1.0	0.248	137.715	356067	JAZZ
P4zIY2Z93w4RnHWH	JAZZ,BLUES	EN	0.419	0.0758	6.0	1.0	0.231	129.806	253800	JAZZ
1FXovRkCtv0SIMgk	JAZZ,SWING	EN	0.611	0.285	0.0	1.0	0.604	79.46300000000002	226360	JAZZ
PsJxGIi8hfHNOdyO	FUNK,ACID JAZZ	EN	0.731	0.856	1.0	1.0	0.858	121.823	284373	JAZZ
TnYlBZeu9kOmLCXw	JAZZ	EN	0.532	0.795	1.0	1.0	0.78	143.83700000000005	199267	JAZZ
UukTPK7BHZMZi8Df	JAZZ,VOCAL JAZZ	EN	0.653	0.165	7.0	0.0	0.446	107.513	367493	JAZZ
5MFL5Vi76YKJahNr	SOUL JAZZ	EN	0.363	0.755	1.0	0.0	0.735	114.407	178772	JAZZ
3ihcGEww3Uc0cUDc	SOUL,BLUES,JAZZ,BLUES,SOUL,JAZZ	EN	0.477	0.433	11.0	0.0	0.611	82.52	156653	JAZZ
y3rp1TLPVM8Opivn	JAZZ,SOUL,VOCAL JAZZ	EN	0.5539999999999999	0.48	9.0	1.0	0.626	91.311	158747	JAZZ
cnP4lKPZu8jfUWHP	JAZZ,SWING,EASY LISTENING	EN	0.384	0.368	5.0	0.0	0.5479999999999999	86.583	178253	JAZZ
RqgmEyg6pi4sa811	EASY LISTENING,JAZZ	EN	0.238	0.124	8.0	1.0	0.193	63.519	213960	JAZZ
4MrbAK6XvN5aGr6o	JAZZ	EN	0.611	0.386	6.0	0.0	0.189	115.979	280333	JAZZ
X5wYh7aTsdVHQyiD	JAZZ	EN	0.602	0.258	8.0	1.0	0.474	127.48	175360	JAZZ
GTdioqm5SdTv5OkY	JAZZ	EN	0.356	0.12	5.0	0.0	0.382	186.46	160440	JAZZ
qLugVUEOEVVI8wwI	NU JAZZ	EN	0.6970000000000001	0.433	7.0	0.0	0.266	148.08700000000005	249847	JAZZ
RDhHKE0iWr52sNo1	JAZZ FUSION,JAZZ	EN	0.461	0.535	5.0	1.0	0.246	106.683	444800	JAZZ
F5UhpakL1GSSpw3H	NU JAZZ,SOUL,LOUNGE	EN	0.954	0.777	2.0	0.0	0.952	122.32	202480	JAZZ
p0yHpfdpEcHZXtk6	BOSSA NOVA,JAZZ,EASY LISTENING	EN	0.595	0.306	7.0	1.0	0.464	133.63	142533	JAZZ
kdGA3nAd9kXHDhRW	JAZZ	EN	0.328	0.0327	5.0	0.0	0.163	181.595	303627	JAZZ
uhTersxcUaJhjtti	JAZZ,COOL JAZZ,JAZZ,BOSSA NOVA	EN	0.328	0.0421	6.0	1.0	0.179	52.793	323227	JAZZ
fl8040L0RnNLSqrr	JAZZ	EN	0.563	0.383	2.0	0.0	0.357	173.984	210520	JAZZ
4yJz95ot4OFbIRNa	REGGAE,A CAPPELLA,JAZZ	EN	0.675	0.166	11.0	1.0	0.747	68.837	294400	JAZZ
T3de4WJ4SceIL6Ty	FUNK,ACID JAZZ,SOUL	EN	0.703	0.411	11.0	0.0	0.763	136.139	268467	JAZZ
HlDQTW4Z7ZQyl9AD	JAZZ,SWING,VOCAL JAZZ	EN	0.188	0.0661	5.0	1.0	0.0749	175.998	190200	JAZZ
wHZKnUeKP2QdT5na	JAZZ	EN	0.669	0.7829999999999999	7.0	1.0	0.75	88.009	297440	JAZZ
tfCeaZTJ3PvekGrh	JAZZ,SWING	EN	0.0	0.405	0.0	1.0	0.0	0.0	147000	JAZZ
yZzTRfhOPJRyUxYV	SOUL,JAZZ	EN	0.485	0.79	8.0	0.0	0.657	182.103	227973	JAZZ
WsYoqk1jc2a084eR	EXPERIMENTAL,JAZZ,AVANT-GARDE	EN	0.386	0.0605	7.0	1.0	0.0698	111.939	277600	JAZZ
dDeTGhuubsXbbENx	JAZZ,SWING,SOUL	EN	0.778	0.5489999999999999	8.0	0.0	0.762	110.498	240853	JAZZ
niSzJNsME53hGC3M	JAZZ	EN	0.389	0.129	7.0	1.0	0.185	88.38799999999998	190293	JAZZ
PJzeogsagsrRq3HZ	JAZZ,SMOOTH JAZZ	EN	0.645	0.0961	11.0	0.0	0.452	130.57299999999998	237093	JAZZ
zO8gwg73TYVDoxWp	NU JAZZ	EN	0.24	0.412	4.0	0.0	0.269	169.503	215359	JAZZ
z7OQKA45O2talbmN	SOUL,JAZZ,SWING,SOUL,JAZZ	EN	0.546	0.193	0.0	1.0	0.311	139.795	191693	JAZZ
2EYdhsHUYOHKZacU	SOUL,JAZZ	EN	0.631	0.214	9.0	0.0	0.128	105.208	350293	JAZZ
38KlbPwQxhziC9q1	SOUL,JAZZ	EN	0.466	0.736	3.0	0.0	0.388	123.874	132795	JAZZ
E5UTcrzF8WgYi01U	JAZZ	EN	0.357	0.247	5.0	1.0	0.385	79.075	215520	JAZZ
12J0SifUY3ZcE7dL	BLUES,JAZZ,SOUL,BLUES,SOUL,JAZZ	EN	0.268	0.353	0.0	0.0	0.513	173.54	190400	JAZZ
PqWprmNozwjTfQFs	SWING,JAZZ	EN	0.62	0.7559999999999999	5.0	0.0	0.6659999999999999	188.956	233840	JAZZ
8mpawYN2M5b01XTC	LOUNGE,MAMBO,JAZZ,DOWNTEMPO,LOUNGE,JAZZ	EN	0.8109999999999999	0.861	5.0	0.0	0.866	127.956	248227	JAZZ
ThW7HAJl5UXwFPXB	JAZZ,JAZZ,SWING	EN	0.417	0.123	6.0	0.0	0.18	137.444	181973	JAZZ
4lIq4LWxAuKhjwbw	JAZZ,BLUES	EN	0.363	0.129	0.0	1.0	0.147	80.367	198147	JAZZ
2Z8ZiaQ3G2jsICeh	JAZZ,EASY LISTENING,BLUES	EN	0.628	0.4920000000000001	0.0	0.0	0.386	145.743	389547	JAZZ
Im96z7fR2VGRpAhm	SOUL,BLUES,JAZZ	EN	0.438	0.158	5.0	1.0	0.524	87.652	146227	JAZZ
tBVWPBa9nPtZTTJu	JAZZ,SWING,VOCAL JAZZ	EN	0.206	0.0611	9.0	1.0	0.129	87.639	222600	JAZZ
slVDsXNNQyY29kjs	EASY LISTENING,LOUNGE,SWING,JAZZ,SWING	EN	0.222	0.176	9.0	0.0	0.142	78.247	205773	JAZZ
uzKXLSxiAgaOlHcV	JAZZ,VOCAL JAZZ	EN	0.44	0.147	8.0	0.0	0.354	132.613	256867	JAZZ
Nv5qrchJvNTCh7cp	FUNK,ACID JAZZ	EN	0.6729999999999999	0.652	8.0	0.0	0.738	94.873	268800	JAZZ
mez7CL9aisZJ1bn7	SOUL,SOUL,JAZZ,FOLK	EN	0.6459999999999999	0.594	7.0	0.0	0.387	124.022	228880	JAZZ
rHr6DXG0XXHROaxs	FUNK,JAZZ	EN	0.746	0.525	0.0	1.0	0.835	95.116	251293	JAZZ
VBRK1Ca1LoBocQei	BLUES,JAZZ,SINGER-SONGWRITER	EN	0.358	0.254	5.0	0.0	0.16	85.131	268613	JAZZ
SpPodOC4Z8oVgcST	SOUL,JAZZ,FUNK,ACID JAZZ	EN	0.52	0.5710000000000001	11.0	0.0	0.701	161.05100000000004	239667	JAZZ
DOCRpwvccKd8pBnj	JAZZ,VOCAL JAZZ,BLUES	EN	0.315	0.613	7.0	1.0	0.556	112.62	166453	JAZZ
UtCgFQH0M7cPkidc	JAZZ,BLUES	EN	0.348	0.092	0.0	1.0	0.207	175.703	210400	JAZZ
JxFgcVZJDREjaJ21	JAZZ,FOLK	EN	0.291	0.0937	10.0	1.0	0.132	84.88600000000002	187027	JAZZ
6lCq9iNIl1HoLCaZ	JAZZ	EN	0.422	0.392	10.0	1.0	0.823	135.523	209440	JAZZ
Q9DuneolEj6EoqHm	SOUNDTRACK,JAZZ	EN	0.531	0.723	0.0	0.0	0.853	143.917	83187	JAZZ
bJiHPjZpGOjuZszF	JAZZ	EN	0.509	0.547	10.0	0.0	0.197	109.436	234147	JAZZ
2HZ79GBpXptEy0tI	SOUL,JAZZ,FUNK	EN	0.907	0.466	1.0	1.0	0.5489999999999999	105.014	212020	JAZZ
tizlnyrwfO8jGxMo	FUNK,SOUL,JAZZ	EN	0.703	0.914	7.0	1.0	0.843	108.993	328480	JAZZ
GY1IQiRvbwcLlmsN	JAZZ,SWING,BIG BAND	EN	0.4370000000000001	0.229	0.0	0.0	0.318	87.56700000000002	194000	JAZZ
2NDwgdInNq65v2tQ	JAZZ	EN	0.746	0.243	4.0	0.0	0.425	118.578	215747	JAZZ
4rzhop9XqNmuDUzK	SOUL,LOUNGE,SMOOTH JAZZ	EN	0.8079999999999999	0.5710000000000001	11.0	0.0	0.871	108.085	230600	JAZZ
kzMY7ji6oFOnEAtQ	SOUL,JAZZ,SOUL,JAZZ	EN	0.7340000000000001	0.581	9.0	0.0	0.962	119.337	258693	JAZZ
lsVwPkkwai5dDVSa	JAZZ,BLUES	EN	0.386	0.351	2.0	0.0	0.375	90.844	167121	JAZZ
7qhEttg0dxfveAEW	SOUL,FUNK,JAZZ	EN	0.843	0.433	0.0	1.0	0.161	106.028	310480	JAZZ
dWwQdSJ6iz2rUoOw	JAZZ,EASY LISTENING	EN	0.331	0.0967	7.0	1.0	0.111	66.541	226307	JAZZ
AgO4MdZ6DWF6D1La	SOUL,BLUES,RHYTHM AND BLUES,JAZZ	EN	0.54	0.6809999999999999	4.0	1.0	0.794	88.385	307053	JAZZ
TPCrbAuMJEtx6dqm	JAZZ,FOLK	EN	0.434	0.502	6.0	0.0	0.665	149.455	340773	JAZZ
FyAVnkvwvHEijyng	JAZZ,FUNK,SOUL	EN	0.511	0.618	5.0	0.0	0.62	111.697	332133	JAZZ
WkX9j7YwER0IhBoC	BLUES,SOUL,RHYTHM AND BLUES,JAZZ	EN	0.7120000000000001	0.234	1.0	1.0	0.599	71.111	157560	JAZZ
tCWDrwXZyudcBmAp	JAZZ,FUNK	EN	0.675	0.603	7.0	1.0	0.1689999999999999	79.003	241743	JAZZ
uqv8vFKNpY7ZGK6Q	SOUL,JAZZ,SINGER-SONGWRITER	EN	0.373	0.505	10.0	1.0	0.139	81.492	266200	JAZZ
csCr7YqVu27FdIo3	JAZZ,VOCAL JAZZ,BLUES	EN	0.36	0.0815	1.0	1.0	0.205	75.859	209280	JAZZ
G2Qta8mSkmD8NPPG	SOUL,JAZZ,FUNK,FUNK,SOUL	EN	0.67	0.6709999999999999	10.0	1.0	0.685	85.113	291026	JAZZ
LsKmf6nYpQLTd7Bu	SOUL,JAZZ	EN	0.624	0.22	7.0	1.0	0.545	158.253	324667	JAZZ
V4OLXpBy0DSAKkGT	JAZZ,VOCAL JAZZ	EN	0.555	0.487	11.0	1.0	0.5760000000000001	134.04399999999998	198787	JAZZ
JaaRvJylfyLEJVzF	JAZZ	EN	0.328	0.236	8.0	1.0	0.332	74.382	179093	JAZZ
QDNRxp5aXlNxgK4v	JAZZ,VOCAL JAZZ	EN	0.215	0.247	9.0	0.0	0.0842	86.391	228133	JAZZ
aPeZn3JR9tHRnmkd	JAZZ,JAZZ,BEBOP	EN	0.327	0.5329999999999999	3.0	1.0	0.3670000000000001	80.675	310333	JAZZ
jEpc8ReoWEz2Z4YD	JAZZ	EN	0.633	0.12	5.0	0.0	0.456	115.51	149072	JAZZ
iamEfaxOlHkRHYOa	JAZZ,SWING,EASY LISTENING	EN	0.542	0.5760000000000001	2.0	1.0	0.481	101.3	203627	JAZZ
8yv3MZxGg1KCAAiT	JAZZ,VOCAL JAZZ	EN	0.5720000000000001	0.398	0.0	1.0	0.76	86.135	244867	JAZZ
mTRFpijQyuBUNkZ2	SOUL,JAZZ	EN	0.378	0.629	4.0	1.0	0.292	79.411	166613	JAZZ
DELXHvRVeBEdMDIT	JAZZ,EASY LISTENING,SWING,VOCAL JAZZ	EN	0.6759999999999999	0.19	0.0	1.0	0.233	120.095	165973	JAZZ
7ezHP2DadvG2wdnK	JAZZ,BLUES,JAZZ,BLUES	EN	0.57	0.308	8.0	1.0	0.8079999999999999	130.909	171693	JAZZ
BFrxYqZQH9GFZd4M	JAZZ	EN	0.7509999999999999	0.271	9.0	0.0	0.494	125.534	147800	JAZZ
pjYt058CrVFc2b1U	JAZZ,GOSPEL,BLUES	EN	0.643	0.196	0.0	0.0	0.333	105.886	221240	JAZZ
9x14hj71BavjHnqC	SOUL,JAZZ,BLUES	EN	0.319	0.322	1.0	1.0	0.102	197.818	219440	JAZZ
F2V7MJywhYj2zBxc	JAZZ	EN	0.41	0.0418	1.0	1.0	0.247	67.882	184467	JAZZ
KWKWBoEs9V63TTeb	JAZZ,BIG BAND,RAGTIME,JAZZ,BIG BAND,RAGTIME	EN	0.726	0.53	4.0	0.0	0.907	84.654	96573	JAZZ
UTeoYRTQcDKAUMqD	JAZZ,JAZZ FUSION,FUNK	EN	0.49	0.862	7.0	1.0	0.627	159.961	571323	JAZZ
EzPoiM8BN3BymK51	SOUL,JAZZ,BLUES	EN	0.429	0.363	0.0	1.0	0.16	75.483	183741	JAZZ
Bslsq4YxQsat3FBf	JAZZ,SOUL,BLUES,VOCAL JAZZ	EN	0.746	0.243	4.0	0.0	0.425	118.578	215747	JAZZ
vFdjdokF4PdY1G2r	JAZZ,EASY LISTENING,SWING	EN	0.3229999999999999	0.186	3.0	1.0	0.243	93.691	175587	JAZZ
Nfx43BOKk9Hel5JE	JAZZ	EN	0.407	0.0944	5.0	1.0	0.199	92.145	182733	JAZZ
A0vTco5Bbbhep2KJ	SOUL,JAZZ,BLUES	EN	0.425	0.231	10.0	1.0	0.213	118.373	222173	JAZZ
BxkyoPcUoRalcYaH	JAZZ	EN	0.6759999999999999	0.378	9.0	0.0	0.135	108.005	288493	JAZZ
kYSAwmMk6e47BErA	BLUES,JAZZ,SOUL	EN	0.562	0.0878	2.0	0.0	0.235	128.874	206000	JAZZ
0SI6oF0XlACvZdQT	JAZZ,VOCAL JAZZ,BLUES,JAZZ,BLUES	EN	0.504	0.0644	2.0	0.0	0.403	106.994	181440	JAZZ
6NbawHhsdU7xo2wq	JAZZ	EN	0.454	0.211	8.0	1.0	0.221	113.806	346973	JAZZ
Gqdu3ev4MWMj6GKf	SMOOTH JAZZ,JAZZ,SOUL	EN	0.8029999999999999	0.488	1.0	1.0	0.624	95.771	237106	JAZZ
oR1aWOWRrfqmk2zS	JAZZ,SOUL,LATIN	EN	0.578	0.438	2.0	0.0	0.79	89.083	225200	JAZZ
YZpOKUvreo6O38OS	JAZZ	EN	0.523	0.6679999999999999	8.0	1.0	0.5670000000000001	77.069	198467	JAZZ
TSo8sshRUfFl1FfJ	JAZZ,SWING,BLUES,VOCAL JAZZ	EN	0.804	0.5379999999999999	7.0	1.0	0.804	134.59	176200	JAZZ
vqzo9ArpWKIPsIR0	JAZZ	EN	0.529	0.713	10.0	1.0	0.403	89.89299999999999	463898	JAZZ
Meyg34GvBolBUrn5	JAZZ,SWING	EN	0.296	0.23	4.0	0.0	0.217	79.10300000000002	181200	JAZZ
ykzP9FF2FtzhHnKJ	ACID JAZZ,SOUL,JAZZ FUNK,JAZZ	EN	0.49	0.6990000000000001	1.0	1.0	0.755	86.58	319733	JAZZ
oVLfOmSNqsrduqvb	SOUL,SMOOTH JAZZ	EN	0.594	0.598	8.0	1.0	0.433	85.64	311240	JAZZ
s1LItuAklZRYtARu	BLUES,SOUL,JAZZ	EN	0.53	0.275	2.0	1.0	0.402	134.121	164800	JAZZ
EONb83MwfcCb33A1	SKA,FUNK,JAZZ	EN	0.622	0.525	2.0	0.0	0.304	78.446	195800	JAZZ
XtFGJS8n5VBZzMua	JAZZ,SWING	EN	0.431	0.334	6.0	1.0	0.6579999999999999	137.02100000000002	162520	JAZZ
aFl1eENPh4oXZZhH	JAZZ,SINGER-SONGWRITER,DEEP CHILL	EN	0.569	0.18	0.0	1.0	0.382	142.776	181200	JAZZ
hGRBJ5xPoUcOrOJr	JAZZ,SWING	EN	0.546	0.185	3.0	1.0	0.363	141.958	157213	JAZZ
JqJgxelasmyYC2fd	JAZZ,JAZZ,BLUES	EN	0.7190000000000001	0.216	7.0	1.0	0.696	79.54	135293	JAZZ
Hl7gsz99wDW66OMS	COUNTRY,JAZZ	EN	0.578	0.402	5.0	1.0	0.277	121.368	295440	JAZZ
Y85ivFj6iF0KXIQY	SOUL,SINGER-SONGWRITER,SOUL,JAZZ	EN	0.624	0.647	2.0	1.0	0.6779999999999999	126.246	217893	JAZZ
6327rtdJcKr4bPUw	BLUES,SOUL,JAZZ,RHYTHM AND BLUES	EN	0.556	0.61	9.0	1.0	0.665	199.373	171467	JAZZ
GkJ44a3mXMcGXGDw	JAZZ,BLUES,VOCAL JAZZ,JAZZ,BLUES	EN	0.259	0.204	10.0	1.0	0.334	173.14	204027	JAZZ
HBrjkmCf1nFMqsJr	JAZZ	EN	0.406	0.107	4.0	0.0	0.242	116.259	251000	JAZZ
zXouTXUyNaY4r1gM	JAZZ	EN	0.4320000000000001	0.436	0.0	1.0	0.326	102.92	156440	JAZZ
qixkPyKhX46yPQ1C	SOUL,JAZZ	EN	0.468	0.149	5.0	0.0	0.124	97.965	430000	JAZZ
Z48sdyJYIzEBdvcw	JAZZ,SOUNDTRACK	EN	0.362	0.178	11.0	0.0	0.248	91.243	180133	JAZZ
RRC8Xl4FF99UBf06	JAZZ	EN	0.464	0.0358	7.0	0.0	0.187	77.57	297876	JAZZ
71OX3DoGIjaslcyV	JAZZ,SWING,EASY LISTENING	EN	0.282	0.113	0.0	1.0	0.225	67.365	225427	JAZZ
6CbNrikLE5WUDmWT	BOSSA NOVA,JAZZ	EN	0.546	0.33	6.0	1.0	0.477	139.67600000000002	122773	JAZZ
xzZddKwR3B3ViQpb	JAZZ,BLUES	EN	0.223	0.243	1.0	1.0	0.3	174.74400000000003	145400	JAZZ
FJiq9oV8fchcWaRo	JAZZ,JAZZ FUSION	EN	0.256	0.499	11.0	1.0	0.202	169.695	271120	JAZZ
Fo2psztVcL2WDMvL	JAZZ,SOUL,BLUES	EN	0.5710000000000001	0.409	4.0	0.0	0.687	123.541	183667	JAZZ
kbgQKFYReSMX5Zep	JAZZ	EN	0.287	0.274	3.0	1.0	0.356	70.873	247573	JAZZ
sAeR41YfEAYqZJMq	JAZZ,EXPERIMENTAL,AVANT-GARDE	EN	0.289	0.823	11.0	0.0	0.609	148.967	163007	JAZZ
EFBW0rpI8V3soWRc	SOUL,JAZZ	EN	0.602	0.487	9.0	1.0	0.809	104.781	155667	JAZZ
wgnDhE9CynqcOeX0	SINGER-SONGWRITER,BLUES,JAZZ	EN	0.539	0.511	2.0	0.0	0.338	116.97	258333	JAZZ
2v0z5ajHC4i1vEEu	EASY LISTENING,SWING,JAZZ	EN	0.471	0.146	10.0	1.0	0.595	78.554	190400	JAZZ
HefQicUp0hYpoKGI	JAZZ,BLUES,EXPERIMENTAL	EN	0.7140000000000001	0.508	8.0	1.0	0.442	111.15	226307	JAZZ
bV9SkGVWeQATPYsv	SOUL,SMOOTH JAZZ	EN	0.6809999999999999	0.264	8.0	1.0	0.6920000000000001	93.809	175400	JAZZ
X85zBrQ10DvCDeeK	JAZZ,SWING	EN	0.701	0.296	4.0	1.0	0.964	102.101	199227	JAZZ
kwy9EpnwyTM4JuXj	BLUES,JAZZ,SOUL,BLUES	EN	0.452	0.148	8.0	1.0	0.335	132.55200000000002	306120	JAZZ
H2pnLFpNlwajDBXB	SOUL,SOUL,JAZZ	EN	0.6809999999999999	0.261	0.0	1.0	0.795	91.357	159107	JAZZ
45V6W7RaVZntv3a5	JAZZ,BLUES	EN	0.539	0.0678	0.0	1.0	0.263	124.105	294667	JAZZ
8HRrTZDa4MrcSy4U	JAZZ,BEBOP	EN	0.5539999999999999	0.0787	8.0	1.0	0.51	127.889	169533	JAZZ
nILYDQ61P93FwsNj	JAZZ	EN	0.292	0.0796	0.0	1.0	0.2	83.755	174533	JAZZ
vuz3Lt9vIfHiDK9K	SOUL,JAZZ	EN	0.738	0.872	4.0	0.0	0.682	122.023	281400	JAZZ
7LdaSVlDRpODblt9	MAMBO,SWING,JAZZ,SWING	EN	0.688	0.403	1.0	0.0	0.6890000000000001	152.903	139680	JAZZ
MQbjYODZwbE2Vp34	JAZZ,SOUL,FUNK,SMOOTH JAZZ,JAZZ,SMOOTH JAZZ,SOUL	EN	0.77	0.319	10.0	0.0	0.863	117.232	316160	JAZZ
AiSQ3ri2oYDhIsGL	JAZZ,BEBOP	EN	0.484	0.186	1.0	1.0	0.175	105.441	834902	JAZZ
pAkFKHSEwAmArZ02	SOUL,JAZZ FUNK,FUNK	EN	0.647	0.552	7.0	0.0	0.961	153.392	267360	JAZZ
6okfRc6ZOR3ffyy3	SOUL,SOUL,JAZZ	EN	0.522	0.647	11.0	0.0	0.603	91.955	193400	JAZZ
VCnHKTbwXzHjoU6F	NU JAZZ,ACID JAZZ,TRIP HOP,DOWNTEMPO,ACID JAZZ	EN	0.5710000000000001	0.767	7.0	0.0	0.608	145.003	263267	JAZZ
Z87vnrFwUkKv8Nu1	DOWNTEMPO,NU JAZZ,DUBSTEP	EN	0.6829999999999999	0.523	1.0	1.0	0.263	139.991	365000	JAZZ
Up1IkZ1c9fPHBMy3	SOUL,JAZZ	EN	0.9	0.383	5.0	1.0	0.901	99.325	366693	JAZZ
aGDTjuONq4ucoFOh	SOUL,JAZZ	EN	0.757	0.361	10.0	0.0	0.505	78.083	326040	JAZZ
9KA6P7Kx4raie8ve	JAZZ,SOUL,BLUES,RHYTHM AND BLUES	EN	0.56	0.722	8.0	0.0	0.898	176.983	156107	JAZZ
SmbEsXptUm3IUUGd	DOWNTEMPO,NU JAZZ,WONKY	EN	0.507	0.413	2.0	1.0	0.174	165.62900000000005	272727	JAZZ
pGV7Q2bxnFniR0mo	EASY LISTENING,SWING,JAZZ	EN	0.409	0.435	2.0	1.0	0.5670000000000001	78.13600000000002	168480	JAZZ
qsMZOGVtbFr0jgC4	PROGRESSIVE METAL,DEATH METAL,TECHNICAL DEATH METAL,JAZZ METAL	EN	0.293	0.982	4.0	0.0	0.0685	125.249	208000	JAZZ
mG8VbPVnJnTibHW9	JAZZ,SWING	EN	0.596	0.8440000000000001	5.0	1.0	0.872	155.05	189667	JAZZ
GUtUFKFmG8YaAr7t	JAZZ	EN	0.596	0.4370000000000001	5.0	0.0	0.545	119.65	382118	JAZZ
Bw8fh1mmHpfFqa2C	JAZZ	EN	0.329	0.16	10.0	1.0	0.232	80.359	213920	JAZZ
HjNcIoLpXC0ubhtR	JAZZ,SWING	EN	0.138	0.149	10.0	1.0	0.135	74.391	213933	JAZZ
Cg40YSaZFWdHdy18	SOUL,JAZZ	EN	0.73	0.544	1.0	1.0	0.436	80.029	378627	JAZZ
l4df1iM5ePCvBUmJ	SOUL,JAZZ	EN	0.377	0.284	4.0	0.0	0.168	95.381	254640	JAZZ
v9Ro1RBns0pEfssI	JAZZ	EN	0.5379999999999999	0.296	1.0	1.0	0.172	85.38	246147	JAZZ
rGmsXNDV7uZSHpha	JAZZ,SOUL,BLUES	EN	0.399	0.326	7.0	0.0	0.546	79.206	174000	JAZZ
xGFWAjvdOVINkodS	SOUL,JAZZ,SOUL	EN	0.653	0.123	7.0	1.0	0.374	108.99	308240	JAZZ
KW9XAoVDgSk6aulT	JAZZ	EN	0.828	0.393	11.0	0.0	0.895	106.363	186893	JAZZ
V17kuWqX1UXZRaiS	JAZZ,BOSSA NOVA	EN	0.6659999999999999	0.181	5.0	0.0	0.391	130.024	325120	JAZZ
IGnHYPCF2JFRTfQi	JAZZ,SWING,JAZZ SAXOPHONE	EN	0.7020000000000001	0.318	0.0	1.0	0.797	108.266	354333	JAZZ
CO0OXpTtEDDOKYhT	JAZZ,SWING,VOCAL JAZZ	EN	0.445	0.383	7.0	1.0	0.509	82.259	203560	JAZZ
r7CQf2Vn83wY9aRE	SOUL,JAZZ	EN	0.598	0.469	9.0	0.0	0.256	87.12299999999998	223286	JAZZ
pwXr9PcT1lisM1lg	JAZZ,JAZZ PIANO,JAZZ TRIO	EN	0.392	0.13	9.0	1.0	0.125	115.285	298000	JAZZ
F6EOi8W1GHpJdaos	JAZZ,SWING	EN	0.353	0.112	5.0	1.0	0.296	63.11600000000001	423493	JAZZ
gsyTvPh4mwAMRV0B	SOUL,JAZZ,FUNK	EN	0.388	0.1689999999999999	10.0	0.0	0.104	114.812	113098	JAZZ
S0apnPI33OBv9TJq	SOUL,JAZZ	EN	0.48	0.561	0.0	1.0	0.541	164.791	154160	JAZZ
eJ3e8SDSil49pvRq	SWING,JAZZ,EASY LISTENING	EN	0.521	0.498	2.0	0.0	0.523	128.471	239493	JAZZ
ikiURluDzFbOPKic	JAZZ	EN	0.664	0.8220000000000001	9.0	1.0	0.845	134.084	166173	JAZZ
7tLpHEiiZRE1i3Vt	BLUES,JAZZ	EN	0.8290000000000001	0.248	5.0	1.0	0.7859999999999999	121.444	177733	JAZZ
u33XCd6fUedJbxgA	JAZZ,SWING	EN	0.703	0.653	2.0	0.0	0.7509999999999999	125.958	188000	JAZZ
lBpRO3l8K0b8JqXX	ACID JAZZ,FUNK,SOUL	EN	0.6509999999999999	0.925	5.0	0.0	0.6579999999999999	106.286	230053	JAZZ
CqsfUc1dRxyR0ezp	SOUL,NU JAZZ	EN	0.415	0.463	6.0	0.0	0.573	96.1	350533	JAZZ
oLVBgTgZ3Df5bv2z	JAZZ,FOLK	EN	0.14	0.125	8.0	1.0	0.0723	171.87099999999995	250973	JAZZ
o1kYNvMDGYV5qfdu	JAZZ	EN	0.526	0.299	8.0	1.0	0.679	156.84799999999996	200627	JAZZ
3pi5n1NmZfkF09dI	JAZZ,JAZZ FUSION	EN	0.534	0.524	10.0	1.0	0.5820000000000001	118.84	841747	JAZZ
t5jhIPnGMwuzfih7	JAZZ	EN	0.377	0.197	1.0	1.0	0.243	68.73899999999999	246160	JAZZ
rcuLUn0QxEn0A7zw	JAZZ,SMOOTH JAZZ,JAZZ PIANO,VOCAL JAZZ	EN	0.248	0.133	10.0	1.0	0.0572	92.333	400560	JAZZ
Lilu4TnK4FHXrBmy	JAZZ,SOUL	EN	0.65	0.491	2.0	0.0	0.7390000000000001	102.966	125960	JAZZ
ea6ZQBWlAAP5zTnX	JAZZ,VOCAL JAZZ,COOL JAZZ	EN	0.532	0.0657	0.0	0.0	0.292	128.607	201440	JAZZ
WYJOL6Oq3alcf4n5	JAZZ,VOCAL JAZZ	EN	0.7609999999999999	0.103	10.0	1.0	0.53	114.044	160133	JAZZ
UbxSYmn4QRyKGudK	JAZZ	EN	0.5660000000000001	0.218	7.0	1.0	0.434	134.13	133667	JAZZ
wzU0Ts9ZAMfwPqAl	JAZZ,VOCAL JAZZ	EN	0.362	0.0959	2.0	1.0	0.267	74.983	196440	JAZZ
eKCMUsH44RYKuQSu	SOUL,JAZZ,FUNK	EN	0.8440000000000001	0.5579999999999999	9.0	0.0	0.353	90.888	267578	JAZZ
CuBG9pTASx3dinhc	JAZZ,BEBOP,COOL JAZZ	EN	0.377	0.251	5.0	1.0	0.383	185.445	247200	JAZZ
2boRH5RWAs8cobRA	JAZZ,SWING,BIG BAND	EN	0.336	0.136	10.0	1.0	0.0458	76.831	159773	JAZZ
UK1Myg7ZjgcBNVsO	EASY LISTENING,JAZZ	EN	0.415	0.22	8.0	1.0	0.268	90.267	197627	JAZZ
bu1VAGtGFvEdQ4xC	SWING,JAZZ	EN	0.635	0.5579999999999999	2.0	1.0	0.878	165.89	163867	JAZZ
ZFcUHau7U6SS7RRh	BLUES,JAZZ,SINGER-SONGWRITER	EN	0.203	0.193	10.0	1.0	0.116	78.40899999999998	225280	JAZZ
RIki6qycZMSlWsEK	SOUL,JAZZ	EN	0.337	0.446	1.0	1.0	0.45	101.236	229907	JAZZ
GwIjBzhRnSXkjOL4	JAZZ,SWING	EN	0.718	0.348	5.0	0.0	0.703	117.347	183400	JAZZ
XODacTQDqxIzUn4D	SMOOTH JAZZ	EN	0.653	0.373	2.0	1.0	0.353	122.552	289267	JAZZ
da4NsURcrmdmjkC8	BLUES,JAZZ	EN	0.5429999999999999	0.245	2.0	1.0	0.239	100.36	185533	JAZZ
k2Dv62s50TXMtdB3	JAZZ,FOLK,SINGER-SONGWRITER	EN	0.507	0.261	1.0	1.0	0.268	132.016	238293	JAZZ
dwMkztheWzteIjzU	JAZZ,SWING	EN	0.411	0.03	10.0	1.0	0.209	73.19	179200	JAZZ
ZA4jUH5tFjwUyaaC	SOUL,SMOOTH JAZZ	EN	0.597	0.5660000000000001	1.0	1.0	0.5870000000000001	83.236	254813	JAZZ
cslyJp5PekqFYG11	JAZZ,SWING,EASY LISTENING	EN	0.535	0.5479999999999999	1.0	1.0	0.477	115.144	237333	JAZZ
GvRISUZKaWtU4a9f	JAZZ,BLUES	EN	0.31	0.17	7.0	1.0	0.359	114.38	241000	JAZZ
3difuKKxk7SMLenN	BLUES,JAZZ,BLUES	EN	0.537	0.23	4.0	0.0	0.371	79.84899999999998	293733	JAZZ
5dDcdJt07q8BObYg	FUNK,JAZZ	EN	0.659	0.764	7.0	1.0	0.551	118.245	293427	JAZZ
Wypi3WvhiNgiOIiQ	JAZZ,VOCAL JAZZ	EN	0.365	0.124	5.0	1.0	0.286	120.098	296173	JAZZ
vjZZsUhYqagYDpcj	FUNK,SKA,JAZZ,SKA,JAZZ,FUNK	EN	0.716	0.748	9.0	1.0	0.76	110.015	224133	JAZZ
nfaXT3IlWK3tVIkg	JAZZ	EN	0.23	0.0894	7.0	1.0	0.0799	96.73	203533	JAZZ
c1IgY8CqNXtuQgSA	JAZZ,SWING	EN	0.1689999999999999	0.147	2.0	1.0	0.152	174.301	218093	JAZZ
CivKEfOSGz7r8eO2	JAZZ,SWING,EASY LISTENING	EN	0.342	0.329	1.0	1.0	0.392	179.983	245307	JAZZ
Sn0Duj390K77Hdow	JAZZ	EN	0.608	0.392	11.0	0.0	0.41	109.962	282053	JAZZ
q6NmvsqUM4SiNjDQ	JAZZ,SWING	EN	0.644	0.305	5.0	0.0	0.691	164.18200000000004	157240	JAZZ
malwxw4pu8zLfVM8	SOUL,FUNK,JAZZ	EN	0.7290000000000001	0.54	0.0	0.0	0.815	94.071	314320	JAZZ
TuNUDFdaWyFJ1Kf7	JAZZ,VOCAL JAZZ	EN	0.25	0.0653	3.0	1.0	0.193	87.414	169373	JAZZ
6AU9tQMba3K8MtqP	SOUL,BLUES,JAZZ	EN	0.535	0.177	1.0	1.0	0.404	134.764	201866	JAZZ
ER9Ow9wrbATNae1c	DOWNTEMPO,NU JAZZ,CHIPTUNE	EN	0.5870000000000001	0.45	1.0	0.0	0.455	131.982	249498	JAZZ
ofuF03vBR7COW3Jq	JAZZ,EASY LISTENING,VOCAL JAZZ	EN	0.395	0.0426	4.0	0.0	0.125	70.074	169200	JAZZ
6GIm5uIHFTCjMSLF	JAZZ,VOCAL JAZZ,LOUNGE	EN	0.335	0.508	5.0	1.0	0.767	86.29799999999999	159107	JAZZ
TV2JNGyBifq6OhZj	JAZZ	EN	0.218	0.193	10.0	1.0	0.168	176.43900000000005	205507	JAZZ
QZQ0WDuM3qn2npyU	JAZZ,SMOOTH JAZZ	EN	0.485	0.192	7.0	1.0	0.181	116.692	242627	JAZZ
Ky4pguctcp5Y8sdR	JAZZ,SWING	EN	0.596	0.589	0.0	1.0	0.5870000000000001	75.288	156293	JAZZ
6AvinU55WFRzoWA8	SOUL,JAZZ	EN	0.591	0.335	8.0	0.0	0.7120000000000001	92.691	290067	JAZZ
K0EnykTiRP4QB8oE	SOUL,JAZZ	EN	0.505	0.505	2.0	1.0	0.339	147.585	233093	JAZZ
k5S2pgnRCS3qtNOC	SOUL,ACID JAZZ	EN	0.5920000000000001	0.6859999999999999	4.0	0.0	0.6629999999999999	168.076	336267	JAZZ
AquGWQ6JjRuyImyg	JAZZ,SWING,EASY LISTENING	EN	0.5770000000000001	0.306	9.0	1.0	0.568	125.166	177400	JAZZ
HOtMXGcR4smdkx0k	JAZZ,BLUES,VOCAL JAZZ	EN	0.6559999999999999	0.112	0.0	0.0	0.503	92.438	193053	JAZZ
DCYkvW76W61SrLHp	JAZZ	EN	0.476	0.19	2.0	0.0	0.249	109.795	588760	JAZZ
WGHuCEuPZxnO3RP8	PROGRESSIVE METAL,DEATH METAL,TECHNICAL DEATH METAL,JAZZ METAL,PROGRESSIVE METAL,TECHNICAL DEATH METAL	EN	0.319	0.992	6.0	0.0	0.196	125.466	217347	JAZZ
VlQMaBsVHUukC1DP	JAZZ	EN	0.539	0.297	5.0	0.0	0.609	171.123	148933	JAZZ
b3UZTZRF0VQacmK5	JAZZ,SOUL,SOUL,JAZZ	EN	0.841	0.439	7.0	0.0	0.669	96.0	172988	JAZZ
UknBD3pPM8aey50C	JAZZ,JAZZ,BLUES	EN	0.4370000000000001	0.139	2.0	0.0	0.178	75.979	177133	JAZZ
atQb0sVsFwB3vUdH	JAZZ	EN	0.269	0.191	5.0	1.0	0.188	107.218	173173	JAZZ
UZWzvLXLIsXuCs5P	VOCAL JAZZ,JAZZ,SWING	EN	0.556	0.0692	5.0	1.0	0.258	85.568	186333	JAZZ
aYQLJx8P7E0M2By5	SOUL,JAZZ	EN	0.76	0.395	10.0	0.0	0.0394	89.973	248373	JAZZ
aB6trI9oLGRFIxIp	JAZZ	EN	0.583	0.536	0.0	0.0	0.889	140.429	199147	JAZZ
l89bAqDTjecAVmVA	JAZZ,SWING	EN	0.442	0.202	8.0	1.0	0.406	116.909	186040	JAZZ
UUT3MnnHgEmcJVPR	JAZZ	EN	0.329	0.0556	8.0	1.0	0.124	124.905	249453	JAZZ
UswQfzS7KeS7d2vI	JAZZ,COOL JAZZ,VOCAL JAZZ	EN	0.501	0.0454	0.0	1.0	0.255	99.783	166760	JAZZ
WKveP1sEHhO9b46Y	JAZZ,SWING,BIG BAND	EN	0.565	0.304	5.0	0.0	0.509	117.619	314267	JAZZ
uFHaXRSj5mb46UEK	SOUL,RHYTHM AND BLUES,SOUL,JAZZ	EN	0.546	0.61	7.0	1.0	0.96	87.801	153293	JAZZ
hDu1v2EKkjcp1QOv	SOUL,JAZZ	EN	0.512	0.455	2.0	1.0	0.5820000000000001	181.112	407867	JAZZ
FZhnQmmIhr7FE7Bw	JAZZ,SOUL,BLUES,VOCAL JAZZ,JAZZ,SOUL,BLUES	EN	0.495	0.373	0.0	0.0	0.7290000000000001	106.068	160840	JAZZ
UAWCJd2QQtInZcim	SMOOTH JAZZ,JAZZ,JAZZ,SOUL,SMOOTH JAZZ	EN	0.515	0.3720000000000001	1.0	1.0	0.23	124.26	259924	JAZZ
t1ivedEjCG9jrqXH	ELECTRO,NU JAZZ	EN	0.802	0.951	10.0	0.0	0.695	106.019	191493	JAZZ
kOgG4ztKhCXSglgr	JAZZ,BLUES,SINGER-SONGWRITER,EXPERIMENTAL	EN	0.695	0.433	5.0	0.0	0.654	128.832	343067	JAZZ
oDTHslFjtf25SDC2	JAZZ,VOCAL JAZZ	EN	0.431	0.0946	0.0	1.0	0.133	102.234	205000	JAZZ
1bEUzkQ4I5IU3x31	ACID JAZZ,FUNK	EN	0.716	0.823	2.0	1.0	0.524	105.399	235040	JAZZ
1EhoPstBUguE4Btf	SWING,JAZZ,EASY LISTENING	EN	0.453	0.159	2.0	1.0	0.18	75.682	188240	JAZZ
BtMqsXzovF8ErgnV	SOUL,JAZZ	EN	0.589	0.7979999999999999	0.0	1.0	0.7509999999999999	173.67700000000005	202733	JAZZ
Z4zNqKYakDV54lH7	JAZZ	EN	0.299	0.336	5.0	0.0	0.273	77.793	442440	JAZZ
691eDgkMc6QXAk3p	JAZZ	EN	0.357	0.247	5.0	1.0	0.385	79.075	215520	JAZZ
F9gOr1btJ1A4O6rp	JAZZ	EN	0.6990000000000001	0.526	4.0	0.0	0.669	117.429	292289	JAZZ
qC6s3Ekwkdfzi9me	JAZZ	EN	0.338	0.184	5.0	1.0	0.19	53.557	160867	JAZZ
xW1XKPJ5ZLazRwpP	SWING,JAZZ,EASY LISTENING	EN	0.586	0.253	6.0	0.0	0.718	108.168	147293	JAZZ
t2ghCoGyJ1xTxf7F	JAZZ,SMOOTH JAZZ,SOUL,FUNK	EN	0.867	0.79	1.0	1.0	0.8140000000000001	110.048	219560	JAZZ
zQxKNNnqC83tzTAK	JAZZ,SWING	EN	0.6629999999999999	0.264	0.0	1.0	0.657	122.482	354533	JAZZ
07JhtfVVlSifEGu6	JAZZ,SOUL,VOCAL JAZZ	EN	0.622	0.397	7.0	0.0	0.3670000000000001	79.025	307827	JAZZ
4yBc5bF6kK7IN4oZ	SOUL,JAZZ	EN	0.562	0.804	5.0	0.0	0.514	79.975	397000	JAZZ
XuPXfldTGIe7SA4k	JAZZ,SWING,BLUES,BIG BAND	EN	0.512	0.322	0.0	1.0	0.451	96.92	194133	JAZZ
rtYdEHNWHFA0LLR8	SOUL,JAZZ	EN	0.616	0.618	7.0	1.0	0.742	89.20200000000001	228853	JAZZ
LzW9NtawcCYqk0Ik	JAZZ	EN	0.637	0.541	8.0	1.0	0.612	89.088	167107	JAZZ
idt6D7VuWq7tn83j	LOUNGE,ACID JAZZ	EN	0.657	0.591	4.0	1.0	0.495	115.025	250720	JAZZ
pVwEwAYHoMPBeKgS	FUNK,ACID JAZZ	EN	0.736	0.875	1.0	1.0	0.85	128.01	301733	JAZZ
PZiABJiTRNuWdoir	BOSSA NOVA,JAZZ	EN	0.569	0.62	10.0	0.0	0.521	87.805	143333	JAZZ
FN0z8lNlOs1rZstc	SWING,JAZZ	EN	0.564	0.465	6.0	1.0	0.544	118.713	186027	JAZZ
oPyfsuPz96kvFsDT	JAZZ,SWING,EASY LISTENING	EN	0.229	0.494	5.0	1.0	0.526	80.092	157867	JAZZ
FUQ80in3jUmUzGqK	JAZZ,EASY LISTENING,SWING	EN	0.33	0.161	2.0	1.0	0.13	67.398	269800	JAZZ
LDa19N6F03mVJa4T	JAZZ,VOCAL JAZZ	EN	0.654	0.222	10.0	1.0	0.5579999999999999	138.936	174907	JAZZ
gqI0nkItVlQKVp5O	JAZZ,JAZZ,FREE JAZZ	EN	0.517	0.269	1.0	1.0	0.273	141.846	337133	JAZZ
0EpKmvAtKRgZaLfK	SOUL,BLUES,SOUL,JAZZ	EN	0.6679999999999999	0.284	9.0	1.0	0.491	134.911	196640	JAZZ
4GP3SwSiIIn9kgTj	SOUL,JAZZ	EN	0.584	0.6679999999999999	6.0	0.0	0.293	102.902	301839	JAZZ
yEmQ3qIWIA4AX1u7	SOUL,JAZZ	EN	0.575	0.4970000000000001	11.0	0.0	0.423	93.625	227510	JAZZ
R4xxKkyWDsBdzydC	JAZZ,VOCAL JAZZ	EN	0.172	0.0696	11.0	0.0	0.103	167.97400000000005	298133	JAZZ
PmO9duahdQqmQXUp	SKA,JAZZ,SOUL	EN	0.474	0.911	10.0	1.0	0.711	146.066	214720	JAZZ
hotuaeMF8tvYKiTs	BOSSA NOVA,JAZZ,LOUNGE,BOSSA NOVA,JAZZ	EN	0.595	0.306	7.0	1.0	0.464	133.63	142533	JAZZ
tPmOeWe0o0cMPzS0	JAZZ,JAZZ,SWING	EN	0.334	0.0115	9.0	0.0	0.131	98.941	201800	JAZZ
LG4r9Cij0OxFRVST	FOLK,SINGER-SONGWRITER,JAZZ	EN	0.525	0.555	0.0	1.0	0.574	167.03599999999997	301440	JAZZ
oJqXa1KeQKYkF3xx	SOUL,JAZZ	EN	0.8809999999999999	0.522	0.0	1.0	0.7979999999999999	91.418	211987	JAZZ
ArVbMhdVJjWTq8zL	SOUL,SINGER-SONGWRITER,JAZZ	EN	0.517	0.363	9.0	0.0	0.0882	115.746	218293	JAZZ
mQeRQK8Ke41Gr6cB	JAZZ	EN	0.483	0.145	1.0	1.0	0.284	72.863	185280	JAZZ
SLPVXlF1r3OfpLTX	JAZZ,SMOOTH JAZZ	EN	0.21	0.1369999999999999	2.0	0.0	0.173	83.75299999999999	330173	JAZZ
p8stp90m0chKOgle	SOUL,JAZZ	EN	0.384	0.527	11.0	0.0	0.222	100.73	221200	JAZZ
hzQ7d2EIDmSVWqQx	JAZZ,SMOOTH JAZZ	EN	0.7659999999999999	0.391	10.0	0.0	0.7559999999999999	101.158	143280	JAZZ
2vPlN1NlCTH2L7YZ	SOUL,JAZZ,FOLK,SINGER-SONGWRITER,SOUL,JAZZ,FOLK	EN	0.7609999999999999	0.85	8.0	0.0	0.932	119.997	192055	JAZZ
2zc3vULL5yUyH1kX	EASY LISTENING,SWING,JAZZ,SWING	EN	0.547	0.335	4.0	0.0	0.474	115.838	154733	JAZZ
osXxg2VDkHfDTAEZ	JAZZ	EN	0.715	0.159	1.0	1.0	0.474	91.475	175013	JAZZ
A69Lf5nZp8CuvEs7	SMOOTH JAZZ,SOUL,JAZZ,FUNK	EN	0.627	0.385	9.0	0.0	0.7659999999999999	205.726	230107	JAZZ
0YUy5YHYSJMUeUlr	JAZZ	EN	0.637	0.34	9.0	1.0	0.503	138.752	216573	JAZZ
sSGo8GuumMmO7hp8	SWING,JAZZ	EN	0.758	0.3229999999999999	8.0	1.0	0.584	129.329	177600	JAZZ
YgNZOC8TC6XeoqRs	JAZZ,BLUES	EN	0.511	0.3720000000000001	1.0	1.0	0.471	119.164	187493	JAZZ
Egv6ncmZ7jm7KCMC	JAZZ	EN	0.645	0.261	9.0	0.0	0.473	116.995	179440	JAZZ
NshvXHcnskDUeajX	JAZZ,BLUES,SINGER-SONGWRITER	EN	0.4370000000000001	0.296	0.0	1.0	0.36	129.52	226200	JAZZ
fDqQpJrIInueHuS2	SOUL,JAZZ	EN	0.7240000000000001	0.421	8.0	1.0	0.38	82.495	292800	JAZZ
tl6hzwYYouXQLsPc	JAZZ	EN	0.359	0.0955	5.0	1.0	0.229	87.696	240000	JAZZ
OOKJGJrepc8c7ZoD	SOUL,JAZZ,BLUES,VOCAL JAZZ	EN	0.174	0.233	7.0	1.0	0.147	82.64399999999998	249160	JAZZ
pC1sJ237eC61inau	JAZZ	EN	0.333	0.343	5.0	0.0	0.289	84.88	429667	JAZZ
x3VV5x5yweI3vk5p	JAZZ	EN	0.551	0.493	10.0	1.0	0.43	94.415	153533	JAZZ
JUYkTk5LsumHBnBT	NU JAZZ,LO-FI,REGGAE,FUNK,SOUL	EN	0.836	0.7090000000000001	11.0	0.0	0.969	145.952	359213	JAZZ
rvavoZwo5f1Enynt	JAZZ,SINGER-SONGWRITER	EN	0.55	0.304	2.0	1.0	0.289	149.834	252253	JAZZ
ajCFQMy7isCa65f5	JAZZ,SMOOTH JAZZ,COOL JAZZ	EN	0.42	0.0565	0.0	0.0	0.142	113.789	171467	JAZZ
w62vZ1UYY2kLh24G	JAZZ	EN	0.395	0.0353	10.0	1.0	0.1369999999999999	106.883	279200	JAZZ
ZqpKOClW5099W15b	SOUL,JAZZ,BLUES	EN	0.327	0.4270000000000001	3.0	1.0	0.283	186.717	234013	JAZZ
ZWcaJtUuOf86TyRr	JAZZ,EASY LISTENING	EN	0.731	0.67	5.0	1.0	0.619	108.04	227307	JAZZ
sUdym5OuKYfCFnkb	JAZZ,SWING,EASY LISTENING	EN	0.455	0.288	9.0	1.0	0.476	83.41799999999998	119960	JAZZ
D89mTNcG3pyfbX0b	JAZZ	EN	0.696	0.616	9.0	0.0	0.66	138.059	166960	JAZZ
KnDiMNf6sE7hLTCq	SOUL,JAZZ,BLUES	EN	0.653	0.319	6.0	0.0	0.402	120.647	143213	JAZZ
H2gcVHaIVZyGCrFf	JAZZ,SWING,EASY LISTENING	EN	0.745	0.45	4.0	1.0	0.807	133.952	218613	JAZZ
BeNPKFIBE8uu5vVr	PROGRESSIVE METAL,POST-HARDCORE,JAZZ,EXPERIMENTAL,FUNK	EN	0.403	0.91	7.0	0.0	0.292	138.08700000000002	221522	JAZZ
NZChgwgSdmVZogSg	BOSSA NOVA,JAZZ	EN	0.36	0.26	11.0	0.0	0.314	139.73	131973	JAZZ
06HvNTU9M9lnH71I	JAZZ,EASY LISTENING,SWING	EN	0.257	0.219	9.0	1.0	0.0767	142.835	239733	JAZZ
0FDkablgTBYukNDg	JAZZ,JAZZ PIANO,BLUES	EN	0.199	0.0669	7.0	0.0	0.0643	88.821	399880	JAZZ
q1aCItuAZFuUuYFa	JAZZ	EN	0.6759999999999999	0.44	0.0	1.0	0.499	80.434	205773	JAZZ
FBCvdKL7SmC2gseb	JAZZ	EN	0.69	0.235	0.0	1.0	0.285	94.044	211307	JAZZ
rdEiL2uaxiBA1CSM	JAZZ,EASY LISTENING	EN	0.45	0.329	0.0	0.0	0.753	173.192	178880	JAZZ
v28H7r6mBaK6M5kh	SOUL,JAZZ	EN	0.56	0.812	10.0	0.0	0.748	95.588	317000	JAZZ
QCXRQ9ClIIsHnqQH	SOUL,JAZZ	EN	0.575	0.855	0.0	1.0	0.6709999999999999	146.284	205067	JAZZ
fO6cZA5mgdDvyamW	JAZZ,COOL JAZZ	EN	0.6459999999999999	0.193	2.0	1.0	0.434	80.39699999999998	159427	JAZZ
te4Wz35maiMLhL7n	JAZZ	EN	0.368	0.364	8.0	0.0	0.405	73.202	156544	JAZZ
AMqwCh3mRIEmp8Sc	JAZZ,SWING,EASY LISTENING	EN	0.5539999999999999	0.18	5.0	0.0	0.53	107.238	139227	JAZZ
Pzgqa4H5AgvOegJo	JAZZ,VOCAL JAZZ	EN	0.55	0.339	7.0	1.0	0.482	109.218	348440	JAZZ
18wXzAQFuYxsDFdN	JAZZ,SOUL,LOUNGE	EN	0.597	0.298	9.0	0.0	0.546	79.78	225493	JAZZ
xbonhChib8SwjmvO	JAZZ,SWING,BIG BAND	EN	0.448	0.6559999999999999	5.0	0.0	0.7959999999999999	108.391	252867	JAZZ
KsGZKZx7Sv6tPZhb	JAZZ	EN	0.362	0.204	8.0	1.0	0.301	120.459	206493	JAZZ
zBq8CyyFqwutu66k	JAZZ	EN	0.496	0.127	0.0	1.0	0.211	74.74600000000002	185587	JAZZ
ggYq2dEjyYIbjDZK	JAZZ,SWING	EN	0.737	0.812	8.0	0.0	0.903	207.022	230693	JAZZ
aG1Y3gcMLsrMsoBt	EASY LISTENING,JAZZ	EN	0.7	0.251	11.0	0.0	0.701	104.147	158560	JAZZ
PaqlPX5Zggr3FCkk	JAZZ,BLUES,SOUL	EN	0.626	0.312	6.0	1.0	0.298	98.708	152107	JAZZ
mC5NMYldcOgIbRww	JAZZ,VOCAL JAZZ	EN	0.49	0.403	5.0	0.0	0.433	138.309	235640	JAZZ
tVVSOYO0AYb8BGsQ	SOUL,JAZZ	EN	0.475	0.356	3.0	0.0	0.339	37.431	323733	JAZZ
Gv7hQL4IsBUm858J	JAZZ	EN	0.247	0.072	8.0	1.0	0.0872	173.372	245880	JAZZ
slo5oWJiVGVQaRcG	JAZZ	EN	0.535	0.0801	0.0	0.0	0.245	96.707	308867	JAZZ
TtnceBhAnnMmEQQJ	JAZZ,VOCAL JAZZ	EN	0.398	0.046	8.0	0.0	0.238	125.144	171667	JAZZ
CZgE6qZWTgosz0DS	EXPERIMENTAL,JAZZ	EN	0.66	0.695	9.0	0.0	0.506	129.972	382387	JAZZ
EQ5hUaovyQMxOAVW	JAZZ,BLUES,JAZZ,BLUES	EN	0.648	0.178	1.0	1.0	0.348	131.582	185680	JAZZ
17z4NTAHHVech2oB	JAZZ,SWING	EN	0.632	0.368	7.0	0.0	0.773	143.121	165360	JAZZ
GAeGNMTGrp6ky2um	EASY LISTENING,JAZZ	EN	0.5589999999999999	0.49	5.0	0.0	0.464	80.225	354973	JAZZ
RAECwDPJ5gvZuZZS	SOUL,RHYTHM AND BLUES,BLUES,SOUL,JAZZ	EN	0.7609999999999999	0.605	10.0	1.0	0.941	117.047	168933	JAZZ
1sDFMJd4sDRef4bp	JAZZ,BLUES,JAZZ BLUES	EN	0.544	0.425	10.0	1.0	0.348	84.443	313200	JAZZ
FU2EhApM61xrDrk1	DEATH METAL,TECHNICAL DEATH METAL,METAL,JAZZ METAL,PROGRESSIVE METAL	EN	0.276	0.843	9.0	1.0	0.442	77.208	294200	JAZZ
4jvn78LuyubeEIyj	SOUL,SOUL,JAZZ	EN	0.775	0.5720000000000001	0.0	0.0	0.64	90.023	356653	JAZZ
hUUByGphe8qD2ROr	LOUNGE,JAZZ,SMOOTH JAZZ	EN	0.7509999999999999	0.352	0.0	1.0	0.452	100.017	205027	JAZZ
2JAHkQ4zrPX3YdXt	JAZZ	EN	0.4970000000000001	0.317	8.0	1.0	0.17	127.204	415440	JAZZ
YZQWFb6QkENjIUsw	JAZZ,EASY LISTENING	EN	0.568	0.375	7.0	1.0	0.231	79.09	152000	JAZZ
AHJbjIlp98gVY3Pj	JAZZ,BLUES,VOCAL JAZZ	EN	0.484	0.0823	7.0	0.0	0.191	127.089	190800	JAZZ
5Eb5WZvgW2OY1MM8	JAZZ	EN	0.483	0.145	1.0	1.0	0.284	72.863	185280	JAZZ
guvo3xitT518Lhlk	JAZZ,BLUES	EN	0.6990000000000001	0.294	5.0	1.0	0.419	109.255	177240	JAZZ
NMBywJejkhueXNpY	JAZZ	EN	0.612	0.7440000000000001	8.0	1.0	0.527	113.009	201813	JAZZ
oXEbiIPUippqpNjc	BLUES,JAZZ	EN	0.614	0.0423	4.0	1.0	0.211	89.822	177133	JAZZ
393YyCL4dOzjeDXO	JAZZ	EN	0.526	0.774	5.0	1.0	0.715	131.715	150706	JAZZ
Jb1VfRkWufk4V8TJ	JAZZ	EN	0.33	0.163	5.0	0.0	0.0659	171.627	402440	JAZZ
W9fYgzZIKDpEm2XW	SOUL,JAZZ,SOUL,JAZZ	EN	0.461	0.633	11.0	0.0	0.63	82.586	213587	JAZZ
eSlfaifuIDDavPwk	SINGER-SONGWRITER,FOLK,JAZZ	EN	0.417	0.22	7.0	1.0	0.374	121.697	460373	JAZZ
QvuNzyR3mkrlY9ST	JAZZ,VOCAL JAZZ	EN	0.394	0.0962	4.0	0.0	0.212	113.133	196667	JAZZ
L11M0hBT8laUakSX	JAZZ	EN	0.6	0.402	0.0	0.0	0.311	128.358	231627	JAZZ
ODr1ix2Wvbmd9Nbx	JAZZ,SINGER-SONGWRITER	EN	0.526	0.251	8.0	1.0	0.259	92.546	294293	JAZZ
nRzokZAN96ExZDQD	JAZZ,BLUES	EN	0.355	0.0304	1.0	1.0	0.188	90.495	211533	JAZZ
gqmtvdIVwfvZq8Py	LOUNGE,JAZZ,NU JAZZ,AMBIENT	EN	0.753	0.2	4.0	0.0	0.426	83.86399999999998	240160	JAZZ
TrueEWkXvcKTY8f7	JAZZ,EASY LISTENING,SWING	EN	0.171	0.311	1.0	1.0	0.165	75.324	172547	JAZZ
dKNi3oG5QGxMQDz1	JAZZ,VOCAL JAZZ	EN	0.346	0.0235	4.0	0.0	0.149	94.545	190370	JAZZ
TMtQRx5zr3FaaRuF	SOUL,BLUES,SOUL,JAZZ	EN	0.565	0.476	9.0	1.0	0.77	119.891	199200	JAZZ
Qo38RI4I3kwJ6ixp	JAZZ,JAZZ,BEBOP	EN	0.494	0.162	5.0	0.0	0.179	107.687	403827	JAZZ
FcX8oBDKh9IPOkF7	JAZZ,SOUL,BLUES	EN	0.375	0.0932	0.0	0.0	0.177	136.547	273000	JAZZ
RZgOOqrputNF2Nnc	SOUL,FUNK,JAZZ	EN	0.843	0.433	0.0	1.0	0.161	106.028	310480	JAZZ
oojihJ3bQawMOA7W	SMOOTH JAZZ,JAZZ,SOUL	EN	0.7979999999999999	0.534	1.0	1.0	0.848	114.75	286960	JAZZ
FOxIjgFRmfk9QVwR	JAZZ,BLUES,SINGER-SONGWRITER	EN	0.6729999999999999	0.223	5.0	0.0	0.37	128.77700000000002	233893	JAZZ
Wwk17PP9VsjCJUwt	JAZZ,SWING,EASY LISTENING	EN	0.546	0.244	7.0	0.0	0.412	77.248	170187	JAZZ
xSPgi4CPVDQgQNTR	JAZZ	EN	0.34	0.359	5.0	0.0	0.599	187.139	422667	JAZZ
Si8JMrAYOxiV6ikn	SOUL,JAZZ	EN	0.434	0.872	0.0	1.0	0.732	71.515	213760	JAZZ
ar7iWc4eIXqzQTtt	JAZZ,SWING,JAZZ PIANO	EN	0.586	0.357	8.0	1.0	0.61	171.762	216596	JAZZ
rJirfSRLKeEmthKe	JAZZ,CABARET	EN	0.616	0.326	11.0	1.0	0.384	107.366	189440	JAZZ
qRmCEL827m2KIEVf	JAZZ,SWING	EN	0.508	0.287	1.0	1.0	0.644	154.759	175987	JAZZ
TXS5624w504TKvj8	SOUL,JAZZ	EN	0.596	0.449	0.0	1.0	0.438	105.247	269560	JAZZ
2edMrcqsq95Y2yrJ	JAZZ,SWING	EN	0.622	0.292	8.0	1.0	0.342	112.121	319760	JAZZ
L2xCoT1zO3HCeZGq	JAZZ,SOUL	EN	0.639	0.865	1.0	1.0	0.536	120.0	213334	JAZZ
dA8xICelIeIPMnls	BOSSA NOVA,JAZZ	EN	0.399	0.27	9.0	0.0	0.335	122.152	167680	JAZZ
3yBuK5zDxlyIqWS0	SOUL,JAZZ,SOUL,JAZZ	EN	0.7390000000000001	0.365	5.0	0.0	0.6990000000000001	96.095	233733	JAZZ
lQxgoAGwYJlCJhJT	JAZZ	EN	0.423	0.217	4.0	0.0	0.237	106.207	198333	JAZZ
MZCVYEXGAfexgEbQ	JAZZ	EN	0.406	0.17	5.0	0.0	0.519	172.325	149640	JAZZ
GnNHweKLcrXrXSPN	JAZZ	EN	0.6809999999999999	0.897	5.0	0.0	0.976	170.96200000000005	190573	JAZZ
pFM1oc4OMDYNIMiC	SOUNDTRACK,JAZZ,SOUL	EN	0.401	0.446	4.0	1.0	0.425	103.906	168733	JAZZ
DqO2fLBqdVsERa1Z	JAZZ,SWING,JAZZ,BLUES,SWING	EN	0.6729999999999999	0.377	0.0	1.0	0.713	88.973	201467	JAZZ
OVd21lL2qIOsHIND	SOUL,FUNK,JAZZ,POETRY	EN	0.583	0.273	4.0	0.0	0.633	105.217	181000	JAZZ
oylxlpwlK35bCUot	DEATH METAL,TECHNICAL DEATH METAL,PROGRESSIVE METAL,JAZZ METAL	EN	0.292	0.8690000000000001	11.0	1.0	0.468	103.168	274600	JAZZ
Gzpkp5oX60dDGlsW	BLUES,JAZZ,SINGER-SONGWRITER	EN	0.374	0.213	3.0	1.0	0.187	100.788	218213	JAZZ
jsGVTrgbDoHmn5jd	JAZZ,BLUES	EN	0.482	0.328	9.0	1.0	0.436	116.687	158200	JAZZ
TeivBLAcMpTviSrh	BLUES,JAZZ	EN	0.351	0.174	11.0	0.0	0.328	91.674	187973	JAZZ
kOivpraeEBGwQbyj	SOUL,SMOOTH JAZZ	EN	0.621	0.38	5.0	1.0	0.223	147.696	304413	JAZZ
cwx9veaKUEzw6evL	FUNK,ACID JAZZ	EN	0.65	0.741	10.0	0.0	0.7509999999999999	110.179	386973	JAZZ
NcgntqGoALBvrcDu	SOUL,JAZZ	EN	0.773	0.8270000000000001	8.0	1.0	0.934	134.05100000000002	306893	JAZZ
QDzz0pbmKeCPg32t	ACID JAZZ,FUNK,SOUL	EN	0.653	0.6890000000000001	4.0	1.0	0.7929999999999999	123.456	467400	JAZZ
dL45wJZ6no0akDRT	SOUL,JAZZ,FUNK	EN	0.782	0.5760000000000001	6.0	1.0	0.528	129.994	300623	JAZZ
7yvCvmOg9icJ1QWQ	SKA,JAZZ,FUNK	EN	0.613	0.762	11.0	1.0	0.743	149.225	258573	JAZZ
qqOBfDJ7E3cLeegK	MOTOWN,JAZZ,SOUL	EN	0.589	0.5589999999999999	2.0	0.0	0.522	89.37799999999999	146800	JAZZ
jxNnIg4iVJzAY0ns	SOUL,JAZZ,FUNK	EN	0.897	0.486	4.0	0.0	0.471	86.27799999999998	324813	JAZZ
4vtyF27TVHW3r2EK	JAZZ	EN	0.349	0.29	8.0	1.0	0.189	103.731	361307	JAZZ
HL3styrVlWfWJQMF	JAZZ,SOUL	EN	0.39	0.0968	0.0	1.0	0.135	68.768	209960	JAZZ
MKByJJQKwONIRd1J	SOUL,JAZZ	EN	0.439	0.795	4.0	1.0	0.428	169.975	248093	JAZZ
Bry3kPAet1TE4Vdi	FUNK,JAZZ	EN	0.807	0.725	0.0	0.0	0.907	116.973	208067	JAZZ
rRuOSPbThmBHZ7dH	JAZZ,BLUES	EN	0.632	0.134	8.0	1.0	0.618	89.088	180930	JAZZ
XyFQnY8ASByCXEhH	JAZZ,EASY LISTENING	EN	0.243	0.171	1.0	1.0	0.0897	126.599	191200	JAZZ
lUzoIReIASFM2KZI	DOWNTEMPO,JAZZ,SWING	EN	0.358	0.145	10.0	1.0	0.22	73.161	179067	JAZZ
9lgUgpQZk7FnYhEe	JAZZ	EN	0.445	0.146	5.0	1.0	0.332	86.637	181067	JAZZ
j47FtofDd10yU8Hi	JAZZ	EN	0.234	0.205	7.0	0.0	0.174	89.40100000000002	269667	JAZZ
hmn0W8bgOtqFai6U	ACID JAZZ,BOSSA NOVA,JAZZ	EN	0.392	0.299	6.0	0.0	0.0662	113.514	321853	JAZZ
Cjss6W8NGlsjbMOE	JAZZ,VOCAL JAZZ,SMOOTH JAZZ	EN	0.357	0.288	7.0	1.0	0.131	82.825	367213	JAZZ
QVU9T4KZHPV5qkFW	SOUL,JAZZ	EN	0.463	0.696	9.0	0.0	0.679	99.136	440360	JAZZ
ZkL9ypiWw4QaXILO	JAZZ,BLUES	EN	0.603	0.0903	2.0	1.0	0.377	114.133	218627	JAZZ
xJQxuJxjozL6AdWd	JAZZ,BLUES,VOCAL JAZZ	EN	0.737	0.295	3.0	1.0	0.507	97.688	311587	JAZZ
GIwqHdhA2SaySA26	JAZZ,BLUES	EN	0.763	0.127	9.0	1.0	0.518	136.901	193227	JAZZ
aDHzEPQZnLosYDWh	JAZZ,VOCAL JAZZ,JAZZ,SOUL	EN	0.477	0.101	3.0	1.0	0.303	83.061	211227	JAZZ
a5OczTk7N77LtLPB	JAZZ,SWING	EN	0.317	0.391	3.0	1.0	0.277	167.06599999999997	254920	JAZZ
gGZux7ZdoaBi2wJ3	JAZZ	EN	0.326	0.216	9.0	1.0	0.189	83.28200000000002	182293	JAZZ
89m9K4zkcXUHp4r7	JAZZ	EN	0.5670000000000001	0.273	9.0	0.0	0.302	81.726	244440	JAZZ
69Tqt3pBF548rf64	JAZZ,BLUES,VOCAL JAZZ	EN	0.591	0.231	8.0	1.0	0.401	72.589	167493	JAZZ
xjnM85WjHdZi94hY	ACID JAZZ,SOUL,FUNK	EN	0.7170000000000001	0.81	4.0	1.0	0.735	101.421	253333	JAZZ
rHdf2WjHSCgKXGzg	JAZZ	EN	0.561	0.335	9.0	0.0	0.59	126.974	163000	JAZZ
i9L8du8PnlpKZXAA	JAZZ,SWING	EN	0.693	0.435	7.0	0.0	0.488	117.593	202854	JAZZ
3WfncosyPdVtcRvq	JAZZ	EN	0.62	0.203	8.0	0.0	0.27	116.8	487280	JAZZ
QjxUmiXnnXxYDt72	JAZZ	EN	0.515	0.222	0.0	0.0	0.35	98.358	237773	JAZZ
h80mA2TIFYeRdEOm	JAZZ,HARD BOP	EN	0.333	0.0559	8.0	1.0	0.124	173.39	333440	JAZZ
xEcvnx4VYVEpoPje	JAZZ,EASY LISTENING,JAZZ,BLUES	EN	0.67	0.596	3.0	1.0	0.813	133.39600000000002	165760	JAZZ
1AJauhPSMOv6LAK4	SOUL,PHILLY SOUL,SOUL,JAZZ,BLUES	EN	0.657	0.6729999999999999	0.0	1.0	0.789	90.328	242387	JAZZ
dQvlm2BO4PuK9552	JAZZ,EASY LISTENING	EN	0.413	0.174	5.0	1.0	0.371	104.194	153507	JAZZ
Ms60PqwQCI5Is6wU	JAZZ	EN	0.579	0.239	7.0	0.0	0.545	120.855	150600	JAZZ
oCnkH9LKVJJuWOh5	JAZZ,JAZZ	EN	0.209	0.125	7.0	0.0	0.0723	69.563	151373	JAZZ
7TzsPdmMF9qou3pA	JAZZ,SOUL,BLUES,JAZZ,SOUL	EN	0.74	0.5329999999999999	7.0	1.0	0.5379999999999999	94.03	293467	JAZZ
C9qaT4Tot7KVJR5c	JAZZ,SWING,JAZZ,SWING,VOCAL JAZZ	EN	0.632	0.368	7.0	0.0	0.773	143.121	165360	JAZZ
F3rp6o4bs6twg0Fs	JAZZ	EN	0.263	0.146	7.0	1.0	0.21	98.913	299960	JAZZ
kOh7eJlyirzmwgck	ACID JAZZ,LOUNGE	EN	0.799	0.473	1.0	1.0	0.718	120.0	250752	JAZZ
vxINoBxOifw9QI9X	JAZZ,COOL JAZZ	EN	0.468	0.0104	10.0	1.0	0.233	107.255	146040	JAZZ
G687Um5wz8JDBeC8	SOUL,FUNK,JAZZ,SMOOTH JAZZ,DISCO	EN	0.867	0.79	1.0	1.0	0.8140000000000001	110.048	219560	JAZZ
48mxqBW7ebNE2WuE	SOUL,JAZZ,BLUES	EN	0.171	0.33	5.0	1.0	0.315	174.43099999999995	182400	JAZZ
xvJzktKdexliUFls	LATIN,VOCAL JAZZ,BOSSA NOVA	EN	0.614	0.156	10.0	0.0	0.347	119.14	156653	JAZZ
rTnl6IWC8abB1CS5	JAZZ,BLUES,SOUL,JAZZ,BLUES	EN	0.7979999999999999	0.234	2.0	1.0	0.403	103.152	202640	JAZZ
heqqjtecA46e6D2M	SOUL,JAZZ,BLUES,RHYTHM AND BLUES,SOUL,JAZZ	EN	0.754	0.799	0.0	1.0	0.674	125.431	246733	JAZZ
pMMWPzwoLPsTSjsr	SOUL,JAZZ	EN	0.675	0.633	9.0	1.0	0.852	171.952	92413	JAZZ
bBOv3GYMCUsPiMGT	SMOOTH JAZZ,ACID JAZZ,SOUL,JAZZ,LOUNGE	EN	0.6859999999999999	0.6409999999999999	1.0	0.0	0.904	153.683	395067	JAZZ
dTaBYZTbyH55qTo9	JAZZ,SWING,VOCAL JAZZ	EN	0.138	0.149	10.0	1.0	0.135	74.391	213933	JAZZ
u95RTCb7QLKkxAP6	JAZZ,BLUES	EN	0.244	0.233	9.0	0.0	0.262	78.08800000000002	203267	JAZZ
Esw9Hn4ILO18O6hk	JAZZ,BLUES	EN	0.356	0.123	1.0	1.0	0.163	84.661	164560	JAZZ
pEWRscxvaUcOAjwM	SWING,JAZZ,BIG BAND	EN	0.586	0.322	8.0	0.0	0.665	127.02	144133	JAZZ
HzlkodkY2DiCseRw	JAZZ,SMOOTH JAZZ	EN	0.201	0.213	8.0	1.0	0.203	96.324	204627	JAZZ
BW5jxrRxUQO0azCv	JAZZ	EN	0.326	0.687	10.0	0.0	0.5539999999999999	200.035	166200	JAZZ
i58gqxOSNhph6k47	FUNK,ACID JAZZ	EN	0.662	0.949	6.0	1.0	0.515	91.954	229360	JAZZ
chfwiLVppWRfq1gz	SOUL,JAZZ	EN	0.708	0.4270000000000001	8.0	1.0	0.498	164.238	309200	JAZZ
F25rVai0SvIvQ1xb	EASY LISTENING,JAZZ	EN	0.67	0.0625	9.0	1.0	0.569	142.894	154773	JAZZ
gAK5r2ZIkCKBLVQh	JAZZ	EN	0.409	0.105	6.0	1.0	0.239	81.884	342960	JAZZ
oXACDE8QUiSLWPyX	JAZZ,BLUES	EN	0.612	0.313	0.0	1.0	0.589	95.674	224307	JAZZ
CCP8zIK9PsURC8VV	JAZZ	EN	0.476	0.284	10.0	1.0	0.433	68.556	171533	JAZZ
hM3dNv0yb9EjLVUt	JAZZ,BLUES	EN	0.386	0.511	4.0	0.0	0.5479999999999999	162.69299999999996	164987	JAZZ
38sjCbWu7wEDskOB	JAZZ,SWING,VOCAL JAZZ	EN	0.344	0.0859	5.0	1.0	0.233	130.762	210067	JAZZ
40GPyqz0UbaBpHlm	SOUL,JAZZ,FUNK	EN	0.688	0.165	5.0	1.0	0.174	131.83700000000002	192501	JAZZ
TXJlWHDxXZqLXix2	SOUL,JAZZ,FUNK	EN	0.7070000000000001	0.708	0.0	1.0	0.908	126.696	202053	JAZZ
1JVL73hI02AYNFkA	FUNK,ACID JAZZ	EN	0.8340000000000001	0.884	8.0	1.0	0.975	117.875	276120	JAZZ
gkZV3kea5YXpMIWo	SWING,EASY LISTENING,JAZZ	EN	0.266	0.3229999999999999	4.0	1.0	0.536	207.431	162493	JAZZ
LlB0PdpJEM0cnmsR	JAZZ	EN	0.485	0.0286	7.0	0.0	0.046	128.58100000000002	385250	JAZZ
LTFgUr0t8Wman1N3	SOUL,JAZZ	EN	0.645	0.238	8.0	0.0	0.23	123.903	181240	JAZZ
nImhtNyAMjUajHFg	JAZZ	EN	0.6809999999999999	0.7879999999999999	9.0	0.0	0.973	132.298	130707	JAZZ
VByM6z4j9kTTcMps	JAZZ,VOCAL JAZZ	EN	0.581	0.0543	0.0	1.0	0.175	124.185	149827	JAZZ
e37FVhogNQnwGWCb	JAZZ,JAZZ GUITAR,SWING	EN	0.868	0.313	0.0	1.0	0.899	98.262	173267	JAZZ
3MEb9LZbB80nQ1a8	JAZZ,BLUES	EN	0.693	0.182	5.0	0.0	0.588	116.508	191867	JAZZ
3fB5PnHVTSjPFspn	JAZZ,EASY LISTENING,LOUNGE	EN	0.309	0.125	0.0	0.0	0.106	76.23899999999998	190347	JAZZ
TLZk5ufef7oFzn1K	SOUL,JAZZ	EN	0.384	0.507	5.0	0.0	0.5660000000000001	151.681	165120	JAZZ
3d2ZmFEalIXyyIQY	JAZZ,SMOOTH JAZZ,EASY LISTENING	EN	0.249	0.284	1.0	0.0	0.0738	116.665	301320	JAZZ
MGnIZKmgDLwBZkg7	SOUL,FUNK,JAZZ FUNK,SOUL,FUNK,JAZZ	EN	0.687	0.7120000000000001	10.0	1.0	0.904	98.231	201520	JAZZ
dzSxjboeKbp4FpSG	JAZZ	EN	0.408	0.23	9.0	0.0	0.581	183.599	122120	JAZZ
L6p2apyFMttPs4o3	JAZZ,SOUL	EN	0.701	0.29	10.0	0.0	0.181	75.845	232160	JAZZ
j9YPBTIjhyyHdJxA	SYMPHONIC METAL,JAZZ,METAL	EN	0.304	0.224	0.0	0.0	0.153	78.645	350467	JAZZ
nNtelnuPhT47CI7r	SOUL,JAZZ	EN	0.773	0.601	9.0	0.0	0.518	96.003	225232	JAZZ
JLfqRiW3LtpFQZHZ	JAZZ	EN	0.361	0.37	5.0	1.0	0.114	72.075	197733	JAZZ
sVu40HdKIXtlE8St	JAZZ,VOCAL JAZZ	EN	0.64	0.331	0.0	0.0	0.157	108.092	162720	JAZZ
WzXp31HF5DIWiUq5	JAZZ	EN	0.445	0.0541	8.0	1.0	0.188	117.286	460440	JAZZ
j6UqXiNQGd00oY3O	JAZZ FUSION	EN	0.562	0.409	8.0	1.0	0.0832	84.03	75154	JAZZ
4cyuCWd4UniQ3x2T	SINGER-SONGWRITER,FOLK,JAZZ	EN	0.6809999999999999	0.168	7.0	1.0	0.29	128.615	160453	JAZZ
ff5VKvCUlN0EHWoT	VOCAL JAZZ,EASY LISTENING,JAZZ	EN	0.621	0.16	7.0	1.0	0.379	121.771	227200	JAZZ
WBwKIKFsrXjp43Up	JAZZ	EN	0.596	0.145	8.0	1.0	0.5770000000000001	112.619	178907	JAZZ
2kRzSvGL9U5ZMpvD	SINGER-SONGWRITER,JAZZ	EN	0.476	0.298	10.0	1.0	0.118	120.34	309533	JAZZ
DtJ79Ik4CEsdYiAn	JAZZ,VOCAL JAZZ	EN	0.6920000000000001	0.121	8.0	1.0	0.6459999999999999	119.569	179493	JAZZ
ZgB8G6eRIXCp5EDm	SOUL,JAZZ	EN	0.526	0.413	7.0	0.0	0.352	130.588	242600	JAZZ
BkKnNhOpjREoqM4H	JAZZ	EN	0.544	0.395	10.0	1.0	0.473	81.748	316867	JAZZ
Ap2jNYMNObvQLO34	JAZZ	EN	0.568	0.211	8.0	1.0	0.363	92.941	171213	JAZZ
6Lf6L2GMOBrZUTvJ	JAZZ	EN	0.7040000000000001	0.103	5.0	0.0	0.469	84.51100000000002	206507	JAZZ
w4bOK5vPj1Kwiyib	JAZZ,SMOOTH JAZZ,VOCAL JAZZ	EN	0.304	0.159	4.0	0.0	0.247	176.537	303573	JAZZ
HRIBbNICdTgEVpt3	JAZZ	EN	0.357	0.477	8.0	1.0	0.377	176.982	272973	JAZZ
59wtfy0k71dBlKE1	JAZZ,SOUL,BLUES	EN	0.419	0.0758	6.0	1.0	0.231	129.806	253800	JAZZ
hfqnPzfYwgiUhVzG	JAZZ,BOSSA NOVA	EN	0.536	0.368	5.0	0.0	0.638	75.37	302133	JAZZ
CHKN1DEaMWYoNZXe	SOUL,JAZZ	EN	0.754	0.8059999999999999	9.0	1.0	0.532	95.506	191840	JAZZ
xaVmsFnG4Y0oXoYd	JAZZ,BOSSA NOVA	EN	0.636	0.317	5.0	0.0	0.499	107.114	250187	JAZZ
0QgrM6OrGLmgwyMO	JAZZ	EN	0.52	0.0206	2.0	0.0	0.109	118.417	230067	JAZZ
LmBeTTydgEYCXgUW	FUNK,ACID JAZZ,DISCO	EN	0.878	0.7240000000000001	10.0	0.0	0.904	121.906	295400	JAZZ
maOxO5d0kfzlluME	SOUL,JAZZ	EN	0.59	0.8029999999999999	4.0	1.0	0.477	87.851	151573	JAZZ
IFQA3ZVUMZGuEr0b	PROGRESSIVE METAL,TECHNICAL DEATH METAL,JAZZ METAL,DEATH METAL	EN	0.318	0.992	9.0	0.0	0.102	130.436	320560	JAZZ
XBF6pjiL7JfxF64G	JAZZ	EN	0.51	0.638	2.0	1.0	0.742	121.063	126760	JAZZ
nmQ1zIqsGoMiiyBq	JAZZ	EN	0.861	0.346	8.0	0.0	0.579	115.264	201640	JAZZ
Rnvtf2E7RHF6O6ql	MAMBO,JAZZ,SWING	EN	0.5920000000000001	0.522	2.0	0.0	0.8079999999999999	150.452	149560	JAZZ
MQ9qqDFMENoXwtnj	JAZZ FUSION	EN	0.569	0.718	8.0	1.0	0.696	83.28	94897	JAZZ
vIQ0MVnZdhFaG7nM	JAZZ	EN	0.446	0.501	8.0	1.0	0.262	116.711	793674	JAZZ
6IjSRcx6DUDXkY9k	JAZZ,JAZZ FUSION	EN	0.542	0.675	11.0	0.0	0.597	127.947	172333	JAZZ
OiIUJBKkdJE3NVav	JAZZ,SOUL,BLUES	EN	0.489	0.392	3.0	1.0	0.421	113.84	154533	JAZZ
vPXjhADxByVzvaDJ	JAZZ	EN	0.816	0.257	7.0	1.0	0.78	120.414	168840	JAZZ
QVt5LPA7KCKvqt6X	SOUL,SKA,JAZZ,SOUL,JAZZ	EN	0.79	0.568	0.0	1.0	0.901	133.871	152827	JAZZ
7svShZjTeensMmEH	SOUL,JAZZ,FUNK	EN	0.52	0.5710000000000001	11.0	0.0	0.701	161.05100000000004	239667	JAZZ
xdxLvB8vxQLM4J1R	JAZZ,BLUES	EN	0.344	0.147	8.0	1.0	0.263	177.192	182573	JAZZ
v5xe058HcPorm48q	JAZZ,BLUES,VOCAL JAZZ	EN	0.435	0.0901	8.0	1.0	0.221	178.85	378400	JAZZ
VBIQTyHlzahRvISE	BOSSA NOVA,JAZZ	EN	0.223	0.105	11.0	0.0	0.178	170.46900000000005	161173	JAZZ
zXowNVgmQrH8t9gz	SOUL,SOUL,JAZZ	EN	0.631	0.503	7.0	0.0	0.6990000000000001	90.205	215387	JAZZ
0GzyFPRfm2cwXzHR	SOUL,JAZZ	EN	0.451	0.376	5.0	0.0	0.542	122.34	381560	JAZZ
gvyFzYqRP6jfYnEh	SOUL,JAZZ,SOUL,JAZZ	EN	0.313	0.491	9.0	1.0	0.243	178.262	255387	JAZZ
kYs1zbNu2F6i5nO0	JAZZ	EN	0.422	0.25	5.0	0.0	0.314	75.477	175267	JAZZ
Gw0JLeiKXvz4x3j0	JAZZ,VOCAL JAZZ	EN	0.483	0.0967	0.0	0.0	0.706	85.09700000000002	129128	JAZZ
FrQia139i1kvtgf3	SOUL,JAZZ,RHYTHM AND BLUES	EN	0.757	0.624	5.0	1.0	0.936	120.18	174733	JAZZ
cBrtBCF0zYpcDByK	JAZZ	EN	0.682	0.204	9.0	0.0	0.379	130.657	260987	JAZZ
jmwp7flLLKsA8P9N	JAZZ	EN	0.513	0.112	3.0	1.0	0.5770000000000001	168.75400000000005	180627	JAZZ
CfY18RtkO1nWmnGX	JAZZ,SOUL,VOCAL JAZZ,SMOOTH JAZZ	EN	0.417	0.5429999999999999	8.0	0.0	0.422	76.416	121800	JAZZ
mQ1CC7I3KDr5dkmY	SOUL,JAZZ	EN	0.59	0.8029999999999999	4.0	1.0	0.477	87.851	151573	JAZZ
nRdn5FeEE4PeEwKO	SWING,JAZZ,EASY LISTENING,JAZZ,SWING	EN	0.57	0.268	5.0	1.0	0.51	119.903	177907	JAZZ
oHzidGPUYlkSnAO1	ACID JAZZ,SOUL,FUNK	EN	0.7140000000000001	0.7240000000000001	2.0	0.0	0.962	154.425	362067	JAZZ
tMplnju2gtHtlzO0	EASY LISTENING,JAZZ	EN	0.469	0.382	7.0	1.0	0.468	118.989	174773	JAZZ
jkwblIweGAebUHMq	JAZZ,VOCAL JAZZ	EN	0.325	0.1669999999999999	2.0	0.0	0.253	88.603	370427	JAZZ
PfPAVwKCkfNQOdvu	JAZZ,FOLK,JAZZ,FOLK	EN	0.648	0.375	10.0	0.0	0.612	112.668	244093	JAZZ
iEOc5UkEhb9n73Lm	JAZZ	EN	0.322	0.14	9.0	0.0	0.0394	65.419	245000	JAZZ
ZGzGW3a6YVq01Ru6	SOUL,JAZZ,BLUES	EN	0.453	0.395	0.0	0.0	0.361	101.245	161133	JAZZ
enl7cfhW69ywZ8gD	JAZZ,BLUES	EN	0.642	0.139	0.0	1.0	0.332	89.88	186080	JAZZ
x7Ql0rgWqnIRjnC4	JAZZ,COOL JAZZ,SMOOTH JAZZ	EN	0.643	0.175	5.0	0.0	0.642	78.031	183893	JAZZ
LHSrgBwpq0Ub9zOb	JAZZ,VOCAL JAZZ	EN	0.632	0.274	0.0	0.0	0.47	105.632	248813	JAZZ
PyEnawsJqN1EtHr0	JAZZ,COOL JAZZ	EN	0.429	0.304	8.0	1.0	0.361	75.075	589200	JAZZ
Aqwfk71YtbwcXPuu	REGGAE,NU JAZZ	EN	0.72	0.7909999999999999	7.0	0.0	0.535	95.01	567459	JAZZ
AuVeu1NDwfkEOXKC	AVANT-GARDE,EXPERIMENTAL,FREE JAZZ	EN	0.493	0.603	5.0	1.0	0.513	125.958	539507	JAZZ
sBL4BRK1Hn9E5BBD	JAZZ,SWING,VOCAL JAZZ	EN	0.369	0.8370000000000001	10.0	1.0	0.643	150.227	431293	JAZZ
AADl4Gbg8KVJ6ByQ	JAZZ,FOLK	EN	0.584	0.438	11.0	1.0	0.3720000000000001	118.654	163720	JAZZ
3Pd7a57kQMikU0gQ	JAZZ	EN	0.713	0.247	4.0	1.0	0.738	130.852	159954	JAZZ
6RRQaEAOt1eN1qxP	JAZZ,VOCAL JAZZ	EN	0.435	0.0946	4.0	1.0	0.128	110.911	278267	JAZZ
VNJQjC3O1QQSQiZL	JAZZ,SWING,EASY LISTENING	EN	0.205	0.141	10.0	1.0	0.144	88.04299999999998	267240	JAZZ
cIoiclXTiXwMfccq	JAZZ FUSION,JAZZ,SOUL,FUNK	EN	0.7759999999999999	0.417	5.0	0.0	0.608	103.0	239852	JAZZ
VG3a06XnBTcXrBr0	JAZZ,VOCAL JAZZ	EN	0.393	0.274	8.0	1.0	0.318	117.125	201347	JAZZ
60OSb9vno2104Lbw	JAZZ	EN	0.485	0.0288	10.0	1.0	0.0546	119.119	232920	JAZZ
glg0zUbDTi3dnon5	JAZZ,SWING	EN	0.188	0.0661	5.0	1.0	0.0749	175.998	190200	JAZZ
JXjAfN3lVLtczlWP	SWING,JAZZ,VOCAL JAZZ	EN	0.535	0.406	8.0	1.0	0.742	124.577	282707	JAZZ
aP6UiMYSNiXkYrPM	FUNK,ACID JAZZ,DISCO	EN	0.799	0.69	11.0	0.0	0.8959999999999999	129.297	224493	JAZZ
P5BSGIJvo2zbYxpO	JAZZ,SOUL	EN	0.384	0.192	8.0	1.0	0.187	99.584	231747	JAZZ
swvisT9Ems2llliT	FUNK,ACID JAZZ	EN	0.425	0.483	2.0	1.0	0.168	147.283	242267	JAZZ
OxHRcKtXUdqKCIBf	JAZZ,VOCAL JAZZ	EN	0.371	0.0884	3.0	1.0	0.158	87.441	262027	JAZZ
uv0CCoXhIdlcWfs3	SWING,JAZZ,BIG BAND,JAZZ,SWING,BIG BAND	EN	0.525	0.222	10.0	0.0	0.645	156.364	195533	JAZZ
GYA1UmcYXsGWI9rW	BOSSA NOVA,SAMBA,LATIN,JAZZ	EN	0.7609999999999999	0.922	5.0	0.0	0.873	99.98	262840	JAZZ
HsvzUMuQXhNlMb12	FUNK,JAZZ	EN	0.502	0.399	11.0	1.0	0.124	92.904	230973	JAZZ
03PbpZwYbPjAUBqB	HOUSE,JAZZ	EN	0.8270000000000001	0.782	11.0	0.0	0.644	128.011	275480	JAZZ
H0luPqG3WyKK5rfC	SOUL,JAZZ	EN	0.356	0.42	0.0	1.0	0.273	174.95	293120	JAZZ
woLilmuzOsPbhztx	SOUL,JAZZ	EN	0.742	0.422	9.0	1.0	0.5920000000000001	134.624	219427	JAZZ
N0qzErujgWxVomh3	JAZZ	EN	0.269	0.239	0.0	0.0	0.162	176.916	188227	JAZZ
gVqbLjeGFEI7o4yl	SOUL,JAZZ	EN	0.762	0.627	11.0	0.0	0.557	100.068	201170	JAZZ
f8yjln3U4m5ybGqB	FUNK,DISCO,ACID JAZZ	EN	0.672	0.271	6.0	1.0	0.623	113.067	219949	JAZZ
7j2PBo9VpyiRDJOo	JAZZ,JAZZ,SWING	EN	0.469	0.196	0.0	1.0	0.537	130.036	143733	JAZZ
LqEr8JxKHi48tl20	LOUNGE,JAZZ	EN	0.8440000000000001	0.5329999999999999	1.0	1.0	0.619	92.004	299693	JAZZ
5Oeu5PJoRCDKeeRr	JAZZ	EN	0.752	0.345	11.0	1.0	0.178	109.877	240347	JAZZ
aiN4Z1CVUp0DtpLX	JAZZ,VOCAL JAZZ	EN	0.665	0.276	2.0	0.0	0.409	146.134	191827	JAZZ
PtCXZRlRRGiePbDo	DEATH METAL,TECHNICAL DEATH METAL,JAZZ,METAL	EN	0.217	0.989	6.0	0.0	0.157	149.499	357133	JAZZ
3qrpL2zETF7OPMub	JAZZ,SOUL,SMOOTH JAZZ	EN	0.7290000000000001	0.521	7.0	0.0	0.54	95.031	271533	JAZZ
xtBLBhtrZzq49hSt	SOUL,JAZZ,SOUL,JAZZ	EN	0.659	0.226	1.0	0.0	0.0705	119.687	278640	JAZZ
7ygV1VCe0xQLsrIc	JAZZ,BLUES,JAZZ,BLUES	EN	0.619	0.277	10.0	0.0	0.596	99.488	173800	JAZZ
ZNUpAFXVHxILMgbi	DEEP HOUSE,JAZZ,HOUSE,FREE JAZZ	EN	0.8640000000000001	0.555	4.0	0.0	0.306	113.002	454513	JAZZ
Jzp3cCSYP1iShKUR	VOCAL JAZZ	EN	0.639	0.594	1.0	1.0	0.433	94.013	216373	JAZZ
CJ3Q5sn622zHzfNb	SOUL,JAZZ	EN	0.484	0.802	4.0	0.0	0.58	179.81599999999997	205529	JAZZ
350J7ZEpocP0UT6D	SOUL,RHYTHM AND BLUES,SOUL,JAZZ	EN	0.474	0.473	2.0	1.0	0.561	77.583	199267	JAZZ
5uLNEm7GuHHCsoQN	SOUL,JAZZ	EN	0.84	0.713	7.0	1.0	0.965	107.897	269240	JAZZ
EnyJeWv3JjdsKUG8	JAZZ,EASY LISTENING	EN	0.375	0.477	3.0	1.0	0.178	124.316	265655	JAZZ
weGvYHBbra72iadA	JAZZ	EN	0.5670000000000001	0.077	3.0	1.0	0.55	99.49	164537	JAZZ
Ff2wqh8tZ4f3n96M	JAZZ,BLUES,SOUL,SOUL,JAZZ,BLUES	EN	0.357	0.216	3.0	1.0	0.283	119.57	222733	JAZZ
yWVLiOXZ7d75HmDr	JAZZ	EN	0.404	0.182	1.0	1.0	0.8420000000000001	204.163	115696	JAZZ
Oeq7iWYiXEFnLU9e	JAZZ	EN	0.309	0.0724	5.0	1.0	0.175	66.673	215507	JAZZ
ZvCQHD0J29OidSpU	LOUNGE,ACID JAZZ,NU JAZZ	EN	0.606	0.5329999999999999	5.0	0.0	0.6940000000000001	174.74	312227	JAZZ
pa83yd2z3p0VbP8r	JAZZ,BLUES	EN	0.41	0.1	5.0	0.0	0.188	76.60300000000002	205133	JAZZ
ORePstDzxz4zCNMm	JAZZ,BLUES	EN	0.383	0.0248	11.0	0.0	0.237	85.103	208933	JAZZ
vtbhD0ELGbIi6dvO	JAZZ	EN	0.4320000000000001	0.201	8.0	1.0	0.404	184.264	196093	JAZZ
GIsVO95sWRH6UQaG	JAZZ	EN	0.491	0.609	5.0	1.0	0.614	90.09	234307	JAZZ
KNRWq0hNwlRvMWFJ	SWING,JAZZ,JAZZ,SWING	EN	0.291	0.278	0.0	0.0	0.412	98.225	149133	JAZZ
7MfGbFeJhO77dOqe	NU JAZZ	EN	0.971	0.8320000000000001	9.0	1.0	0.7859999999999999	120.009	209966	JAZZ
19qh48VRL4dKYaq7	HOUSE,NU JAZZ	EN	0.784	0.593	3.0	0.0	0.524	95.991	235000	JAZZ
PMaz0vOpXYRVbYap	SOUL,SOUL,JAZZ	EN	0.359	0.126	7.0	0.0	0.0636	175.46599999999995	234267	JAZZ
8rCzU7kVpoJ0Z37D	JAZZ,JAZZ,BLUES	EN	0.596	0.182	5.0	1.0	0.711	123.961	171467	JAZZ
YJBYLttiCHaXCNbJ	JAZZ,VOCAL JAZZ	EN	0.494	0.0504	1.0	1.0	0.208	104.52	168040	JAZZ
gazXY9rIIUs4mwBm	SOUL,JAZZ	EN	0.519	0.402	6.0	1.0	0.51	136.062	280063	JAZZ
7av2576enFL1qIFt	SOUL,JAZZ	EN	0.561	0.36	9.0	1.0	0.177	78.84100000000002	310000	JAZZ
cZ0ojw1j8HnfaYVj	SOUL,JAZZ,LOUNGE	EN	0.625	0.612	11.0	0.0	0.585	131.94799999999998	201093	JAZZ
WGJd0OMGvFFr0tYk	JAZZ,VOCAL JAZZ	EN	0.291	0.142	10.0	1.0	0.0558	77.42699999999998	278361	JAZZ
7kdZs9EvsMdcIvim	BLUES,JAZZ	EN	0.672	0.643	10.0	1.0	0.807	115.566	148827	JAZZ
POPML5KEDNSE4WmK	SOUL,SOUL,JAZZ	EN	0.513	0.303	3.0	1.0	0.629	102.905	149627	JAZZ
oe2OL898pDTy7h7Y	FOLK,JAZZ	EN	0.514	0.397	0.0	1.0	0.29	112.673	78027	JAZZ
c5xfRAqU6aHZiA8H	ELECTRO SWING,JAZZ,ELECTRO	EN	0.618	0.865	7.0	0.0	0.633	131.968	221960	JAZZ
OFR5c67BGwv2RKfk	JAZZ,EASY LISTENING	EN	0.159	0.269	0.0	1.0	0.151	79.416	228693	JAZZ
3A8qUoLnRJZpaCye	JAZZ	EN	0.594	0.0361	9.0	0.0	0.186	86.102	191960	JAZZ
qRR70HAss4xOaOD3	JAZZ FUSION,SOUL	EN	0.733	0.648	0.0	1.0	0.731	129.997	144197	JAZZ
TUQu7meggZDUvjWi	SOUL,JAZZ,SWING,SOUL,JAZZ	EN	0.6609999999999999	0.16	2.0	1.0	0.235	111.646	346400	JAZZ
WNleWj5ZEtPKfWht	JAZZ	EN	0.309	0.542	7.0	1.0	0.237	137.39	213107	JAZZ
BPyNHo6mJ1veffqd	BOSSA NOVA,SINGER-SONGWRITER,JAZZ	EN	0.742	0.477	2.0	1.0	0.626	127.235	202907	JAZZ
ALrLi7zZwwWmPDl2	JAZZ,SOUL,RHYTHM AND BLUES,BLUES	EN	0.565	0.962	8.0	1.0	0.906	148.808	160227	JAZZ
7JIMHRbZsn73ObY4	SOUL,JAZZ	EN	0.6509999999999999	0.835	6.0	0.0	0.6920000000000001	98.411	164880	JAZZ
5yoJWMM2jiMsFha0	JAZZ,BLUES	EN	0.547	0.0579	9.0	1.0	0.371	79.633	162240	JAZZ
gPEXDeJxwSOnPRWs	SWING,MAMBO,JAZZ	EN	0.674	0.498	0.0	1.0	0.747	81.075	162107	JAZZ
ggvALoVsXLpuOkys	ACID JAZZ,SOUL,FUNK	EN	0.782	0.6829999999999999	9.0	0.0	0.698	96.905	286000	JAZZ
pSmEdYQ198dWfhj8	JAZZ,SOUL	EN	0.8140000000000001	0.469	9.0	1.0	0.638	90.008	272053	JAZZ
8I7GXixWgvBf7upU	AMBIENT,JAZZ,SINGER-SONGWRITER	EN	0.537	0.193	11.0	0.0	0.2	138.519	195160	JAZZ
1fHfCLawIKdmLv5Z	SOUL,SMOOTH JAZZ	EN	0.606	0.411	11.0	0.0	0.398	140.009	310307	JAZZ
4ns4PlyQ0LsYn4D5	JAZZ	EN	0.63	0.195	11.0	1.0	0.176	86.98200000000001	237813	JAZZ
kxkZ2m8PPDqmKF3J	JAZZ	EN	0.342	0.249	1.0	1.0	0.203	94.746	200587	JAZZ
ScfSrFBa4lrCZDko	JAZZ,EASY LISTENING,SWING	EN	0.204	0.151	2.0	1.0	0.134	91.783	198000	JAZZ
mmniBXGQ5rGu8E9d	JAZZ,SMOOTH JAZZ	EN	0.64	0.218	0.0	1.0	0.263	88.17299999999999	220173	JAZZ
qzIFnem4gFIgX8NR	ACID JAZZ,FUNK,JAZZ	EN	0.852	0.655	5.0	0.0	0.952	115.962	279360	JAZZ
xSoqKWmkteO0JYra	JAZZ,SOUL,BLUES	EN	0.59	0.852	9.0	0.0	0.588	122.453	176107	JAZZ
Nj2YFg8GdpFCMPpG	JAZZ,SOUL,MOTOWN	EN	0.685	0.623	8.0	1.0	0.8959999999999999	126.739	171960	JAZZ
MknZBSGN4ciXdMMR	JAZZ,VOCAL JAZZ	EN	0.502	0.0342	5.0	1.0	0.284	126.754	155493	JAZZ
15tLvTjDxU197oBT	JAZZ,BLUES	EN	0.5489999999999999	0.342	10.0	1.0	0.363	124.101	223840	JAZZ
t8ivjFJ3DcTXmqvQ	SWING,JAZZ	EN	0.547	0.3	3.0	1.0	0.8109999999999999	97.792	187200	JAZZ
ai0uY0scBQCGyIai	JAZZ	EN	0.66	0.4370000000000001	8.0	0.0	0.7959999999999999	95.902	280529	JAZZ
f4lpsASAHa0eydF4	SOUL,JAZZ,RHYTHM AND BLUES	EN	0.481	0.605	5.0	1.0	0.8490000000000001	159.722	152267	JAZZ
xFKGe7TGuSG2o8TG	SOUL,JAZZ	EN	0.475	0.745	9.0	0.0	0.435	176.143	141267	JAZZ
HBPM2iuOUnRx6waY	SOUL,JAZZ	EN	0.446	0.312	2.0	1.0	0.303	82.624	130067	JAZZ
kS6zF2iv21R1vpkt	JAZZ,SOUL,BLUES,SWING,RHYTHM AND BLUES	EN	0.585	0.454	7.0	1.0	0.654	103.573	171773	JAZZ
syCYCp4zA9r4ucuw	JAZZ	EN	0.172	0.177	2.0	1.0	0.0921	179.51	268027	JAZZ
HoyRCECSajng6qYn	JAZZ	EN	0.564	0.026	0.0	1.0	0.18	56.819	221293	JAZZ
M2Vk6vuXEoW0mXhD	CABARET,GYPSY JAZZ	EN	0.347	0.5720000000000001	0.0	1.0	0.216	128.148	342253	JAZZ
CqYf9sRHFugI5WEi	JAZZ,SWING,EASY LISTENING	EN	0.6859999999999999	0.688	6.0	0.0	0.493	123.125	212373	JAZZ
fQcKATcMDnJhQ5D6	SOUL,JAZZ	EN	0.557	0.16	5.0	0.0	0.133	136.014	218000	JAZZ
BMWXCkgo1r9Ulq1L	JAZZ,VOCAL JAZZ	EN	0.286	0.145	0.0	1.0	0.26	125.364	159960	JAZZ
LQkCu3AFqcMtIndb	JAZZ	EN	0.688	0.198	3.0	1.0	0.555	107.081	174823	JAZZ
Ia8SNJH0Ahaij184	JAZZ,SWING,BLUES	EN	0.648	0.241	7.0	1.0	0.634	135.887	133813	JAZZ
sG0klFe8tIgJoYRv	JAZZ,SOUL,SWING	EN	0.711	0.375	7.0	1.0	0.619	126.243	110267	JAZZ
7sYSdemDvVb40Eh2	JAZZ	EN	0.48	0.501	5.0	0.0	0.889	81.4	199133	JAZZ
0fl6cO2sOiQjRKyH	JAZZ,VOCAL JAZZ	EN	0.511	0.262	11.0	0.0	0.0976	104.905	221973	JAZZ
spxPypbqi3RyQwfc	JAZZ,BLUES	EN	0.511	0.318	2.0	1.0	0.41	75.301	180933	JAZZ
cFcnXSREftNawSSA	JAZZ	EN	0.7040000000000001	0.6679999999999999	6.0	1.0	0.784	111.145	183880	JAZZ
jpg1h7hcj47u9PuM	JAZZ,SOUL,VOCAL JAZZ	EN	0.288	0.0534	9.0	0.0	0.125	136.90200000000002	204440	JAZZ
Tng8pl2AlRmJBE5K	FUNK,JAZZ,DEEP FUNK,SOUL	EN	0.621	0.7709999999999999	3.0	1.0	0.628	101.114	224000	JAZZ
2h5QyDLgYZwpDhpg	JAZZ,SMOOTH JAZZ	EN	0.473	0.046	7.0	1.0	0.147	113.639	337867	JAZZ
D7ovh2OxvQikRDPl	JAZZ,VOCAL JAZZ	EN	0.759	0.45	7.0	0.0	0.457	96.051	287613	JAZZ
wSN22Mb9kOhFCSkF	JAZZ,BLUES	EN	0.401	0.112	6.0	0.0	0.0578	119.789	236773	JAZZ
DdINyj1LUcNJrhoR	SOUL,JAZZ	EN	0.752	0.8240000000000001	10.0	0.0	0.961	91.563	277153	JAZZ
uiu0uqWYZaUgvB5r	JAZZ,SWING	EN	0.6559999999999999	0.112	0.0	0.0	0.503	92.438	193053	JAZZ
Yf6vJSTGssKZsDPh	SOUL,FUNK,JAZZ,POETRY	EN	0.657	0.462	0.0	0.0	0.557	122.102	282907	JAZZ
HIdTPT7nUOIoXGkv	SOUL,JAZZ	EN	0.7490000000000001	0.16	7.0	1.0	0.206	98.141	228293	JAZZ
nDByk2KTtZcPgRdZ	BLUES,SINGER-SONGWRITER,JAZZ	EN	0.7190000000000001	0.261	10.0	0.0	0.453	104.862	235040	JAZZ
iuiuRnuXqd4v2EZ3	SOUL,JAZZ,MOTIVATION	EN	0.398	0.316	1.0	1.0	0.174	118.582	253342	JAZZ
lf9e2lgxBS7mhOqW	JAZZ	EN	0.63	0.31	8.0	1.0	0.408	105.892	203160	JAZZ
k12bC0jM3FgQ4PbU	DOWNTEMPO,NU JAZZ	EN	0.6990000000000001	0.6559999999999999	6.0	0.0	0.387	144.031	274001	JAZZ
gCjM4ZGQpLlDD1YU	JAZZ,SWING	EN	0.319	0.132	11.0	0.0	0.249	104.017	150667	JAZZ
R4pWohpf8CTNL1Ml	JAZZ,VOCAL JAZZ	EN	0.62	0.208	7.0	0.0	0.733	113.472	154853	JAZZ
p0X9Xhlf6ohm14Fd	BLUES,JAZZ	EN	0.6920000000000001	0.493	9.0	0.0	0.28	86.64399999999998	301133	JAZZ
YRiW3NeY4UtJaHr1	SOUL,FUNK,JAZZ FUNK,JAZZ	EN	0.653	0.738	10.0	1.0	0.95	125.452	202840	JAZZ
yxwnqPpBFVHxvXdP	JAZZ,SOUNDTRACK,BLUES	EN	0.504	0.4	9.0	1.0	0.475	89.42200000000003	195560	JAZZ
MFLJBqamQAv8jt45	JAZZ,BIG BAND	EN	0.4	0.0881	5.0	0.0	0.24	80.883	191293	JAZZ
IPeqzCDQaJUbcriV	LATIN,LOUNGE,JAZZ,JAZZ,LOUNGE	EN	0.522	0.588	9.0	0.0	0.654	129.714	289560	JAZZ
XjppjAisKPI1lwNJ	SWING,JAZZ,EASY LISTENING,JAZZ,SWING	EN	0.591	0.246	7.0	0.0	0.56	120.132	165133	JAZZ
oOObHG8Kt4s319QU	JAZZ FUSION	EN	0.404	0.262	6.0	1.0	0.0963	111.949	38602	JAZZ
aZx7sdB2dtr95A9x	SOUL,JAZZ,BLUES,RHYTHM AND BLUES	EN	0.556	0.61	9.0	1.0	0.665	199.373	171467	JAZZ
KIt3GHbU9RltFKfH	BIG BAND,JAZZ,SWING	EN	0.59	0.285	8.0	1.0	0.778	160.571	177865	JAZZ
HbyoxfIfqIt6KgAA	JAZZ,VOCAL JAZZ,COOL JAZZ	EN	0.519	0.0244	5.0	0.0	0.183	101.202	293267	JAZZ
JrPhdLuvOnMMXZGR	JAZZ	EN	0.3670000000000001	0.319	1.0	1.0	0.32	65.775	146507	JAZZ
3FsnGzrD9FvvUsxm	SOUL,SOUL,JAZZ	EN	0.6409999999999999	0.398	6.0	0.0	0.359	80.625	307493	JAZZ
wDMUI8NY1sk5ytNG	JAZZ,COOL JAZZ,JAZZ TRUMPET	EN	0.308	0.114	5.0	1.0	0.163	79.26100000000002	439120	JAZZ
m6Yya17skXHaeOQt	JAZZ,SOUL,BLUES,JAZZ,BLUES	EN	0.3229999999999999	0.054	6.0	1.0	0.129	147.35	174480	JAZZ
Of2vNKSQoqRR5Q01	SOUL,JAZZ	EN	0.352	0.487	1.0	0.0	0.318	86.62	621747	JAZZ
hbREazwMJ26BCGPt	VOCAL JAZZ,EASY LISTENING	EN	0.302	0.309	8.0	1.0	0.484	86.376	188720	JAZZ
Uh40AtDxW81kiT1x	JAZZ	EN	0.8340000000000001	0.3229999999999999	5.0	0.0	0.434	82.994	565503	JAZZ
4yy7tDgrJX7yZAw5	JAZZ,SINGER-SONGWRITER	EN	0.503	0.813	0.0	0.0	0.309	90.06700000000002	215992	JAZZ
KHcAka2BHMizn6BL	SOUL,JAZZ	EN	0.542	0.722	5.0	0.0	0.321	144.845	219627	JAZZ
U5gQK62oALn2v6PT	SMOOTH JAZZ,SOUL	EN	0.267	0.106	8.0	0.0	0.0543	114.894	253200	JAZZ
UJ0FA4OnSn2H9zTb	SOUL,JAZZ	EN	0.705	0.913	9.0	1.0	0.545	121.81	195960	JAZZ
3qnBFj3lHr9VIMZr	SWING,JAZZ	EN	0.645	0.943	0.0	1.0	0.965	147.768	131720	JAZZ
jHcF52hVTRiLsdYf	JAZZ	EN	0.615	0.115	8.0	1.0	0.404	105.704	189867	JAZZ
xHB3nRubdLmGeDDu	SINGER-SONGWRITER,JAZZ	EN	0.687	0.195	0.0	1.0	0.402	125.949	209387	JAZZ
bt5FLoPxwWJsIEM9	JAZZ,SOUL	EN	0.303	0.0999	11.0	1.0	0.087	72.967	238333	JAZZ
ObkSutZGXaQfHDX7	JAZZ,BLUES	EN	0.57	0.172	10.0	1.0	0.521	84.948	154640	JAZZ
mgiCoTfFv9jAOHMH	JAZZ	EN	0.496	0.127	0.0	1.0	0.211	74.74600000000002	185587	JAZZ
yBOFQhlVEbBXEiEp	JAZZ,SOUL	EN	0.469	0.296	0.0	0.0	0.539	180.686	196920	JAZZ
xKoIQXEMwkI5l8rm	FOLK,JAZZ	EN	0.463	0.126	7.0	1.0	0.153	118.147	200693	JAZZ
0WMcjLENc3JlYAPw	JAZZ,SWING	EN	0.504	0.6	0.0	1.0	0.763	154.623	123973	JAZZ
Ibv76ZqBkY8fsazP	SOUL,SOUL,JAZZ	EN	0.687	0.63	6.0	1.0	0.926	110.051	139733	JAZZ
fABHsoSUnwb8Uvdo	FOLK,JAZZ	EN	0.653	0.26	11.0	1.0	0.535	105.751	181573	JAZZ
RbaDhF3EoczkLKJl	JAZZ,BLUES,VOCAL JAZZ	EN	0.485	0.177	7.0	1.0	0.253	88.411	184440	JAZZ
1gYRBnLupktoxzAQ	BLUES,SINGER-SONGWRITER,EXPERIMENTAL,JAZZ	EN	0.611	0.845	7.0	0.0	0.784	130.158	203947	JAZZ
7UvrHg5ByZoFM4Sf	SOUL,JAZZ	EN	0.5489999999999999	0.485	5.0	1.0	0.232	78.138	196067	JAZZ
K4qtwMDfyjJOLodf	BLUES,JAZZ,JAZZ,SOUL,BLUES	EN	0.407	0.406	4.0	1.0	0.501	182.426	235880	JAZZ
SuQMROCRi5FYkNuc	JAZZ,FREE JAZZ	EN	0.173	0.522	1.0	1.0	0.336	140.017	337960	JAZZ
CvrboVmSUUzbdxfo	JAZZ,BOSSA NOVA	EN	0.348	0.0772	7.0	1.0	0.23	168.35299999999995	187747	JAZZ
hwPSqUyW5KZk92nI	JAZZ	EN	0.413	0.0342	8.0	1.0	0.177	102.662	259707	JAZZ
Kl858P0FXshOH6f3	PROGRESSIVE METAL,TECHNICAL DEATH METAL,DEATH METAL,JAZZ METAL	EN	0.316	0.948	2.0	1.0	0.335	132.77100000000002	327760	JAZZ
YTgIO6pLIVRIIcU4	SOUL,JAZZ,SOUL,JAZZ	EN	0.7879999999999999	0.358	7.0	1.0	0.5429999999999999	83.956	274467	JAZZ
Qv36HRennIxlSiAG	JAZZ,NU JAZZ,ELECTRO SWING,SWING,FUNK	EN	0.913	0.269	3.0	1.0	0.735	95.981	177824	JAZZ
wEmSz3R47lM4jMRP	JAZZ,BLUES,JAZZ,BLUES	EN	0.511	0.0709	5.0	1.0	0.334	116.435	214827	JAZZ
XZbD8c4PA2XwzWjy	JAZZ,BLUES,SINGER-SONGWRITER	EN	0.627	0.284	5.0	0.0	0.199	91.895	302891	JAZZ
YTW81Ig9j5LhR32v	JAZZ	EN	0.457	0.0651	0.0	0.0	0.3670000000000001	103.812	142520	JAZZ
zZYdBp9T3IwPjdKG	JAZZ,JAZZ,COOL JAZZ	EN	0.511	0.031	3.0	1.0	0.179	112.911	318413	JAZZ
yZKjj4IdsJspS9g7	JAZZ,SWING	EN	0.753	0.143	7.0	0.0	0.805	134.356	169627	JAZZ
76dQIMMefzWnYstp	BOSSA NOVA,JAZZ	EN	0.417	0.242	0.0	1.0	0.307	132.665	160080	JAZZ
n3Udedm4PjqUDwGY	SOUL,JAZZ,FUNK	EN	0.841	0.505	1.0	1.0	0.953	171.675	255267	JAZZ
CZzifWsCAXngbgYN	JAZZ,BLUES	EN	0.271	0.165	5.0	1.0	0.203	77.082	139227	JAZZ
keLS79K7Ls5zGtK0	SOUNDTRACK,JAZZ	EN	0.599	0.0486	11.0	1.0	0.369	91.211	239707	JAZZ
G6zB2ivRZrKEm0rD	JAZZ	EN	0.685	0.623	8.0	1.0	0.8959999999999999	126.739	171960	JAZZ
0b5EYkNDKomeztzL	DOWNTEMPO,LOUNGE,DEEP HOUSE,HOUSE,ACID JAZZ	EN	0.905	0.511	1.0	1.0	0.748	110.0	368747	JAZZ
noYzr84N5kRcNktR	EASY LISTENING,SWING,JAZZ	EN	0.26	0.49	3.0	0.0	0.399	80.59899999999998	161640	JAZZ
FazIOZxQqINAZlfv	SINGER-SONGWRITER,JAZZ	EN	0.374	0.207	5.0	1.0	0.321	91.231	175667	JAZZ
ckYkc2gDAz0NKKnp	JAZZ,VOCAL JAZZ,JAZZ,SWING	EN	0.512	0.183	5.0	1.0	0.443	111.913	274200	JAZZ
US7q7oMrNGAr8pB5	JAZZ,JAZZ	EN	0.438	0.106	0.0	1.0	0.0508	118.785	291173	JAZZ
syklnihkg1jXNkXc	JAZZ	EN	0.536	0.0989	1.0	1.0	0.308	73.018	180933	JAZZ
h4gXbvphSo2EFKxk	SOUL,SMOOTH JAZZ	EN	0.7290000000000001	0.836	2.0	1.0	0.944	93.607	321600	JAZZ
tK0roi3TzYXR8H4S	JAZZ	EN	0.421	0.0846	1.0	1.0	0.154	96.744	354493	JAZZ
AnMrHRHmsEPn7bJg	JAZZ,SOUL,FUNK	EN	0.483	0.765	4.0	0.0	0.506	169.4	240920	JAZZ
7toEbaASv17IeZAW	JAZZ,SWING,VOCAL JAZZ	EN	0.628	0.307	5.0	1.0	0.382	96.496	307960	JAZZ
4DMrJDFiI7zMRkFt	JAZZ,SWING	EN	0.505	0.522	2.0	1.0	0.546	126.356	193307	JAZZ
cAeeP6HRpFHSmM9V	JAZZ,JAZZ FUSION,JAZZ PIANO,JAZZ,JAZZ FUSION	EN	0.422	0.445	11.0	0.0	0.481	135.38	590867	JAZZ
PTGJtA9w6NRK7i2i	SOUL,JAZZ	EN	0.7240000000000001	0.472	6.0	0.0	0.779	97.11	251333	JAZZ
cGXpRaJxGpW5iTAF	FUNK,SOUL,JAZZ	EN	0.919	0.534	5.0	0.0	0.691	91.984	234988	JAZZ
0ylNFDWBjq7HoaRR	JAZZ,COOL JAZZ,VOCAL JAZZ	EN	0.507	0.239	9.0	0.0	0.514	77.873	225307	JAZZ
GvcGBHF0XMXHenS9	AFROBEAT,JAZZ,FUNK	EN	0.645	0.924	10.0	0.0	0.89	90.852	591707	JAZZ
alOemTLJknyDjTHh	JAZZ,SOUL	EN	0.6970000000000001	0.271	2.0	1.0	0.407	77.648	199427	JAZZ
q5Hj3zkvfuEBh6ki	REGGAE,JAZZ	EN	0.675	0.166	11.0	1.0	0.747	68.837	294400	JAZZ
va4jJOgjcRHsYL3r	JAZZ,COOL JAZZ,VOCAL JAZZ	EN	0.532	0.0657	0.0	0.0	0.292	128.607	201440	JAZZ
UVHQ5sVjkP7VfEzC	JAZZ,VOCAL JAZZ	EN	0.746	0.243	4.0	0.0	0.425	118.578	215747	JAZZ
rF7m2VK2TvnFaABD	SOUL,JAZZ	EN	0.433	0.501	6.0	1.0	0.218	151.923	297478	JAZZ
GNLuuurIQ9wfmqwR	SOUL,RHYTHM AND BLUES,SOUL,JAZZ,BLUES	EN	0.6729999999999999	0.224	2.0	1.0	0.464	115.757	139627	JAZZ
KyqgPeaGkelX36IB	JAZZ,SOUL,BLUES,JAZZ,SOUL,BLUES	EN	0.374	0.345	9.0	1.0	0.552	169.86700000000005	233000	JAZZ
gnJ5tZr166tlDEpx	JAZZ,EXPERIMENTAL,AVANT-GARDE	EN	0.495	0.5329999999999999	0.0	0.0	0.424	79.71	247055	JAZZ
ARuvcIB9D44qZfhx	SWING,JAZZ	EN	0.583	0.48	2.0	0.0	0.406	137.828	212653	JAZZ
9lJvZjUDRHYR4TSA	JAZZ	EN	0.442	0.033	10.0	1.0	0.21	103.34	179640	JAZZ
rtXnhCGY6vxLiJBU	JAZZ,SWING,VOCAL JAZZ	EN	0.6629999999999999	0.264	0.0	1.0	0.657	122.482	354533	JAZZ
ojWTndBzutNq7Ep2	SOUL,JAZZ	EN	0.59	0.8029999999999999	4.0	1.0	0.477	87.851	151573	JAZZ
3yfh1KgS5XYmjQE9	JAZZ,TANGO	EN	0.537	0.409	5.0	0.0	0.493	95.057	207240	JAZZ
hQg963JCwT6NmXv9	FUNK,ACID JAZZ,SOUL	EN	0.7020000000000001	0.923	5.0	1.0	0.728	114.962	252760	JAZZ
330KRBMGlQORy62Z	JAZZ	EN	0.461	0.0546	0.0	1.0	0.23	128.91	296667	JAZZ
ndZla8DcG4g1NUCg	JAZZ	EN	0.5820000000000001	0.36	10.0	0.0	0.382	80.42399999999998	200667	JAZZ
DzWDBar9R86wPKq1	JAZZ	EN	0.56	0.276	10.0	1.0	0.479	132.526	253240	JAZZ
YiIyZm19bGZ7b2VT	JAZZ	EN	0.162	0.225	2.0	0.0	0.1639999999999999	167.60299999999995	193173	JAZZ
3hfqa76IVTUMA5WS	SOUL,JAZZ,EASY LISTENING	EN	0.581	0.298	6.0	0.0	0.313	95.516	216267	JAZZ
L384wyGQZA5Orcpl	SALSA,LATIN JAZZ,LATIN,JAZZ	EN	0.555	0.659	0.0	1.0	0.937	159.063	307173	JAZZ
hLXLP5F4xBeq7Alz	BLUES,RHYTHM AND BLUES,JAZZ	EN	0.597	0.509	1.0	1.0	0.8740000000000001	98.466	201507	JAZZ
6i03to92SG0QWZj5	FUNK,ACID JAZZ	EN	0.888	0.687	2.0	1.0	0.4320000000000001	115.034	236947	JAZZ
3Ga78DEHHpJbcHyl	REGGAE,FUNK,ACID JAZZ	EN	0.777	0.545	4.0	1.0	0.77	96.17	245787	JAZZ
yWrNTxHepxJrplD1	JAZZ,SMOOTH JAZZ,VOCAL JAZZ,JAZZ,VOCAL JAZZ	EN	0.58	0.299	10.0	1.0	0.364	93.037	282000	JAZZ
dbOGhj7NHUU1Bdxs	BLUES,SINGER-SONGWRITER,JAZZ	EN	0.334	0.139	5.0	0.0	0.122	84.311	109480	JAZZ
TDe4kDLeItJJNRqR	JAZZ,FUNK,JAZZ FUSION	EN	0.612	0.507	4.0	0.0	0.313	137.987	364427	JAZZ
LeOPsvjCLfNIlt1f	FOLK,SINGER-SONGWRITER,JAZZ	EN	0.384	0.225	7.0	1.0	0.154	153.488	224573	JAZZ
Z7UkcCev76bpULVS	JAZZ,SWING,EASY LISTENING	EN	0.585	0.247	1.0	1.0	0.591	127.15	223760	JAZZ
8SLkXu1k4wLbdTz6	JAZZ,SWING,EASY LISTENING	EN	0.36	0.381	1.0	1.0	0.346	198.228	271787	JAZZ
D6fkJpDr6KTNzDpL	SWING,JAZZ	EN	0.506	0.18	0.0	1.0	0.665	161.51	198107	JAZZ
BYe5LYdYIKDzf7rT	JAZZ,BLUES	EN	0.639	0.269	8.0	1.0	0.539	124.866	207827	JAZZ
O5SlwEDBrny2VsAo	JAZZ	EN	0.285	0.223	9.0	1.0	0.115	140.672	204493	JAZZ
xfowo70kQkyYMdv4	SOUNDTRACK,JAZZ	EN	0.376	0.308	5.0	1.0	0.35	135.545	175227	JAZZ
Rrfd9e9hfZ9mGgYD	FUNK,DISCO,JAZZ FUNK,JAZZ,FUNK	EN	0.727	0.7240000000000001	2.0	0.0	0.519	111.741	472867	JAZZ
57ZNe8XJK3OChc2H	JAZZ	EN	0.224	0.214	2.0	0.0	0.14	83.906	179373	JAZZ
VO1HevnzAqz0sBDv	VOCAL JAZZ,JAZZ	EN	0.591	0.361	1.0	1.0	0.484	132.866	235573	JAZZ
u0eiYoYYMGrIcAEG	JAZZ	EN	0.386	0.125	0.0	1.0	0.254	147.721	223373	JAZZ
eH0kZwbmNT7CaH5S	JAZZ,COOL JAZZ,JAZZ,BEBOP	EN	0.485	0.144	10.0	1.0	0.246	86.14299999999999	284560	JAZZ
bp1WRAbntkDlkEZ1	SKA,FUNK,SKA,JAZZ,FUNK	EN	0.672	0.603	2.0	0.0	0.655	113.194	313053	JAZZ
PI4gTFBivkZGxkxM	JAZZ,VOCAL JAZZ	EN	0.573	0.198	7.0	1.0	0.351	113.65	202880	JAZZ
VDwspGEDjeRfeRPX	JAZZ	EN	0.535	0.0737	4.0	0.0	0.232	119.151	302360	JAZZ
gsiRGFWCtV8fn7hF	JAZZ,VOCAL JAZZ	EN	0.723	0.35	2.0	1.0	0.309	105.606	189680	JAZZ
r7XXPnJZ8iwWe6DR	BOSSA NOVA,BOSSA NOVA,JAZZ	EN	0.3670000000000001	0.213	2.0	0.0	0.186	92.028	154280	JAZZ
l9g1I6iqDiT1zTDg	SOUL,JAZZ,BLUES	EN	0.304	0.289	4.0	0.0	0.154	147.17600000000004	372627	JAZZ
5X62du6kqeQ09VLP	JAZZ	EN	0.478	0.0765	10.0	1.0	0.157	169.106	295560	JAZZ
ddVQlsJFwvH1aLs2	SOUL,JAZZ	EN	0.413	0.359	4.0	1.0	0.165	181.863	220827	JAZZ
g77UcoNlC9i4kse3	JAZZ	EN	0.461	0.0546	0.0	1.0	0.23	128.91	296667	JAZZ
51nYEX9m0JEyuqF7	JAZZ,COOL JAZZ	EN	0.527	0.327	7.0	1.0	0.527	94.643	164507	JAZZ
Mw9ctlfuvobHQtxz	JAZZ,SWING	EN	0.234	0.316	5.0	1.0	0.0969	174.03599999999997	229040	JAZZ
b71aXGyOmFJUW7ew	SOUL,BLUES,SINGER-SONGWRITER,JAZZ,FOLK	EN	0.415	0.485	3.0	0.0	0.287	77.008	256880	JAZZ
qwndNyv8pSv9MmZr	SOUL,SMOOTH JAZZ	EN	0.514	0.296	4.0	0.0	0.411	87.213	252080	JAZZ
2QHO8diPG9GI8cLF	JAZZ,SOUL,VOCAL JAZZ	EN	0.454	0.206	9.0	0.0	0.336	167.169	264667	JAZZ
UICT9NmrFvFABgxB	JAZZ	EN	0.487	0.706	8.0	0.0	0.49	135.093	540547	JAZZ
dWoAt8vpq9BABlIH	SOUL,JAZZ	EN	0.49	0.725	10.0	1.0	0.335	123.28	240440	JAZZ
g7awBHzklE9Su1Mz	JAZZ,VOCAL JAZZ	EN	0.594	0.156	10.0	1.0	0.348	91.644	169333	JAZZ
5D6rdHdBqoHLSekM	SOUL,SMOOTH JAZZ,JAZZ	EN	0.6859999999999999	0.0904	0.0	1.0	0.283	120.627	138827	JAZZ
WN775HvkYsVjq36d	JAZZ	EN	0.317	0.158	0.0	0.0	0.227	104.332	187067	JAZZ
npPbSXtAhHkOqMJH	JAZZ,BIG BAND,RAGTIME	EN	0.615	0.183	10.0	1.0	0.21	96.99	64707	JAZZ
ohnODaAWNt2DWrtw	JAZZ	EN	0.508	0.537	9.0	1.0	0.644	129.865	185693	JAZZ
4i74pngMlhKc29Yp	JAZZ,OUD,WORLD,SUFI	EN	0.722	0.488	1.0	0.0	0.871	94.837	276679	JAZZ
VHErlwTCPoyNJuQi	JAZZ,SWING,EASY LISTENING	EN	0.443	0.104	0.0	1.0	0.394	76.497	185160	JAZZ
HKiS4D8ORYK1KmEg	SOUL,JAZZ,SOUL,JAZZ	EN	0.594	0.608	2.0	1.0	0.3229999999999999	148.143	280960	JAZZ
D0DqIFrpDnX830eY	JAZZ,BLUES,VOCAL JAZZ	EN	0.639	0.269	8.0	1.0	0.539	124.866	207827	JAZZ
WL83hZeAWHlAf726	JAZZ,CABARET	EN	0.518	0.355	8.0	1.0	0.388	78.516	211813	JAZZ
fQNjWCvmXaPytHEq	JAZZ,SWING,VOCAL JAZZ	EN	0.585	0.247	1.0	1.0	0.591	127.15	223760	JAZZ
fS3WeUoqQCJuT4ES	JAZZ,BLUES,VOCAL JAZZ	EN	0.274	0.377	3.0	1.0	0.424	183.342	147907	JAZZ
1rkpet5yOhHm4vUd	BLUES,JAZZ	EN	0.665	0.8440000000000001	5.0	0.0	0.773	117.976	213560	JAZZ
GjNAl92jiQK8lVhc	JAZZ,SWING	EN	0.412	0.394	5.0	1.0	0.359	68.37	187400	JAZZ
cweAx2PzlenIbFLa	JAZZ,CONTEMPORARY JAZZ,JAZZ	EN	0.6709999999999999	0.459	5.0	1.0	0.243	109.923	226440	JAZZ
8xTJL10UaSDyy9FD	JAZZ	EN	0.442	0.033	10.0	1.0	0.21	103.34	179640	JAZZ
4cQyexcgUgpWBKcN	JAZZ,VOCAL JAZZ	EN	0.436	0.139	5.0	0.0	0.108	102.082	120973	JAZZ
0BOXhdc7gj5c6FO0	JAZZ,BLUES	EN	0.426	0.145	8.0	1.0	0.24	108.218	190733	JAZZ
UqwxEGhF00MWpcH0	JAZZ,VOCAL JAZZ,SWING	EN	0.423	0.12	7.0	0.0	0.253	89.63	183856	JAZZ
Sii63pShoaTmuVGU	SOUL,JAZZ	EN	0.118	0.131	7.0	0.0	0.0397	86.277	273227	JAZZ
2FoUuK7MdJq0sIb0	JAZZ	EN	0.301	0.233	10.0	0.0	0.19	68.925	188267	JAZZ
Cp0Tqw7L3NaCdUSQ	JAZZ,LOUNGE	EN	0.5710000000000001	0.542	10.0	0.0	0.539	158.001	272760	JAZZ
uqu4jEGP4uJD3pMl	JAZZ,VOCAL JAZZ,SWING	EN	0.7979999999999999	0.219	5.0	0.0	0.6659999999999999	76.794	156493	JAZZ
LKIwfYZSAHR79DjE	SOUL,JAZZ	EN	0.852	0.609	8.0	1.0	0.526	113.978	251693	JAZZ
qACvyV0yBlE8ewRS	JAZZ,BLUES	EN	0.698	0.38	0.0	1.0	0.361	104.0	179967	JAZZ
dNGvTETyqCXYqtGH	JAZZ,SWING,EASY LISTENING	EN	0.5489999999999999	0.529	3.0	0.0	0.464	82.755	184333	JAZZ
gJs9ohupvfdgeyen	JAZZ,EASY LISTENING	EN	0.262	0.0454	0.0	1.0	0.0712	133.183	282493	JAZZ
ksOyVEmRSrw9qMbZ	NU JAZZ	EN	0.6509999999999999	0.414	2.0	0.0	0.23	88.98299999999998	252016	JAZZ
YWEVpqA38ezG0dPU	JAZZ,HARD BOP,BEBOP,JAZZ,HARD BOP	EN	0.649	0.8690000000000001	1.0	0.0	0.48	102.049	177972	JAZZ
F1rfc7idwt80n7k1	SINGER-SONGWRITER,FOLK,SOUL,JAZZ	EN	0.722	0.451	7.0	1.0	0.458	137.875	162547	JAZZ
GTZ9KwLu7xO79fkt	JAZZ,SOUL,VOCAL JAZZ,JAZZ,SOUL	EN	0.124	0.0693	5.0	1.0	0.046	58.472	271413	JAZZ
mLJp2oRzlWj2vZn2	JAZZ,BLUES,JAZZ,SWING,GYPSY JAZZ	EN	0.615	0.122	0.0	1.0	0.386	111.007	166040	JAZZ
FLVzBFGeFIBoYZPm	JAZZ,SWING,VOCAL JAZZ	EN	0.277	0.135	9.0	0.0	0.115	118.248	155560	JAZZ
6dgaiqrsTYKpSSm4	SWING,JAZZ,JAZZ,SWING,BIG BAND	EN	0.307	0.144	0.0	1.0	0.0645	85.82700000000001	189467	JAZZ
5OXi1sZTg1MfbXdy	JAZZ,FUNK,SOUL,BLUES	EN	0.61	0.5710000000000001	4.0	1.0	0.8340000000000001	176.87900000000005	110987	JAZZ
tDF23d05ViIlM0X5	JAZZ FUSION	EN	0.278	0.478	5.0	0.0	0.13	80.01100000000002	240902	JAZZ
SoXDelluswi5e2l7	BLUES,SINGER-SONGWRITER,JAZZ	EN	0.332	0.233	9.0	1.0	0.345	175.69	289410	JAZZ
YkGySSN37l6vSpSx	JAZZ,SOUL,BLUES,VOCAL JAZZ	EN	0.525	0.0837	9.0	1.0	0.0948	117.757	670480	JAZZ
WoQGeD4KCOK7bWt3	JAZZ,EASY LISTENING,SWING	EN	0.485	0.0377	5.0	1.0	0.205	80.334	192893	JAZZ
21K5EFMrJPEIsqZh	SOUL,JAZZ	EN	0.642	0.5720000000000001	1.0	0.0	0.607	72.493	271667	JAZZ
lgGdordk03IlWoOW	SWING,BIG BAND,JAZZ	EN	0.597	0.31	0.0	1.0	0.615	145.725	206213	JAZZ
aWLkj2oy4DiJfvx4	SOUL,JAZZ	EN	0.799	0.521	4.0	1.0	0.6459999999999999	81.043	160627	JAZZ
eEmbh33B1A03m740	JAZZ,BLUES,JAZZ,BLUES	EN	0.634	0.292	0.0	0.0	0.408	150.909	247333	JAZZ
gBQgkSVcBI0E7pI5	SOUL,SOUL,JAZZ	EN	0.421	0.136	10.0	1.0	0.298	117.275	236000	JAZZ
GrDRmWwbRiFflh4u	JAZZ,BLUES	EN	0.416	0.239	0.0	0.0	0.5539999999999999	171.21599999999995	279227	JAZZ
xOOEdjf960KobUx0	ACID JAZZ,JAZZ,SMOOTH JAZZ,SOUL,FUNK	EN	0.6579999999999999	0.5539999999999999	9.0	1.0	0.826	86.80799999999998	337173	JAZZ
6GkWIWpcM0FsbsEZ	JAZZ	EN	0.593	0.187	9.0	0.0	0.385	123.635	174320	JAZZ
Mq79gZJbqI9nDUU0	JAZZ,SWING,EASY LISTENING	EN	0.647	0.347	5.0	1.0	0.484	121.026	185067	JAZZ
ozDM9Md3j30y5Oea	JAZZ,SWING,EASY LISTENING,JAZZ,SWING	EN	0.486	0.508	5.0	1.0	0.809	147.578	133093	JAZZ
WJ4XWpXUbTyYpeSH	JAZZ,SWING,VOCAL JAZZ	EN	0.217	0.15	6.0	0.0	0.152	91.761	185867	JAZZ
IvKlfE6Du67fmq1C	SOUL,JAZZ,SOUNDTRACK	EN	0.5870000000000001	0.624	0.0	1.0	0.251	93.428	262813	JAZZ
ngXjU3lO6XVBcmVh	JAZZ	EN	0.602	0.334	4.0	0.0	0.1	137.95600000000002	269186	JAZZ
oVrgp0W6wAm2sNoN	JAZZ,VOCAL JAZZ	EN	0.466	0.0456	8.0	1.0	0.366	130.752	241613	JAZZ
FWxI2cBgLrTORM4n	SOUL,JAZZ	EN	0.466	0.535	1.0	1.0	0.715	81.03699999999998	266627	JAZZ
0qeLYkLmWtBolLbh	JAZZ,JAZZ,SWING	EN	0.8320000000000001	0.489	8.0	1.0	0.882	120.089	145773	JAZZ
YODPbu1oLCUQKb6p	JAZZ,SWING	EN	0.569	0.3720000000000001	2.0	1.0	0.5	123.411	129813	JAZZ
1LGsQji1CXzFFbq2	JAZZ	EN	0.37	0.154	7.0	0.0	0.105	107.017	168667	JAZZ
fkDE8ZAuL704Dh96	JAZZ,AFROBEAT	EN	0.625	0.8320000000000001	6.0	1.0	0.725	146.092	399733	JAZZ
jtEjX2uspOo1EIic	JAZZ,VOCAL JAZZ	EN	0.477	0.0494	4.0	1.0	0.195	62.434	249782	JAZZ
P4kvssUz1nVCsbjt	JAZZ,VOCAL JAZZ	EN	0.468	0.248	10.0	0.0	0.298	111.732	210693	JAZZ
fwtyoIpA9PPZ24tv	JAZZ,BLUES	EN	0.732	0.198	5.0	1.0	0.618	88.17399999999998	186147	JAZZ
tWidH7JZ8EtSuu5B	JAZZ,VOCAL JAZZ	EN	0.617	0.16	5.0	0.0	0.466	124.433	258960	JAZZ
JXCsLdGEqcghVjVD	JAZZ	EN	0.623	0.0986	1.0	1.0	0.524	123.772	172533	JAZZ
fJf7x4Un4efkht5s	JAZZ,FOLK	EN	0.7090000000000001	0.371	7.0	1.0	0.43	143.623	141333	JAZZ
hWqwG8upNO5b4J1E	JAZZ	EN	0.24	0.417	9.0	1.0	0.545	171.582	186493	JAZZ
QUqWCa8AqCCflwye	SMOOTH JAZZ,JAZZ,JAZZ,SMOOTH JAZZ	EN	0.8029999999999999	0.488	1.0	1.0	0.624	95.771	237106	JAZZ
cAqD1JZ0T26pctAX	JAZZ,SWING,VOCAL JAZZ	EN	0.603	0.321	2.0	1.0	0.8440000000000001	143.10399999999996	155600	JAZZ
tWWxCstcmyCEOj6o	JAZZ	EN	0.531	0.274	5.0	0.0	0.657	114.605	261693	JAZZ
nULgwT2ncTtsiwrA	JAZZ,SOUL,BLUES,VOCAL JAZZ,JAZZ,SOUL,BLUES	EN	0.53	0.545	8.0	0.0	0.7829999999999999	138.678	320427	JAZZ
1Z7Pb158yANCZ7zN	JAZZ,VOCAL JAZZ,BLUES	EN	0.489	0.0571	7.0	0.0	0.273	80.172	198560	JAZZ
7ruMlW0pmKIk88Md	SOUL,JAZZ	EN	0.7509999999999999	0.365	2.0	1.0	0.619	170.088	228027	JAZZ
C2GcRg2Lq64RGSsO	JAZZ,VOCAL JAZZ	EN	0.614	0.0895	0.0	1.0	0.32	109.494	249067	JAZZ
efeP6vhgGuhCRV0T	SOUL,FUNK,JAZZ	EN	0.649	0.232	0.0	1.0	0.648	61.059	189400	JAZZ
zsDz17XVFUFYh4y7	JAZZ,VOCAL JAZZ,SMOOTH JAZZ	EN	0.6659999999999999	0.303	11.0	0.0	0.342	81.92299999999999	212160	JAZZ
q5IeW1wdtcGvVJH2	SOUL,BLUES,SINGER-SONGWRITER,JAZZ,FOLK	EN	0.489	0.404	8.0	1.0	0.153	108.01	597600	JAZZ
dSRwa9hYRYQxCWyx	ACID JAZZ,CHILLSTEP	EN	0.385	0.383	10.0	0.0	0.118	140.14700000000002	277800	JAZZ
yzQjA8AL9qYYFJmK	DOWNTEMPO,NU JAZZ,WONKY,DOWNTEMPO	EN	0.542	0.7190000000000001	8.0	1.0	0.444	125.991	270663	JAZZ
O96HUw6ljll4nvq4	BLUES,JAZZ,SINGER-SONGWRITER	EN	0.5920000000000001	0.316	4.0	0.0	0.6559999999999999	95.507	192400	JAZZ
6jt5A19aBeyadyqD	JAZZ,SWING,EASY LISTENING	EN	0.711	0.228	10.0	1.0	0.633	110.937	157760	JAZZ
VXP7WP5J5S2GXoZW	JAZZ,BLUES	EN	0.255	0.468	7.0	0.0	0.175	111.67	181960	JAZZ
WmoFpVkLhArKSfrZ	JAZZ	EN	0.5820000000000001	0.216	7.0	1.0	0.531	95.463	197693	JAZZ
gzeJDQU2WZV727M2	LOUNGE,TRIP HOP,NU JAZZ	EN	0.429	0.359	9.0	0.0	0.0367	139.707	388880	JAZZ
EGONzf55PHnA4NWH	JAZZ	EN	0.362	0.0387	0.0	1.0	0.139	170.937	223000	JAZZ
V1KTPZNBE3G8Kswp	JAZZ,LOUNGE	EN	0.7759999999999999	0.47	7.0	1.0	0.402	112.968	246400	JAZZ
wTUWevCxJXHvU2OZ	JAZZ	EN	0.384	0.26	11.0	1.0	0.0956	88.2	190800	JAZZ
YPGIAZPJAoWrZsPL	JAZZ	EN	0.419	0.254	5.0	0.0	0.461	172.81400000000005	331733	JAZZ
v8APALdGAhTc4hdo	JAZZ,SWING,EASY LISTENING,SOUNDTRACK	EN	0.7340000000000001	0.203	7.0	1.0	0.519	112.166	166360	JAZZ
mX0bQtvN23Ka95Pu	JAZZ,BLUES	EN	0.475	0.16	8.0	1.0	0.315	138.22799999999998	238120	JAZZ
Sf50KdHiknAeHMo7	JAZZ	EN	0.477	0.301	8.0	1.0	0.398	169.801	183347	JAZZ
xDbe5BXdgl6pJprT	BLUES,JAZZ,SINGER-SONGWRITER	EN	0.5489999999999999	0.5329999999999999	8.0	1.0	0.6679999999999999	113.91	254080	JAZZ
alViVmyWPgD1TNjV	SOUL,JAZZ,BLUES	EN	0.474	0.195	0.0	1.0	0.385	170.12	144080	JAZZ
dppJ3I40umyJ0HtZ	SKA,SOUL,JAZZ,SOUL,JAZZ	EN	0.626	0.845	10.0	1.0	0.924	146.554	175827	JAZZ
0dn6u1qHmbl3T2DB	JAZZ,BEBOP	EN	0.383	0.131	7.0	1.0	0.101	98.606	447280	JAZZ
5Y0lOXpffflDWYpA	FREE JAZZ,JAZZ,AVANT-GARDE JAZZ,FREE JAZZ,JAZZ	EN	0.414	0.473	11.0	0.0	0.409	100.0	129698	JAZZ
Fa5SkQSCYuhg5BIs	JAZZ,SWING,JAZZ,BLUES,SWING	EN	0.736	0.0995	0.0	1.0	0.373	88.056	182240	JAZZ
CSwFe9246mXICIBJ	JAZZ	EN	0.653	0.222	10.0	0.0	0.221	99.073	234107	JAZZ
xEbJU4QowLEwIBoy	JAZZ,SINGER-SONGWRITER	EN	0.8079999999999999	0.67	1.0	0.0	0.906	99.999	209773	JAZZ
lHsSTzfDuKIf72Sh	JAZZ	EN	0.831	0.233	2.0	0.0	0.514	159.827	217613	JAZZ
yl20ponJwwQZmuRS	JAZZ	EN	0.3720000000000001	0.0542	8.0	1.0	0.171	72.929	396973	JAZZ
8XqyApddPUp9hpYP	SOUL,JAZZ	EN	0.78	0.491	9.0	0.0	0.398	88.007	244507	JAZZ
4zOF93S2zfaD5h1a	JAZZ	EN	0.407	0.295	1.0	1.0	0.664	112.13	125027	JAZZ
yRWnMBqpoo1GBhhN	SMOOTH JAZZ,EASY LISTENING,JAZZ,LOUNGE	EN	0.721	0.0462	1.0	0.0	0.183	103.8	259960	JAZZ
nLSVecbjMrCXHScf	SOUL,JAZZ	EN	0.632	0.276	4.0	0.0	0.237	129.69299999999998	470547	JAZZ
URdMAMpIlDTITiQT	JAZZ	EN	0.429	0.0194	10.0	0.0	0.13	99.812	204133	JAZZ
7v6aup3JolVeeYag	JAZZ,EASY LISTENING	EN	0.643	0.488	6.0	1.0	0.473	110.032	277760	JAZZ
EokdK7eQmnrDxIDM	SOUL,SOUL,JAZZ	EN	0.7340000000000001	0.557	10.0	1.0	0.93	122.537	128973	JAZZ
OVHcQ7qLq625mBmZ	SOUL,BLUES,JAZZ	EN	0.616	0.618	7.0	1.0	0.742	89.20200000000001	228853	JAZZ
Gcz5FxBstUvjbby6	JAZZ,BLUES	EN	0.6559999999999999	0.253	5.0	0.0	0.436	98.635	253307	JAZZ
rw2W2TJiTrTKPKNK	JAZZ	EN	0.479	0.0753	10.0	1.0	0.157	111.651	316840	JAZZ
1NsowJzjR0ePMYfC	JAZZ,SWING	EN	0.507	0.0779	0.0	1.0	0.326	70.808	204400	JAZZ
bNqNAmtphoSsqEHO	REGGAE,NU JAZZ	EN	0.794	0.632	9.0	0.0	0.228	81.00399999999998	254112	JAZZ
zKzedowlcfUPce9l	JAZZ	EN	0.396	0.482	2.0	1.0	0.422	82.23700000000002	260827	JAZZ
pxkzzV4GssNpCJs3	BOSSA NOVA,JAZZ,LATIN	EN	0.5329999999999999	0.314	1.0	1.0	0.529	116.208	155933	JAZZ
PNEnm5Y9uXtx7aVW	SOUL,JAZZ,SINGER-SONGWRITER	EN	0.431	0.49	8.0	1.0	0.116	169.575	222440	JAZZ
HOtRJ8COe3DkQkNh	JAZZ	EN	0.475	0.214	11.0	1.0	0.128	103.423	338200	JAZZ
1noAExI3T8zLfKrU	JAZZ	EN	0.732	0.489	1.0	1.0	0.654	119.974	152080	JAZZ
N3RxKLmoM1EUPLgA	JAZZ,BLUES,JAZZ,SOUL,BLUES	EN	0.259	0.195	9.0	0.0	0.124	90.888	239400	JAZZ
6r5umUmtmDmm0yMF	SOUL,FUNK,JAZZ	EN	0.688	0.662	5.0	1.0	0.807	113.045	253533	JAZZ
sjsa30Kl7uqmEJhX	JAZZ,SOUL,VOCAL JAZZ,JAZZ,SOUL,BLUES	EN	0.687	0.51	10.0	1.0	0.6659999999999999	122.249	188613	JAZZ
7gGzJ9jutc9T4McL	JAZZ,SOUL,SOUL,JAZZ	EN	0.635	0.659	1.0	0.0	0.385	97.138	237912	JAZZ
0dn1oa1Ujisn0nCT	SOUL,JAZZ	EN	0.352	0.317	0.0	1.0	0.506	133.113	160440	JAZZ
PEyCBJpA937JJDGg	SOUL,SMOOTH JAZZ	EN	0.28	0.02	6.0	1.0	0.115	171.764	233533	JAZZ
1shnotxlCl1jutxH	JAZZ	EN	0.61	0.6859999999999999	1.0	1.0	0.938	118.051	246173	JAZZ
8fv17X9x1cuYSlHV	JAZZ	EN	0.43	0.147	3.0	1.0	0.177	110.868	321067	JAZZ
R0yC1zJsUQGrQQBS	JAZZ,VOCAL JAZZ	EN	0.591	0.282	5.0	0.0	0.384	119.574	360333	JAZZ
PKY5RAIiInkes40g	JAZZ,BLUES	EN	0.6579999999999999	0.295	11.0	1.0	0.725	108.13	166707	JAZZ
WVU8JggRvMBxhTwI	JAZZ,SWING	EN	0.615	0.186	0.0	0.0	0.7490000000000001	73.007	138320	JAZZ
qr9uaXdGRADjyQ01	JAZZ,JAZZ,COOL JAZZ	EN	0.441	0.0319	2.0	0.0	0.113	110.471	413787	JAZZ
g1y19lVljAzUmycb	JAZZ BLUES	EN	0.679	0.608	7.0	1.0	0.735	111.803	246573	JAZZ
qWKyrsXE9sHOln7o	JAZZ	EN	0.6779999999999999	0.246	7.0	1.0	0.456	116.723	230560	JAZZ
NZhySzar6Kim05u9	JAZZ,EASY LISTENING	EN	0.334	0.135	3.0	1.0	0.223	115.305	234867	JAZZ
n5KIHRxRjxiM3TIV	JAZZ,JAZZ,BLUES	EN	0.591	0.0252	4.0	0.0	0.347	69.382	194573	JAZZ
wb2zq9L2uzWDfkkR	SOUL,GOSPEL,SOUL,JAZZ	EN	0.529	0.307	10.0	1.0	0.318	132.63299999999998	260107	JAZZ
DxIFYezwwgEl7OS7	JAZZ,VOCAL JAZZ	EN	0.452	0.027	0.0	0.0	0.182	126.274	180440	JAZZ
rjVnl6e9lDhKzMwl	SOUL,JAZZ,SWING	EN	0.594	0.85	11.0	0.0	0.5489999999999999	119.98	333560	JAZZ
e2PwaxGGu6ungC9W	JAZZ	EN	0.444	0.0315	5.0	1.0	0.107	143.737	341360	JAZZ
vQNZ8Dl2OhdPgsNZ	JAZZ,SWING,VOCAL JAZZ	EN	0.217	0.15	6.0	0.0	0.152	91.761	185867	JAZZ
AqvzMr2ukfalgVyn	JAZZ,BLUES	EN	0.373	0.278	2.0	0.0	0.207	74.883	261360	JAZZ
18pjuY7XYWysBPgj	SOUL,JAZZ	EN	0.715	0.401	6.0	1.0	0.511	97.292	241667	JAZZ
DvPRF87XRofJ3JWJ	JAZZ,AMBIENT	EN	0.355	0.146	11.0	0.0	0.0321	89.709	796084	JAZZ
xHYJQf12tt5g8bcj	SOUL,BLUES,JAZZ	EN	0.385	0.281	2.0	0.0	0.47	81.416	198867	JAZZ
LAhv5czpV3DiiXmH	JAZZ,VOCAL JAZZ,JAZZ	EN	0.6759999999999999	0.438	1.0	1.0	0.6559999999999999	110.48	176718	JAZZ
yA0YFr2whAxMUMMV	SOUL,JAZZ,SOUL JAZZ	EN	0.56	0.767	11.0	0.0	0.961	180.637	187347	JAZZ
H48bRSInk69g0jFM	JAZZ,LOUNGE,NU JAZZ	EN	0.752	0.476	7.0	0.0	0.521	121.979	204813	JAZZ
AyPh7oCmwfXixX7Y	EXPERIMENTAL,AMBIENT,DARK JAZZ,JAZZ,DARK JAZZ,JAZZ,EXPERIMENTAL	EN	0.294	0.216	10.0	0.0	0.0601	69.89399999999999	345500	JAZZ
1Rt6nEc20mcLigSf	JAZZ,COUNTRY	EN	0.703	0.49	10.0	1.0	0.7090000000000001	113.108	183840	JAZZ
X3n2Nsfat8Izp5gK	SOUL,JAZZ	EN	0.192	0.182	0.0	0.0	0.087	81.592	281573	JAZZ
bozS7S1Bd397C0iE	SOUL,JAZZ	EN	0.61	0.6559999999999999	0.0	1.0	0.341	143.861	205333	JAZZ
N6GTw2dzRCB7tUQs	MELODIC DEATH METAL,METAL	EN	0.235	0.5379999999999999	10.0	0.0	0.403	170.112	325373	METAL
8masUWiXv5aliWOg	BLACK METAL,NORWEGIAN BLACK METAL,METAL	EN	0.133	0.997	11.0	0.0	0.0378	98.976	198440	METAL
zt13MbSfdnBxdEve	MELODIC DEATH METAL,DEATH METAL,GOTHENBURG METAL,METAL	EN	0.171	0.983	7.0	1.0	0.184	79.262	239293	METAL
3r5PAThZOnoWhulV	METALCORE,HARDCORE,SCREAMO	EN	0.426	0.981	10.0	1.0	0.0983	150.05200000000005	243600	METAL
FmmP2Qj3B3vuswlA	GROOVE METAL,METAL,THRASH METAL,THRASH METAL,DEATH METAL,METAL	EN	0.468	0.888	2.0	1.0	0.3720000000000001	113.166	260360	METAL
HiInS41qITE3FdLF	METALCORE,METAL	EN	0.358	0.589	11.0	0.0	0.14	119.967	157493	METAL
MDUZQmmKgq4wmZxB	HARDCORE,SCREAMO,POST-HARDCORE,METAL	EN	0.439	0.942	2.0	0.0	0.324	108.095	230400	METAL
3Xhsdv6PqLlOIJoY	POWER METAL,METAL	EN	0.516	0.919	11.0	0.0	0.609	140.026	230800	METAL
jPyLatmIulPRQXXk	THRASH METAL,METAL	EN	0.261	0.959	11.0	1.0	0.462	147.013	244013	METAL
3bJHFL0lIml5vRPJ	POWER METAL,METAL	EN	0.39	0.828	9.0	0.0	0.309	158.09	249987	METAL
ifkuAs7HFsPuTkL4	DOOM METAL,STONER METAL,METAL	EN	0.0787	0.918	11.0	0.0	0.0616	174.105	366347	METAL
2Ug2BJtfpP8ZCBEE	SYMPHONIC DEATH METAL,DEATH METAL	EN	0.154	0.7659999999999999	8.0	1.0	0.1669999999999999	70.313	316987	METAL
l0kiEsrJ9r6DXSx3	TECHNICAL DEATH METAL,DEATH METAL,TECHNICAL DEATH METAL,DEATH METAL,BRUTAL DEATH METAL	EN	0.284	0.8270000000000001	6.0	1.0	0.161	116.387	322760	METAL
Gestojw87PJyDLYY	DOOM METAL,METAL	EN	0.246	0.957	8.0	0.0	0.23	164.96	368960	METAL
0Mbg5y8qzJ470iUd	BLACK METAL,MELODIC BLACK METAL,DEATH METAL	EN	0.195	0.987	9.0	1.0	0.062	117.782	291187	METAL
p5iS3i9iTY3oz6dW	METAL,THRASH METAL,METALCORE,GROOVE METAL,DEATH METAL	EN	0.494	0.969	2.0	1.0	0.129	93.185	215240	METAL
uGfFpAC210tdFKfK	MELODIC DEATH METAL,METAL	EN	0.515	0.956	3.0	0.0	0.471	116.993	207568	METAL
OXthts7NnOVW9sDS	SYMPHONIC METAL	EN	0.407	0.812	2.0	1.0	0.187	184.978	396160	METAL
MU5TFFHbdtdqFVxk	METALCORE,THRASH METAL,METAL	EN	0.274	0.974	11.0	0.0	0.316	112.118	409693	METAL
PfjkHIHQngvl1Uou	MELODIC DEATH METAL,DEATH METAL,METAL	EN	0.295	0.89	7.0	1.0	0.198	98.914	359880	METAL
GJQQC208HumbjRFJ	THRASH METAL,DEATH METAL,MELODIC DEATH METAL	EN	0.218	0.974	2.0	1.0	0.0739	119.391	200913	METAL
OZFUWxluXFyHNZ59	HARDCORE,EMO,EMOCORE,METALCORE,POST-HARDCORE	EN	0.384	0.898	10.0	0.0	0.329	139.673	203937	METAL
3WBclBJentcQG7rE	METAL,DOOM METAL	EN	0.25	0.7090000000000001	7.0	1.0	0.401	101.494	305507	METAL
ZDcFZHxn0FRohOUR	METALCORE,MELODIC METALCORE	EN	0.252	0.967	7.0	1.0	0.0955	98.192	360133	METAL
GmyMRvA0gJVFtEsF	PROGRESSIVE BLACK METAL,PROGRESSIVE METAL,BLACK METAL	EN	0.209	0.815	4.0	0.0	0.105	137.114	720413	METAL
nfK3euR4BJB8DPQE	METAL,NWOBHM	EN	0.305	0.907	0.0	1.0	0.544	112.737	396760	METAL
80UOFR8SV2IL2Skb	METALCORE,METAL	EN	0.586	0.952	1.0	1.0	0.347	130.106	159667	METAL
k6QZ2vnab79CrMFO	METALCORE,THRASH METAL,METAL	EN	0.252	0.984	1.0	1.0	0.147	107.516	303372	METAL
ZvF8PoBAaY4woN8H	THRASH METAL,METAL,THRASH METAL,METAL	EN	0.415	0.845	9.0	0.0	0.207	113.578	554173	METAL
KszaeMEbmHiDwfE7	PROGRESSIVE METAL	EN	0.235	0.984	1.0	1.0	0.16	105.134	413773	METAL
gjcLEJrllcsEc01Y	BLACK METAL	EN	0.363	0.522	1.0	0.0	0.0708	110.123	170213	METAL
U17EBSzXdMkAvfhc	SYMPHONIC METAL	EN	0.48	0.799	4.0	0.0	0.3670000000000001	105.0	287093	METAL
aRmeh5xFPY5Zi8nO	MELODIC HARDCORE,METAL	EN	0.6729999999999999	0.821	6.0	0.0	0.0386	100.026	212707	METAL
KPazcNSgDBU4zPMC	MELODIC DEATH METAL,METAL,DEATH METAL	EN	0.2	0.8959999999999999	7.0	0.0	0.605	82.53200000000002	215933	METAL
YrKcdIF85uYNfIIH	BLACK METAL,PROGRESSIVE METAL	EN	0.0813	0.921	1.0	1.0	0.11	170.77599999999995	388162	METAL
W0Hmg3uAQ6N07RIZ	DEATH METAL,TECHNICAL DEATH METAL,METAL,PROGRESSIVE METAL	EN	0.163	0.818	8.0	1.0	0.0687	139.92600000000002	393413	METAL
ZBsfQ5zOG6NKARfF	METALCORE	EN	0.343	0.973	4.0	0.0	0.393	160.07299999999995	332912	METAL
2RAfk7Tehx5ScSNx	SYMPHONIC METAL,GOTHIC METAL	EN	0.256	0.919	2.0	0.0	0.358	176.078	257080	METAL
hVi8Ufh8YflXWqSy	POWER METAL,SPEED METAL,METAL,POWER METAL,SPEED METAL	EN	0.375	0.937	0.0	1.0	0.388	157.12	308787	METAL
IbF5g824fUGFmmGv	BLACK METAL,SYMPHONIC BLACK METAL,GOTHIC METAL,MELODIC BLACK METAL	EN	0.514	0.967	7.0	0.0	0.216	120.129	327093	METAL
oyF09e28NB4YgFkU	DEATH METAL,BRUTAL DEATH METAL,TECHNICAL DEATH METAL	EN	0.273	0.95	11.0	0.0	0.0554	111.717	138200	METAL
63Rc95jxs3kaqwuI	PROGRESSIVE BLACK METAL,BLACK METAL,PROGRESSIVE METAL,BLACK METAL,VIKING METAL,PROGRESSIVE BLACK METAL	EN	0.299	0.882	8.0	1.0	0.243	110.481	395400	METAL
gy7AiAbGalOVYU6T	SYMPHONIC METAL	EN	0.266	0.214	1.0	1.0	0.213	92.286	282554	METAL
vVITHwvxxA5CSeYX	MATHCORE,SCREAMO,METALCORE,GRINDCORE	EN	0.258	0.898	1.0	1.0	0.603	174.84799999999996	69120	METAL
UrJSvVBQ6Fwc99mR	POST-HARDCORE,SCREAMO,HARDCORE,EMOCORE,METALCORE	EN	0.197	0.96	7.0	1.0	0.0933	177.166	255013	METAL
wr21nOj1LERwvzk6	METALCORE,METAL,MELODIC DEATH METAL,HARDCORE	EN	0.18	0.99	10.0	0.0	0.336	172.012	186227	METAL
AmWBZSfn5SbR3Q3F	POST-METAL,PROGRESSIVE METAL	EN	0.237	0.66	10.0	0.0	0.28	105.032	592973	METAL
QCNFtPuZ4KYmkmQg	PROGRESSIVE METAL,METAL	EN	0.49	0.8590000000000001	7.0	1.0	0.265	120.034	311027	METAL
ZPOuDMhgRUcKMt6V	GOTHIC METAL,DOOM METAL,METAL	EN	0.337	0.7	7.0	0.0	0.0914	100.023	286203	METAL
46raFmpszh2FFUsx	METALCORE,METAL,CHRISTIAN METAL	EN	0.313	0.0946	6.0	1.0	0.174	128.19299999999998	287307	METAL
zCydZZTqPTrQJdvA	SYMPHONIC DEATH METAL	EN	0.2	0.655	1.0	1.0	0.113	79.862	368493	METAL
dXsgfhTTb3MhhraO	THRASH METAL,METAL	EN	0.356	0.967	10.0	1.0	0.449	153.94299999999996	178520	METAL
d9iWNd5P0Wt0e52j	TECHNICAL DEATH METAL,DEATH METAL,BRUTAL DEATH METAL	EN	0.229	0.905	2.0	1.0	0.177	92.239	196427	METAL
Rjpy8DWqNRoA5RIj	METALCORE,PROGRESSIVE METALCORE,METALCORE,MATHCORE,HARDCORE	EN	0.54	0.99	1.0	1.0	0.246	120.015	232614	METAL
DpOrjxcL1bWudwYV	METAL,DOOM METAL,SLUDGE METAL	EN	0.265	0.8590000000000001	2.0	1.0	0.453	174.90099999999995	236960	METAL
wzuPf59eckCLhAOU	MATHCORE,HARDCORE,METALCORE,POST-HARDCORE	EN	0.16	0.938	2.0	1.0	0.1	134.55700000000002	265778	METAL
zZAeI1ozh26h7WHO	METAL,THRASH METAL,METALCORE	EN	0.5820000000000001	0.928	10.0	0.0	0.565	113.043	243853	METAL
HmdvjisVYtd7l4HQ	SYMPHONIC METAL,METAL,POWER METAL	EN	0.501	0.893	8.0	1.0	0.355	100.039	311627	METAL
1lGtSHBmVlovbFbF	DEATH METAL,DEATH METAL	EN	0.1369999999999999	0.948	7.0	1.0	0.305	167.45	222373	METAL
yd9BOQS0uYWbeQVu	DEATHCORE,METALCORE,MELODIC DEATHCORE,DEATH METAL,DEATHCORE,METALCORE,DEATH METAL	EN	0.287	0.991	0.0	1.0	0.292	111.276	221040	METAL
NQuN5F1YmICqUehD	DEATH METAL,METAL	EN	0.363	0.994	5.0	0.0	0.118	151.644	238893	METAL
9N4uApqRXaxKT4eP	DOOM METAL,GOTHIC METAL,DEATH METAL,METAL	EN	0.257	0.7659999999999999	7.0	1.0	0.209	151.681	312627	METAL
gJFqezA0C12zAm6g	DEATHCORE,METALCORE	EN	0.36	0.973	9.0	1.0	0.157	154.994	239427	METAL
PphEAr7MVdut5VsB	BLACK METAL,ATMOSPHERIC BLACK METAL,PROGRESSIVE BLACK METAL,EXPERIMENTAL	EN	0.259	0.754	0.0	0.0	0.115	120.163	592600	METAL
NL6vZAL7KlxWDYid	GRINDCORE,DEATH METAL	EN	0.23	0.985	2.0	1.0	0.0365	111.79	209573	METAL
shgOYeSG3LgAMZya	SYMPHONIC METAL,GOTHIC METAL,METAL	EN	0.238	0.8859999999999999	11.0	0.0	0.216	94.235	383493	METAL
vvbnCuS9j2e3BerS	DEATH METAL,DOOM METAL,METAL	EN	0.217	0.8690000000000001	6.0	1.0	0.0699	142.469	320960	METAL
XjudETtvIJ33WaZB	HARDCORE,METAL,DEATH METAL,DEATHCORE,TECHNICAL DEATHCORE	EN	0.25	0.997	1.0	0.0	0.0714	135.023	208022	METAL
xEOnJrFpnOiPhdxm	GOTHIC METAL,ALTERNATIVE METAL	EN	0.183	0.7929999999999999	7.0	1.0	0.163	89.238	369720	METAL
EiXli5rUvh6LDaPM	SYMPHONIC METAL,METAL	EN	0.311	0.897	2.0	0.0	0.31	169.976	333107	METAL
JubDPR7YSAdHK4gJ	DEATH METAL,METAL,THRASH METAL	EN	0.211	0.888	1.0	1.0	0.429	82.87700000000002	375333	METAL
Xi9fHIBkUksfKggu	METAL,NWOBHM	EN	0.271	0.947	9.0	1.0	0.393	128.747	352882	METAL
athZShpJEYgE5Dqx	MELODIC DEATH METAL	EN	0.454	0.989	1.0	1.0	0.374	77.015	178933	METAL
Nj9FYheuXXHJhiGj	METAL	EN	0.319	0.7759999999999999	11.0	0.0	0.0881	112.292	355386	METAL
pmxhtqbDSIfbFyCj	INDUSTRIAL METAL,INDUSTRIAL,METAL,ALTERNATIVE METAL	EN	0.593	0.953	1.0	1.0	0.316	125.036	228173	METAL
lG4yqU7Y8gleDxHz	TECHNICAL DEATHCORE,DEATHCORE,TECHNICAL DEATH METAL	EN	0.197	0.97	10.0	0.0	0.104	68.39699999999999	207240	METAL
Q9MSpvjZtsaH5Su2	METALCORE,HARDCORE,MELODIC HARDCORE,MELODIC METALCORE	EN	0.362	0.997	4.0	1.0	0.187	76.48	244750	METAL
yobwJld4UE9BnT39	POWER METAL,METAL,PROGRESSIVE METAL,POWER METAL,PROGRESSIVE METAL	EN	0.363	0.976	9.0	0.0	0.119	139.852	383600	METAL
NSEuP2oXzmpuTBrt	METAL,PROGRESSIVE METAL,SYMPHONIC METAL,SYMPHONIC METAL,PROGRESSIVE METAL	EN	0.31	0.8	2.0	1.0	0.332	185.353	366733	METAL
3nIwXUq2mooSGoWA	POWER METAL,METAL	EN	0.529	0.979	8.0	0.0	0.475	138.001	270446	METAL
vamxCyXrw1KfAQWd	MELODIC DEATH METAL	EN	0.452	0.967	10.0	1.0	0.184	107.408	245667	METAL
XRrVwCsigzyPF4xR	MELODIC DEATH METAL,METAL,SWEDISH METAL	EN	0.522	0.971	0.0	0.0	0.128	109.979	185800	METAL
nl0FNMri5kOV8YYu	HARDCORE,METAL,METALCORE,EMO,MELODIC HARDCORE,STRAIGHT EDGE	EN	0.189	0.955	2.0	1.0	0.188	184.995	175665	METAL
VoRN0mhI3pR2NS6u	POWER METAL,SYMPHONIC METAL,PROGRESSIVE METAL	EN	0.34	0.282	8.0	0.0	0.3720000000000001	61.909	254533	METAL
jSX7OzPD3WfF8PPo	DOOM METAL	EN	0.154	0.8640000000000001	11.0	1.0	0.39	91.745	174440	METAL
Fx836PAtonOQuZbw	METALCORE,HARDCORE,METAL,SCREAMO	EN	0.504	0.946	6.0	1.0	0.389	97.592	181658	METAL
yhEoivOg2bCeKeyV	METALCORE,MELODIC METALCORE,METAL	EN	0.215	0.974	11.0	0.0	0.312	152.55700000000004	267998	METAL
jm5jIKKYpstSQUCx	MELODIC DEATH METAL,DEATH METAL,POWER METAL,METAL	EN	0.186	0.984	5.0	1.0	0.311	143.599	273427	METAL
2UyCvHz97bzNgA5C	GOTHIC METAL,METAL,GOTHIC METAL,METAL	EN	0.436	0.947	6.0	0.0	0.3670000000000001	142.06799999999996	255200	METAL
BFCnSt8p5qepidjD	METAL	EN	0.542	0.946	10.0	0.0	0.638	107.412	328587	METAL
Cse4wkzig03ZT86e	DOOM METAL,SYMPHONIC METAL,GOTHIC METAL	EN	0.286	0.753	2.0	1.0	0.195	124.372	570680	METAL
9mRihHUG5jqTvn5N	METALCORE,METAL	EN	0.312	0.83	11.0	0.0	0.331	133.71200000000002	306467	METAL
yr6ewvBwfwPmo7Zk	THRASH METAL,METAL,SPEED METAL	EN	0.316	0.993	1.0	0.0	0.162	98.223	165373	METAL
hTLom6mPUJtkl8qX	GRINDCORE,METAL	EN	0.211	0.921	3.0	0.0	0.0371	98.834	88267	METAL
dmgTFtCf0mKkHxIz	ALTERNATIVE METAL,GROOVE METAL,DJENT	EN	0.433	0.973	8.0	1.0	0.298	171.955	209302	METAL
B379TG7hDI0wAv31	DEATH METAL,TECHNICAL DEATH METAL,METAL,PROGRESSIVE METAL	EN	0.3670000000000001	0.965	10.0	0.0	0.106	120.391	309733	METAL
OVPnJs1jVTOPnzQj	MELODIC DEATH METAL	EN	0.495	0.948	7.0	1.0	0.1689999999999999	140.004	311320	METAL
qNKWf7DHHZekQcaq	GRUNGE,STONER METAL,METAL,DOOM METAL	EN	0.456	0.867	1.0	1.0	0.5579999999999999	75.991	262891	METAL
RykqVZGXDbGBKVWz	METALCORE,METAL,EMOCORE,EMO	EN	0.517	0.846	7.0	1.0	0.293	130.013	218467	METAL
LtGwnH3uGefU1Jfv	DOOM METAL,GOTHIC METAL	EN	0.206	0.973	1.0	1.0	0.0756	109.984	490587	METAL
MB7YwimW2DxOArni	THRASH METAL,METAL	EN	0.242	0.879	6.0	0.0	0.152	143.398	371710	METAL
q10cTm01mQtFAOqr	MELODIC DEATH METAL,DEATH METAL	EN	0.423	0.972	1.0	0.0	0.251	110.042	244613	METAL
WLpbb2CLzUa2J6CV	TECHNICAL DEATH METAL,PROGRESSIVE METAL,TECHNICAL DEATH METAL,DEATH METAL	EN	0.296	0.965	0.0	1.0	0.225	150.033	376119	METAL
qcUvs7BssXOWyJET	MELODIC DEATH METAL	EN	0.35	0.947	11.0	0.0	0.104	137.137	277320	METAL
kbXSe3gseaykOgWy	POWER METAL,SYMPHONIC METAL,METAL	EN	0.408	0.8440000000000001	0.0	1.0	0.493	160.018	281907	METAL
LsQ6Bk4J7pZdCPRj	METAL,NWOBHM	EN	0.209	0.932	4.0	0.0	0.335	155.107	385653	METAL
bZWqYS0HfiEiKVIF	POWER METAL,SPEED METAL,METAL	EN	0.424	0.992	2.0	1.0	0.0769	170.024	267373	METAL
7AEO6ySVblr42fGc	GOTHIC METAL,SYMPHONIC METAL,PROGRESSIVE METAL	EN	0.573	0.855	7.0	0.0	0.454	127.978	253413	METAL
JHf43LvlagY7DdVF	METAL	EN	0.418	0.725	9.0	0.0	0.378	92.394	311933	METAL
QzQcdWx42xvLppRU	DEATH METAL,BRUTAL DEATH METAL,METAL,GRINDCORE	EN	0.448	0.97	1.0	1.0	0.381	119.215	123880	METAL
Rx4wJBO4REw5C7Um	THRASH METAL,POWER METAL,SPEED METAL	EN	0.608	0.988	0.0	1.0	0.723	100.176	275012	METAL
CmG7AsIFxbOojGvP	GOTHIC METAL,SYMPHONIC METAL	EN	0.384	0.958	11.0	0.0	0.244	174.05700000000004	287533	METAL
jFuv6xuJnV2Sdt59	METAL,BLACK METAL	EN	0.258	0.929	4.0	0.0	0.494	138.346	312760	METAL
7xk8cQNjMoucaUhm	DEATH METAL,THRASH METAL	EN	0.374	0.8140000000000001	3.0	1.0	0.103	121.529	39440	METAL
54yb9SE9hjynJWBG	DEATH METAL,BRUTAL DEATH METAL	EN	0.245	0.994	5.0	1.0	0.0392	110.409	264507	METAL
UABLVyG26HUsh7l0	POST-HARDCORE,METALCORE,METAL	EN	0.415	0.966	5.0	0.0	0.469	160.05100000000004	204377	METAL
5eXfAMTBhgxWHP9B	SYMPHONIC METAL,METAL	EN	0.226	0.521	4.0	0.0	0.0826	141.511	233787	METAL
FdOPVs4VEcHzBUQz	THRASH METAL,METAL	EN	0.417	0.934	4.0	0.0	0.281	82.96	272680	METAL
YJ6ZyonZVISPNoXW	INDUSTRIAL METAL,GOTHIC METAL,INDUSTRIAL	EN	0.5710000000000001	0.902	0.0	1.0	0.354	96.999	223200	METAL
KOwoVhUYun2ImbhJ	SYMPHONIC METAL,METAL,SYMPHONIC METAL,METAL	EN	0.447	0.736	4.0	0.0	0.385	151.97799999999995	302520	METAL
tadqOEqjPNeRqoBG	SYMPHONIC METAL,METAL	EN	0.477	0.908	10.0	0.0	0.278	127.908	254884	METAL
Lvr5U9yrJ2yolJJ0	METAL,POWER METAL,SYMPHONIC METAL	EN	0.269	0.952	1.0	1.0	0.32	131.914	294307	METAL
GWzO63jNic8LLAbk	POST-HARDCORE,HARDCORE,METALCORE,SCREAMO,POST-HARDCORE,HARDCORE,METALCORE	EN	0.375	0.948	1.0	1.0	0.0865	74.998	301600	METAL
RtKLfU9GHpoN4lc1	MELODIC DEATH METAL,DEATH METAL	EN	0.481	0.994	4.0	0.0	0.19	124.972	212373	METAL
LkYRvsPyvzweQwBo	PROGRESSIVE METAL	EN	0.443	0.762	9.0	0.0	0.306	108.036	581453	METAL
5tLr7B4XerbI7gZO	METALCORE,THRASH METAL,METAL	EN	0.267	0.952	5.0	0.0	0.306	127.961	334947	METAL
jPR84LGaq89KhwDL	METALCORE,POST-HARDCORE,DEATHCORE,METAL	EN	0.45	0.986	6.0	1.0	0.183	143.036	242978	METAL
GWuIreXTWyFwukpo	THRASH METAL,SPEED METAL,METAL,THRASH METAL,METAL	EN	0.369	0.996	0.0	1.0	0.083	164.97400000000005	207440	METAL
IjYbKNUN4FMLPXm7	SLUDGE METAL,PROGRESSIVE METAL	EN	0.27	0.912	3.0	1.0	0.34	75.793	346013	METAL
BFLrLTmIBNRQgPst	DEATH METAL,TECHNICAL DEATH METAL,BRUTAL DEATH METAL,METAL	EN	0.515	0.96	7.0	0.0	0.0353	141.944	193293	METAL
OSCrdqaiyiwa7GFN	METAL,NWOBHM	EN	0.392	0.963	7.0	1.0	0.653	110.695	245573	METAL
T9QM9R7An5IUXEgX	ALTERNATIVE METAL	EN	0.326	0.946	9.0	0.0	0.388	154.878	390826	METAL
T9lEur1y7r631o4n	PROGRESSIVE METAL,METALCORE,PROGRESSIVE METALCORE,MATHCORE	EN	0.419	0.911	2.0	0.0	0.21	110.03	356280	METAL
ZDKVprJ8CY0otFP4	HARDCORE,METAL,METALCORE,EMO,MELODIC HARDCORE,STRAIGHT EDGE	EN	0.332	0.992	10.0	0.0	0.295	154.852	200528	METAL
WmSKw3pidXbcyBAd	SYMPHONIC DEATH METAL,DEATH METAL,SYMPHONIC DEATH METAL,METAL	EN	0.203	0.884	2.0	0.0	0.144	139.412	248160	METAL
pvYQ61sPwFbiUBbp	POST-HARDCORE,HARDCORE,EMO,SCREAMO,METALCORE	EN	0.479	0.934	11.0	0.0	0.213	127.522	328462	METAL
b4RPjXWtk3MucmPW	THRASH METAL,METALCORE,METAL	EN	0.507	0.986	6.0	0.0	0.504	112.983	245733	METAL
1pI5sU0YF2i5wSPk	PROGRESSIVE METAL,DEATH METAL,METAL	EN	0.337	0.898	9.0	1.0	0.119	125.332	477493	METAL
xxpChDjXyipAKAsm	DOOM METAL,AMBIENT	EN	0.124	0.335	5.0	1.0	0.0353	80.184	279520	METAL
mogNlngaGYcZINRa	BLACK METAL,GRINDCORE,INDUSTRIAL BLACK METAL,DEATH METAL	EN	0.277	0.855	6.0	1.0	0.0959	114.94	223076	METAL
nJj3fmT1NAPswwSG	MELODIC DEATH METAL,DEATH METAL	EN	0.467	0.959	8.0	1.0	0.296	93.496	278667	METAL
NVTLRvTbQPkOBD9l	DEATHCORE,TECHNICAL DEATHCORE,DEATH METAL	EN	0.423	0.988	6.0	1.0	0.1	114.526	154629	METAL
hU23M8JdV0xtd8a2	METALCORE,HARDCORE	EN	0.5379999999999999	0.955	1.0	0.0	0.467	130.018	245053	METAL
fI7wwsUgVyBOiXcz	DEATHCORE,PROGRESSIVE DEATHCORE,METALCORE,DEATH METAL	EN	0.446	0.993	3.0	0.0	0.129	129.977	291788	METAL
KCULoldOBbDRDQsa	METALCORE,POST-HARDCORE,DEATHCORE	EN	0.398	0.903	1.0	1.0	0.317	144.679	185299	METAL
3JE29PEc1nCKyA47	PROGRESSIVE METAL,TECHNICAL DEATH METAL	EN	0.357	0.973	1.0	1.0	0.296	129.934	318304	METAL
fBIRYJ2yoW5U0JjH	METAL,NWOBHM,METAL,NWOBHM	EN	0.305	0.968	0.0	1.0	0.382	136.06799999999998	217307	METAL
4RH0bstXSpQfieBV	POWER METAL	EN	0.414	0.994	11.0	0.0	0.178	90.041	222293	METAL
GMbT2FqKwO4RbJAU	PROGRESSIVE METAL,DJENT	EN	0.479	0.981	2.0	1.0	0.0688	125.029	306293	METAL
ZitKGVgz4Ak9ZIxJ	HARDCORE,METALCORE,POST-HARDCORE,HARDCORE PUNK	EN	0.267	0.682	2.0	1.0	0.24	136.21200000000002	145827	METAL
cFKeKhifFqlAJ6SK	TECHNICAL DEATH METAL,DEATH METAL,BRUTAL DEATH METAL	EN	0.453	0.993	2.0	1.0	0.147	92.535	204821	METAL
nJ1d2gM99jxik8cG	METALCORE,PROGRESSIVE METALCORE	EN	0.52	0.962	8.0	0.0	0.275	115.978	231378	METAL
pRh0vTL4tRxSYlby	MELODIC BLACK METAL,BLACK METAL	EN	0.475	0.95	4.0	1.0	0.302	124.987	271280	METAL
KW7FYxwQGGmhcZEQ	PROGRESSIVE METAL	EN	0.4920000000000001	0.967	1.0	1.0	0.341	100.541	256733	METAL
EJbB1DziKslgM09i	DRONE,DOOM METAL,DRONE METAL,DARK AMBIENT	EN	0.0595	0.138	11.0	1.0	0.0284	68.189	880000	METAL
IjBcRiL0UgluGi1C	DEATH METAL	EN	0.256	0.862	1.0	1.0	0.474	81.88600000000002	241227	METAL
iENUBgi73chghXFL	BLACK METAL,DOOM METAL,DEPRESSIVE BLACK METAL	EN	0.0843	0.968	3.0	0.0	0.134	78.08	298627	METAL
puIDlKaK5P5VdNCt	BLACK METAL,INDUSTRIAL METAL,INDUSTRIAL BLACK METAL,METAL	EN	0.205	0.97	1.0	1.0	0.04	112.697	252733	METAL
T1t13l1je3HsKGsN	PROGRESSIVE METAL	EN	0.43	0.863	11.0	0.0	0.3720000000000001	159.965	390120	METAL
23NOs1w2qaSzSLE4	PROGRESSIVE METAL	EN	0.407	0.71	4.0	0.0	0.155	97.743	224493	METAL
Dc3IOgnrk2rIGo52	MELODIC DEATH METAL,BLACK METAL,DEATH METAL,METAL	EN	0.429	0.945	1.0	1.0	0.607	173.041	200400	METAL
LaQnxanNo2ZbQDqn	THRASH METAL,METAL,SPEED METAL	EN	0.125	0.737	0.0	1.0	0.19	189.674	216933	METAL
9lBRtANvWC8EqDg4	POST-HARDCORE,METALCORE	EN	0.225	0.943	0.0	1.0	0.09	135.9	323347	METAL
8asbbpARsyM1FaRg	GOTHIC METAL,DOOM METAL,METAL,GOTHIC METAL,DOOM METAL,DEATH METAL	EN	0.445	0.882	0.0	1.0	0.101	127.577	304547	METAL
4mhmSdRmnG0tO3M9	MELODIC DEATH METAL,MELODIC DEATH METAL,DEATH METAL	EN	0.599	0.247	7.0	0.0	0.319	119.993	149547	METAL
JIDFnCIilxuRyLOP	METAL	EN	0.532	0.441	11.0	0.0	0.204	83.99799999999998	264200	METAL
oViGA3pzWWjW7428	MELODIC DEATH METAL,METALCORE,DEATH METAL	EN	0.284	0.926	8.0	1.0	0.193	185.659	291693	METAL
zCyTGEj63mPWr7nZ	METAL	EN	0.333	0.944	4.0	1.0	0.398	156.226	279400	METAL
g4zRZtPdyLOiaDz8	BLACK METAL,ATMOSPHERIC BLACK METAL,DEPRESSIVE BLACK METAL	EN	0.226	0.826	5.0	1.0	0.274	119.663	451893	METAL
DqWXzJvyRsdTQ0Qk	INDUSTRIAL METAL,METAL,EXPERIMENTAL	EN	0.482	0.597	0.0	1.0	0.365	114.779	201333	METAL
Qdf06iwYVpAoQdLy	DEATH METAL	EN	0.209	0.8390000000000001	8.0	1.0	0.389	134.93200000000002	277467	METAL
tcoOgROfeV8jxwMS	METALCORE	EN	0.174	0.958	5.0	1.0	0.259	138.072	292900	METAL
qdlSVIQHo7DIVTe5	BLACK METAL,METAL,ATMOSPHERIC BLACK METAL,MELODIC BLACK METAL,DEPRESSIVE BLACK METAL	EN	0.284	0.868	7.0	0.0	0.0399	141.931	749947	METAL
7alHkTpqV2cbf8G6	ALTERNATIVE METAL,NU METAL,METAL	EN	0.608	0.86	8.0	1.0	0.269	113.972	371653	METAL
ygs4zUcSr3H52pzt	THRASH METAL,METAL,SPEED METAL	EN	0.259	0.965	7.0	1.0	0.392	168.641	344067	METAL
7Jb6lWzY85ZG6Tby	METAL,INDUSTRIAL METAL,GROOVE METAL,THRASH METAL	EN	0.6679999999999999	0.7879999999999999	5.0	1.0	0.6920000000000001	137.38	251533	METAL
AUfNNLCU7OYqQYAb	METALCORE,METAL,MELODIC DEATH METAL,HARDCORE	EN	0.197	0.956	10.0	0.0	0.209	177.018	244773	METAL
Qeect9YeiKChMli9	METAL,GOTHIC METAL,SYMPHONIC METAL,SYMPHONIC METAL,GOTHIC METAL	EN	0.461	0.875	1.0	0.0	0.423	102.997	221698	METAL
k8RNljCDPp2jqmPP	SYMPHONIC METAL,GOTHIC METAL,METAL	EN	0.4970000000000001	0.924	0.0	1.0	0.363	120.046	297413	METAL
yV3wgXip0DPJD0xb	METAL,POWER METAL	EN	0.53	0.913	0.0	1.0	0.5720000000000001	114.326	278560	METAL
sTzd0XVWqTFgvWYd	SYMPHONIC METAL,PROGRESSIVE METAL	EN	0.481	0.399	9.0	0.0	0.162	83.882	225013	METAL
tXiEgDPlaMNrC24p	DEPRESSIVE BLACK METAL,BLACK METAL	EN	0.253	0.742	4.0	0.0	0.0665	145.048	630187	METAL
YXym3i7pkw9sqxoM	DEATH METAL,METAL	EN	0.277	0.962	7.0	1.0	0.219	113.573	198133	METAL
UVp0qQjf0ENKLC8h	METALCORE	EN	0.227	0.993	8.0	1.0	0.162	114.205	232480	METAL
5SHBToIKSwKCCjgv	GOTHIC METAL,ALTERNATIVE METAL,METAL	EN	0.454	0.906	0.0	1.0	0.477	135.946	214667	METAL
mSLFOhZkFwry28We	GROOVE METAL,METAL,GROOVE METAL,METALCORE,METAL	EN	0.447	0.993	7.0	1.0	0.315	193.915	196439	METAL
xZfKhGT9dEbT1ESv	HARDCORE,METALCORE,METAL,HARDCORE,METALCORE,METAL	EN	0.575	0.906	8.0	1.0	0.672	92.693	178667	METAL
aQXggFPoMfftph16	ALTERNATIVE METAL,SCREAMO	EN	0.475	0.978	8.0	1.0	0.378	125.911	178640	METAL
8ig1HoDpdn0IL96U	THRASH METAL,PROGRESSIVE METAL,METAL	EN	0.287	0.904	1.0	1.0	0.275	184.491	311587	METAL
esCrzkhcUgU1TIn9	GOTHIC METAL,HALLOWEEN,DOOM METAL,METAL	EN	0.279	0.8540000000000001	9.0	1.0	0.219	145.765	515933	METAL
H2rvjiPuedabd4Eb	THRASH METAL	EN	0.191	0.994	4.0	0.0	0.196	161.84799999999996	303413	METAL
ZDwodGlVLDreAqCY	BLACK METAL,MELODIC BLACK METAL,GOTHIC METAL,SYMPHONIC BLACK METAL	EN	0.184	0.936	2.0	1.0	0.04	175.14700000000005	262960	METAL
evjiY64ZxlVYXIJq	METALCORE,MELODIC DEATH METAL,METAL,HARDCORE	EN	0.49	0.934	11.0	0.0	0.146	139.983	290267	METAL
oU2ZHvbupLJCrzs3	SYMPHONIC METAL,GOTHIC METAL,METAL	EN	0.5770000000000001	0.7879999999999999	5.0	0.0	0.575	138.002	313282	METAL
sXs07s8pGJrVu9B5	GRUNGE,DOOM METAL	EN	0.347	0.742	6.0	1.0	0.192	108.184	358362	METAL
9oWhjVSJnq2kroXb	PROGRESSIVE METAL,ALTERNATIVE METAL	EN	0.417	0.787	4.0	0.0	0.218	155.736	356453	METAL
6ZjeKuBzH5KIdJEZ	HARDCORE,METALCORE,POST-HARDCORE,HARDCORE,POST-HARDCORE,METALCORE	EN	0.293	0.926	10.0	1.0	0.243	88.664	236000	METAL
0jKwPLYb6trS9vUG	HARDCORE,METAL,METALCORE,POST-HARDCORE	EN	0.376	0.982	5.0	0.0	0.15	148.92600000000004	233964	METAL
Eh9WTXcblUPPvvYG	HARDCORE,METAL,METALCORE,EMO,INDUSTRIAL METAL,SCREAMO	EN	0.358	0.967	0.0	1.0	0.3670000000000001	119.58	225333	METAL
xWtD6Wth0JRdAk3C	METAL,NU METAL,ALTERNATIVE METAL	EN	0.563	0.983	6.0	0.0	0.22	127.584	325427	METAL
iYWu8Y8ydaNXGFBb	METAL	EN	0.508	0.926	2.0	0.0	0.491	136.89	295213	METAL
H18mxEIJ5r8p1r0I	DEATH METAL,HARDCORE	EN	0.166	0.991	0.0	1.0	0.109	98.992	282196	METAL
0mpDFb1MSL6M6QDw	DEATH METAL,TECHNICAL DEATH METAL,PROGRESSIVE METAL,METAL	EN	0.325	0.986	7.0	1.0	0.152	123.153	445867	METAL
Vf5j7qwdiTVNWVDZ	DOOM METAL	EN	0.198	0.892	6.0	1.0	0.423	132.865	264827	METAL
LmuaCqQNb4jSuQQo	METALCORE,METAL	EN	0.433	0.972	5.0	0.0	0.401	163.95	210333	METAL
t17iI7QMmYiS8ekj	POWER METAL,METAL	EN	0.435	0.937	11.0	1.0	0.266	135.09	230661	METAL
KmM0jAJVibX6ECT6	BLACK METAL,SWEDISH BLACK METAL	EN	0.146	0.987	3.0	1.0	0.0291	159.985	332973	METAL
wpZoxuqcCvd1V6LB	POWER METAL,METAL	EN	0.19	0.8590000000000001	7.0	0.0	0.153	72.39	383627	METAL
Am4CYm0oZdEkUWX0	MELODIC DEATH METAL,DEATH METAL	EN	0.237	0.955	7.0	1.0	0.322	119.673	215507	METAL
imCSIpfMpFfM68qZ	MATHCORE,DEATH METAL,METALCORE,DJENT	EN	0.134	0.8809999999999999	11.0	1.0	0.0495	175.01	322787	METAL
UhGwgGVF6H0MqKjR	MELODIC DEATH METAL,DEATH METAL,VIKING METAL	EN	0.398	0.932	11.0	0.0	0.3	142.69799999999995	337853	METAL
NntcsUdVyiy6QpVq	DEATH METAL,BRUTAL DEATH METAL	EN	0.23	0.984	1.0	1.0	0.0836	152.399	177320	METAL
VdjYK1aY9x0ifhim	POWER METAL,PROGRESSIVE METAL,POWER METAL,PROGRESSIVE METAL	EN	0.35	0.937	9.0	1.0	0.157	158.187	418240	METAL
cGCUgJ0aXzBmFvnG	BLACK METAL,MELODIC BLACK METAL,USBM,ATMOSPHERIC BLACK METAL	EN	0.434	0.975	10.0	0.0	0.215	97.492	358683	METAL
AJRKV0wmT7kZuUR5	PROGRESSIVE METAL,SLUDGE METAL,METAL	EN	0.318	0.987	7.0	0.0	0.219	97.84	121507	METAL
y40w4GOxr0pPp5Yq	HARDCORE,STRAIGHT EDGE,METALCORE	EN	0.29	0.994	11.0	1.0	0.331	139.065	210996	METAL
gZ8CBUqkPoxUaCze	DEATHCORE,BRUTAL DEATHCORE,HARDCORE,METALCORE	EN	0.395	0.952	6.0	1.0	0.394	150.049	233897	METAL
AzrmVKxzAk6b32oD	MELODIC DEATH METAL,METAL,PROGRESSIVE METAL,DEATH METAL	EN	0.461	0.928	7.0	1.0	0.591	112.506	314427	METAL
8kORMF4tcvmG13f4	METAL	EN	0.441	0.78	2.0	0.0	0.291	110.18	387543	METAL
w47mItdBulBb1HJZ	METAL,POWER METAL,POWER METAL,METAL	EN	0.531	0.322	9.0	1.0	0.197	121.053	310733	METAL
aoA8JVjeq4FPw7ML	GOTHIC METAL	EN	0.466	0.922	9.0	0.0	0.511	72.5	223933	METAL
GqgoypTp5ISBgR72	DEATH METAL,DEATH METAL	EN	0.348	0.973	10.0	0.0	0.374	152.235	133067	METAL
NVebdSfCwCixP7kS	MELODIC DEATH METAL,DEATH METAL,METAL	EN	0.562	0.907	7.0	1.0	0.46	130.0	258240	METAL
jJnbLMIyxulRWydE	MELODIC DEATH METAL,MELODIC BLACK METAL	EN	0.15	0.971	11.0	0.0	0.0393	199.958	331964	METAL
7CH7IWjWCLTqcTPZ	MELODIC DEATH METAL,DEATH METAL,MELODIC DEATH METAL,DEATH METAL	EN	0.426	0.993	6.0	1.0	0.257	145.009	354560	METAL
exzQ8iqQkR83D1sI	THRASH METAL,METAL,GERMAN THRASH METAL	EN	0.252	0.977	7.0	1.0	0.111	107.049	366160	METAL
VPyG00yjlORJso0n	INDUSTRIAL,METAL,INDUSTRIAL METAL	EN	0.653	0.888	11.0	1.0	0.513	128.004	276297	METAL
VmkBafkeuJsReIRH	METALCORE,HARDCORE,METAL,METALCORE,HARDCORE	EN	0.143	0.975	8.0	1.0	0.29	180.08599999999996	233787	METAL
PyGdJg4KlUVNRpgf	POWER METAL,METAL,SPEED METAL	EN	0.33	0.973	11.0	0.0	0.241	187.963	369187	METAL
QOb3szDgDSy9hi24	PROGRESSIVE METAL,DEATH METAL,METAL	EN	0.273	0.382	9.0	0.0	0.143	137.87	471133	METAL
yMwSYtKRuCg0kfZf	POST-HARDCORE,METALCORE,SCREAMO,HARDCORE	EN	0.28	0.98	10.0	1.0	0.217	159.811	204213	METAL
VaQKODSrTJRV3QnO	NU METAL,ALTERNATIVE METAL	EN	0.51	0.821	4.0	1.0	0.413	76.512	258561	METAL
dsPh5DKgGL89wkLD	POWER METAL	EN	0.384	0.522	7.0	0.0	0.122	137.935	295707	METAL
aaze0tXFp6ksFNxV	HALLOWEEN,SOUNDTRACK,INDUSTRIAL,METAL,INDUSTRIAL METAL	EN	0.482	0.942	5.0	0.0	0.334	168.071	202333	METAL
SzmJy7TwDLAXZGZu	GOTHIC METAL	EN	0.333	0.828	9.0	0.0	0.349	139.596	272760	METAL
1u3dfJg7WTsoJkuF	DOOM METAL,BLACK METAL	EN	0.295	0.773	10.0	0.0	0.306	120.025	376520	METAL
JlBCW8MQpr8kQ5Li	POST-HARDCORE,METALCORE,HARDCORE	EN	0.491	0.662	8.0	1.0	0.19	120.115	293810	METAL
7qzfoPgNO8yZHy7m	PROGRESSIVE METAL,EXPERIMENTAL,PROGRESSIVE METALCORE	EN	0.305	0.966	9.0	1.0	0.222	109.847	1073587	METAL
8xH9pR9V8fmRYoFO	POST-HARDCORE,METALCORE,POST-HARDCORE,METALCORE,SCREAMO	EN	0.5489999999999999	0.887	1.0	0.0	0.148	100.043	280351	METAL
5PZpA1yd97J4YBvM	POST-HARDCORE,HARDCORE,METALCORE	EN	0.478	0.998	2.0	1.0	0.0382	115.008	209160	METAL
qOSKVIhUt64THktf	GOTHIC METAL,METAL,DOOM METAL	EN	0.531	0.883	1.0	1.0	0.448	103.022	318467	METAL
GsIgC6ksETZwCGcT	DEATH METAL,METAL,BRUTAL DEATH METAL	EN	0.344	0.989	8.0	1.0	0.18	146.17600000000004	273960	METAL
NZ8mMFd9gIybyFFH	BLACK METAL,NORWEGIAN BLACK METAL,METAL	EN	0.0808	0.85	1.0	1.0	0.039	170.488	194520	METAL
cX6zDjjchTIZcuEH	METALCORE,THRASH METAL,METAL,HARDCORE	EN	0.153	0.986	2.0	1.0	0.208	174.06599999999997	341093	METAL
M0DKKjxOZXSEdHUH	THRASH METAL,METAL	EN	0.241	0.976	9.0	1.0	0.374	166.24900000000005	348467	METAL
essw49P578TVGqfx	MELODIC DEATH METAL,DEATH METAL,METAL,POWER METAL	EN	0.461	0.961	8.0	1.0	0.416	96.009	234880	METAL
U8zcnb7dwiy7U3UJ	GOTHIC METAL,ALTERNATIVE METAL,METAL	EN	0.524	0.857	9.0	0.0	0.221	120.005	222400	METAL
Yo5zSISQcy4cPlsp	DOOM METAL,MELODIC BLACK METAL,METAL,GOTHIC METAL	EN	0.464	0.944	10.0	0.0	0.551	139.97	280707	METAL
ajLMdPGkEV3YGGmm	MELODIC DEATH METAL,METAL	EN	0.4970000000000001	0.97	6.0	1.0	0.514	119.984	152987	METAL
LqxTLLYk5xYqvlM8	SYMPHONIC METAL,GOTHIC METAL,POWER METAL,METAL	EN	0.481	0.918	5.0	1.0	0.271	80.028	263398	METAL
gHzaUdccL2GjQmQJ	PROGRESSIVE METAL,DOOM METAL,METAL	EN	0.4270000000000001	0.903	2.0	1.0	0.219	129.64600000000002	275133	METAL
khSqlFyyzLF2zczT	METALCORE,HARDCORE,METAL,SCREAMO	EN	0.476	0.922	0.0	1.0	0.253	96.547	236172	METAL
WQleu3ByNoMvHNF8	POWER METAL	EN	0.479	0.878	1.0	0.0	0.286	104.013	249507	METAL
rZVGR3dHokONghuq	METAL,NU METAL,PROGRESSIVE METAL	EN	0.466	0.947	7.0	1.0	0.0772	128.556	351027	METAL
ZJZyFEsCTJ7ARAjV	POST-BLACK METAL,METAL	EN	0.172	0.718	2.0	0.0	0.0505	149.03799999999995	553681	METAL
H5L9TMhn7SHbk5lU	METALCORE,THRASH METAL,METAL,METALCORE,THRASH METAL,METAL	EN	0.512	0.946	6.0	0.0	0.429	106.038	311853	METAL
wSVxGHWFlNS2eL1T	MELODIC DEATH METAL,DEATH METAL,METAL,FINNISH METAL	EN	0.0719	0.993	3.0	0.0	0.0734	70.579	263093	METAL
iMQvw5IzWhXmLuiq	METALCORE,POST-HARDCORE,HARDCORE,METAL,METALCORE,POST-HARDCORE,ALTERNATIVE METAL	EN	0.518	0.963	4.0	1.0	0.114	134.982	246538	METAL
52HEXtsUTVtCeJTd	THRASH METAL,METAL,GROOVE METAL	EN	0.229	0.969	9.0	1.0	0.106	148.918	542587	METAL
MCgX8mL3forvhg7T	THRASH METAL,METAL	EN	0.239	0.87	6.0	1.0	0.722	88.684	240760	METAL
MF54ih84wrRoYdEl	METALCORE,HARDCORE,METAL,MELODIC DEATH METAL	EN	0.293	0.996	8.0	1.0	0.269	175.09400000000005	282533	METAL
IjFUdkynVJyVmF0m	POWER METAL	EN	0.468	0.933	1.0	0.0	0.392	143.076	218080	METAL
L6H3mmFzpT92jQlX	METALCORE,HARDCORE,CHRISTIAN METAL,POST-HARDCORE,MELODIC METALCORE	EN	0.398	0.96	8.0	1.0	0.317	164.95	231627	METAL
Vm3Z4hUXWhOuQtKJ	POST-HARDCORE,METALCORE,SCREAMO,EMOCORE	EN	0.408	0.913	4.0	1.0	0.285	130.028	247213	METAL
D0Mr4Cb8mU3unca3	PROGRESSIVE METAL,METAL	EN	0.179	0.979	1.0	0.0	0.225	75.298	324093	METAL
CeEvTuVwUlXnSn7z	POST-METAL,POST-HARDCORE,PROGRESSIVE METAL	EN	0.354	0.955	6.0	1.0	0.29	149.83700000000005	301093	METAL
YccFxBgggRuz1dTA	DOOM METAL	EN	0.171	0.971	1.0	1.0	0.0639	105.154	329040	METAL
N5dri6eQtTZJFR29	BLACK METAL,NORWEGIAN BLACK METAL,MELODIC BLACK METAL	EN	0.408	0.966	8.0	1.0	0.418	154.18	233467	METAL
kwpVfjbNnyIbEhDp	DOOM METAL	EN	0.364	0.933	6.0	0.0	0.241	90.089	239862	METAL
4ENGbcTqz1QInFCN	DEATH METAL,METAL	EN	0.151	0.961	0.0	1.0	0.12	161.293	304267	METAL
AMvtrbBXBetxxrxy	BLACK METAL,SYMPHONIC BLACK METAL,MELODIC BLACK METAL	EN	0.181	0.963	7.0	0.0	0.0671	111.268	317307	METAL
UX1jzHrH2CoIsGxi	POWER METAL,SYMPHONIC METAL,PROGRESSIVE METAL,POWER METAL,SYMPHONIC METAL	EN	0.315	0.8640000000000001	6.0	0.0	0.215	139.98	373342	METAL
dmo4pqOdOl1zShtt	DEATH METAL,BLACK METAL	EN	0.166	0.887	4.0	1.0	0.2	105.342	251280	METAL
7Y64uiItapJeZ18i	THRASH METAL,DEATH METAL	EN	0.259	0.994	1.0	0.0	0.19	106.602	269360	METAL
zIBuQCKHNn65daSO	SYMPHONIC METAL,POWER METAL	EN	0.459	0.5820000000000001	11.0	0.0	0.161	123.98	312187	METAL
YWedaXd6GgybPnmX	THRASH METAL,METAL,SPEED METAL	EN	0.506	0.948	7.0	1.0	0.556	133.02200000000002	195320	METAL
toPTloOTHFebeoiC	METALCORE,HARDCORE PUNK	EN	0.316	0.91	2.0	1.0	0.19	97.519	158520	METAL
zTke3uLKBE986hKJ	THRASH METAL,BLACK METAL,METAL	EN	0.233	0.912	5.0	1.0	0.383	121.221	309707	METAL
BulNLyUT6EYbxXCz	THRASH METAL,METAL,SPEED METAL	EN	0.334	0.8140000000000001	11.0	0.0	0.677	150.816	284040	METAL
JNT1KhjTboyAQwrq	PROGRESSIVE METAL,AVANT-GARDE,METAL,SYMPHONIC METAL,PROGRESSIVE METAL	EN	0.5489999999999999	0.8759999999999999	7.0	1.0	0.6659999999999999	146.878	248160	METAL
Lm8pfMI0aonIKwRQ	HARDCORE,METALCORE,MATHCORE	EN	0.161	0.981	9.0	1.0	0.0861	87.738	257320	METAL
E3vBkbtJcgUGxpkt	SYMPHONIC METAL,METAL	EN	0.303	0.914	9.0	0.0	0.147	166.058	301960	METAL
CvVHzDk13GXsN0gK	DOOM METAL,BLACK METAL	EN	0.556	0.882	8.0	1.0	0.37	130.137	144520	METAL
MQTs8IGjLVAduDyC	PROGRESSIVE METAL,METAL,MELODIC DEATH METAL	EN	0.362	0.846	0.0	0.0	0.224	119.04	247040	METAL
OcQLr9tqBgdmoB1d	THRASH METAL,GROOVE METAL	EN	0.5	0.927	6.0	1.0	0.227	97.503	271147	METAL
siA6GltDOi7gE4Xb	GOTHIC METAL,SYMPHONIC METAL	EN	0.306	0.6409999999999999	2.0	0.0	0.226	114.05	454600	METAL
CwOl33MARfgL5VU0	SYMPHONIC METAL,GOTHIC METAL,METAL	EN	0.143	0.487	1.0	0.0	0.0765	176.442	455853	METAL
YIyDL7HrmESTzJeX	PROGRESSIVE METAL,DEATH METAL,METAL	EN	0.335	0.6629999999999999	10.0	1.0	0.046	95.324	270226	METAL
CUls7VMfXuRd0kxQ	MELODIC DEATH METAL,PROGRESSIVE METAL,DEATH METAL	EN	0.465	0.94	2.0	0.0	0.478	120.015	234373	METAL
0WHi0iJApCrg1iY1	BLACK METAL,ATMOSPHERIC BLACK METAL,SYMPHONIC BLACK METAL	EN	0.398	0.997	0.0	1.0	0.234	120.718	505760	METAL
pHPCi4ccqO5oEGio	NU METAL,METAL	EN	0.399	0.947	11.0	0.0	0.527	172.19400000000005	202933	METAL
nW1Puedlr0BV2juv	BLACK METAL,NORWEGIAN BLACK METAL,METAL	EN	0.154	0.8640000000000001	5.0	0.0	0.0969	133.605	259880	METAL
JOIhV0PjTXgY3fVa	PROGRESSIVE METAL,METAL	EN	0.578	0.978	6.0	1.0	0.324	139.94799999999998	254613	METAL
UxNM1hlRL7xZYgkw	POWER METAL,SYMPHONIC METAL	EN	0.442	0.941	11.0	1.0	0.365	90.977	329160	METAL
A5pLP4JrR5uAmoGY	SYMPHONIC METAL	EN	0.416	0.581	5.0	0.0	0.463	143.74200000000005	233040	METAL
nusTuwvjArJaxK4s	NWOBHM,METAL	EN	0.201	0.959	2.0	1.0	0.6659999999999999	184.314	203507	METAL
rAcZlnYkhgQyFEHX	THRASH METAL,BLACK METAL,METAL	EN	0.146	0.962	11.0	0.0	0.26	169.56099999999995	219173	METAL
86nfp07wP3lzwuiB	DOOM METAL	EN	0.33	0.86	8.0	0.0	0.321	82.079	413680	METAL
OEzO6y6QGtpD6kzv	DEATH METAL,METAL	EN	0.4920000000000001	0.88	9.0	0.0	0.166	109.917	306027	METAL
Hcne0kLjWJUqfcMQ	METALCORE,METAL,HARDCORE	EN	0.397	0.978	7.0	0.0	0.552	93.538	215533	METAL
4982DC34f7SvSMbo	NU METAL	EN	0.412	0.8959999999999999	2.0	1.0	0.434	172.343	203921	METAL
6D7zrK0Adoi9k7BF	DOOM METAL	EN	0.407	0.69	11.0	0.0	0.1689999999999999	95.152	466347	METAL
Pi5hd9KOZb6JKLTM	MELODIC DEATH METAL,PROGRESSIVE METAL,METAL	EN	0.314	0.807	0.0	0.0	0.184	150.009	304453	METAL
OEYpjoBkpFV2TNMp	SYMPHONIC METAL,METAL	EN	0.459	0.8809999999999999	1.0	0.0	0.324	140.076	281093	METAL
pXr0tD4gJWk2wf5W	PROGRESSIVE METAL	EN	0.391	0.895	9.0	0.0	0.165	180.03900000000004	343906	METAL
pgTCCBD5vSBRWnof	ALTERNATIVE METAL,NU METAL,METAL	EN	0.262	0.867	8.0	1.0	0.485	179.985	172587	METAL
zj3lIyd877YYmnK3	THRASH METAL,METAL	EN	0.202	0.938	11.0	0.0	0.0468	145.469	229000	METAL
vIBlFf4Kg54uPV2u	METALCORE,HARDCORE,MELODIC METALCORE	EN	0.485	0.968	5.0	0.0	0.269	91.973	271500	METAL
BrsGgU1kzFBowbiE	PROGRESSIVE METAL,THRASH METAL	EN	0.295	0.892	5.0	1.0	0.297	158.148	268800	METAL
0FRbAryyGkmjiLe3	PROGRESSIVE BLACK METAL,METAL,BLACK METAL	EN	0.484	0.969	1.0	0.0	0.0658	110.012	448837	METAL
JR8hfWnRyYg5XeWq	THRASH METAL,METAL,GROOVE METAL,METALCORE,DEATH METAL	EN	0.496	0.992	9.0	0.0	0.339	107.035	230453	METAL
xU127O2bSnC52Z3V	ATMOSPHERIC BLACK METAL,BLACK METAL,SYMPHONIC BLACK METAL	EN	0.38	0.701	9.0	0.0	0.35	100.021	559867	METAL
7f4DDXOxn8BAl6bq	BLACK METAL,DEATH METAL,MELODIC BLACK METAL	EN	0.191	0.942	0.0	1.0	0.165	118.348	261680	METAL
dNBhVtX7vyAivxMH	POST-METAL	EN	0.121	0.804	0.0	0.0	0.118	91.772	435960	METAL
B5CehbyalmwJnrh1	SYMPHONIC METAL,POWER METAL,GOTHIC METAL	EN	0.4	0.866	7.0	1.0	0.213	155.06	208490	METAL
N4uJvDdwRGliK9e0	BLACK METAL,MELODIC BLACK METAL	EN	0.305	0.936	11.0	0.0	0.0774	108.028	296000	METAL
ZUDWiUCnyxuRXTTF	SYMPHONIC METAL,POWER METAL	EN	0.489	0.863	2.0	0.0	0.374	99.002	270667	METAL
2lujYv1SW2hLEXTe	DISCO,FUNK,PROGRESSIVE METAL,DISCO,FUNK	EN	0.698	0.853	1.0	1.0	0.879	107.347	205507	METAL
IUtG0UfXryY5IRp0	PROGRESSIVE METAL,METAL,METALCORE	EN	0.542	0.987	1.0	1.0	0.204	110.013	236600	METAL
tBs338WdfrLWyh23	MELODIC METALCORE,ALTERNATIVE METAL,METALCORE	EN	0.505	0.981	2.0	1.0	0.256	120.052	249747	METAL
c9YW8HUQuPmgto6a	GOTHIC METAL	EN	0.537	0.92	3.0	1.0	0.55	122.012	227320	METAL
MfNzvBJxcz3ydrG6	DEATH METAL	EN	0.187	0.907	6.0	1.0	0.261	73.57	269867	METAL
9d8VvIeEUzhqT2Kt	POST-HARDCORE,METALCORE,HARDCORE,SCREAMO	EN	0.273	0.973	1.0	0.0	0.179	133.428	229120	METAL
fm3ttKhSq1kJKZ8f	SYMPHONIC METAL,GOTHIC METAL	EN	0.463	0.893	1.0	0.0	0.324	108.935	291307	METAL
iOIG6UIU53k81aMN	PROGRESSIVE METAL,METAL	EN	0.261	0.938	5.0	0.0	0.256	132.47	346573	METAL
ELujv4vpJ6Yi9L0B	DEATHCORE,METALCORE,GRINDCORE	EN	0.292	0.988	1.0	1.0	0.355	104.343	191880	METAL
D2Cbm7fHdSkYqky1	PROGRESSIVE METAL,DOOM METAL	EN	0.468	0.745	5.0	0.0	0.463	100.008	248440	METAL
Sttib6sXjTQhiaIJ	THRASH METAL,METAL,THRASH METAL,DEATH METAL,METAL	EN	0.512	0.946	8.0	1.0	0.13	139.0	214667	METAL
kdBDdierqubVOtY1	GOTHIC METAL,SYMPHONIC METAL	EN	0.5329999999999999	0.475	0.0	1.0	0.217	129.92700000000002	357040	METAL
CDzPhtF0kZXKvmPV	METALCORE,PROGRESSIVE METALCORE	EN	0.421	0.942	6.0	0.0	0.303	77.57300000000002	225801	METAL
b9hqkKhuu9yqb4Qw	DEATH METAL,MELODIC BLACK METAL	EN	0.488	0.969	10.0	0.0	0.336	110.022	242242	METAL
ojbwCMSHgIDT6Qq6	METALCORE,MATHCORE,HARDCORE,METAL	EN	0.3670000000000001	0.979	1.0	1.0	0.176	170.037	212467	METAL
GWG4oACBQAbfwA8P	MELODIC DEATH METAL,FINNISH METAL,DEATH METAL,METAL	EN	0.422	0.954	2.0	1.0	0.271	87.552	246827	METAL
BKnTQxqe1KAj03wT	MELODIC DEATH METAL,FINNISH METAL,DEATH METAL,METAL	EN	0.456	0.958	1.0	0.0	0.282	105.047	274387	METAL
G0fKiiGcvhBCnz0W	METALCORE,DEATHCORE,POST-HARDCORE,METAL,HARDCORE	EN	0.166	0.851	8.0	1.0	0.0636	102.251	322360	METAL
bldDAaH5Lr2XZ4Ix	DOOM METAL,GOTHIC METAL,DEATH METAL	EN	0.0993	0.94	0.0	1.0	0.202	81.557	309853	METAL
YfaMn8HVS8IVqTK1	INDUSTRIAL METAL,SOUNDTRACK,INDUSTRIAL,METAL,INDUSTRIAL METAL,METAL,INDUSTRIAL	EN	0.465	0.8290000000000001	9.0	1.0	0.261	140.071	265160	METAL
kW6LAthOtH3aDLxi	PROGRESSIVE METAL,PROGRESSIVE METALCORE,METALCORE	EN	0.276	0.977	6.0	0.0	0.242	103.138	602427	METAL
jEEaRtLxXlUAczVE	POWER METAL	EN	0.398	0.902	9.0	1.0	0.266	137.936	294505	METAL
PzqocXATan8JYi1E	SYMPHONIC METAL,GOTHIC METAL,POWER METAL	EN	0.202	0.873	11.0	0.0	0.203	174.737	349587	METAL
7gdNH895PAn3fbEK	METALCORE,POST-HARDCORE	EN	0.159	0.287	4.0	0.0	0.0558	95.087	187973	METAL
dhs2UxjZLjZSA3MT	STONER METAL,DOOM METAL	EN	0.17	0.978	1.0	1.0	0.349	171.507	256387	METAL
nV10DgG98KowfWmy	METAL	EN	0.274	0.8959999999999999	11.0	0.0	0.242	104.47	296827	METAL
uaOlgELHIIHYMsAw	POWER METAL,METAL	EN	0.5	0.545	10.0	1.0	0.118	123.974	246053	METAL
7SIIEdazDlslNWZM	METALCORE,HARDCORE,MATHCORE,METAL	EN	0.442	0.981	0.0	1.0	0.0571	95.018	227053	METAL
obox4LdQLN05hTev	METAL,METALCORE,GROOVE METAL,ALTERNATIVE METAL	EN	0.417	0.935	4.0	1.0	0.254	135.957	222627	METAL
WVxfEj9Cq2htwVfK	DEATH METAL,METAL	EN	0.184	0.994	0.0	1.0	0.0374	87.03299999999999	277200	METAL
sSwTI2ZDV7F1voRu	BRUTAL DEATH METAL,DEATH METAL,TECHNICAL BRUTAL DEATH METAL,TECHNICAL DEATH METAL	EN	0.308	0.974	3.0	0.0	0.152	128.755	178080	METAL
sMWKNST1fj7og8se	DEATH METAL,PROGRESSIVE METAL,TECHNICAL DEATH METAL	EN	0.318	0.828	8.0	0.0	0.0767	159.963	514146	METAL
s91MDkP5FLPCYE3S	MELODIC DEATH METAL,POWER METAL,DEATH METAL,METAL	EN	0.448	0.976	2.0	1.0	0.356	94.003	284733	METAL
VQZXKPyqIgqemDP7	THRASH METAL	EN	0.199	0.99	11.0	1.0	0.139	175.049	320720	METAL
9uNAfVs1S37GGBpR	POWER METAL,SPEED METAL,SYMPHONIC METAL,METAL,POWER METAL,SPEED METAL	EN	0.468	0.977	5.0	0.0	0.178	101.25	294173	METAL
MUG0nXPMJTXTkI4v	MELODIC DEATH METAL,DEATH METAL,GOTHENBURG METAL,MELODIC DEATH METAL,DEATH METAL,METAL	EN	0.183	0.949	6.0	0.0	0.162	108.881	271400	METAL
eeR5p25cuheH0d2x	BLACK METAL,THRASH METAL,DEATH METAL	EN	0.144	0.792	6.0	0.0	0.3229999999999999	176.455	275893	METAL
YDsNzLk8xac1DjvQ	GROOVE METAL,THRASH METAL	EN	0.4370000000000001	0.447	11.0	0.0	0.0365	89.294	339507	METAL
VFkBIwPHt5V5fmlp	NU METAL,ALTERNATIVE METAL,DEATH METAL,DEATHCORE,SLUDGE METAL,METAL	EN	0.378	0.919	1.0	0.0	0.1639999999999999	98.027	291160	METAL
apRNNXmc1abpkJ55	SPOKEN WORD,METALCORE,HARDCORE,MELODIC METALCORE	EN	0.493	0.964	7.0	0.0	0.183	150.115	263962	METAL
15oQvCP96HHSz0XJ	HARDCORE,METAL,METALCORE,EMO,MELODIC HARDCORE,HARDCORE,MELODIC HARDCORE,METALCORE	EN	0.211	0.956	5.0	0.0	0.238	155.056	172154	METAL
H6x6AbA1qv5rLpFI	BLACK METAL,METAL	EN	0.421	0.999	4.0	1.0	0.0271	114.076	320435	METAL
lL4LO4YcisF78EgL	BLACK METAL	EN	0.205	0.912	8.0	1.0	0.459	149.672	219453	METAL
NflGILfw6PdXFc1F	DOOM METAL	EN	0.467	0.682	10.0	0.0	0.485	139.989	246880	METAL
skaU451rezXKpLMR	DEATHCORE,BRUTAL DEATHCORE,HARDCORE,METALCORE	EN	0.476	0.866	8.0	0.0	0.107	120.099	133461	METAL
TwR0Ozd9XyzbECaY	POST-HARDCORE,METALCORE	EN	0.525	0.957	0.0	1.0	0.456	97.445	228373	METAL
aVEPBzoEcPj1jRu7	METAL,SPOKEN WORD	EN	0.514	0.963	11.0	0.0	0.6409999999999999	150.002	280900	METAL
yr9kqIUCWNi0R1WW	BLACK METAL,NORWEGIAN BLACK METAL	EN	0.189	0.905	2.0	1.0	0.186	97.164	148800	METAL
5UsPCoV0wdmurO2n	METALCORE,INDUSTRIAL METAL,POST-HARDCORE,METAL	EN	0.482	0.974	9.0	0.0	0.124	110.015	229467	METAL
6VDM3q5I6wMor7rH	ALTERNATIVE METAL	EN	0.166	0.9	1.0	1.0	0.442	189.611	312423	METAL
lXDPLdm0RPOvrD82	DOOM METAL	EN	0.215	0.424	11.0	0.0	0.0616	112.773	512080	METAL
JFZ2agsKmuoMSwG0	POWER METAL,METAL,SPEED METAL	EN	0.36	0.987	0.0	1.0	0.278	153.764	270747	METAL
Djl6z0p7jRWO9aTQ	INDUSTRIAL METAL,INDUSTRIAL METAL,INDUSTRIAL,EXPERIMENTAL	EN	0.465	0.8290000000000001	10.0	0.0	0.28	128.145	186733	METAL
3VFpUwJGHQL6svQm	PROGRESSIVE METAL,DEATH METAL,METAL	EN	0.245	0.8320000000000001	4.0	0.0	0.354	158.053	659427	METAL
VCY9pvLd0cB2j14m	DEATHCORE,METAL,METALCORE,HARDCORE	EN	0.29	0.989	11.0	1.0	0.171	144.782	266293	METAL
VUdRolS1s11YZMbN	BLACK METAL,PROGRESSIVE BLACK METAL,ATMOSPHERIC BLACK METAL,AVANT-GARDE BLACK METAL,TECHNICAL BLACK METAL	EN	0.115	0.904	10.0	0.0	0.0373	94.599	491154	METAL
8pI3bOm7hUcx9jJQ	PROGRESSIVE METAL,TECHNICAL DEATH METAL	EN	0.464	0.968	11.0	1.0	0.609	103.89	319400	METAL
VqFzTFotMuU3S2P9	METAL,MELODIC DEATH METAL,METALCORE	EN	0.392	0.971	8.0	1.0	0.294	94.96	244733	METAL
cCcYI47nVRVELFXI	THRASH METAL,BLACK METAL,BLACK THRASH	EN	0.355	0.978	1.0	1.0	0.0951	92.052	327427	METAL
X3a2xKBrlhpE5ihe	NU METAL,METAL	EN	0.614	0.937	1.0	1.0	0.544	146.996	192613	METAL
PUOwdz33Lz6Xff8c	PROGRESSIVE METAL,METAL,THRASH METAL	EN	0.501	0.948	1.0	0.0	0.272	109.999	281533	METAL
Gmw9EBzssSrHAEMD	BLACK METAL,MELODIC DEATH METAL,MELODIC BLACK METAL,DEATH METAL	EN	0.209	0.977	4.0	0.0	0.307	106.486	400880	METAL
PnG9AvfF1b8HN2Os	DEATH METAL,BRUTAL DEATH METAL	EN	0.428	0.984	1.0	0.0	0.0803	105.24	316213	METAL
h6YWsvN6iDPpefja	DOOM METAL,PROGRESSIVE METAL,GOTHIC METAL	EN	0.419	0.83	5.0	0.0	0.386	95.001	221067	METAL
YDF4vHkeOyUMIMN8	METALCORE,MELODIC HARDCORE,HARDCORE	EN	0.526	0.99	4.0	0.0	0.189	120.013	277355	METAL
bvFPsiMCBxrID81Z	POST-BLACK METAL,ATMOSPHERIC BLACK METAL,BLACK METAL,BLACK METAL,ATMOSPHERIC BLACK METAL,POST-BLACK METAL	EN	0.32	0.8220000000000001	2.0	1.0	0.108	139.912	369800	METAL
hcFTn4t8D6RfGxKt	GOTHIC METAL,SYMPHONIC METAL	EN	0.521	0.821	4.0	0.0	0.452	107.998	383213	METAL
sAOmQAL41Po91jJC	DEATHCORE,HARDCORE,DOWNTEMPO,METALCORE	EN	0.426	0.927	2.0	1.0	0.295	158.02700000000004	191933	METAL
gFFxKQlPEnpNXfuL	SYMPHONIC METAL,POWER METAL,METAL,SYMPHONIC METAL,POWER METAL	EN	0.202	0.89	7.0	1.0	0.242	182.997	259046	METAL
3uJnFApVJw8MLnwx	ATMOSPHERIC BLACK METAL,DARK AMBIENT	EN	0.126	0.635	7.0	1.0	0.0569	87.219	542013	METAL
0ODvAnEaWNDIQ6If	THRASH METAL,METAL,SPEED METAL	EN	0.241	0.989	6.0	0.0	0.404	112.922	241013	METAL
LGeFtoDcCjXhSonC	THRASH METAL,METAL,DEATH METAL	EN	0.296	0.8640000000000001	8.0	0.0	0.25	76.92399999999998	294133	METAL
dKFbzeIw1MKFCa84	NWOBHM,METAL	EN	0.272	0.925	9.0	1.0	0.425	106.505	258880	METAL
DMU5Xpt3URhjXqc4	POST-BLACK METAL,BLACK METAL,ATMOSPHERIC BLACK METAL	EN	0.188	0.763	4.0	0.0	0.105	142.47	593467	METAL
BOJpgsutP5nMt867	MELODIC DEATH METAL	EN	0.457	0.968	4.0	1.0	0.292	142.033	324748	METAL
eqRvtQfZ65Qof8Dw	HARDCORE,METALCORE,MATHCORE	EN	0.276	0.925	6.0	0.0	0.343	183.466	212493	METAL
OnTpfyt3f0hGlFWh	METALCORE,DEATHCORE,NU METAL	EN	0.54	0.97	2.0	1.0	0.183	104.971	173867	METAL
CENoSHestpWAPWUi	THRASH METAL,METAL	EN	0.318	0.939	0.0	1.0	0.382	150.401	272333	METAL
eSPP3DHo5eiwSMI8	MELODIC DEATH METAL,METAL	EN	0.433	0.976	4.0	0.0	0.152	118.491	262600	METAL
UOBdU7dxcLlkIiaW	POWER METAL,SWEDISH METAL,POWER METAL,METAL	EN	0.201	0.731	7.0	0.0	0.255	172.32	223187	METAL
Er6PNU0InaUcP1yX	POWER METAL,METAL	EN	0.298	0.8420000000000001	4.0	0.0	0.457	169.877	232507	METAL
EuNmP5GvjOO1BZQx	METALCORE,METAL	EN	0.407	0.947	5.0	0.0	0.245	159.935	254998	METAL
nclHxPPJDwR4X0w6	PROGRESSIVE METAL,SLUDGE METAL,METAL	EN	0.1689999999999999	0.942	0.0	1.0	0.185	150.02700000000004	395307	METAL
KnCu3sPh1edv7YUG	SYMPHONIC METAL	EN	0.392	0.915	2.0	1.0	0.153	171.921	236067	METAL
GqGxtVqY4EkbtEwv	SYMPHONIC METAL,POWER METAL,METAL	EN	0.4320000000000001	0.7659999999999999	2.0	0.0	0.311	171.908	223600	METAL
vQLCkdESQjtLCWXw	METALCORE,METAL,HARDCORE	EN	0.463	0.985	6.0	0.0	0.0941	114.949	169773	METAL
0kBbIYsHf3fVNTqd	METAL,ALTERNATIVE METAL	EN	0.62	0.643	7.0	1.0	0.108	124.974	380907	METAL
xr15SL6ErWMDc9tf	METAL	EN	0.49	0.966	0.0	1.0	0.192	120.101	162294	METAL
ARsIQ58PLnKv0DI9	DEATHCORE,HARDCORE,METALCORE,GROOVE METAL,DEATHCORE,HARDCORE,METALCORE	EN	0.247	0.792	11.0	1.0	0.172	87.43799999999997	152589	METAL
mVLWk9e3eODs99BY	METAL,PROGRESSIVE METAL,DEATH METAL,DOOM METAL,MELODIC DEATH METAL	EN	0.196	0.693	2.0	0.0	0.121	74.52600000000002	260561	METAL
lAyhFa7Dizev0r4I	DEATH METAL	EN	0.202	0.968	7.0	1.0	0.0435	138.755	234947	METAL
I0t4UVuzpgvOl42Z	METAL,GROOVE METAL,METALCORE,METAL	EN	0.478	0.828	3.0	0.0	0.4370000000000001	144.049	227699	METAL
bpHuwBsyiNWnttM2	METAL,REGGAE	EN	0.585	0.928	5.0	1.0	0.547	104.007	196052	METAL
rXVqXdQYSGUWcTD0	MATHCORE,PROGRESSIVE METALCORE	EN	0.315	0.873	1.0	1.0	0.228	97.924	250102	METAL
QNTrCUuU33JHBlVc	METALCORE,THRASH METAL,METAL	EN	0.475	0.94	2.0	0.0	0.614	109.961	257240	METAL
7sBiCgrEmOCaIEMt	METALCORE,PROGRESSIVE METAL,GROOVE METAL	EN	0.4970000000000001	0.959	10.0	1.0	0.116	140.071	351643	METAL
Ckk4oJEmowaPLfzg	PROGRESSIVE METAL	EN	0.401	0.77	6.0	1.0	0.34	104.992	293827	METAL
NBcHwrxNc4PYOk5b	MELODIC DEATH METAL,DEATH METAL	EN	0.334	0.935	7.0	0.0	0.144	85.05799999999998	307640	METAL
o1iK8u1y8dKgN4Lq	SYMPHONIC METAL,GOTHIC METAL,METAL	EN	0.434	0.879	11.0	0.0	0.159	145.017	335333	METAL
TtEny9wFwGRRtknS	DEATHCORE,BRUTAL DEATHCORE,HARDCORE,METALCORE	EN	0.417	0.95	6.0	1.0	0.606	154.993	222800	METAL
WeT7UNUgYGLlEmzM	DOOM METAL	EN	0.186	0.515	2.0	0.0	0.0745	124.281	335840	METAL
NYcvxqPkYPpYzWNF	NU METAL,ALTERNATIVE METAL	EN	0.6779999999999999	0.967	1.0	1.0	0.365	109.03	194868	METAL
LxYIkgApleSLUZzY	DEATHCORE,METALCORE,BEATDOWN,MELODIC DEATHCORE	EN	0.547	0.963	11.0	1.0	0.174	114.983	250333	METAL
PYDbjL3BFDmDnM2D	THRASH METAL,METAL,GROOVE METAL	EN	0.43	0.7040000000000001	1.0	0.0	0.703	118.242	315120	METAL
qps3w6NvZxXJWdSb	POWER METAL,POWER METAL,METAL	EN	0.293	0.81	3.0	0.0	0.342	144.035	272173	METAL
w5dUFLXxjmKoajQ2	DOOM METAL,GOTHIC METAL	EN	0.452	0.701	7.0	0.0	0.291	99.783	206600	METAL
1y4PiMxogw5lEdjN	SYMPHONIC METAL,GOTHIC METAL,METAL	EN	0.471	0.953	9.0	0.0	0.498	159.951	248267	METAL
dS51DcZLbMR5ql7m	GOTHIC METAL	EN	0.4270000000000001	0.6659999999999999	4.0	0.0	0.319	114.014	346107	METAL
2eKEeOfxNK4bxQp0	DOOM METAL,GOTHIC METAL	EN	0.351	0.8	4.0	0.0	0.266	110.222	248293	METAL
9rgJsDDeGxdXkHOz	GOTHIC METAL,METAL	EN	0.426	0.903	4.0	1.0	0.336	140.085	220627	METAL
WxCPuI0cktNY2FAV	DOOM METAL,DOOM METAL,STONER METAL	EN	0.254	0.857	7.0	1.0	0.27	131.115	496344	METAL
wHI7eVohHgXssE31	GOTHIC METAL,GOTHIC METAL,METAL	EN	0.472	0.73	7.0	1.0	0.204	104.081	276680	METAL
p1Hu8wGwDzwEIVkX	MELODIC DEATH METAL,DOOM METAL,DEATH METAL	EN	0.373	0.8240000000000001	4.0	0.0	0.199	185.985	460688	METAL
Uk5NaEfloLrWACqY	GOTHIC METAL,DOOM METAL	EN	0.254	0.905	2.0	1.0	0.312	93.885	206400	METAL
lCji3lTQfY0hxwqD	BLACK METAL,NORWEGIAN BLACK METAL,BLACK METAL,NORWEGIAN BLACK METAL	EN	0.201	0.957	2.0	1.0	0.0684	116.388	247813	METAL
dtLirPXg4Y8tluew	VIKING METAL,MELODIC DEATH METAL,DEATH METAL,METAL	EN	0.506	0.967	6.0	1.0	0.488	129.704	270253	METAL
Rt6kfGATH7J9wczl	POWER METAL,SYMPHONIC METAL,METAL	EN	0.405	0.983	1.0	1.0	0.46	156.773	268800	METAL
M2gTo9fIObmyCTev	MELODIC DEATH METAL,DEATH METAL,METAL	EN	0.433	0.957	0.0	1.0	0.151	154.02	256240	METAL
PP6poS6XEOaLnHxb	INDUSTRIAL METAL,METAL	EN	0.462	0.947	0.0	1.0	0.287	141.985	273867	METAL
PrOaUtdBSo2Z5oIN	THRASH METAL,THRASH METAL,SPEED METAL	EN	0.27	0.997	7.0	1.0	0.0397	140.57399999999998	272853	METAL
41iRWmVivXhEGss7	INDUSTRIAL METAL,INDUSTRIAL	EN	0.369	0.908	6.0	1.0	0.375	175.977	211281	METAL
kILFKxODWBkJNpbB	HARDCORE,POST-METAL,HARDCORE,MATHCORE,METALCORE	EN	0.535	0.419	5.0	0.0	0.283	111.608	241907	METAL
9RYaiDUdGHvvyG4a	GOTHIC METAL	EN	0.465	0.8440000000000001	6.0	0.0	0.0784	114.118	328813	METAL
WBezaQbFe7soKmJ9	THRASH METAL,METAL,SPEED METAL	EN	0.452	0.954	7.0	1.0	0.632	185.32	261040	METAL
C3EiRrRJANHpGn0e	SYMPHONIC METAL,GOTHIC METAL	EN	0.303	0.7559999999999999	9.0	0.0	0.312	77.237	574027	METAL
crUT2IpQFGp6ntJL	METALCORE,METAL,GROOVE METAL	EN	0.469	0.987	6.0	1.0	0.158	135.583	224453	METAL
8y4w47li0bSyUI73	PROGRESSIVE METAL,POWER METAL,METAL	EN	0.53	0.8059999999999999	4.0	1.0	0.255	126.288	465507	METAL
Q7Mc6vlfwM7lZih8	METAL,SPEED METAL,THRASH METAL	EN	0.318	0.949	1.0	0.0	0.493	187.045	233173	METAL
IpnNPaq0PL9tQIrX	GROOVE METAL	EN	0.191	0.903	11.0	1.0	0.0972	156.19	304373	METAL
Z005Kzjmq4PMgQnl	STONER METAL,DOOM METAL	EN	0.279	0.97	1.0	1.0	0.256	94.821	320026	METAL
Q8IMLp4SPoVEqlr5	BLACK METAL,DEATH METAL,FINNISH BLACK METAL	EN	0.115	0.908	0.0	1.0	0.0379	157.467	271128	METAL
5UMTAKMTlCSAmso4	MELODIC DEATH METAL,VIKING METAL,DEATH METAL	EN	0.144	0.994	0.0	1.0	0.0391	102.021	267813	METAL
1I245hqKL1Y9MnGl	DEATH METAL,BRUTAL DEATH METAL,DEATHGRIND,GRINDCORE	EN	0.234	0.98	1.0	0.0	0.0963	118.683	360853	METAL
q0ZXx6myjx8zUfsf	POST-HARDCORE,METALCORE,POST-HARDCORE,METALCORE,HARDCORE	EN	0.2	0.977	8.0	1.0	0.116	142.92	233120	METAL
5EhorbjgWx6gQWck	DEATH METAL,METAL	EN	0.396	0.987	0.0	1.0	0.0649	110.016	223600	METAL
H7on30fTmMbycb0x	METAL,NWOBHM	EN	0.424	0.98	4.0	0.0	0.296	101.502	275253	METAL
MpC5OHhc8H8gfjKH	GROOVE METAL,METAL,METALCORE,THRASH METAL	EN	0.26	0.917	1.0	1.0	0.131	94.578	427040	METAL
hf5TiLrtrJPdem7E	ALTERNATIVE METAL	EN	0.58	0.977	11.0	0.0	0.72	135.046	249314	METAL
tTTB02zXLvB6B8Yn	SYMPHONIC METAL,POWER METAL,GOTHIC METAL	EN	0.487	0.938	1.0	0.0	0.311	126.038	231925	METAL
jrLpjlPdMMOhd5eu	POWER METAL	EN	0.478	0.925	9.0	1.0	0.184	117.505	199240	METAL
V9W0tZjKrQTwKqlt	SYMPHONIC BLACK METAL,BLACK METAL	EN	0.503	0.946	9.0	1.0	0.145	115.082	316307	METAL
IG9UfJ0gKUrOgWRs	SYMPHONIC DEATH METAL,DEATH METAL,SYMPHONIC METAL	EN	0.556	0.882	1.0	1.0	0.24	100.079	216320	METAL
QwfP0iTaNTiv5e2w	THRASH METAL,METAL,GROOVE METAL	EN	0.402	0.73	6.0	1.0	0.296	104.527	393706	METAL
5W7t9ef1xUmDAqh4	DEATH METAL,BRUTAL DEATH METAL,TECHNICAL DEATH METAL	EN	0.304	0.907	1.0	1.0	0.643	114.227	233400	METAL
Zsj6DGYAZJzFKVYz	THRASH METAL,METAL,THRASH METAL,PROGRESSIVE METAL	EN	0.272	0.861	8.0	0.0	0.0789	121.403	295960	METAL
TFpxWli8aMVcGoC8	THRASH METAL,METAL	EN	0.277	0.993	6.0	0.0	0.0736	99.456	304667	METAL
MSWZp3HA97vsE9rw	METALCORE	EN	0.418	0.98	6.0	1.0	0.449	195.013	204604	METAL
3gcxfPGtMcYo2whd	THRASH METAL,DEATH METAL	EN	0.341	0.978	4.0	0.0	0.119	131.884	250107	METAL
naoFj2WA5DQ8baxJ	DOOM METAL	EN	0.388	0.768	8.0	1.0	0.227	134.91899999999998	386200	METAL
xUInr83zhqJ2Cho2	BLACK METAL,SYMPHONIC BLACK METAL,NORWEGIAN BLACK METAL,METAL	EN	0.186	0.976	8.0	1.0	0.0986	123.795	273467	METAL
ANQ7cxM26F8hCmSD	GOTHIC METAL,METAL	EN	0.465	0.945	7.0	1.0	0.298	144.995	299413	METAL
gJFcpEkWbbrFo0WJ	METAL,NWOBHM	EN	0.249	0.943	0.0	1.0	0.458	173.671	233507	METAL
To2vELVtSSYnh52y	THRASH METAL,METAL	EN	0.392	0.993	1.0	1.0	0.296	178.96200000000005	321347	METAL
Hj8rEgLUOD18CMBv	BLACK METAL	EN	0.152	0.906	0.0	1.0	0.0392	74.985	535533	METAL
hx91dUbmf7KducZk	DOOM METAL	EN	0.273	0.853	7.0	0.0	0.238	124.284	379827	METAL
Hc9fQOJ2cWT7BaHd	THRASH METAL	EN	0.136	0.946	6.0	0.0	0.467	185.396	265587	METAL
zrD3OKiwpLLTpnvk	MELODIC DEATH METAL,METAL	EN	0.511	0.995	6.0	1.0	0.239	104.831	202800	METAL
7bwYbJNJB1uCcPqg	DEATHCORE,DEATH METAL	EN	0.249	0.987	8.0	0.0	0.123	123.634	212000	METAL
r6ovW99F5aaimnFF	DEATHCORE,METALCORE,METAL,HARDCORE	EN	0.373	0.895	10.0	0.0	0.185	99.849	302560	METAL
CSzJbE56BOGDH2bL	METALCORE,METAL	EN	0.391	0.962	6.0	1.0	0.475	169.986	184493	METAL
YYuExIjIXmIN8vfQ	MELODIC DEATH METAL	EN	0.344	0.966	11.0	0.0	0.12	162.312	249480	METAL
TXhQUuxgY0kN4YB8	SYMPHONIC METAL,POWER METAL,GOTHIC METAL,METAL,SYMPHONIC METAL,POWER METAL,GOTHIC METAL	EN	0.479	0.851	10.0	0.0	0.395	146.004	278760	METAL
v2pYo68P3KoQz0w9	MATHCORE,SCREAMO,METALCORE,GRINDCORE	EN	0.239	0.934	1.0	1.0	0.283	144.8	102693	METAL
9F41T5Gd97ylZyXY	TECHNICAL DEATH METAL,DEATH METAL,POST-METAL,BRUTAL DEATH METAL	EN	0.157	0.931	1.0	1.0	0.0445	107.524	464211	METAL
F4nRaePdmJSJVHda	BLACK METAL,DEATH METAL,FINNISH BLACK METAL	EN	0.18	0.95	4.0	1.0	0.0366	102.891	259138	METAL
npqdCb9mYE95Rtly	TECHNICAL DEATH METAL,THRASH METAL,DEATH METAL	EN	0.482	0.96	6.0	1.0	0.423	165.06599999999997	354587	METAL
7aQTkNXfuS44Nmwv	HARDCORE,EMO,POWER METAL,SYMPHONIC METAL,SYMPHONIC POWER METAL	EN	0.444	0.972	6.0	1.0	0.457	159.97799999999995	272413	METAL
Ghqpfy1iU4NJNJaB	DOOM METAL	EN	0.316	0.407	1.0	1.0	0.204	117.121	444314	METAL
lizV7cvDULnFZ1pe	METAL	EN	0.495	0.925	8.0	0.0	0.495	173.977	180173	METAL
yZE0yvCWkkw1SjVD	PROGRESSIVE METAL,METALCORE,POST-HARDCORE,PROGRESSIVE METALCORE,METALCORE,PROGRESSIVE METALCORE	EN	0.225	0.7120000000000001	6.0	1.0	0.0752	126.676	263965	METAL
p4UPQcdyz87jGdNv	DEATH METAL,VAPORWAVE	EN	0.8490000000000001	0.595	4.0	0.0	0.357	125.0	139311	METAL
kZkC2QqCKewilLUt	PROGRESSIVE METAL,GROOVE METAL,DEATH METAL	EN	0.4970000000000001	0.8440000000000001	2.0	0.0	0.32	126.137	342347	METAL
qPCuBvcdpt1Tp3vV	METALCORE,HARDCORE,POST-HARDCORE,POST-HARDCORE,METALCORE,HARDCORE	EN	0.467	0.973	5.0	0.0	0.6990000000000001	160.066	212732	METAL
WH00PsMkIRzJJCaW	BLACK METAL,METAL,SYMPHONIC BLACK METAL	EN	0.1689999999999999	0.936	4.0	1.0	0.0344	118.94	280573	METAL
WdEBf0CPYZDsmqB6	DEATH METAL,BRUTAL DEATH METAL	EN	0.495	0.987	10.0	0.0	0.33	119.79	142707	METAL
r12bDmeyfmzyDmiI	THRASH METAL,GROOVE METAL,METAL	EN	0.438	0.7959999999999999	7.0	1.0	0.168	95.312	302879	METAL
Ckc4EvqhFsQz9Het	POWER METAL,METAL	EN	0.24	0.958	11.0	0.0	0.0718	161.887	282560	METAL
OtAKDTOfnqax8PbN	HARDCORE,MATHCORE,METALCORE	EN	0.412	0.99	1.0	1.0	0.324	103.038	87720	METAL
lRS1aHEANMN5PxP6	METALCORE,HARDCORE,MATHCORE	EN	0.3670000000000001	0.979	1.0	1.0	0.176	170.037	212467	METAL
2mc0BbRCeMPz5iU3	PROGRESSIVE METAL	EN	0.5720000000000001	0.882	0.0	1.0	0.223	120.032	344973	METAL
C8Kc0HwlNArZwwaY	DEATH METAL	EN	0.18	0.979	4.0	1.0	0.0658	163.013	278760	METAL
AP20yI3SO2tbApxm	DEATH METAL,BRUTAL DEATH METAL	EN	0.34	0.872	1.0	1.0	0.413	94.032	308709	METAL
DJmigMW27NnXFqgw	PROGRESSIVE METAL,METAL,GOTHIC METAL,MELODIC DEATH METAL	EN	0.399	0.812	7.0	0.0	0.478	138.584	296240	METAL
jkQutX4B4A97ldsE	PROGRESSIVE METAL,THRASH METAL,METAL	EN	0.534	0.957	10.0	0.0	0.387	107.504	188440	METAL
EGywWsHEJRpzqft2	POWER METAL,SYMPHONIC METAL,SYMPHONIC POWER METAL	EN	0.474	0.8590000000000001	11.0	0.0	0.5479999999999999	92.5	279653	METAL
B3b2hvweF4oipen5	METAL	EN	0.569	0.911	10.0	0.0	0.3	121.014	330693	METAL
7MMJvLgtuJMNrBWU	THRASH METAL,METAL	EN	0.21	0.974	11.0	1.0	0.603	164.035	430000	METAL
CBxO9tvpYElbS5hL	NU METAL,METAL,ALTERNATIVE METAL,NU METAL,METAL	EN	0.38	0.994	7.0	1.0	0.267	96.325	199881	METAL
rDtWrcDp7YmpBf80	SYMPHONIC METAL	EN	0.49	0.6970000000000001	9.0	0.0	0.356	136.97899999999998	316000	METAL
BszNXfQE6JM9Se2E	SYMPHONIC METAL	EN	0.356	0.511	8.0	1.0	0.631	127.511	124493	METAL
cfYm42cPcb1FM8Co	PROGRESSIVE METAL,DJENT,EXPERIMENTAL	EN	0.359	0.768	6.0	0.0	0.156	108.827	543451	METAL
jUoAPWpeLbt7yE37	MELODIC DEATH METAL,METAL,MELODIC DEATH METAL,METAL,DEATH METAL	EN	0.5	0.958	6.0	1.0	0.565	104.951	223001	METAL
CrHQ8Z7LmLM5BM3P	DEATH METAL	EN	0.0978	0.933	1.0	1.0	0.29	89.74799999999998	296187	METAL
Ki8vqh3beYXmadK3	DJENT,PROGRESSIVE METAL	EN	0.472	0.989	11.0	0.0	0.1369999999999999	122.535	265714	METAL
tmKrfRASzKZO6Dmy	SYMPHONIC METAL,POWER METAL,METAL	EN	0.494	0.741	2.0	0.0	0.428	105.992	374667	METAL
X2bFjGAoSB0knWDk	TECHNICAL DEATH METAL	EN	0.332	0.977	1.0	1.0	0.269	104.874	252670	METAL
MmuqV3Gg8xJYLkGF	THRASH METAL,METAL,SPEED METAL,THRASH METAL,METAL	EN	0.302	0.957	9.0	1.0	0.159	97.078	90533	METAL
vKcPywimH8ZZOfzY	METALCORE,METAL,POST-HARDCORE	EN	0.483	0.971	6.0	1.0	0.1669999999999999	115.001	240898	METAL
WTKtnXiV8oYNfs1h	POST-HARDCORE,METALCORE	EN	0.434	0.966	0.0	1.0	0.43	167.87099999999995	197202	METAL
RpuTwzzgsZDGbVbO	PROGRESSIVE METAL	EN	0.482	0.778	8.0	0.0	0.218	115.044	558277	METAL
zjntjmATT2SmCH8g	MATHCORE,DEATH METAL,METALCORE,DJENT	EN	0.129	0.991	9.0	1.0	0.0363	159.531	174413	METAL
xty1AGFVrASCzDTT	THRASH METAL,METAL	EN	0.679	0.716	9.0	1.0	0.485	111.827	396107	METAL
7h6MwPMPe48gCGfN	METAL	EN	0.161	0.192	11.0	0.0	0.106	64.041	56400	METAL
l1g0N3XsWoVPh3dA	MELODIC DEATH METAL,METAL,EMO	EN	0.53	0.931	3.0	0.0	0.397	130.089	210413	METAL
GCTbadkXDnanzm9u	DEATH METAL,BRUTAL DEATH METAL,METAL,GRINDCORE	EN	0.357	0.98	6.0	1.0	0.368	96.969	242760	METAL
MAdJDBLoOFQ0BZHR	HARDCORE,METAL,METALCORE,POST-HARDCORE,HARDCORE PUNK	EN	0.517	0.362	0.0	1.0	0.586	77.542	171000	METAL
gPMpzO6LBSHFJNYa	DJENT,PROGRESSIVE METAL,EXPERIMENTAL	EN	0.391	0.975	1.0	1.0	0.134	160.072	305920	METAL
zHQp3wxWMXRSVQDZ	MELODIC DEATH METAL,DEATH METAL,METAL,MELODIC DEATH METAL,DEATH METAL	EN	0.504	0.993	5.0	1.0	0.0393	105.572	291533	METAL
VdxSg3QN9ChZUkwS	HARDCORE,CHAOTIC HARDCORE,METALCORE,HARDCORE PUNK,ALTERNATIVE METAL	EN	0.253	0.952	7.0	1.0	0.216	103.062	124595	METAL
b5tRj6Lxdb70nIZK	SYMPHONIC METAL,GOTHIC METAL,PROGRESSIVE METAL	EN	0.397	0.926	10.0	1.0	0.177	95.965	287765	METAL
opDqhTymMzUCvQ7S	METALCORE	EN	0.133	0.223	1.0	0.0	0.408	85.12799999999999	92827	METAL
nJJxhLt1q0Eyd2XC	POWER METAL,METAL	EN	0.436	0.429	1.0	0.0	0.118	132.923	346282	METAL
v8k67gB0EFLolQjQ	NU METAL,METAL	EN	0.467	0.992	11.0	0.0	0.317	115.209	254107	METAL
tSj14cfSVaxev73N	METALCORE,MELODIC DEATH METAL,METAL,MELODIC DEATH METAL,METALCORE	EN	0.3229999999999999	0.94	7.0	1.0	0.33	86.575	219573	METAL
exXFA1dtHpqlT6gK	PROGRESSIVE METAL,DEATH METAL,MELODIC DEATH METAL	EN	0.292	0.905	7.0	1.0	0.106	117.192	344773	METAL
AOgZh9rmEMnUyq5j	BLACK METAL,MELODIC BLACK METAL,BLACK METAL,MELODIC BLACK METAL	EN	0.365	0.878	5.0	1.0	0.0482	173.947	253907	METAL
LQTiKPBVTqg6iRNf	METALCORE,METAL,MELODIC DEATH METAL,HARDCORE,METALCORE,METAL,MELODIC DEATH METAL	EN	0.269	0.909	10.0	0.0	0.0769	148.05100000000004	348267	METAL
w9diK9f89NVqqmK9	MELODIC DEATH METAL,DEATH METAL,METAL,POWER METAL	EN	0.461	0.961	8.0	1.0	0.416	96.009	234880	METAL
NOe35kiZfpuhSgqR	SLUDGE METAL,DOOM METAL	EN	0.38	0.753	9.0	0.0	0.38	148.836	269000	METAL
r6kgdYwNpcvxfZ7d	METALCORE,POST-HARDCORE	EN	0.534	0.969	1.0	1.0	0.241	104.991	240029	METAL
3kjR92kZBsyFnY8a	BLACK METAL,NORWEGIAN BLACK METAL,CRUST PUNK	EN	0.318	0.993	2.0	1.0	0.152	121.188	283360	METAL
wyLZMFznkaQQQJJ9	MELODIC DEATH METAL,METAL,DEATH METAL,GOTHENBURG METAL	EN	0.351	0.949	3.0	0.0	0.157	131.191	317667	METAL
mMNM6CqXLkXe0FUc	DEATH METAL,TECHNICAL DEATH METAL,PROGRESSIVE METAL	EN	0.223	0.934	9.0	1.0	0.382	76.317	394933	METAL
sWWk3ecPdN0ZaNGj	BLACK METAL,METAL	EN	0.133	0.84	11.0	1.0	0.134	168.75099999999995	540669	METAL
tOpxvxFf1w7Pv8ey	NU METAL,METAL	EN	0.37	0.589	4.0	0.0	0.31	86.006	386560	METAL
kGmlujywtlW2NTI2	METALCORE,PROGRESSIVE METALCORE,MATHCORE,POST-HARDCORE	EN	0.523	0.979	2.0	1.0	0.179	125.038	248880	METAL
x5970GndVDUql0Ms	SYMPHONIC METAL,GOTHIC METAL	EN	0.388	0.531	6.0	0.0	0.118	112.001	347440	METAL
QDtPFYALLvF0RPoj	THRASH METAL,METAL	EN	0.344	0.955	1.0	1.0	0.352	111.67	203680	METAL
xooGWGW2kZ7dPDjv	MELODIC DEATH METAL,POWER METAL	EN	0.395	0.944	2.0	1.0	0.247	140.015	207520	METAL
0S9SlB8e0ndWGztx	PROGRESSIVE METAL,SLUDGE METAL	EN	0.336	0.961	7.0	1.0	0.296	163.153	225640	METAL
TxXZl2rnESQARkUQ	THRASH METAL,METAL	EN	0.291	0.991	5.0	0.0	0.0379	100.597	361960	METAL
oo4cxhDwb1Vl7Pbj	THRASH METAL,METAL	EN	0.475	0.925	1.0	0.0	0.14	124.976	473312	METAL
UNqXO193o4ZBN3BT	TECHNICAL DEATH METAL,DEATH METAL,TECHNICAL DEATH METAL,DEATH METAL,BRUTAL DEATH METAL	EN	0.182	0.8590000000000001	9.0	1.0	0.222	141.458	345320	METAL
UwZNbsmzhFmr2nDC	METALCORE	EN	0.542	0.985	4.0	0.0	0.266	138.043	181747	METAL
uqki6g7ayKo8q63k	SPEED METAL,NWOTHM	EN	0.542	0.936	2.0	1.0	0.353	121.002	209467	METAL
sKSHER7MRXchLdmv	SYMPHONIC METAL,SYMPHONIC METAL,GOTHIC METAL	EN	0.341	0.933	10.0	1.0	0.212	156.058	443560	METAL
iB52GyMjucmY1tif	ATMOSPHERIC BLACK METAL	EN	0.463	0.944	7.0	0.0	0.278	130.06799999999998	351947	METAL
fDVwVCygmJGuNlun	DEATH METAL,BLACK METAL,METAL	EN	0.224	0.987	8.0	1.0	0.0396	129.821	315440	METAL
npyhXteyj6ZJgaUZ	POWER METAL,PROGRESSIVE METAL,SYMPHONIC METAL,METAL	EN	0.519	0.964	10.0	0.0	0.344	110.026	249760	METAL
gVznu17EeQAZF995	DOOM METAL,GOTHIC METAL,PROGRESSIVE METAL	EN	0.537	0.774	3.0	0.0	0.444	113.96	322347	METAL
32A6liEhlhw7qIz7	DOOM METAL,GOTHIC METAL,METAL	EN	0.338	0.7929999999999999	1.0	0.0	0.128	89.70100000000002	506493	METAL
Tz5QjjrH6ecuWJjs	GOTHIC METAL	EN	0.132	0.452	9.0	0.0	0.163	79.374	433067	METAL
1oDowKjPc0F9eQus	DEATH METAL	EN	0.129	0.972	2.0	0.0	0.0399	180.308	212200	METAL
moq5CxDWyIUX1R0X	POWER METAL,METAL	EN	0.4370000000000001	0.748	6.0	0.0	0.59	62.111	250720	METAL
usJar2BrzB3rftNS	METALCORE,HARDCORE,METAL	EN	0.48	0.988	11.0	0.0	0.252	124.041	263587	METAL
o5i6byNSS1NltmMs	METAL,INDUSTRIAL METAL	EN	0.539	0.932	2.0	1.0	0.5379999999999999	134.96200000000002	232461	METAL
lcxP7PufdBGszr2P	METAL,NWOBHM	EN	0.311	0.942	2.0	0.0	0.578	89.929	293947	METAL
D8nOD6fVkUJc2kPS	BLACK METAL,SWEDISH BLACK METAL	EN	0.194	0.835	6.0	0.0	0.211	112.308	278379	METAL
FFXMtcs6Ywz0Q4K5	INDUSTRIAL,INDUSTRIAL METAL	EN	0.5870000000000001	0.912	7.0	1.0	0.4920000000000001	130.02200000000002	397038	METAL
8LfmAu2WSA2mn0y2	BLACK METAL,MELODIC BLACK METAL	EN	0.288	0.992	7.0	0.0	0.233	142.675	325800	METAL
jNHfwG8e6yF2Xiae	METALCORE,METAL	EN	0.287	0.953	7.0	1.0	0.32	92.483	271283	METAL
YIwwkANsjfq6Ixxg	POWER METAL,SYMPHONIC METAL,METAL	EN	0.454	0.433	11.0	1.0	0.107	125.513	328707	METAL
WyVNnlS6FeDo6N0X	MELODIC HARDCORE,METALCORE,HARDCORE,HARDCORE PUNK,MELODIC METALCORE	EN	0.289	0.994	7.0	1.0	0.262	93.436	146811	METAL
Uy6FdHgTXbjZtdl0	SYMPHONIC METAL	EN	0.265	0.974	11.0	0.0	0.123	104.976	322440	METAL
6xE7d6rI7KSUoQur	GROOVE METAL,ALTERNATIVE METAL,METALCORE,METAL,THRASH METAL	EN	0.544	0.992	1.0	0.0	0.512	90.979	201299	METAL
DAe3mefFwIAwfER7	PROGRESSIVE METAL,DEATH METAL,MELODIC DEATH METAL	EN	0.259	0.759	7.0	0.0	0.293	133.016	317707	METAL
bj4spqnbRm6mRi6N	MELODIC DEATH METAL,DEATH METAL,SWEDISH METAL	EN	0.337	0.8859999999999999	8.0	0.0	0.0704	112.952	282907	METAL
0UpQI249wEMvzfOz	METALCORE,DEATH METAL,PROGRESSIVE METAL	EN	0.453	0.987	9.0	1.0	0.228	120.041	192933	METAL
dP2rubFxfaOrmaqJ	METAL	EN	0.4920000000000001	0.975	9.0	1.0	0.151	140.66899999999998	291453	METAL
UuAv6BaERUk1PkhK	THRASH METAL,METAL,SPEED METAL	EN	0.6890000000000001	0.7190000000000001	3.0	0.0	0.959	127.982	227973	METAL
F5v99uEogy4tIDa4	METALCORE,METAL,MELODIC DEATH METAL,MELODIC METALCORE	EN	0.484	0.903	1.0	0.0	0.45	97.464	241853	METAL
MUKZdKxx9EoTwnqx	DEATH METAL	EN	0.148	0.969	1.0	1.0	0.173	147.067	234333	METAL
YqdZvk4S4HUT8CIZ	DRONE,DARK AMBIENT,DOOM METAL,DRONE METAL,DRONE,DOOM METAL,DARK AMBIENT	EN	0.13	0.568	9.0	1.0	0.168	82.39200000000002	356600	METAL
2e83Mc4JdKBjVHjo	GOTHIC METAL	EN	0.415	0.8640000000000001	9.0	0.0	0.179	122.123	235093	METAL
l8h0c4jjturHrbiC	BLACK METAL,SYMPHONIC BLACK METAL,MELODIC BLACK METAL,METAL	EN	0.205	0.95	2.0	0.0	0.0635	97.761	321347	METAL
l2GXfO3DZmRRSwfu	ALTERNATIVE METAL,METAL,GROOVE METAL	EN	0.374	0.918	0.0	1.0	0.585	105.78	172987	METAL
LqmQ0wFElrDxkGoe	SYMPHONIC BLACK METAL	EN	0.296	0.845	1.0	1.0	0.139	100.29	249400	METAL
k4j1RLeKVcnkvx1W	POWER METAL,SYMPHONIC METAL,POWER METAL,SYMPHONIC METAL	EN	0.51	0.7070000000000001	5.0	0.0	0.407	82.509	250756	METAL
du2Asz4PG9DEOsfC	PROGRESSIVE METAL,DOOM METAL,GOTHIC METAL,ALTERNATIVE METAL	EN	0.305	0.857	8.0	0.0	0.288	110.002	289293	METAL
QGUHfFcgQc9SqkCN	GROOVE METAL,METAL,DEATH METAL,THRASH METAL,GROOVE METAL,METAL	EN	0.329	0.921	6.0	1.0	0.455	149.54399999999995	208120	METAL
8oLjdG6ftZe5IAKm	THRASH METAL,METAL	EN	0.445	0.953	6.0	1.0	0.351	107.222	345277	METAL
86ULlNLaOdTF2pFj	GOTHIC METAL,METAL,FINNISH METAL	EN	0.634	0.8270000000000001	2.0	0.0	0.227	125.037	309133	METAL
AJMQkbqlpmepwkd4	DOOM METAL,GOTHIC METAL	EN	0.366	0.865	2.0	0.0	0.363	109.923	226440	METAL
OSkdkyjIJCy8lAKt	SYMPHONIC METAL,GOTHIC METAL	EN	0.258	0.915	0.0	0.0	0.221	133.743	324027	METAL
Mdqk4xzSNujLsPgg	POWER METAL,SPEED METAL,METAL	EN	0.285	0.99	8.0	1.0	0.152	183.85	313000	METAL
cgDn1RCju1wZkn1G	GOTHIC METAL,SYMPHONIC METAL,METAL	EN	0.466	0.755	2.0	0.0	0.177	119.967	395000	METAL
QfDUr1mXBLu5qukX	DOOM METAL,GOTHIC METAL	EN	0.448	0.607	6.0	1.0	0.28	174.03900000000004	347400	METAL
BNsN0bXY3iTUdmbM	POST-HARDCORE,METALCORE	EN	0.186	0.958	11.0	0.0	0.245	185.096	405960	METAL
8WWlmuIic1hYhN1u	SHOEGAZE,METAL,BLACK METAL,POST-BLACK METAL,DEPRESSIVE BLACK METAL,ATMOSPHERIC BLACK METAL	EN	0.396	0.815	7.0	0.0	0.0443	140.026	386907	METAL
Y1j4bNBmHvbNe5TU	HARDCORE,EMO,EMOCORE,METALCORE	EN	0.524	0.976	1.0	0.0	0.473	130.036	246520	METAL
AiR2TLcVYjfY69ei	POWER METAL,SPEED METAL,SPEED METAL,POWER METAL	EN	0.429	0.959	2.0	0.0	0.299	142.687	257107	METAL
aO9SahEg0kcwPqz5	DOOM METAL,BLACK METAL,THRASH METAL,METAL	EN	0.224	0.924	3.0	0.0	0.11	141.003	660133	METAL
7wueyJePfVQEVNPs	POWER METAL,METAL	EN	0.416	0.977	11.0	0.0	0.657	185.995	149067	METAL
lWZd80tzQRrmX000	THRASH METAL,METAL	EN	0.194	0.847	5.0	0.0	0.154	84.927	334534	METAL
a4LNbIns5RNlcFgv	ALTERNATIVE METAL,HARDCORE	EN	0.457	0.948	0.0	1.0	0.157	139.02200000000002	249507	METAL
493FdRxunGnPwwV2	MELODIC DEATH METAL,METAL,POWER METAL	EN	0.478	0.94	8.0	1.0	0.453	90.021	244093	METAL
5GiSC5MfWKV4sDvM	PROGRESSIVE METAL,METAL	EN	0.256	0.919	0.0	0.0	0.231	123.102	295907	METAL
wzLlRHVwOJkI8VwA	HARDCORE,METALLIC HARDCORE,CROSSOVER THRASH,HARDCORE PUNK,HARDCORE,METALLIC HARDCORE,CROSSOVER THRASH	EN	0.294	0.955	8.0	0.0	0.348	81.601	116962	METAL
0eX86eAORfHlH1OM	BLACK METAL,NORWEGIAN BLACK METAL,METAL,DEATH METAL	EN	0.494	0.951	8.0	1.0	0.359	123.812	338880	METAL
zknF7o05ixMmkQnX	METALCORE,MATHCORE,HARDCORE	EN	0.314	0.8240000000000001	7.0	1.0	0.5579999999999999	144.52700000000004	67211	METAL
lI3Pu7pGwox2xTmp	DOOM METAL,SLUDGE METAL	EN	0.235	0.879	0.0	0.0	0.249	119.237	442363	METAL
Gsm4cOy8G0nsFITa	THRASH METAL,METAL,HARDCORE	EN	0.299	0.914	4.0	0.0	0.637	103.465	271373	METAL
HqfC0Wv4vjLmQLcG	DJENT,PROGRESSIVE METAL	EN	0.511	0.809	6.0	0.0	0.112	117.964	304787	METAL
g37OMbOJWcdOsDR4	METAL,ALTERNATIVE METAL,NU METAL	EN	0.507	0.902	5.0	0.0	0.338	102.012	204613	METAL
ZlZCnrHI4S2Kdrm4	PROGRESSIVE METAL,MELODIC DEATH METAL,METAL,FINNISH METAL,DEATH METAL	EN	0.429	0.809	2.0	0.0	0.387	113.044	290187	METAL
XowKtYxyRThNO3Ml	PROGRESSIVE METAL,SLUDGE METAL	EN	0.379	0.988	10.0	0.0	0.138	79.985	189920	METAL
yjL0PvqXa2I7L3Hi	GROOVE METAL,THRASH METAL,METAL	EN	0.3670000000000001	0.921	6.0	1.0	0.611	92.068	257184	METAL
Z9IogtTgXNKJJVcn	METALCORE,POST-HARDCORE,EMOCORE,POST-HARDCORE,METALCORE,SCREAMO	EN	0.421	0.974	11.0	1.0	0.225	138.046	260760	METAL
hF5Y5hbzwT9MkinU	DEATH METAL,METAL	EN	0.257	0.866	10.0	0.0	0.242	128.17	380107	METAL
4efyoFMIZDsjRZxl	METALCORE	EN	0.4920000000000001	0.964	7.0	1.0	0.2	95.027	267789	METAL
zUZwe3lUeZ3v9uly	DOOM METAL,EXPERIMENTAL,SLUDGE METAL	EN	0.224	0.695	4.0	1.0	0.116	125.635	335352	METAL
7nlrtet64qvV65FT	BLACK METAL	EN	0.701	0.586	9.0	0.0	0.721	139.974	357573	METAL
YeQDMeU6GNItNGSZ	SYMPHONIC METAL,METAL,POWER METAL,GOTHIC METAL	EN	0.475	0.955	7.0	0.0	0.528	163.995	257881	METAL
DmFgI4C3DRandDLE	MELODIC DEATH METAL,DEATH METAL,METAL	EN	0.421	0.961	9.0	0.0	0.318	151.977	286467	METAL
7wkvUWbEGKmPyyqH	THRASH METAL,METAL,GROOVE METAL	EN	0.334	0.919	2.0	1.0	0.501	110.085	217933	METAL
1DIdiL0TFcZGiqWI	BLACK METAL,VIKING METAL	EN	0.225	0.992	4.0	1.0	0.0695	133.986	331707	METAL
tbLwqn1G7VFlYAYQ	METAL,NWOBHM	EN	0.338	0.877	11.0	0.0	0.691	102.164	205067	METAL
ce9TtHgA35yADGod	METALCORE,HARDCORE,POST-HARDCORE,METAL	EN	0.515	0.978	7.0	1.0	0.546	92.512	224440	METAL
ZlSBpaBM6tTITN3L	METAL,NU METAL	EN	0.348	0.977	11.0	1.0	0.151	124.411	291627	METAL
rc2kztl1OlHlz73f	POST-METAL,DOOM METAL	EN	0.253	0.3	2.0	1.0	0.0327	100.975	790880	METAL
1Lm3YWphZov5se00	PROGRESSIVE METAL,DEATH METAL	EN	0.397	0.939	4.0	0.0	0.312	130.975	300712	METAL
dq7WwBRjbdGcEcpZ	METALCORE,HARDCORE,METAL,SCREAMO	EN	0.481	0.944	8.0	1.0	0.396	165.02	199959	METAL
YRLbR1PmeXaiDM8n	POWER METAL	EN	0.235	0.968	1.0	0.0	0.277	87.955	265720	METAL
aBDj58AFKFT1cBaf	METALCORE,THRASH METAL,MELODIC METALCORE	EN	0.477	0.922	1.0	0.0	0.225	92.238	310760	METAL
DZgccieoZx4s7hOE	BLACK METAL	EN	0.0951	0.978	10.0	1.0	0.0704	72.289	350053	METAL
AQ3YRwC2GUyonGJd	SYMPHONIC DEATH METAL,MELODIC DEATH METAL	EN	0.42	0.912	0.0	1.0	0.108	139.964	341853	METAL
OclGtONleYscTug8	POWER METAL,METAL	EN	0.506	0.8859999999999999	2.0	0.0	0.2	110.021	328787	METAL
iFZ4SD58vfaBTv1o	GOTHIC METAL,SYMPHONIC METAL,METAL,GOTHIC METAL,SYMPHONIC METAL	EN	0.5770000000000001	0.5529999999999999	11.0	0.0	0.309	119.955	386973	METAL
JhTPEkoI3qOm568K	HARDCORE,EMO,METALCORE,EMOCORE,POST-HARDCORE,SCREAMO	EN	0.47	0.983	5.0	0.0	0.42	143.955	209467	METAL
pwD2S04SWfcchqtx	PROGRESSIVE METAL,BLACK METAL,PROGRESSIVE BLACK METAL	EN	0.436	0.93	2.0	1.0	0.332	120.038	405627	METAL
pd7YNoy87WX59DPy	INDUSTRIAL METAL,METAL,INDUSTRIAL	EN	0.518	0.975	8.0	1.0	0.32	154.059	220267	METAL
C5efuW8XHFyqtw0B	ALTERNATIVE METAL	EN	0.591	0.5710000000000001	6.0	0.0	0.26	75.04	284293	METAL
TBsO0RBlsdDYTx0Q	METAL,HARDCORE,METALCORE,EMO,POST-HARDCORE	EN	0.388	0.983	1.0	1.0	0.345	159.922	170475	METAL
AAl7nk4UyVmjd809	THRASH METAL,DEATH METAL	EN	0.31	0.996	6.0	0.0	0.281	113.827	299173	METAL
kg1SKfTG2uCm0cvX	VIKING METAL,BLACK METAL	EN	0.5710000000000001	0.376	4.0	0.0	0.18	129.884	334973	METAL
8b1hkaqqVq7pqPNr	BLACK METAL,DEPRESSIVE BLACK METAL,SYMPHONIC BLACK METAL,SYMPHONIC DEATH METAL,MELODIC BLACK METAL	EN	0.498	0.424	9.0	0.0	0.677	77.32300000000002	109172	METAL
9WuGOercIqTWhUED	DOOM METAL	EN	0.326	0.249	8.0	1.0	0.293	70.538	324081	METAL
fVm5V7PyGA65LFvj	POWER METAL,PROGRESSIVE METAL,POWER METAL,PROGRESSIVE METAL	EN	0.413	0.916	2.0	1.0	0.313	164.79	461467	METAL
QPIIwnv79EqRAefw	MELODIC DEATH METAL,POWER METAL	EN	0.477	0.944	4.0	1.0	0.223	135.076	220928	METAL
3xUhYIJLvaqteq6c	HARDCORE,MATHCORE,METALCORE,HARDCORE,MATHCORE,METALCORE	EN	0.289	0.978	1.0	1.0	0.284	95.075	231080	METAL
5rGH8retKa22LyUD	THRASH METAL,METAL,SLAYER	EN	0.412	0.963	9.0	1.0	0.314	118.294	216973	METAL
UOzYuwbhwyeBfWte	DOOM METAL,POST-METAL	EN	0.264	0.6609999999999999	9.0	0.0	0.0836	122.942	585907	METAL
kbH5a5m88yaus1um	HARDCORE,HARDCORE PUNK,METALCORE,NYHC	EN	0.339	0.887	2.0	1.0	0.187	102.373	150573	METAL
fvIHufnBY3NOot9g	DOOM METAL,METAL,DEATH METAL,DOOM METAL,PROGRESSIVE METAL	EN	0.227	0.825	7.0	1.0	0.253	145.655	242467	METAL
JI4R311zk7EcLKfA	POST-HARDCORE,SCREAMO,METALCORE,HARDCORE,EMOCORE	EN	0.188	0.889	0.0	0.0	0.138	96.543	156707	METAL
hVcCv7ZH3CNkTDp7	METAL	EN	0.49	0.928	9.0	1.0	0.539	168.13299999999995	163053	METAL
DDQPjgCu1UlQt19H	SYMPHONIC METAL,GOTHIC METAL,PROGRESSIVE METAL,METAL	EN	0.414	0.7290000000000001	6.0	1.0	0.43	139.156	393200	METAL
niWCDJ8PxXWX4D9U	THRASH METAL,METAL,SPEED METAL	EN	0.258	0.946	4.0	1.0	0.464	161.373	302333	METAL
sHVCnaCifvSW87dP	DEATH METAL	EN	0.243	0.926	1.0	1.0	0.289	119.5	292907	METAL
uYtmTUBOM6feVXNd	HARDCORE,METAL,METALCORE,POST-HARDCORE,HARDCORE PUNK	EN	0.467	0.944	6.0	0.0	0.5660000000000001	155.033	183438	METAL
B04eXeErDzL75q2k	GOTHIC METAL	EN	0.341	0.563	9.0	0.0	0.075	58.701	609200	METAL
gAuI3ycBQZfQDP2j	PROGRESSIVE METAL	EN	0.555	0.634	6.0	1.0	0.268	126.048	233578	METAL
YBlgYHZIRUdQnBeK	ATMOSPHERIC BLACK METAL,BLACK METAL	EN	0.377	0.7440000000000001	4.0	0.0	0.181	129.989	572307	METAL
LxMlIoxe9RJHKRNA	MELODIC DEATH METAL,POST-HARDCORE	EN	0.4970000000000001	0.944	7.0	1.0	0.163	105.031	238480	METAL
5JU6OchSjHQml2wY	THRASH METAL,SPEED METAL	EN	0.468	0.981	11.0	0.0	0.618	150.965	288933	METAL
rRWg5jx4pcKeqZSW	ATMOSPHERIC BLACK METAL,BLACK METAL,SYMPHONIC BLACK METAL	EN	0.322	0.962	11.0	1.0	0.146	88.861	178560	METAL
sBAkrBwkTZB8YvxB	DOOM METAL	EN	0.166	0.5579999999999999	4.0	0.0	0.076	84.70200000000001	362027	METAL
iRCIpumZo91h1x33	ALTERNATIVE METAL,METAL,METALCORE,MELODIC METALCORE	EN	0.555	0.8240000000000001	6.0	1.0	0.344	107.947	230027	METAL
odKn5FWvIHqHw46M	NU METAL,METAL,ALTERNATIVE METAL	EN	0.413	0.976	11.0	0.0	0.114	185.094	266595	METAL
sZas1T7OPNxLpDEM	POWER METAL,SPEED METAL,SYMPHONIC METAL	EN	0.214	0.65	8.0	0.0	0.414	79.684	276493	METAL
bk7vGOLpE4cERZV5	POST-HARDCORE,METALCORE	EN	0.261	0.988	1.0	1.0	0.19	132.063	173187	METAL
1XqQhTYiCr9nL2zK	METALCORE,DEATHCORE,HARDCORE,POST-HARDCORE,METAL	EN	0.51	0.987	1.0	0.0	0.147	114.999	212693	METAL
K51xHjO1tp1GxWMn	PROGRESSIVE METAL,METALCORE,MATHCORE,PROGRESSIVE METAL,METALCORE,MATHCORE	EN	0.263	0.975	1.0	0.0	0.127	136.755	853213	METAL
bFxLHzaf3qw9YVoE	HARDCORE,METAL,METALCORE,DEATH METAL,MELODIC DEATH METAL,DEATHCORE	EN	0.448	0.994	0.0	1.0	0.0365	92.516	359956	METAL
ziiZyMflpAFqa8XL	BLACK METAL,NORWEGIAN BLACK METAL,METAL	EN	0.141	0.999	11.0	1.0	0.0342	145.834	421680	METAL
4ArdlFwTyt7DVIFW	MELODIC DEATH METAL,POWER METAL	EN	0.465	0.941	3.0	0.0	0.522	105.987	294147	METAL
iUTsmA7T8nFE3RYs	PROGRESSIVE METAL,THRASH METAL,METAL	EN	0.4370000000000001	0.8909999999999999	8.0	1.0	0.444	133.814	261987	METAL
jwfEjhGyzl40A1he	SYMPHONIC METAL,METAL	EN	0.48	0.8320000000000001	2.0	0.0	0.36	122.985	328360	METAL
q4fa77hmmx90rkzT	THRASH METAL,BLACK METAL	EN	0.455	0.996	4.0	0.0	0.176	99.997	322173	METAL
cCTOkAC3enFtOUMh	POWER METAL,SYMPHONIC METAL,METAL	EN	0.495	0.961	0.0	1.0	0.659	90.015	208227	METAL
XDuoUn4JYD64Myiv	MELODIC DEATH METAL,METAL	EN	0.359	0.913	0.0	0.0	0.267	169.987	218640	METAL
wYVwajCj7Tbwjznu	POST-HARDCORE,HARDCORE,METALCORE	EN	0.563	0.685	6.0	1.0	0.6409999999999999	77.043	218554	METAL
IR6lEjsrBVzALy1B	DEATH METAL	EN	0.498	0.997	8.0	1.0	0.0589	116.053	197307	METAL
axZEZUMcPQZPg4uG	MELODIC DEATH METAL,DEATH METAL	EN	0.409	0.974	6.0	1.0	0.266	99.965	245853	METAL
s4qmORiIdSdxHAKA	POWER METAL,SYMPHONIC METAL,PROGRESSIVE METAL	EN	0.379	0.8340000000000001	0.0	1.0	0.0655	166.109	279080	METAL
p4lKakc9F3goDyNV	THRASH METAL,METAL,SPEED METAL	EN	0.616	0.78	2.0	1.0	0.237	122.343	227360	METAL
X4RLJnIifk0TF2tl	PROGRESSIVE METAL	EN	0.347	0.931	5.0	1.0	0.358	139.789	294440	METAL
muLitfTmi9qTxcFV	POWER METAL,METAL,POWER METAL,METAL	EN	0.516	0.648	10.0	1.0	0.297	134.003	264587	METAL
aQJ5U2EbJuEddlWd	BLACK METAL,NORWEGIAN BLACK METAL,MELODIC BLACK METAL	EN	0.534	0.957	9.0	1.0	0.425	129.77	216347	METAL
xCV1nZC1qdNP5wA8	SLUDGE METAL	EN	0.351	0.955	2.0	1.0	0.481	114.974	160707	METAL
irOvqSgQCPVFaquM	THRASH METAL,SPEED METAL,METAL	EN	0.343	0.99	1.0	0.0	0.0755	128.946	264800	METAL
ULcqSgalKKpn0aCm	BLACK METAL,PROGRESSIVE BLACK METAL	EN	0.1689999999999999	0.647	0.0	1.0	0.286	122.726	237853	METAL
hU5auxUq1oIhjWin	METAL	EN	0.524	0.914	11.0	0.0	0.271	132.065	245952	METAL
iwja1nROBON7mpMk	METALCORE,POST-HARDCORE,SCREAMO,DEATHCORE	EN	0.368	0.8809999999999999	6.0	1.0	0.344	91.26	172920	METAL
ilhRUCZfVjFsXb3m	POST-HARDCORE,METALCORE	EN	0.443	0.985	4.0	1.0	0.429	143.97	202521	METAL
laCn52szuCUETsCh	TECHNICAL DEATH METAL,DEATH METAL	EN	0.523	0.979	7.0	0.0	0.155	119.99	338373	METAL
7MhSmnr1Ub9Dtmas	SYMPHONIC METAL,PROGRESSIVE METAL,METAL	EN	0.344	0.68	7.0	1.0	0.336	138.718	233027	METAL
4XTKxhjdRdw1DzKy	SYMPHONIC METAL,POWER METAL,METAL,GOTHIC METAL,SYMPHONIC POWER METAL	EN	0.453	0.662	4.0	0.0	0.39	75.007	321013	METAL
Xl6aqnmvol2D2FpZ	METALCORE,METAL,HARDCORE,MELODIC DEATH METAL,METALCORE,METAL,MELODIC DEATH METAL	EN	0.29	0.946	1.0	1.0	0.0567	177.082	241187	METAL
37HDVNx7nYxVMRkJ	DEATH METAL,THRASH METAL,METAL	EN	0.273	0.14	1.0	1.0	0.0366	119.429	44164	METAL
OZI3isFWf7pKkFQk	MELODIC DEATH METAL,DEATH METAL,METALCORE,METAL	EN	0.443	0.995	7.0	1.0	0.0522	111.967	229253	METAL
hhW5ovQKfWAAyFyV	MELODIC DEATH METAL	EN	0.171	0.899	4.0	0.0	0.341	79.992	230747	METAL
DQe0G4J4BTXktTjg	METALCORE,HARDCORE,MELODIC METALCORE,METAL	EN	0.314	0.962	10.0	0.0	0.298	144.125	241033	METAL
8CExdszd30jw56VJ	GOTHIC METAL,SYMPHONIC METAL	EN	0.43	0.871	11.0	0.0	0.174	120.056	470893	METAL
RgVkD2PQpAiCxpAN	METALCORE,METAL	EN	0.373	0.979	7.0	1.0	0.166	196.085	251453	METAL
lJhZDiMrVHCrfvfA	MELODIC DEATH METAL,DOOM METAL,BLACK METAL,MELODIC DEATH METAL,DOOM METAL	EN	0.25	0.985	2.0	1.0	0.0685	104.373	417987	METAL
P969uYFhBkRqt3PD	MELODIC DEATH METAL	EN	0.379	0.987	4.0	1.0	0.0386	99.994	270453	METAL
t39wCkf2PXne40A3	METALCORE,METAL,METALCORE,MATHCORE,HARDCORE	EN	0.403	0.966	3.0	0.0	0.121	117.509	192640	METAL
I8E1QglAS5bs0xZe	NU METAL,ALTERNATIVE METAL	EN	0.51	0.968	0.0	1.0	0.36	91.453	228053	METAL
H2RDbzMHfdHwxii7	DEATH METAL,BRUTAL DEATH METAL,METAL,MELODIC DEATH METAL,DEATH METAL,BRUTAL DEATH METAL,METAL	EN	0.17	0.986	6.0	1.0	0.293	84.91	214173	METAL
BoFcfcmQLe4RFz2e	THRASH METAL	EN	0.29	0.991	1.0	1.0	0.209	135.904	254000	METAL
f4ZtFUFY2usdzHOf	MELODIC DEATH METAL,VIKING METAL,DEATH METAL,METAL	EN	0.463	0.951	2.0	1.0	0.306	102.52	270067	METAL
5IB9RYKn9SSuXQlD	SYMPHONIC METAL,METAL,SYMPHONIC METAL,POWER METAL	EN	0.503	0.8140000000000001	11.0	1.0	0.356	104.99	287746	METAL
ARawIzJnTNe3BShL	DEATH METAL,DOOM METAL,DEATH METAL,DOOM METAL	EN	0.268	0.919	9.0	1.0	0.168	95.709	303493	METAL
KH7g9mMuBXh3btHB	SPEED METAL	EN	0.385	0.974	6.0	0.0	0.216	160.041	232867	METAL
Yq3vB5jtTVMqD0lI	BLACK METAL	EN	0.176	0.988	2.0	0.0	0.239	136.898	386733	METAL
tOmFliTRX3O4hJvj	POWER METAL,SYMPHONIC METAL,METAL	EN	0.537	0.917	6.0	1.0	0.4320000000000001	101.23	386333	METAL
XcSyp1NsVoIdE8NM	PROGRESSIVE METAL	EN	0.527	0.525	10.0	0.0	0.336	82.473	250182	METAL
VIb8unu1n9HZ1BJk	SYMPHONIC METAL,GOTHIC METAL,METAL	EN	0.314	0.952	6.0	0.0	0.129	174.274	282693	METAL
7kJvPkVRf92v2nWH	MELODIC DEATH METAL	EN	0.442	0.985	11.0	0.0	0.141	115.243	241424	METAL
fUvWyKpzY9NX17nA	INDUSTRIAL METAL,CYBER METAL	EN	0.505	0.949	9.0	1.0	0.413	136.153	270467	METAL
4NaZCm3hthEQE9oj	THRASH METAL,METAL,THRASH METAL,METAL	EN	0.272	0.747	5.0	0.0	0.255	202.777	262133	METAL
wjjIlKNgMueIWFBM	METALCORE,DEATHCORE	EN	0.42	0.925	10.0	0.0	0.125	102.543	277853	METAL
lE1XH75V5I0db2ch	INDUSTRIAL METAL,METAL	EN	0.239	0.63	6.0	1.0	0.0366	127.303	330000	METAL
8uPHhxBMDzH9yYiJ	POST-HARDCORE,METALCORE,SCREAMO,HARDCORE	EN	0.339	0.99	2.0	0.0	0.131	179.983	253827	METAL
2mr2D2YlNzyTPwKC	THRASH METAL,SPEED METAL,METAL,THRASH METAL,METAL	EN	0.1639999999999999	0.889	9.0	1.0	0.262	176.313	189267	METAL
DjoLWEnSQXzc8y6d	METAL	EN	0.328	0.949	4.0	1.0	0.462	176.558	312307	METAL
Lvg8N7k2ozJaFZwq	HARDCORE,METALCORE,METALLIC HARDCORE	EN	0.365	0.861	7.0	1.0	0.038	143.156	273334	METAL
lXVOJNtSxRzVcP1E	GOTHIC METAL,METAL	EN	0.205	0.901	2.0	1.0	0.135	157.39700000000005	214680	METAL
d45aDmsCmV95VN1Z	BLACK METAL,SYMPHONIC BLACK METAL,MELODIC BLACK METAL	EN	0.303	0.969	8.0	1.0	0.163	109.384	186488	METAL
vcpATGFRn1hNzVWo	DOOM METAL,STONER METAL	EN	0.426	0.952	0.0	1.0	0.238	143.502	229070	METAL
1PbkQt0nm4wlaQB9	METALCORE,MELODIC METALCORE,HARDCORE,METAL,METALCORE,MELODIC HARDCORE,HARDCORE	EN	0.531	0.938	4.0	0.0	0.242	139.954	254500	METAL
gKXQbhsdBfrl53xp	POWER METAL,SYMPHONIC METAL,METAL	EN	0.342	0.866	1.0	0.0	0.262	151.501	412227	METAL
bAGXPZfeQaHMpURx	POWER METAL	EN	0.452	0.603	6.0	0.0	0.631	129.154	266227	METAL
W9eBX5CmRslFlVux	SYMPHONIC METAL,METAL,POWER METAL	EN	0.513	0.764	7.0	0.0	0.272	117.996	236016	METAL
JSaX8fVllx7DBjp6	HARDCORE,EMO,METALCORE,EMOCORE,POST-HARDCORE	EN	0.365	0.965	1.0	1.0	0.103	150.861	291278	METAL
Yd6ThaRntLMxvnuV	METALCORE,MELODIC DEATH METAL,METAL,DEATH METAL,METALCORE,MELODIC DEATH METAL,METAL	EN	0.54	0.979	5.0	0.0	0.322	102.978	210000	METAL
XRpr1RSHcd32MbRE	HARDCORE,METALCORE,POST-HARDCORE	EN	0.55	0.992	6.0	1.0	0.1689999999999999	120.071	177720	METAL
rLoba8KVXSarHEbw	THRASH METAL	EN	0.5539999999999999	0.978	1.0	1.0	0.438	96.655	289520	METAL
7vU240k6SkZsC4cY	THRASH METAL,METAL,SLAYER	EN	0.366	0.898	0.0	1.0	0.284	123.408	225333	METAL
2aa7Med3uedgOYLC	SYMPHONIC METAL	EN	0.511	0.889	4.0	0.0	0.389	121.094	287776	METAL
v0tXcaReDbRlE0fd	SYMPHONIC METAL,POWER METAL,POWER METAL,SYMPHONIC METAL,SYMPHONIC POWER METAL	EN	0.289	0.97	10.0	1.0	0.0775	169.99900000000005	418013	METAL
xd6MsISS9358EyLa	MELODIC DEATH METAL,DEATH METAL,METAL	EN	0.245	0.902	8.0	1.0	0.0848	121.429	212080	METAL
bGl7grA0FI4vR4R5	METALCORE,METAL	EN	0.439	0.985	6.0	1.0	0.0491	115.006	222413	METAL
mjtkkA6mZ1k7ZHCQ	GROOVE METAL,ALTERNATIVE METAL,METALCORE,METAL,THRASH METAL	EN	0.485	0.985	1.0	0.0	0.562	140.031	209008	METAL
NyGI9bGtWi8BTl7V	METALCORE,METAL,MELODIC DEATH METAL,MELODIC METALCORE	EN	0.359	0.929	4.0	0.0	0.235	147.485	228667	METAL
bta4OdmJBdY8ijnD	FUNK METAL,FUNK,ALTERNATIVE METAL	EN	0.531	0.833	4.0	0.0	0.628	119.767	298467	METAL
7hEOpxN30iOHNMFM	MATHCORE,HARDCORE,EXPERIMENTAL,METALCORE	EN	0.413	0.992	9.0	0.0	0.29	166.90599999999995	207773	METAL
H8dWHiNwOfg4VPWp	BLACK METAL,METAL,INDUSTRIAL BLACK METAL,INDUSTRIAL METAL	EN	0.606	0.674	11.0	0.0	0.102	112.505	377027	METAL
qgGNPevMiI35LQgJ	GOTHIC METAL,METAL	EN	0.464	0.848	9.0	1.0	0.298	142.105	240400	METAL
8wQgwWsAFDanIdEh	GRINDCORE,DEATH METAL,DEATHCORE	EN	0.272	0.994	9.0	1.0	0.0333	109.508	100013	METAL
Leuy8Zs9u1vn56Ge	PROGRESSIVE METAL,THRASH METAL	EN	0.467	0.989	8.0	1.0	0.171	89.977	311987	METAL
9jhfWbs8Epd0rHnE	BLACK METAL,NORWEGIAN BLACK METAL	EN	0.168	0.974	4.0	1.0	0.0943	93.424	383053	METAL
z5mN5wHtxaxvIKGd	GOTHIC METAL,DOOM METAL	EN	0.349	0.8370000000000001	5.0	1.0	0.157	136.046	398347	METAL
DHiEdWnCKBLEUNi7	BLACK METAL,PROGRESSIVE BLACK METAL,AVANT-GARDE BLACK METAL	EN	0.319	0.997	8.0	1.0	0.0453	109.132	220773	METAL
WjwNErlMVre3Ki9G	METALCORE,HARDCORE,MELODIC HARDCORE,METAL	EN	0.552	0.946	6.0	1.0	0.5670000000000001	118.094	193424	METAL
IOaMjoG8VlQKMgiw	SYMPHONIC METAL,METAL	EN	0.514	0.742	4.0	0.0	0.484	148.031	289000	METAL
a4T4XTmgxHuX6v5K	INDUSTRIAL METAL,METAL,THRASH METAL,ALTERNATIVE METAL	EN	0.516	0.877	0.0	1.0	0.5539999999999999	134.82	256307	METAL
cPkE9eyJLx6GBoL2	DOOM METAL,PROGRESSIVE METAL,GOTHIC METAL	EN	0.444	0.848	0.0	0.0	0.269	100.013	261067	METAL
AR9txqQDASJjK9OP	PROGRESSIVE METAL	EN	0.467	0.951	0.0	0.0	0.204	91.01	298467	METAL
o1flh98IVNq011Um	GRINDCORE,METAL,DEATH METAL	EN	0.148	0.998	5.0	0.0	0.0349	176.82	163408	METAL
z9MZUoukw5SB4BoA	MELODIC DEATH METAL,DOOM METAL,DEATH METAL	EN	0.3670000000000001	0.935	2.0	0.0	0.374	172.491	302666	METAL
7YxAat4W7aj7eTsJ	SPEED METAL	EN	0.464	0.727	6.0	0.0	0.58	139.91899999999998	243027	METAL
rJbe03iIlKMussNh	POWER METAL	EN	0.176	0.974	7.0	0.0	0.334	185.491	301746	METAL
1QFLmBdd5L6j9GDO	MELODIC DEATH METAL,FINNISH METAL	EN	0.403	0.952	11.0	0.0	0.398	165.06599999999997	300507	METAL
WkrQ3bIQ9sXVMYCl	SYMPHONIC METAL,GOTHIC METAL	EN	0.516	0.637	9.0	1.0	0.161	120.043	357427	METAL
zzcuWicshRqankev	THRASH METAL,METAL	EN	0.264	0.931	4.0	0.0	0.414	90.246	496627	METAL
w2lbiT5dDNaLdzLG	POWER METAL	EN	0.424	0.706	0.0	0.0	0.263	107.889	234507	METAL
wWqiJ11wYxFaxulp	BLACK METAL,DEPRESSIVE BLACK METAL	EN	0.383	0.978	8.0	0.0	0.161	102.256	495000	METAL
pC5ad7sJqgGvYko3	THRASH METAL	EN	0.4320000000000001	0.946	8.0	1.0	0.407	175.94299999999996	256174	METAL
WmLPipoEE3ByBlmE	METALCORE,METAL,MELODIC DEATH METAL,METALCORE,MELODIC DEATH METAL	EN	0.52	0.938	8.0	1.0	0.455	92.302	181507	METAL
eDDweiegyUS23mV4	INDUSTRIAL METAL,INDUSTRIAL	EN	0.449	0.879	1.0	1.0	0.171	101.989	292547	METAL
K2pAw2ZZYoh6H8Gz	DEATH METAL,SWEDISH DEATH METAL	EN	0.265	0.944	6.0	1.0	0.397	170.083	229000	METAL
SK3MBNUjbsiDDQpz	MELODIC DEATH METAL	EN	0.121	0.88	9.0	0.0	0.0783	164.988	477733	METAL
DdT8DJw45Jz5hAAx	GOTHIC METAL,DOOM METAL	EN	0.527	0.883	7.0	0.0	0.594	121.601	197067	METAL
zxgX4E0ToZ1jph7C	METALCORE,MELODIC DEATH METAL	EN	0.472	0.995	7.0	0.0	0.179	115.001	245800	METAL
TxAMwCzK6NiMUgCQ	THRASH METAL,THRASH METAL,METAL	EN	0.324	0.989	10.0	0.0	0.356	121.184	338760	METAL
Qitdgm6bb2dKoy6C	METAL	EN	0.359	0.923	1.0	1.0	0.284	102.716	317893	METAL
voGdAymRlljEgOhh	POST-METAL,PROGRESSIVE METAL	EN	0.273	0.835	1.0	0.0	0.283	121.626	919824	METAL
W4RT2oKAwrm3ggpU	PROGRESSIVE METAL,METAL	EN	0.552	0.925	10.0	0.0	0.386	120.036	336253	METAL
0PB1veE0u4f2dKUb	PROGRESSIVE METAL,INDUSTRIAL METAL	EN	0.4320000000000001	0.931	10.0	1.0	0.311	124.002	279973	METAL
kduALxkKk2rXxDnp	GOTHIC METAL,DOOM METAL	EN	0.6	0.635	7.0	0.0	0.108	114.103	322160	METAL
BPV8U8aynL6zJnLh	POST-HARDCORE,METALCORE,HARDCORE,METAL	EN	0.38	0.993	9.0	1.0	0.214	140.058	236427	METAL
WxziyDQYt1pqX1i8	THRASH METAL,METAL,THRASH METAL,METAL	EN	0.475	0.924	0.0	1.0	0.513	98.843	233893	METAL
GJxU7mCDCHNJvJX2	METALCORE,METAL,MELODIC METALCORE,HARDCORE,METALCORE,METAL,HARDCORE	EN	0.295	0.98	2.0	0.0	0.283	134.335	254613	METAL
1iXpa8TkY14CtUCp	MATHCORE,PROGRESSIVE METAL,EXPERIMENTAL,METALCORE	EN	0.408	0.944	9.0	0.0	0.0571	160.106	329013	METAL
1Rr5BrZLyxiJzWSS	SYMPHONIC DEATH METAL,METAL,POWER METAL,PROGRESSIVE METAL,DEATH METAL,SYMPHONIC DEATH METAL,METAL	EN	0.362	0.713	7.0	1.0	0.124	79.987	257680	METAL
rNMKxnCtkb3bGeRb	DEATH METAL	EN	0.345	0.782	9.0	1.0	0.518	110.465	256880	METAL
KtFoGco2Xc3vTVf8	PROGRESSIVE METAL	EN	0.422	0.7929999999999999	4.0	1.0	0.629	88.667	251040	METAL
qm0oJs3igal40wYO	PROGRESSIVE METAL,BLACK METAL,AVANT-GARDE	EN	0.266	0.843	4.0	1.0	0.337	79.829	333840	METAL
3MUICIzWfdSI2exA	POST-METAL,DOOM METAL,PROGRESSIVE METAL	EN	0.274	0.336	8.0	0.0	0.0361	120.329	716693	METAL
YwvdRVobQ0XsQOW0	METALCORE,HARDCORE,POST-HARDCORE,MELODIC METALCORE	EN	0.5329999999999999	0.958	8.0	1.0	0.184	105.024	176920	METAL
jhr3NzgoW77LqitU	METAL	EN	0.5710000000000001	0.93	10.0	0.0	0.526	113.034	281027	METAL
55NFbUKoRgyEyQXB	METALCORE,HARDCORE,MELODIC DEATH METAL	EN	0.522	0.992	3.0	0.0	0.365	124.983	226213	METAL
OJ2SK6G0fP3KaImJ	BLACK METAL,METAL,POST-BLACK METAL,DEPRESSIVE BLACK METAL,POST-BLACK METAL,BLACK METAL,ATMOSPHERIC BLACK METAL	EN	0.379	0.738	2.0	0.0	0.0847	147.062	704879	METAL
NQ7uKLEhi5xCs9n9	GOTHIC METAL	EN	0.5429999999999999	0.222	1.0	1.0	0.0999	119.929	329267	METAL
0gnIRslG9tjTogY6	PROGRESSIVE METAL,AVANT-GARDE	EN	0.596	0.245	0.0	1.0	0.0461	107.981	387366	METAL
tE98Za9BdOJsiDHZ	POST-HARDCORE,METALCORE,SCREAMO,HARDCORE,EMOCORE	EN	0.399	0.955	4.0	0.0	0.152	95.498	266733	METAL
IzmrO8B8SQ6VOB29	DEATH METAL,METAL	EN	0.221	0.913	0.0	1.0	0.0591	103.048	179492	METAL
9ELPTClVb5V65ZW1	THRASH METAL	EN	0.484	0.991	8.0	0.0	0.5589999999999999	167.035	225245	METAL
IbcrfwBKVkzz5lHg	DEATH METAL,METAL	EN	0.282	0.882	6.0	1.0	0.297	84.80799999999998	326730	METAL
t8GFItEkVSVkTmXL	NU METAL,METAL,ALTERNATIVE METAL	EN	0.332	0.48	11.0	1.0	0.8059999999999999	85.58	36049	METAL
7c15dUn8LivFy1eO	HARDCORE,EMO,METALCORE,EMOCORE,POST-HARDCORE,SCREAMO	EN	0.467	0.8909999999999999	2.0	0.0	0.44	83.99	220013	METAL
tDCszNUIg5SMF3Dt	GOTHIC METAL,METAL	EN	0.486	0.875	2.0	0.0	0.207	127.981	272600	METAL
aYNKfpXgSYHPTUe5	THRASH METAL,GROOVE METAL,METAL	EN	0.361	0.885	11.0	0.0	0.331	92.524	276573	METAL
kXZ3nZwM4ezKv6zi	SYMPHONIC METAL,GOTHIC METAL,POWER METAL	EN	0.385	0.723	7.0	0.0	0.191	145.03799999999995	834691	METAL
9mKyIO5yjU1UrMvj	METAL	EN	0.534	0.455	11.0	1.0	0.361	169.817	265027	METAL
21DVsjIS6lIpNNl9	METALCORE,POST-HARDCORE	EN	0.217	0.787	9.0	0.0	0.0721	132.964	404257	METAL
xMMSTfglDq0nfMMO	GOTHIC METAL	EN	0.189	0.408	2.0	1.0	0.139	97.839	346852	METAL
PgJOYmoesngc941J	DEATH METAL,MELODIC DEATH METAL,METAL	EN	0.325	0.988	5.0	1.0	0.0697	95.075	395426	METAL
X03tdbSvPbCDRmkJ	MELODIC DEATH METAL,BLACK METAL,MELODIC BLACK METAL,DEATH METAL,BLACK METAL,MELODIC BLACK METAL,MELODIC DEATH METAL	EN	0.5660000000000001	0.8440000000000001	1.0	0.0	0.682	109.023	364467	METAL
gkQkKDiC5ZHGFBt4	DEATH METAL,METAL	EN	0.358	0.867	10.0	1.0	0.197	156.091	326533	METAL
YBh5RPi2buFZB7jN	PROGRESSIVE METAL,EXPERIMENTAL,AVANT-GARDE,PROGRESSIVE METALCORE	EN	0.44	0.984	11.0	1.0	0.73	174.979	208960	METAL
BLtIPttR5ARXvGsJ	THRASH METAL,METAL	EN	0.332	0.987	11.0	0.0	0.287	152.44299999999996	353973	METAL
6h1TscClEguq2gET	MELODIC DEATH METAL,DEATH METAL,VIKING METAL	EN	0.329	0.984	11.0	1.0	0.241	196.043	265067	METAL
C512RQuZ1Sbvz03O	DJENT,PROGRESSIVE METAL	EN	0.266	0.961	1.0	1.0	0.149	129.54399999999998	267440	METAL
IGnqkf2gu2hDGcrW	MELODIC DEATH METAL,METAL,MELODIC DEATH METAL,METAL,DEATH METAL	EN	0.535	0.931	10.0	0.0	0.532	115.072	203800	METAL
zjdQT3QmdPAPseqP	ALTERNATIVE METAL,METAL,NU METAL	EN	0.485	0.941	5.0	1.0	0.34	141.961	235907	METAL
ggOuRkHiV0eTJxUL	NU METAL,ALTERNATIVE METAL,NU METAL,ALTERNATIVE METAL,METAL	EN	0.42	0.96	1.0	1.0	0.279	178.02599999999995	222640	METAL
5SIHj3f3uuNWjwUw	CYBER METAL,DJENT	EN	0.468	0.979	8.0	1.0	0.131	120.035	386084	METAL
cME0Q1pcwmM3zPbI	DOOM METAL,STONER METAL	EN	0.1689999999999999	0.6709999999999999	1.0	1.0	0.178	123.369	389467	METAL
wJ9MrBCuGjYqSGHl	GOTHIC METAL,METAL,DOOM METAL	EN	0.423	0.738	6.0	1.0	0.276	111.414	428800	METAL
pXLL7S7WQ4VZg9Zf	DEATH METAL	EN	0.294	0.972	11.0	1.0	0.146	92.987	383467	METAL
zUQKagPlevTwjYSr	MELODIC DEATH METAL	EN	0.206	0.983	5.0	0.0	0.0671	180.147	306347	METAL
4AqySrswNtJkHDfY	DOOM METAL,METAL	EN	0.203	0.7240000000000001	7.0	1.0	0.245	127.793	402267	METAL
8UX99N6VKKy1hyQ1	PROGRESSIVE METAL	EN	0.421	0.966	7.0	1.0	0.143	89.99799999999998	222840	METAL
ruVIXPK8a7iDXj3R	THRASH METAL,METAL,GROOVE METAL	EN	0.512	0.952	10.0	0.0	0.386	146.005	294333	METAL
itw5Cm4ujDLlAchq	MATHCORE,METAL	EN	0.422	0.973	8.0	1.0	0.162	133.11700000000002	322760	METAL
TOHhB49uuPikFqen	MELODIC DEATH METAL,POWER METAL	EN	0.524	0.907	7.0	1.0	0.5429999999999999	140.056	197853	METAL
riK7Hya6p0GQgM1I	PROGRESSIVE METAL,METAL,THRASH METAL	EN	0.488	0.8140000000000001	1.0	1.0	0.199	116.977	318080	METAL
HRlvjQArSOor4L3b	METAL	EN	0.466	0.963	10.0	0.0	0.32	99.989	295367	METAL
t6dk5xzFH3HEWNtW	SYMPHONIC METAL,GOTHIC METAL,METAL	EN	0.397	0.918	0.0	1.0	0.208	93.65	212773	METAL
gCJQsoz5c5L7hUEg	THRASH METAL,METAL,GROOVE METAL	EN	0.288	0.957	10.0	1.0	0.107	97.683	298920	METAL
khHNfSEYBCcYTrRq	POST-METAL	EN	0.462	0.764	6.0	1.0	0.214	129.894	351562	METAL
eZRZJrGFC45RYGYU	GOTHIC METAL,METAL,GOTHIC METAL,METAL	EN	0.51	0.885	6.0	0.0	0.647	100.02	231013	METAL
87dM2jCka3uQ9jCe	DEATH METAL	EN	0.3670000000000001	0.997	1.0	0.0	0.0567	115.024	230667	METAL
dvPbxUN8jrKFfFs0	METAL,THRASH METAL,NU METAL,METALCORE	EN	0.598	0.954	2.0	1.0	0.235	100.98	311987	METAL
5y5FDrBgf9NjPvjc	SYMPHONIC METAL,POWER METAL,SYMPHONIC POWER METAL	EN	0.515	0.937	1.0	1.0	0.581	133.959	253493	METAL
UCd6qJIrG1dLRotr	GOTHIC METAL,METAL,SYMPHONIC METAL	EN	0.391	0.907	7.0	1.0	0.168	90.0	440627	METAL
2wAj6vUC6Ec8E14t	BLACK METAL,THRASH METAL,DOOM METAL,DEATH METAL	EN	0.165	0.917	9.0	1.0	0.227	85.74700000000001	268733	METAL
0Tw7xPCFY8Kkznev	GOTHIC METAL,METAL	EN	0.514	0.971	7.0	0.0	0.502	129.969	205587	METAL
0ZqOgfNvkjHbslBS	MELODIC DEATH METAL,DEATH METAL	EN	0.0937	0.882	5.0	0.0	0.126	87.141	255560	METAL
OUK5bBTgTGQgAVy7	POWER METAL,SYMPHONIC METAL,METAL	EN	0.186	0.894	8.0	1.0	0.1689999999999999	170.021	591762	METAL
5IYKh7yW3GoLtzKb	BRUTAL DEATH METAL,BRUTAL DEATHCORE,DEATHCORE,DEATH METAL,BRUTAL DEATH METAL,DEATH METAL	EN	0.301	0.981	9.0	1.0	0.129	134.922	258246	METAL
vtRcuSRG5MrJ1vc4	DEATH METAL	EN	0.267	0.988	7.0	1.0	0.151	89.575	309693	METAL
mhBjgoFctWnsaiNR	THRASH METAL,METAL,SPEED METAL	EN	0.505	0.917	7.0	1.0	0.322	130.062	324800	METAL
Cprt22sYrfWRz3OH	THRASH METAL,GROOVE METAL,METAL	EN	0.352	0.956	7.0	1.0	0.228	122.897	456320	METAL
6VlZGqtAifskaaJp	DEATHCORE,METALCORE,HARDCORE,SCREAMO,DEATH METAL	EN	0.242	0.995	11.0	0.0	0.0795	115.85	159379	METAL
QD1atQu9JLwf5HUl	METALCORE,POST-HARDCORE	EN	0.414	0.972	9.0	1.0	0.282	100.042	226507	METAL
aRg4LxwmC7yvhYji	GROOVE METAL,METAL,THRASH METAL	EN	0.239	0.964	4.0	0.0	0.53	157.387	237027	METAL
YDW79V994x8Mn0Tj	DOOM METAL,BLACK METAL	EN	0.495	0.5870000000000001	11.0	1.0	0.11	90.046	269600	METAL
EQq7jbyHrpMDZt7g	MELODIC DEATH METAL,MELODIC DEATH METAL,VIKING METAL,DEATH METAL	EN	0.477	0.996	10.0	0.0	0.0672	120.01	321656	METAL
IZrkmupix59joCZV	METALCORE,POST-HARDCORE,HARDCORE,METAL	EN	0.458	0.99	8.0	1.0	0.46	166.90400000000002	211430	METAL
3R1U4t8F9OHH8msx	BLACK METAL,METAL	EN	0.307	0.778	8.0	0.0	0.037	110.421	278400	METAL
IJG4kkd0UOU9XgFn	GOTHIC METAL,DOOM METAL,METAL	EN	0.348	0.7	4.0	1.0	0.416	93.614	675653	METAL
k0rpXNDQ9yOTfU0I	MELODIC DEATH METAL,DEATH METAL,METAL,POWER METAL	EN	0.267	0.946	7.0	1.0	0.296	120.086	245053	METAL
PHvNKpfcKBZlounv	DOOM METAL,METAL	EN	0.243	0.435	0.0	0.0	0.0391	122.566	485756	METAL
XruS027rJBdGC8Ls	METALCORE,METAL,POST-HARDCORE,HARDCORE	EN	0.403	0.962	1.0	1.0	0.151	117.877	196853	METAL
pS4OuHa7iStAnSHd	DEATH METAL,METAL	EN	0.463	0.95	10.0	0.0	0.213	104.131	159510	METAL
SejXqWm34k7ua9un	POWER METAL,SYMPHONIC METAL,POWER METAL,METAL	EN	0.468	0.933	1.0	0.0	0.392	143.076	218080	METAL
CjWYjbj5ckRShRZh	PROGRESSIVE METAL,TECHNICAL DEATH METAL	EN	0.562	0.971	8.0	1.0	0.344	110.989	323697	METAL
K4UnH4XU4rfB1YLp	DEATH METAL	EN	0.171	0.985	8.0	1.0	0.0936	178.761	135160	METAL
xB5TXAQ46LvnGwkw	METALCORE,METAL,HARDCORE,DEATH METAL	EN	0.187	0.936	0.0	1.0	0.385	163.65200000000004	167933	METAL
W2JTCkDn4jkv2ZiX	POST-HARDCORE,POST-HARDCORE,METALCORE,SCREAMO	EN	0.575	0.931	4.0	0.0	0.545	120.063	232960	METAL
e6Ec6fthABkE2N8F	METAL	EN	0.422	0.898	2.0	1.0	0.38	129.486	253293	METAL
Uz8PaQpsxrXbWmFf	DEATH METAL,BRUTAL DEATH METAL	EN	0.322	0.984	1.0	0.0	0.121	144.264	152733	METAL
mV67Lvj33l1Al5np	PROGRESSIVE METAL,BLACK METAL,EXPERIMENTAL	EN	0.68	0.522	9.0	0.0	0.532	126.04	279733	METAL
W7Oc8CIZBUAMzxLl	POWER METAL	EN	0.546	0.976	1.0	0.0	0.338	120.028	357907	METAL
0C3hl6iMTRGD9WOE	DEATH METAL	EN	0.0909	0.8009999999999999	11.0	0.0	0.351	180.403	250507	METAL
hWNaBdXIjxjjEfFF	SYMPHONIC METAL,POWER METAL,METAL,GOTHIC METAL,SYMPHONIC POWER METAL	EN	0.463	0.701	8.0	1.0	0.309	82.52799999999998	247693	METAL
rGUvHulqSMbtDlfS	HARDCORE,METAL,METALCORE,EMO,POST-HARDCORE,PROGRESSIVE METALCORE	EN	0.343	0.96	6.0	1.0	0.334	174.042	230752	METAL
iVxm6JnY73kSw032	SYMPHONIC METAL,GOTHIC METAL	EN	0.436	0.908	7.0	1.0	0.415	134.981	204160	METAL
Va43bkd6PIVglBhl	METAL,METAL,PROGRESSIVE METAL	EN	0.5429999999999999	0.334	2.0	0.0	0.93	119.937	72667	METAL
qh4KdNvisCFpdRtW	METAL	EN	0.611	0.574	11.0	0.0	0.72	116.204	261907	METAL
wBnzOGrvBEbsPkxj	BLACK METAL,NORWEGIAN BLACK METAL	EN	0.202	0.923	9.0	0.0	0.076	113.984	397665	METAL
J1HdTgTv3y3X3Bpn	METAL,NWOBHM	EN	0.317	0.94	4.0	0.0	0.228	103.396	412213	METAL
Yent3sT1VzGq01Bt	NU METAL,METAL,ALTERNATIVE METAL	EN	0.512	0.98	11.0	0.0	0.394	135.05100000000002	246222	METAL
5XUBR4ksIWggugWk	BLACK METAL,METAL,SWEDISH BLACK METAL	EN	0.3229999999999999	0.904	10.0	1.0	0.0592	114.999	281933	METAL
hJN5imQj1Fku14t5	DEATH METAL,SLUDGE METAL	EN	0.173	0.965	11.0	0.0	0.113	139.879	476000	METAL
CffbztRNwoT172h6	DOOM METAL,METAL,PROGRESSIVE METAL	EN	0.256	0.613	5.0	0.0	0.193	136.119	521813	METAL
LV5TRqYutHWbD5qN	POWER METAL,PROGRESSIVE METAL,METAL	EN	0.465	0.966	2.0	0.0	0.246	102.048	297187	METAL
9fkzPCesMljHgzIq	NU METAL,METAL,ALTERNATIVE METAL	EN	0.298	0.963	11.0	0.0	0.199	146.82399999999996	401200	METAL
3iY1zreN7QSLzrR2	DOOM METAL,STONER METAL	EN	0.312	0.222	5.0	1.0	0.391	183.334	212000	METAL
hF82YO6V2KkxdY7z	METALCORE,MELODIC DEATH METAL,MELODIC METALCORE	EN	0.448	0.978	3.0	1.0	0.17	144.998	329480	METAL
vSDXvF5R0hB4OVAT	POST-HARDCORE,METALCORE,NU METAL	EN	0.376	0.993	4.0	1.0	0.316	194.937	193920	METAL
JdIDvgrkI0tsiGOB	METALCORE,HARDCORE,POST-HARDCORE	EN	0.303	0.982	1.0	1.0	0.326	107.557	227312	METAL
qBZQ7ByN9yfZZr8T	MELODIC DEATH METAL,POWER METAL	EN	0.429	0.949	6.0	1.0	0.145	95.006	213000	METAL
3cpPdauxJRJ3t80x	BLACK METAL,DARK AMBIENT,NORWEGIAN BLACK METAL	EN	0.295	0.545	4.0	0.0	0.438	54.669	425067	METAL
75clzCiieKjxbQ0L	SYMPHONIC METAL	EN	0.44	0.917	7.0	1.0	0.338	180.02700000000004	287587	METAL
zPcvP56I7kZztLJq	BLACK METAL,PROGRESSIVE BLACK METAL,AVANT-GARDE BLACK METAL	EN	0.14	0.995	2.0	1.0	0.0458	159.891	362947	METAL
2MMQbmVY5uFMXQNB	POWER METAL,METAL,SPEED METAL,POWER METAL,SPEED METAL	EN	0.477	0.8590000000000001	0.0	1.0	0.629	91.009	280213	METAL
vw3hQBR7EqY0rnzQ	SYMPHONIC METAL,GOTHIC METAL,METAL	EN	0.508	0.965	4.0	1.0	0.417	133.99	352000	METAL
OpheVjyYLibW0OO5	DEATHCORE,DEATH METAL,DEATHCORE,TECHNICAL DEATHCORE,DEATH METAL	EN	0.4920000000000001	0.992	11.0	0.0	0.133	140.023	201877	METAL
yPEsvWBczeb5rhmi	POWER METAL,METAL	EN	0.48	0.945	9.0	0.0	0.522	94.108	167000	METAL
tVwb4YJEHfV4HmZR	PROGRESSIVE METAL	EN	0.43	0.954	9.0	1.0	0.291	99.977	373520	METAL
phjRir4rr7F8ecLs	BLACK METAL,METAL,DOOM METAL,MELODIC DEATH METAL	EN	0.21	0.985	1.0	0.0	0.0834	126.675	323560	METAL
xs3dU3LJ0V5peOQ0	SYMPHONIC METAL,POWER METAL,METAL,GOTHIC METAL,SYMPHONIC POWER METAL	EN	0.316	0.344	7.0	1.0	0.1669999999999999	105.952	250920	METAL
z7wzgxirhp2eRsEN	THRASH METAL,METAL	EN	0.4370000000000001	0.94	10.0	1.0	0.426	95.171	287667	METAL
OLxUCYSPkCH0rOhT	SYMPHONIC METAL,METAL,GOTHIC METAL	EN	0.261	0.7490000000000001	11.0	0.0	0.118	180.234	363749	METAL
g2jvoyDH2pq5383i	DEPRESSIVE BLACK METAL	EN	0.161	0.618	1.0	1.0	0.0327	130.1	1105013	METAL
LyMW7D0UchPvjzzo	GOTHIC METAL,DOOM METAL,METAL,GOTHIC METAL,DOOM METAL,METAL	EN	0.326	0.535	2.0	1.0	0.152	138.55	656133	METAL
H7M63BTs2caxHLmu	METAL,DOOM METAL,GOTHIC METAL	EN	0.425	0.912	2.0	0.0	0.4270000000000001	84.05	290993	METAL
islu6cWIWc9zIWW1	DEATH METAL	EN	0.245	0.945	2.0	0.0	0.184	109.3	293267	METAL
MGfCHIZtRH9aLTfQ	METALCORE	EN	0.366	0.994	6.0	0.0	0.303	156.488	205517	METAL
ktpFdfS537OyufJC	THRASH METAL,METAL,SPEED METAL	EN	0.331	0.936	10.0	1.0	0.247	106.147	226333	METAL
mAfQkNH0RyxiKFGK	DEATH METAL,BLACK METAL,METAL	EN	0.147	0.932	4.0	0.0	0.158	138.769	210507	METAL
mMXgQEhA7v2RF23y	PROGRESSIVE METAL	EN	0.475	0.385	7.0	0.0	0.183	134.368	208520	METAL
lo8hxpp6eGgLX3Ai	SYMPHONIC METAL,METAL,PROGRESSIVE METAL	EN	0.461	0.94	11.0	1.0	0.221	127.449	287547	METAL
0f9cdIdkM6V4lICS	GROOVE METAL,THRASH METAL,METAL	EN	0.378	0.947	6.0	0.0	0.348	128.195	296773	METAL
waVmw2xEmFDB76xS	METAL,DOOM METAL,DEATH METAL	EN	0.203	0.754	0.0	1.0	0.207	76.773	440744	METAL
4lFCAs3HU0uzrl2C	POWER METAL,SYMPHONIC METAL,SPEED METAL	EN	0.544	0.952	8.0	1.0	0.351	94.007	291107	METAL
W0xsDy4ySjemX9mg	BLACK METAL,METAL	EN	0.111	0.92	0.0	1.0	0.151	157.1	558293	METAL
mzOVXXMjc7ZrqeP5	HARDCORE,EMO,METALCORE,EMOCORE,POST-HARDCORE,SCREAMO	EN	0.546	0.937	7.0	1.0	0.389	96.033	214987	METAL
r33DVgRlOsoVts9c	POST-HARDCORE,METALCORE	EN	0.438	0.984	8.0	1.0	0.157	193.939	242800	METAL
8BjYmJ2Fw0q23U4i	THRASH METAL,METAL	EN	0.281	0.952	11.0	0.0	0.147	131.181	300773	METAL
TIsqqz1vSMovnyu6	DEATH METAL	EN	0.315	0.934	1.0	1.0	0.286	84.162	206667	METAL
jl2d3dSTSvGzO5D2	METALCORE,POST-HARDCORE,ALTERNATIVE METAL	EN	0.391	0.975	10.0	0.0	0.233	74.994	214399	METAL
RttK2ruJO1pCJ7wb	MELODIC DEATH METAL,SCREAMO	EN	0.64	0.487	10.0	0.0	0.24	118.033	227328	METAL
AcrYMhCX2bBnnzog	METALCORE,METAL	EN	0.206	0.961	7.0	0.0	0.038	106.514	247507	METAL
9TxsRGUgweBKRkUG	PUNK,HARDCORE,METAL	EN	0.32	0.715	4.0	1.0	0.7709999999999999	95.547	292800	METAL
wRIICkoUWkaAPR73	MELODIC DEATH METAL	EN	0.376	0.987	7.0	0.0	0.231	165.00599999999997	228071	METAL
kMJheBQGcL8KG3xH	POWER METAL	EN	0.328	0.997	2.0	1.0	0.03	137.261	294667	METAL
B1jMm6WEWuyaP1Oa	PROGRESSIVE METAL,MELODIC DEATH METAL,METAL	EN	0.473	0.8270000000000001	3.0	1.0	0.295	123.015	320440	METAL
Ff1E3iZTEAL6kMCr	SYMPHONIC METAL	EN	0.294	0.449	0.0	0.0	0.265	187.609	328013	METAL
Nx0EAERHTvvSp0E1	DEATH METAL,TECHNICAL DEATH METAL	EN	0.361	0.962	1.0	0.0	0.13	141.18	269133	METAL
pVCEUroxYM256FLx	METALCORE,HARDCORE,POST-HARDCORE	EN	0.46	0.968	8.0	0.0	0.262	130.007	252883	METAL
yFJONyH8gTHh4twI	DOOM METAL,METAL	EN	0.275	0.387	3.0	0.0	0.0387	74.944	604853	METAL
iIFClkedrRRMlPzL	THRASH METAL	EN	0.394	0.974	3.0	1.0	0.0703	92.995	284139	METAL
BfEVnvIhPYmITmTM	POWER METAL,METAL,SYMPHONIC METAL,POWER METAL,SYMPHONIC METAL	EN	0.457	0.645	11.0	1.0	0.148	98.679	392400	METAL
gSy0nYQRDBW4vY0l	MATHCORE,CHAOTIC HARDCORE,METALLIC HARDCORE	EN	0.168	0.809	5.0	0.0	0.113	126.231	455936	METAL
GYnJF1ePMmEgx6sU	METALCORE,POST-HARDCORE	EN	0.486	0.937	5.0	0.0	0.315	129.99	232613	METAL
GuBqmArrBgAY77Li	BLACK METAL	EN	0.147	0.996	11.0	0.0	0.0295	94.036	273027	METAL
reY7p1UbAYoh052j	SYMPHONIC METAL,GOTHIC METAL	EN	0.319	0.924	4.0	0.0	0.329	132.02700000000002	274360	METAL
QGkT0l8KlFpEtp1y	DEATH METAL,METAL	EN	0.247	0.955	10.0	0.0	0.433	155.717	224013	METAL
0z3tk45gtCKr0FOg	METALCORE,METAL,THRASH METAL	EN	0.306	0.995	2.0	1.0	0.135	127.908	247693	METAL
E52i6r9AlZlBq8Ae	NU METAL,METAL,METALCORE	EN	0.462	0.996	11.0	0.0	0.145	122.072	215600	METAL
wFeb7VDJ68E3Byny	DEATH METAL,METAL,MELODIC DEATH METAL	EN	0.421	0.923	3.0	1.0	0.258	160.079	290959	METAL
YZd7V8oXrzZD4GZ0	DEATH METAL,TECHNICAL DEATH METAL,METAL,DEATH METAL,TECHNICAL DEATH METAL	EN	0.316	0.941	2.0	1.0	0.42	136.84	263773	METAL
Li6zLeUT1kU9bgKY	BLACK METAL,METAL,NORWEGIAN BLACK METAL	EN	0.627	0.912	7.0	1.0	0.341	119.883	230453	METAL
aa64lVIjWPYihEkS	METALCORE,THRASH METAL,METAL,DEATH METAL	EN	0.299	0.906	9.0	1.0	0.147	121.943	274507	METAL
g0OKQtCU4YrT468h	MELODIC DEATH METAL,DEATH METAL,SWEDISH DEATH METAL	EN	0.258	0.963	0.0	1.0	0.179	176.49900000000005	341067	METAL
grffrUAgGsHVLMW8	GRINDCORE,DEATH METAL	EN	0.0824	0.994	6.0	0.0	0.0367	172.357	70827	METAL
VPbu0qRW1O5bSVwh	PROGRESSIVE METAL,MELODIC DEATH METAL,DEATH METAL,DOOM METAL	EN	0.277	0.843	8.0	1.0	0.407	105.617	352227	METAL
c3bIkwl2wHET3nir	SYMPHONIC METAL,METAL	EN	0.498	0.913	6.0	0.0	0.303	103.028	331252	METAL
oxAz29U5kaXZwYFt	THRASH METAL,METALCORE,METAL	EN	0.242	0.947	11.0	0.0	0.515	91.167	247813	METAL
mbox2i8QtSw6TCvn	BLACK METAL,MELODIC BLACK METAL	EN	0.218	0.971	9.0	0.0	0.27	168.12400000000005	244000	METAL
d4g1I4ocppfoBbQj	MELODIC DEATH METAL,VIKING METAL,DEATH METAL,METAL	EN	0.444	0.983	0.0	1.0	0.136	123.97	313853	METAL
HHXw5X0tFmY8eBCC	METALCORE,POST-HARDCORE,HARDCORE,DEATHCORE	EN	0.448	0.825	4.0	0.0	0.226	144.17	216827	METAL
E7CzwJrYV3hdXo6V	PROGRESSIVE METAL	EN	0.244	0.943	3.0	1.0	0.544	174.333	332053	METAL
EvS3yFyXTbhx3UXD	METAL,BLACK METAL	EN	0.297	0.7979999999999999	4.0	1.0	0.544	137.39700000000002	237107	METAL
S4PVpEcKDXSKzbrX	METAL,METAL	EN	0.596	0.7170000000000001	0.0	1.0	0.395	96.795	249333	METAL
Jy1QZOUOluB4g34j	THRASH METAL,METAL,THRASH METAL,METAL	EN	0.1639999999999999	0.998	8.0	1.0	0.228	179.605	222267	METAL
9LhYEVoKjUsyXsVE	DEATH METAL	EN	0.216	0.971	1.0	1.0	0.216	141.609	305560	METAL
uI2SXWT1f4dFt5mi	MELODIC DEATH METAL,METAL,DEATH METAL,FINNISH METAL	EN	0.44	0.968	7.0	0.0	0.3720000000000001	97.538	322933	METAL
jBah0PWTEAaO1Okl	POWER METAL,METAL,SPEED METAL	EN	0.469	0.8959999999999999	4.0	0.0	0.6629999999999999	79.078	248027	METAL
JI2Nb46SDQbmNCPj	POST-METAL,SLUDGE METAL,DOOM METAL	EN	0.221	0.795	1.0	0.0	0.0907	130.286	455493	METAL
U0XEQQGC96H0Inus	SYMPHONIC METAL,METAL	EN	0.395	0.8390000000000001	10.0	1.0	0.0978	146.132	311027	METAL
AtzcPoryfXFajoHI	GOTHIC METAL,SYMPHONIC METAL,METAL	EN	0.504	0.657	4.0	0.0	0.194	135.991	235001	METAL
Ysn0T4oTAf4zBGdi	THRASH METAL,DEATH METAL	EN	0.328	0.961	4.0	0.0	0.257	104.129	230291	METAL
DTD5npCClmRjoglO	INDUSTRIAL METAL,METAL,INDUSTRIAL,DEATH METAL	EN	0.693	0.871	0.0	1.0	0.5329999999999999	111.989	204853	METAL
hu3NFLHzW6uAfOFz	DEATH METAL,PROGRESSIVE METAL,METAL	EN	0.191	0.955	8.0	1.0	0.121	83.574	379800	METAL
xd6fP89i1OFl6GPn	SYMPHONIC METAL,GOTHIC METAL,POWER METAL	EN	0.416	0.923	1.0	1.0	0.391	179.998	433424	METAL
8r1NxrOS7rF7hWnK	METALCORE,HARDCORE	EN	0.408	0.978	6.0	1.0	0.177	102.983	276158	METAL
TwbXUCKSguqudvDU	DEATH METAL,METAL,BRUTAL DEATH METAL	EN	0.423	0.948	2.0	1.0	0.283	115.991	212013	METAL
qPdrSLJZJ3ben7b2	POWER METAL,SYMPHONIC METAL,SYMPHONIC POWER METAL,METAL	EN	0.464	0.955	0.0	0.0	0.451	95.003	287027	METAL
n8y9DmtV39CfMNSj	VIKING METAL	EN	0.325	0.8590000000000001	9.0	0.0	0.374	87.14399999999998	248680	METAL
M4tAeO3PuzuEUmtq	POWER METAL,SYMPHONIC METAL,MELODIC POWER METAL	EN	0.448	0.8740000000000001	6.0	0.0	0.281	94.974	303547	METAL
BRZGmSpKVNqjXMrR	POWER METAL,SYMPHONIC METAL	EN	0.463	0.921	1.0	1.0	0.609	159.922	220670	METAL
wKoB144EmzBEkIK9	METALCORE,THRASH METAL	EN	0.33	0.921	1.0	0.0	0.185	139.203	261573	METAL
pAlKNMgDhPFCq956	PROGRESSIVE METAL	EN	0.439	0.351	7.0	0.0	0.0571	142.108	326187	METAL
Jcu5vP1sd5aYwUew	POST-METAL,PROGRESSIVE METAL,DOOM METAL	EN	0.266	0.381	11.0	0.0	0.062	125.704	523373	METAL
q8aCjgwF5HaWcW25	PROGRESSIVE METAL,METAL,THRASH METAL,DEATH METAL	EN	0.374	0.996	6.0	1.0	0.36	102.597	360144	METAL
wsgskIDSJnN5RiAI	PROGRESSIVE METAL	EN	0.22	0.985	7.0	1.0	0.247	136.839	120747	METAL
esRmaqg5Owd3VDfV	SYMPHONIC METAL,GOTHIC METAL,POWER METAL,METAL,SYMPHONIC METAL,METAL	EN	0.424	0.677	8.0	1.0	0.168	135.08	358107	METAL
4dSkl59yRDOfSLv9	DEATHCORE,DOWNTEMPO,DOOM METAL,HARDCORE,DEATHCORE,DOWNTEMPO,HARDCORE	EN	0.155	0.977	7.0	1.0	0.067	200.598	202187	METAL
L4FFPXWE33XGgq6E	METALCORE,HARDCORE,METAL	EN	0.318	0.453	2.0	1.0	0.15	141.935	105620	METAL
gMYQvPhTuBzqsc7L	DEATH METAL,BRUTAL DEATH METAL,TECHNICAL DEATH METAL,METAL	EN	0.253	0.979	9.0	1.0	0.223	195.027	221907	METAL
UJNIH8dHR6t3JqQl	MELODIC DEATH METAL	EN	0.443	0.855	7.0	0.0	0.42	144.97	286360	METAL
5ivR9lZ6yU5OJLXx	HARDCORE,METAL,METALCORE,POST-HARDCORE,HARDCORE PUNK	EN	0.419	0.98	8.0	1.0	0.5670000000000001	194.80900000000003	211968	METAL
MrhniuPxlr8JkKEF	METALCORE,METAL,HARDCORE,MELODIC DEATH METAL	EN	0.472	0.977	0.0	1.0	0.355	92.938	198547	METAL
RM5pSZLoUBHLhIJo	METALCORE,MELODIC DEATH METAL,METAL,METALCORE,METAL,MELODIC DEATH METAL	EN	0.368	0.981	2.0	0.0	0.277	165.018	260787	METAL
DiFaoOr5Qgs91ZGE	ATMOSPHERIC BLACK METAL	EN	0.202	0.579	7.0	1.0	0.143	113.843	512011	METAL
ENW0vRCoCuqQy4EI	BLACK METAL,MELODIC BLACK METAL,GREEK BLACK METAL	EN	0.247	0.922	4.0	0.0	0.723	148.667	311400	METAL
0SB7NAI7mNnsVKrn	DOOM METAL	EN	0.189	0.478	0.0	0.0	0.126	130.347	616293	METAL
yAcVhOYc32XFNwvN	METALCORE,METAL,MELODIC DEATH METAL,METALCORE,MELODIC DEATH METAL	EN	0.454	0.956	8.0	1.0	0.368	165.03	221293	METAL
5RGYQB2nSbsAzMgk	DEATH METAL,TECHNICAL DEATH METAL,METAL	EN	0.213	0.983	8.0	0.0	0.131	143.239	181387	METAL
1vmSuUjNkL6o5h7h	DRONE,DOOM METAL,AMBIENT,DRONE METAL	EN	0.155	0.67	4.0	1.0	0.0378	137.434	602333	METAL
eRzKzk204uCXZcu3	PROGRESSIVE METAL	EN	0.509	0.728	6.0	0.0	0.173	92.212	260027	METAL
1Q6H07BqIXuEIqpl	METALCORE,DEATHCORE	EN	0.5329999999999999	0.979	0.0	1.0	0.253	99.914	236384	METAL
rl8OAgVYOh2PDK0S	PROGRESSIVE METAL,DEATH METAL,GROOVE METAL,METAL	EN	0.436	0.947	7.0	1.0	0.0645	102.988	313867	METAL
0ApJhZ4pLRcdFh9I	MELODIC DEATH METAL,METAL,DEATH METAL	EN	0.119	0.7959999999999999	11.0	0.0	0.0395	60.631	452800	METAL
OKk2ggoLWYefsGQR	METALCORE,METAL,HARDCORE	EN	0.3229999999999999	0.958	7.0	1.0	0.438	178.805	366667	METAL
Vs8oPNvQkSmRKJvZ	DOOM METAL,METAL	EN	0.257	0.872	6.0	1.0	0.112	117.078	443399	METAL
cnzTmnDEwPdkrdre	INDUSTRIAL METAL,INDUSTRIAL,INDUSTRIAL BLACK METAL	EN	0.458	0.969	9.0	1.0	0.336	82.54700000000003	296542	METAL
9cbBOy5wMBZbZ1oi	DEATH METAL,MELODIC DEATH METAL,DEATH METAL,MELODIC DEATH METAL	EN	0.292	0.963	6.0	0.0	0.124	114.451	120160	METAL
Wohff4Wlw5bKppOk	METALCORE,DEATHCORE,POST-HARDCORE,HARDCORE	EN	0.542	0.977	0.0	1.0	0.0616	125.033	198720	METAL
m8FPiF70xLeggsCu	SYMPHONIC DEATH METAL	EN	0.362	0.713	7.0	1.0	0.124	79.987	257680	METAL
SzN8Em6AzHdz8rST	METAL,BLACK METAL,DOOM METAL,DEATH METAL	EN	0.298	0.949	9.0	0.0	0.258	101.339	475680	METAL
m7bNd2ZO4m8CFeux	DEATH METAL,BRUTAL DEATH METAL	EN	0.248	0.877	11.0	1.0	0.517	107.96	362760	METAL
fPJqrZzMYYnUOgpb	DOOM METAL,METAL	EN	0.0998	0.373	1.0	0.0	0.0396	89.96	632747	METAL
ZVqYjv9PxRkzFKiL	THRASH METAL,BLACK METAL	EN	0.195	0.7909999999999999	11.0	1.0	0.198	133.559	319000	METAL
HIqbTEAplGXRbvJI	ALTERNATIVE METAL,METAL,NU METAL	EN	0.316	0.931	8.0	1.0	0.245	145.671	356987	METAL
ciPt0PolynMkCGLf	DEATH METAL,THRASH METAL	EN	0.424	0.996	6.0	0.0	0.0372	102.264	197933	METAL
0nyBXLDfeZUbsqHa	POP PUNK,EMO	EN	0.403	0.967	8.0	1.0	0.27	97.696	182198	POP
3zUyOYNXvC2DSbHk	DISCO,SOUL,POP	EN	0.612	0.7490000000000001	9.0	0.0	0.969	116.791	394133	POP
6OaLH97SBrNzCTPH	INDIE POP,POP	EN	0.625	0.7070000000000001	8.0	0.0	0.593	92.004	203160	POP
pNk1KVAwvr83Nxbq	POP,JAZZ	EN	0.653	0.4370000000000001	0.0	1.0	0.622	131.09799999999998	218120	POP
MZIb9547YKgHRxhF	INDIE POP	EN	0.752	0.799	5.0	1.0	0.8170000000000001	141.447	180533	POP
G3qIv4hyPrrN5sqo	POP,TEEN POP,EUROPOP	EN	0.662	0.98	0.0	0.0	0.7809999999999999	164.951	196560	POP
BDUIrMxIrwynOF2B	POP	EN	0.435	0.479	7.0	1.0	0.802	65.388	272320	POP
ykkBDVJcc7OPV8ux	POP	EN	0.512	0.755	4.0	0.0	0.197	108.001	267453	POP
KFvYpiEaB0GPl66l	SOUL,POP	EN	0.8170000000000001	0.485	7.0	1.0	0.672	100.978	228267	POP
C2ByKZglCyi6RHOm	SYNTHPOP	EN	0.344	0.524	8.0	0.0	0.152	161.119	210477	POP
B2zlCfWRv8E1UtJn	FOLK,POP	EN	0.662	0.614	4.0	1.0	0.616	160.06799999999996	180952	POP
uIOITJQDmCSn5uC1	POP	EN	0.8029999999999999	0.813	8.0	1.0	0.264	100.339	319493	POP
E6xQxiMqm1ksaodw	POP,ELECTRONIC,DOWNTEMPO	EN	0.447	0.412	2.0	0.0	0.111	112.824	277051	POP
TyNN01StxeK2a4jD	POP	EN	0.936	0.7020000000000001	10.0	1.0	0.7040000000000001	97.524	207040	POP
D0add0jYquNkyhmq	POP	EN	0.599	0.546	9.0	1.0	0.411	95.141	196213	POP
8Kq3JF19t1xRhguP	POP	EN	0.578	0.942	1.0	1.0	0.87	132.997	222027	POP
gecPoEfROE5WgyvE	POP,SOUL	EN	0.6459999999999999	0.336	7.0	0.0	0.728	113.526	161440	POP
dDw89Uy0F51z4VYo	SYNTHPOP,INDIETRONICA	EN	0.631	0.662	0.0	1.0	0.316	112.008	203107	POP
ygvtRqQljhgqmBHq	POP	EN	0.723	0.6629999999999999	2.0	1.0	0.537	111.949	224787	POP
Q1kByIFyJLsZg9UR	ELECTROCLASH,ELECTRONIC,ELECTROPOP,SYNTHPOP,ELECTRO,ELECTRONICA	EN	0.431	0.922	1.0	1.0	0.0947	148.4	294227	POP
4qXuDgBO2q1AELxe	POP	EN	0.706	0.88	0.0	1.0	0.7390000000000001	125.994	202347	POP
fMo1uZ6fy9YjwK9v	FOLK,DREAM POP,SINGER-SONGWRITER	EN	0.254	0.275	7.0	1.0	0.17	171.96900000000005	139439	POP
0xq0fwdWRCV9cT9A	ELECTRONIC,SYNTHPOP,DOWNTEMPO	EN	0.6940000000000001	0.532	1.0	1.0	0.4270000000000001	101.022	223467	POP
MmJnj3SJiJcQRGXi	POP,POP	EN	0.778	0.727	7.0	1.0	0.5489999999999999	115.94	300893	POP
KEhFs9mAfSZPwB4R	SOUL,POP,FUNK,HIP HOP	EN	0.7390000000000001	0.8690000000000001	4.0	0.0	0.726	96.019	289160	POP
jKpAx87c00A30wf4	POP,DREAM POP	EN	0.4270000000000001	0.578	11.0	1.0	0.185	118.391	220213	POP
yw6c2e2r0IvyObWH	POP	EN	0.797	0.885	9.0	0.0	0.87	134.381	303507	POP
QNinqKVG7eXfo9RQ	POP	EN	0.613	0.805	5.0	1.0	0.1669999999999999	123.892	181004	POP
sUfLiyFa0BPgAlfD	POP,ELECTROPOP	EN	0.605	0.8540000000000001	11.0	0.0	0.165	124.024	214641	POP
o47FD2DUnr35sX7E	FOLK,INDIE POP	EN	0.369	0.154	7.0	0.0	0.12	93.356	157799	POP
19dc9qeCTvGmr08r	POP,WORLD	EN	0.665	0.625	9.0	1.0	0.439	119.924	246707	POP
SScds2ShuTZGW3oI	POP	EN	0.502	0.946	1.0	1.0	0.488	144.059	249480	POP
LUqaTXtXxYh6HGvG	POP	EN	0.4270000000000001	0.845	9.0	1.0	0.321	132.68	211867	POP
HzK13BW55Sop0Ls5	ELECTRONIC,INDIE POP	EN	0.674	0.457	5.0	0.0	0.355	89.979	191000	POP
7CH53cTcZZ4EvYtP	SOUL,K-POP,HIP HOP	EN	0.659	0.324	2.0	1.0	0.277	138.007	131753	POP
SMwHBfgKlJfuLi9f	NEW WAVE,SYNTHPOP,ELECTRONIC	EN	0.6509999999999999	0.532	9.0	1.0	0.4320000000000001	127.834	212933	POP
lxjXuoEX8BAx4dp0	POWER POP	EN	0.395	0.411	0.0	1.0	0.569	78.658	183600	POP
cGfFGikNn9cHRH6z	POP,DISCO,FUNK,SOUL	EN	0.809	0.892	0.0	1.0	0.89	124.435	277640	POP
iVWyMAK97cyQDcB1	SOUL,POP	EN	0.516	0.637	6.0	1.0	0.324	138.011	260440	POP
8tgUyzD1oTdgkQ4N	POP,BRITPOP	EN	0.581	0.8590000000000001	8.0	1.0	0.6920000000000001	90.008	211507	POP
MATdRiJHDQaW71r6	POP	EN	0.624	0.879	7.0	0.0	0.7020000000000001	127.977	206538	POP
jVpvdBQPSK66c91I	INDIE POP,INDIE POP	EN	0.468	0.142	0.0	0.0	0.349	149.267	230398	POP
laTpvcIXMcKQAl2H	QUIET STORM,POP,NEW JACK SWING	EN	0.635	0.5670000000000001	10.0	1.0	0.3720000000000001	184.745	333200	POP
xqCHvO7KxvmXR5pk	POP,ELECTRONIC	EN	0.6779999999999999	0.502	0.0	1.0	0.508	126.977	153467	POP
t4v1udK84MnWfVC1	ELECTRONIC,SYNTHPOP,NU DISCO	EN	0.738	0.6759999999999999	7.0	0.0	0.654	99.997	238222	POP
myrDwjVqz3ImgLqg	POP	EN	0.611	0.505	5.0	0.0	0.447	94.955	204777	POP
GSxGNXymPpXFZCGf	POP	EN	0.68	0.835	11.0	0.0	0.35	123.097	275493	POP
gUxUSLGVqQOFcdj8	POP	EN	0.579	0.667	5.0	1.0	0.283	143.114	211520	POP
WnpSfMX6r2AJfNeU	POP	EN	0.677	0.679	1.0	0.0	0.636	179.97400000000005	236893	POP
tCAmo7blJ8Pjv6QQ	INDIE POP,POP	EN	0.596	0.897	10.0	1.0	0.578	118.0	206394	POP
zTdiuTV0TGEK2Hkn	POP,NEW WAVE	EN	0.821	0.6659999999999999	5.0	0.0	0.907	130.09799999999998	262133	POP
u1zeTBztUieowIKv	DREAM POP	EN	0.5670000000000001	0.914	0.0	0.0	0.667	124.005	229067	POP
kbsZwbzdficFmweN	POP,SINGER-SONGWRITER	EN	0.738	0.284	9.0	1.0	0.461	65.977	144400	POP
SQM6HcuMszPuFKkr	SHOEGAZE,BEATS,DREAM POP	EN	0.392	0.885	2.0	1.0	0.589	169.892	248744	POP
BiqEw6qtCjmeqGwZ	EUROVISION,POP	EN	0.229	0.412	7.0	1.0	0.214	65.167	179600	POP
2Pu8pCyYug0Fxq9o	POP,RAP	EN	0.753	0.605	9.0	0.0	0.5579999999999999	154.87	204414	POP
LFKa4w1blcd1M61A	POP,ELECTROPOP,INDIE POP	EN	0.747	0.594	0.0	0.0	0.389	98.031	186429	POP
Nt3pTGxqoazzcmT3	POP,DISNEY	EN	0.472	0.698	7.0	1.0	0.512	124.866	221867	POP
6o4UxDzMwoC79xqZ	DREAM POP,AMBIENT	EN	0.425	0.36	9.0	1.0	0.579	174.817	273733	POP
8yaAjR0eUQI3Epat	SOUNDTRACK,POP	EN	0.6809999999999999	0.66	3.0	1.0	0.965	130.019	157267	POP
NqsmVXtFaJekun51	POP	EN	0.617	0.659	10.0	0.0	0.6579999999999999	84.022	171429	POP
uKWX3UOx1ozv9TBB	POP	EN	0.737	0.636	11.0	0.0	0.565	105.005	222653	POP
wHLvvABOicpFEQ1n	INDIE POP,POP	EN	0.529	0.8	1.0	0.0	0.41	143.99200000000005	206987	POP
mkxY30NKERzFoQui	SOUL,POP	EN	0.333	0.341	9.0	0.0	0.142	109.812	285947	POP
Uc0wMX4Pqa7EPqCC	POP	EN	0.627	0.735	1.0	1.0	0.396	110.949	225977	POP
WopOAZ3ZFuZMCLsd	POP	EN	0.318	0.182	9.0	0.0	0.0524	134.66	373733	POP
tqOQJQT0ziGdhRqD	POP,INDIE POP,POP	EN	0.236	0.249	6.0	0.0	0.181	72.847	281960	POP
OF5hIcyOnmwmgs4H	NEW WAVE,POP,SYNTHPOP	EN	0.7859999999999999	0.701	7.0	1.0	0.841	102.838	313107	POP
ca4x6yVOyA6JVZfK	POP	EN	0.612	0.608	1.0	1.0	0.381	122.108	174872	POP
oHsTusxA7oJ8ctJK	POP,HIP HOP	EN	0.835	0.706	5.0	1.0	0.843	94.086	272533	POP
NCkkiuXVzY5ZDsNF	LO-FI,INDIE POP,POP	EN	0.214	0.447	5.0	1.0	0.138	187.293	224578	POP
L1hJdVuqxzKSOBp4	SUNSHINE POP,POP,BAROQUE POP	EN	0.435	0.428	6.0	1.0	0.61	95.534	187693	POP
QTJmIBVbTMlzJYrL	POP,SOUNDTRACK	EN	0.43	0.53	1.0	1.0	0.159	96.14	240867	POP
Y08V5qGr2GtCbxPX	EURODANCE,POP	EN	0.74	0.965	10.0	0.0	0.797	140.974	186107	POP
OufKK0NW15E4r6XU	INDIE POP	EN	0.516	0.804	8.0	1.0	0.263	134.998	269520	POP
YzdJQaLZp2CcgwMn	SYNTHPOP	EN	0.66	0.664	5.0	0.0	0.43	115.018	239173	POP
81JXhePG6707rc0D	POP	EN	0.679	0.715	9.0	1.0	0.5710000000000001	127.435	214148	POP
jZwB10FH37mcYVzG	INDIE POP,POP	EN	0.523	0.502	0.0	1.0	0.278	124.888	363333	POP
bvtfsBrahbzWRSpM	LO-FI,NOISE POP,EMO	EN	0.199	0.326	11.0	1.0	0.392	98.045	142091	POP
FzcUHPvuAfLK4bVV	POP	EN	0.774	0.74	1.0	1.0	0.8540000000000001	119.099	170293	POP
UJagupUoheXbVDIK	POP	EN	0.544	0.73	7.0	1.0	0.537	82.02	272156	POP
8m85qN0jLwKIf9vN	POP,POP,DISNEY	EN	0.8109999999999999	0.499	5.0	0.0	0.466	111.016	200680	POP
DdbWMAK7YvofkXq9	ELECTRONIC,POP,ELECTRONIC	EN	0.634	0.8490000000000001	5.0	0.0	0.913	92.992	182794	POP
YDGLBsOQoDS6z5x2	SOUL,INDIE POP	EN	0.594	0.4270000000000001	9.0	1.0	0.311	72.252	221747	POP
jy9wm9zprQGR1UDJ	ELECTRONIC,SYNTHPOP,ELECTRONICA	EN	0.611	0.8420000000000001	1.0	1.0	0.799	95.068	183845	POP
nj32aNVi5XWCexVC	POP,SYNTHPOP	EN	0.675	0.743	3.0	1.0	0.1669999999999999	89.99600000000002	217417	POP
jY6PdCK9loQQEjS1	SYNTHPOP,NEW WAVE	EN	0.4970000000000001	0.5529999999999999	10.0	0.0	0.687	98.572	270000	POP
nLz97mCN8PIBdDr7	SYNTHPOP,INDIE POP,NEW WAVE,EXPERIMENTAL	EN	0.458	0.779	9.0	1.0	0.455	133.465	224235	POP
EpCqXKYYO42tIZ85	SOUL,POP	EN	0.5770000000000001	0.527	6.0	0.0	0.228	96.101	274000	POP
3vila6JagtUab3Pq	SYNTHPOP,EXPERIMENTAL	EN	0.586	0.841	1.0	1.0	0.446	145.986	207080	POP
OFbYCifnZFkRhcdB	POP	EN	0.207	0.426	0.0	1.0	0.226	149.078	232440	POP
cKSvVxApROAbGJRx	POP	EN	0.483	0.777	4.0	1.0	0.5720000000000001	153.054	252560	POP
Vf6mVI3FTaLy4yVC	NEW WAVE,NEW ROMANTIC,NEW WAVE,POP	EN	0.688	0.6659999999999999	10.0	1.0	0.727	134.389	261688	POP
udtDoWOpYWvsBYAV	ELECTRONIC,SOUL,EXPERIMENTAL,DREAM POP,ELECTRONIC,DUBSTEP,EXPERIMENTAL	EN	0.433	0.562	10.0	0.0	0.088	149.974	240547	POP
ce6rWENivRwlaahA	ELECTRONIC,POP	EN	0.436	0.534	1.0	0.0	0.325	122.822	369040	POP
BBkUQj3hARnwXsDT	POP	EN	0.7070000000000001	0.496	4.0	0.0	0.459	93.983	295933	POP
PcexFfL2zCapi0x4	POP,INDIE POP	EN	0.5379999999999999	0.8170000000000001	6.0	1.0	0.7170000000000001	147.957	142703	POP
jMSmcc6f952ouXbX	REGGAE,POP	EN	0.762	0.6459999999999999	10.0	0.0	0.8190000000000001	95.992	330080	POP
olyixp510Vz5d3rT	SOUL,NORTHERN SOUL,POP	EN	0.539	0.66	11.0	0.0	0.735	148.268	146133	POP
O0spua0mbJXkpz8v	INDIE POP	EN	0.518	0.809	1.0	1.0	0.281	111.982	224714	POP
o9zpYT0v1mS1pElZ	ELECTRONIC,INDIE POP,INDIETRONICA	EN	0.523	0.659	9.0	0.0	0.194	100.003	231760	POP
2g7rK3JiB03urP1B	POP	EN	0.733	0.899	0.0	1.0	0.76	127.086	236093	POP
RTPlj6FFNw1k5dIA	POP	EN	0.624	0.748	0.0	0.0	0.435	104.992	275889	POP
woD9h0ZZGEVp3icU	POP	EN	0.634	0.623	9.0	0.0	0.867	134.994	270067	POP
WM12ooTGA7nfQ5yH	POP,POP,SOUL	EN	0.227	0.393	0.0	1.0	0.0724	43.26	257253	POP
hM6P3v5SettbWQ1v	ELECTRONIC,POP	EN	0.5429999999999999	0.807	0.0	1.0	0.398	135.00799999999998	230840	POP
iaMsgRkInlGfR2Vt	SINGER-SONGWRITER,POP,SINGER-SONGWRITER	EN	0.62	0.625	1.0	1.0	0.45	83.99600000000002	193760	POP
gddHQQxMmj5CEsic	SYNTHPOP,FUTUREPOP,ELECTRONIC	EN	0.55	0.858	9.0	0.0	0.71	120.012	249200	POP
CWfems5FOySPrjBE	POP,DISNEY	EN	0.65	0.535	0.0	1.0	0.3720000000000001	79.803	145440	POP
ZYiTB97FWcpukniJ	POP,SOUNDTRACK	EN	0.609	0.351	10.0	1.0	0.691	75.934	94987	POP
6mCbaTJUCgxW4gHE	K-POP	EN	0.853	0.638	1.0	1.0	0.872	102.06	193321	POP
qrvTUFLqomCsaZXG	POP,DISCO	EN	0.6970000000000001	0.971	0.0	1.0	0.89	122.274	202640	POP
IQL5D05ucdhM0pR8	SYNTHPOP,SYNTHPOP,EBM	EN	0.608	0.715	2.0	1.0	0.236	160.05200000000005	294040	POP
RlxeHOIVMvL5Uz30	POP	EN	0.828	0.765	6.0	0.0	0.539	123.022	231613	POP
re9wua8YIXBeJlK5	SYNTHPOP,MINIMAL WAVE	EN	0.373	0.732	2.0	1.0	0.0792	127.962	368750	POP
o2WU8lADInRbRESY	SYNTHPOP,SHIBUYA-KEI	EN	0.765	0.939	7.0	1.0	0.762	111.013	172027	POP
13Z4pakUQ2vBgBiK	CHILLWAVE,DREAM POP,LO-FI,CHILLWAVE,LO-FI,DREAM POP	EN	0.6409999999999999	0.55	11.0	1.0	0.652	130.607	220788	POP
b3Gf5BMGYaAvfxGG	SYNTHPOP,ELECTRONIC,ELECTROPOP	EN	0.68	0.897	10.0	0.0	0.358	119.986	236005	POP
g3GHjF98rUQPdLRM	POP,ELECTRONIC,POP,ELECTRONIC	EN	0.882	0.8590000000000001	4.0	1.0	0.516	94.01	183200	POP
ZM04n6nCpfiVlZER	POP	EN	0.5329999999999999	0.889	4.0	1.0	0.506	103.981	212227	POP
AUuAm8U6ScZR2pEY	FUNK,ACID JAZZ,ELECTRONIC,POP	EN	0.618	0.893	6.0	1.0	0.515	91.972	340907	POP
XTKwxY92zQs8UBJb	HOUSE,POP,ELECTRONIC	EN	0.6709999999999999	0.905	9.0	0.0	0.591	123.031	205448	POP
Me5n3BqREUnpncVQ	NEW WAVE,ELECTRONIC,POP,NEW WAVE,POST-PUNK	EN	0.3720000000000001	0.91	2.0	1.0	0.7559999999999999	161.964	315333	POP
zZxf4c4HVikwnZOE	POP	EN	0.544	0.755	0.0	0.0	0.499	160.063	265640	POP
O7h1wEoFvTFDPBPq	NEW WAVE,POP,NEW ROMANTIC	EN	0.634	0.615	0.0	1.0	0.519	133.601	230373	POP
Wz4jMLuzlm6tY9C2	POP	EN	0.62	0.64	4.0	1.0	0.445	90.03200000000002	172787	POP
7yw4CjwoY5WtMdzD	NEW WAVE,ELECTRONIC,SYNTHPOP	EN	0.473	0.631	4.0	1.0	0.484	93.808	269000	POP
ypJ09MuCtD5J47fI	ELECTRONIC,SYNTHPOP,EXPERIMENTAL	EN	0.349	0.507	0.0	0.0	0.207	74.354	281935	POP
Cg4w8i5hsvunATcL	POP,SOUL,POP	EN	0.599	0.303	9.0	1.0	0.36	114.655	235333	POP
RxuPx3SlmENVunK0	POP,SOUNDTRACK	EN	0.664	0.816	8.0	0.0	0.405	115.984	313627	POP
NhdupQW4QNq6Jcqd	INDIE POP	EN	0.47	0.742	9.0	1.0	0.253	144.76	271013	POP
VG6xQWwjqlnjLqjs	POP	EN	0.65	0.698	7.0	1.0	0.364	104.965	220400	POP
gxBLdO7PE1BRTgfo	INDIE POP,SINGER-SONGWRITER	EN	0.562	0.639	5.0	0.0	0.735	99.935	279231	POP
y8K90lUVEGRkEcy1	POP	EN	0.74	0.555	9.0	1.0	0.536	128.002	326667	POP
3WFmGh8gUEoUiCQB	POP	EN	0.569	0.495	1.0	1.0	0.302	128.22799999999998	281067	POP
j4gEb0Kv7ezCxOCK	ELECTRONIC,SYNTHPOP,ELECTRONIC,UK GARAGE	EN	0.69	0.861	2.0	1.0	0.6920000000000001	100.015	229653	POP
DKCxVfVDCzMICTRF	POP	EN	0.611	0.489	0.0	1.0	0.267	78.145	232200	POP
lBYrEJ4DFKDJmNP2	POP	EN	0.6409999999999999	0.8390000000000001	5.0	1.0	0.517	120.02	203760	POP
kzFEflrarHGJd7Yr	POP,SYNTHPOP	EN	0.462	0.7	4.0	0.0	0.069	141.009	236147	POP
TTJ2ZTnIOkEClSgl	COUNTRY,POP,COUNTRY POP	EN	0.5479999999999999	0.838	6.0	1.0	0.652	102.967	216267	POP
slrjDtBAj9TVxoFv	POP,VAPORWAVE,POP	EN	0.575	0.475	9.0	1.0	0.491	79.97800000000002	276653	POP
ePIYM5DxBoyqD94V	ELECTRONIC,POP	EN	0.568	0.927	5.0	0.0	0.433	125.992	416227	POP
GS9sA7w27UQ992Pm	COUNTRY,POP	EN	0.467	0.532	7.0	1.0	0.321	78.748	237613	POP
rQ8Iobi9URX51g03	LO-FI,BEDROOM POP	EN	0.418	0.4370000000000001	9.0	1.0	0.56	151.524	87029	POP
JyTSK3J8HnyD6FlY	SYNTHPOP,ELECTRONIC,NEW WAVE	EN	0.227	0.157	7.0	1.0	0.155	93.5	164000	POP
efFWfzw896C4xPpc	RAP,POP,K-POP	EN	0.743	0.8	0.0	1.0	0.7659999999999999	109.965	220369	POP
J4IE1dKL7swenCvG	POP	EN	0.623	0.654	8.0	1.0	0.193	96.017	227680	POP
Qz6tQQKyxiQsPwHR	PUNK,POP PUNK	EN	0.405	0.45	2.0	1.0	0.153	123.3	207213	POP
3gcuQKQLqbhxi4kB	POP,NEW WAVE	EN	0.584	0.778	0.0	1.0	0.597	112.108	280973	POP
lKqZ3u3JWDxhF1EU	POP,EDM,DUBSTEP	EN	0.7829999999999999	0.795	2.0	1.0	0.4370000000000001	128.002	244828	POP
LgPvqdd29FcQ97JZ	ELECTRONIC,SYNTHPOP	EN	0.5760000000000001	0.626	11.0	0.0	0.534	119.923	343893	POP
q9iAYnFvXuZrunqg	SYNTHPOP,ELECTRONIC	EN	0.659	0.741	1.0	1.0	0.952	109.984	250400	POP
IsusOuul70bvkylG	SOUL,POP	EN	0.418	0.42	0.0	1.0	0.184	84.094	172724	POP
g9Z7G3VuoPYJwFlN	ELECTRONIC,POP,ELECTRONICA	EN	0.485	0.6559999999999999	2.0	1.0	0.639	169.567	191907	POP
phKG3U4YSgtl4t6k	POP	EN	0.613	0.65	2.0	1.0	0.222	159.96	203227	POP
i6eRQgNB2UlIVUSw	POP	EN	0.737	0.88	6.0	1.0	0.329	115.998	316813	POP
OSmBNCsoO7WPcXkf	DREAM POP,SURF MUSIC	EN	0.449	0.616	7.0	1.0	0.463	117.608	133428	POP
AZ0kajgOXdX5v0CZ	POP	EN	0.6970000000000001	0.8140000000000001	9.0	1.0	0.605	121.059	224240	POP
cJIcZzV7mp0LkBKx	POP,POP	EN	0.5770000000000001	0.873	8.0	0.0	0.72	175.47299999999996	205893	POP
k6LIUQEaQ3udvmig	POP,ELECTRONIC,INDIE POP	EN	0.47	0.5589999999999999	0.0	1.0	0.103	128.252	240039	POP
yqtYpfyPx4c0OjNX	INDIE POP,ALTERNATIVE DANCE,INDIETRONICA,ELECTRONIC,NEW RAVE,EXPERIMENTAL	EN	0.75	0.605	3.0	1.0	0.392	127.508	199333	POP
9athrp3Wo5WL2s5n	POP,SYNTHPOP	EN	0.679	0.629	4.0	0.0	0.186	102.005	208920	POP
1OAeEHzoQXvoQOOz	POP	EN	0.655	0.782	1.0	1.0	0.8320000000000001	79.42699999999998	184227	POP
CACUygojpyCqoPK3	POP,INDIE POP	EN	0.322	0.315	3.0	1.0	0.152	137.861	245178	POP
JA4KWld8QjWCYETL	INDIE POP,SINGER-SONGWRITER	EN	0.769	0.672	7.0	1.0	0.606	118.037	273876	POP
RkZ7jAPQCYJ7OCZI	POP,ELECTRONIC,INDIE POP	EN	0.545	0.496	2.0	1.0	0.322	81.459	99693	POP
zf6fPUIHLrUd8EOt	POP	EN	0.725	0.516	8.0	0.0	0.346	148.001	171361	POP
w4hZxNqnY36LuxLJ	ELECTRONIC,POP,PROGRESSIVE HOUSE	EN	0.725	0.8740000000000001	0.0	0.0	0.748	127.985	247933	POP
x5LO4ZyrD70zSAHv	DREAM POP,INDIE POP	EN	0.612	0.476	8.0	1.0	0.257	118.383	288720	POP
ijZODQmVSFGqay1E	ELECTRONIC,SYNTHPOP,ELECTRONICA	EN	0.401	0.754	1.0	1.0	0.609	150.62	262455	POP
gs2mDdDpAO5jZcSc	POP,SOUL	EN	0.711	0.74	7.0	1.0	0.753	109.161	261440	POP
0eYMyFT6MQ11hm68	POP	EN	0.354	0.33	4.0	1.0	0.547	82.12200000000001	223693	POP
7qwjKrSEoDw1562j	POP,SOUL	EN	0.455	0.7190000000000001	8.0	1.0	0.637	179.89	201147	POP
tyH1H0Aoy6l2E3bN	INDIE POP,SYNTHPOP,DREAM POP,ART POP	EN	0.32	0.7340000000000001	2.0	0.0	0.581	79.467	245307	POP
I7laPuFYg4b545QE	POP,RAP,HIP HOP	EN	0.764	0.488	5.0	1.0	0.237	124.923	213554	POP
jWXB2SaJJ3iqRQnO	SINGER-SONGWRITER,INDIE POP,FOLK	EN	0.546	0.94	2.0	1.0	0.148	89.936	221609	POP
lxMbTKo40RolezFG	POP,RAP	EN	0.619	0.621	0.0	0.0	0.338	127.042	307493	POP
akHVin0fWrTqjsVU	POP,NEW WAVE	EN	0.584	0.778	0.0	1.0	0.597	112.108	280973	POP
lWCAFlU1vBzIcZjM	POP	EN	0.723	0.721	0.0	1.0	0.8190000000000001	114.948	161280	POP
0MlouT1rCMQlu1Ps	SINGER-SONGWRITER,POP	EN	0.541	0.218	0.0	1.0	0.637	103.343	257400	POP
yAdDP231yaJQr7F9	POP,FOLK	EN	0.389	0.601	0.0	1.0	0.51	116.221	158600	POP
vu5yFlwUNaT8FPxj	POP,FOLK	EN	0.529	0.117	2.0	1.0	0.474	105.097	192933	POP
s54duMqtxI6u0MmJ	FOLK,POP	EN	0.537	0.755	4.0	1.0	0.386	108.942	252541	POP
RHDA4aBn5UNDkdAj	POP,ALTERNATIVE POP,EXPERIMENTAL	EN	0.667	0.451	11.0	1.0	0.202	89.995	319107	POP
IpO94kIukvzyjfCS	POP,ELECTRONIC	EN	0.7390000000000001	0.789	0.0	1.0	0.174	122.989	236024	POP
mRgcI7NukNpFuCln	POP	EN	0.522	0.8029999999999999	1.0	1.0	0.0783	135.207	352173	POP
411ZaHLGu6RPIFdt	POP	EN	0.723	0.465	0.0	1.0	0.4	112.966	226347	POP
FYef6oKcqnSIKOhK	POP	EN	0.735	0.526	6.0	1.0	0.426	78.28699999999998	263427	POP
WWopiE740vo1Gy2c	POP	EN	0.564	0.833	0.0	1.0	0.907	182.052	212320	POP
s4nCw1UokCDxyXBI	K-POP	EN	0.7240000000000001	0.976	1.0	1.0	0.626	110.006	178565	POP
miNsEX1ucUpidf7G	POP	EN	0.639	0.935	8.0	1.0	0.812	184.96	192667	POP
EirRjp9c5JyByBIv	PUNK,POP PUNK,HARDCORE	EN	0.374	0.888	10.0	1.0	0.804	70.475	58333	POP
aLB8A9hUesBXWfM5	ELECTROPOP	EN	0.545	0.73	8.0	0.0	0.246	134.88	201133	POP
59uRghNSX1RUlUrc	POP	EN	0.619	0.83	9.0	1.0	0.245	119.999	226000	POP
OrqyWL7V7sLSqNuG	POP,ELECTRONIC	EN	0.73	0.286	10.0	0.0	0.446	83.98	201839	POP
xA4IE4XtixvOKAMh	POP,SOUNDTRACK	EN	0.261	0.6890000000000001	4.0	0.0	0.263	170.18	273293	POP
iKyAR0QERFip8FDH	SYNTHPOP,ELECTRONIC	EN	0.488	0.531	10.0	0.0	0.28	69.973	277040	POP
DYBfBKX3iRNGwK5O	SYNTHPOP,POP,ELECTRONIC	EN	0.6940000000000001	0.804	6.0	1.0	0.6859999999999999	125.212	230893	POP
k20rYApUFTKqNyEM	INDIE POP,POP	EN	0.602	0.404	2.0	1.0	0.243	83.054	230187	POP
xSXG2u0TzzJVayff	POP	EN	0.382	0.244	0.0	1.0	0.217	134.97799999999998	274933	POP
0hbliV6FyurUdvo8	SYNTHPOP,DREAM POP	EN	0.5920000000000001	0.733	11.0	0.0	0.439	99.948	176550	POP
t9y7qxKQl5FqxO8U	POP,ELECTRONIC,INDIE POP	EN	0.405	0.481	9.0	1.0	0.29	72.655	235697	POP
10tZIJL0n1dxV1Cs	POP,SYNTHPOP	EN	0.867	0.623	1.0	1.0	0.941	115.934	176215	POP
NSnvmPKleLhf8MUf	INDIE POP	EN	0.326	0.7240000000000001	0.0	1.0	0.289	137.62	244813	POP
mYykiNy1VXZtlZ4l	POP	EN	0.81	0.924	0.0	0.0	0.868	108.016	197187	POP
9U4Clpw60TytDzu9	INDIE POP,FOLK,INDIE FOLK	EN	0.63	0.6990000000000001	6.0	1.0	0.895	128.971	176072	POP
ygkUhqslGxDreZW7	POP,ELECTROPOP	EN	0.653	0.845	5.0	0.0	0.63	113.017	205573	POP
wdKIqmmUmTfNrMeD	POP	EN	0.5670000000000001	0.959	9.0	0.0	0.743	133.996	412893	POP
m771ZxEkDDcwwgj6	POP	EN	0.583	0.8059999999999999	10.0	0.0	0.241	100.065	187800	POP
Tq1c4oueGRcbtS6w	POP,SOUL	EN	0.594	0.468	11.0	1.0	0.365	135.871	214080	POP
zJsORlxj29wLc6fD	POP,ELECTRONIC	EN	0.616	0.958	7.0	1.0	0.595	127.898	257920	POP
t38NYV4j9A6BqTDt	ELECTRONIC,SYNTHPOP,ELECTROPOP	EN	0.775	0.809	9.0	0.0	0.855	130.001	276160	POP
N7dvdLWUdIkKfmor	SHOEGAZE,ELECTROPOP,DRONE	EN	0.602	0.7809999999999999	11.0	1.0	0.893	120.029	261237	POP
gCQIfw3VYakZjELZ	POP,ELECTROPOP	EN	0.698	0.349	0.0	1.0	0.446	121.898	224693	POP
gcz4rJpwtbtIrXoV	JAZZ,POP,JAZZ,BLUES	EN	0.638	0.407	0.0	1.0	0.285	109.38	210053	POP
YcJRIBZvNRQTQ1tL	FOLK,INDIE POP	EN	0.241	0.726	5.0	1.0	0.269	132.19299999999998	243013	POP
9WuSqQJY60MLH9hE	K-POP	EN	0.516	0.8140000000000001	11.0	0.0	0.5920000000000001	155.971	207557	POP
deMfTLrIfziqJqGE	ELECTRONIC,SYNTHPOP,DOWNTEMPO	EN	0.513	0.413	0.0	1.0	0.246	139.649	265479	POP
hs7nRXleVyUa5Eoz	POP,EXPERIMENTAL	EN	0.488	0.773	11.0	0.0	0.255	93.999	213003	POP
2rZuzkjBw1zoHScG	POP	EN	0.703	0.948	0.0	1.0	0.665	119.993	213533	POP
2WdBEDs0Hv38ryOh	POP	EN	0.517	0.5329999999999999	0.0	1.0	0.769	126.229	182800	POP
ixEqAeb2x98C0mOF	POP	EN	0.654	0.325	2.0	1.0	0.39	139.886	243238	POP
3IeeFbNeFOlOiJOC	CHAMBER POP,FOLK,PSYCHEDELIC FOLK	EN	0.268	0.4970000000000001	0.0	0.0	0.181	83.375	385213	POP
flOyB2FyfMPFzBUE	DREAM POP,SHOEGAZE,DREAM POP,SHOEGAZE	EN	0.243	0.465	0.0	1.0	0.0343	94.658	326821	POP
doj2jXOmBHGD7NII	POP	EN	0.752	0.8290000000000001	5.0	1.0	0.906	118.955	260693	POP
kNdrcfWT6KzJZjIF	SYNTHPOP	EN	0.774	0.748	10.0	0.0	0.934	95.973	212500	POP
ZDeqNeb3Y5hO8OG4	POP PUNK	EN	0.422	0.954	4.0	1.0	0.282	95.903	213667	POP
DTvJYMqMgx1d8OEC	POP,RAP,HIP HOP	EN	0.74	0.7979999999999999	8.0	1.0	0.348	104.008	189800	POP
JsDLuL84VWEqyX7G	POP	EN	0.722	0.929	9.0	1.0	0.674	130.314	186360	POP
P5fajTek2q2sgwJT	POP	EN	0.718	0.8009999999999999	0.0	1.0	0.5379999999999999	127.016	222200	POP
pvDYQkNIzMUDoTgb	ART POP,CHAMBER POP	EN	0.441	0.0769	9.0	0.0	0.337	76.77600000000002	218667	POP
Ok9hzVV4RAfL4YDx	POP	EN	0.7070000000000001	0.411	7.0	1.0	0.397	91.033	222027	POP
qQGn0mQtCMhmI18o	POP	EN	0.696	0.5870000000000001	3.0	0.0	0.581	128.003	205600	POP
UiZfwxOawpfuEoKr	SOUNDTRACK,POP	EN	0.63	0.602	11.0	1.0	0.578	102.997	366440	POP
p4y3xGQHb4SU6VRf	POP,ELECTROPOP	EN	0.6970000000000001	0.586	4.0	0.0	0.575	95.968	177502	POP
xSztWjkNy5MgtCwU	INDIE POP,POP	EN	0.6509999999999999	0.775	9.0	1.0	0.478	115.036	217453	POP
R9hKq4ckmU6H7z4w	POP	EN	0.593	0.742	1.0	0.0	0.356	90.972	182680	POP
yLvUie5PmwKD0erG	POP	EN	0.662	0.693	3.0	1.0	0.655	86.009	252120	POP
SS6ZLl7rvUjUay4g	REGGAE,POP	EN	0.642	0.722	2.0	1.0	0.836	172.40599999999995	207440	POP
BQqMedy2fAtT9WUC	INDIETRONICA,ELECTROPOP	EN	0.458	0.919	7.0	1.0	0.565	164.049	178720	POP
wRhg0LEWCenTA4Y6	POP PUNK	EN	0.5710000000000001	0.974	7.0	1.0	0.499	99.998	197560	POP
Pf7CTDMAqnLhbcY2	POP	EN	0.647	0.309	7.0	0.0	0.195	87.045	171573	POP
DqAOdwKuUj6W80WW	SYNTHPOP,NEW WAVE,ELECTRONIC,POP	EN	0.634	0.804	1.0	0.0	0.263	119.775	410160	POP
G65uGnvLfvusSGSH	POP	EN	0.63	0.677	6.0	1.0	0.352	105.016	189711	POP
bATxy9Pl9qF9CX7W	K-POP	EN	0.634	0.7979999999999999	5.0	1.0	0.178	92.023	208788	POP
kDWLpXx8c6H75wCf	POP	EN	0.847	0.603	0.0	0.0	0.735	114.045	227387	POP
ASVzFkWn0w38dydN	INDIE POP	EN	0.622	0.483	2.0	1.0	0.0922	126.129	231322	POP
c4tAGqjeslqdZP3I	POP	EN	0.7659999999999999	0.547	0.0	1.0	0.472	125.701	209000	POP
XZww54cye4QOjh9A	POP,SOUL	EN	0.846	0.81	10.0	0.0	0.927	112.009	207800	POP
gKtkkTzcfdJ95Eob	POP,CHAMBER POP	EN	0.254	0.8140000000000001	2.0	1.0	0.556	185.23	305667	POP
TNyK3gw9yxwO6MY2	POP	EN	0.727	0.853	4.0	0.0	0.87	93.029	205467	POP
10jLKEfUiRsDEha1	FOLK,POP	EN	0.4920000000000001	0.6	11.0	0.0	0.687	169.799	225573	POP
mmZ9X3CcR0tmJdXW	POP,DANCE POP	EN	0.393	0.903	0.0	0.0	0.168	187.789	235267	POP
xR7hEYYRxY2f86no	LO-FI,INDIE POP	EN	0.517	0.467	2.0	1.0	0.53	140.174	277773	POP
uGHDEDA9msK3znPw	DREAM POP	EN	0.1669999999999999	0.672	7.0	0.0	0.275	74.736	259750	POP
4lsYuCPaEuCjZEEn	LO-FI,BEDROOM POP,BEDROOM POP,LO-FI	EN	0.373	0.209	4.0	1.0	0.228	199.916	234283	POP
PfDA4IaEBSTKJxJp	POP	EN	0.633	0.511	7.0	1.0	0.434	80.969	202093	POP
Rbev15oZ0kOD4FzD	JANGLE POP	EN	0.457	0.816	7.0	1.0	0.477	91.387	270973	POP
4uUzUdwv2AgRtr3X	DREAM POP	EN	0.484	0.517	3.0	1.0	0.161	102.213	332467	POP
aL3vsWD4HHtypGPc	POP	EN	0.474	0.7070000000000001	7.0	1.0	0.224	83.235	252107	POP
LSvkctf7JlteZiXO	POP,SOUL	EN	0.371	0.0144	5.0	1.0	0.0637	79.038	67307	POP
szfpTUcUZTKeTLvf	POP	EN	0.611	0.862	0.0	0.0	0.7020000000000001	111.019	228680	POP
f2JilmFVhKjIW4Zc	SYNTHPOP	EN	0.496	0.5489999999999999	2.0	1.0	0.14	89.99700000000001	368373	POP
BFMEnegg54Od4jCM	POP,POWER POP,POP	EN	0.529	0.638	0.0	1.0	0.504	169.96	242007	POP
X6yBJM0ZAqbcyMly	SOUL,POP	EN	0.899	0.421	4.0	1.0	0.852	109.148	276533	POP
DlcHtYNr1zIBd8N7	INDIE POP	EN	0.605	0.5579999999999999	6.0	1.0	0.362	140.063	246760	POP
1IBHNIcbKXId8a0X	DREAM POP,SHOEGAZE	EN	0.285	0.89	0.0	1.0	0.3229999999999999	115.988	236933	POP
6sUYnVLGee7dp6tg	POP	EN	0.67	0.7909999999999999	11.0	1.0	0.9	130.006	210653	POP
wCNKhmEtLBmxTySD	POP,SINGER-SONGWRITER	EN	0.691	0.635	0.0	1.0	0.6829999999999999	130.056	159333	POP
ouYcM8TioGCVttGS	POP	EN	0.5760000000000001	0.711	5.0	1.0	0.293	104.952	148040	POP
gsofLqRNW2wYsnC9	INDIE POP,SINGER-SONGWRITER	EN	0.7340000000000001	0.488	11.0	1.0	0.611	104.013	194080	POP
Y8uKE3rK9JpiiMJx	POP	EN	0.3229999999999999	0.573	5.0	1.0	0.136	159.915	248667	POP
lMD1vFauqRVuBXQQ	INDIE POP,ELECTROPOP	EN	0.621	0.677	11.0	0.0	0.535	112.996	221947	POP
3d54wfgrvKPyPQOW	INDIETRONICA,ELECTRONIC,INDIE POP	EN	0.6	0.652	9.0	1.0	0.419	132.011	196423	POP
qrw7wrcV12ewfUCB	POP,ELECTROPOP	EN	0.545	0.439	7.0	1.0	0.0387	129.651	235669	POP
MxZk2GzisoHaXbz1	SOUL,POP	EN	0.718	0.552	11.0	0.0	0.486	120.037	219958	POP
0gcEotg77nzn8Y0G	POP	EN	0.317	0.41	0.0	1.0	0.266	58.287	244067	POP
v5TOopjpPHCPZyeF	ELECTRONIC,NEW WAVE,SYNTHPOP	EN	0.421	0.5920000000000001	1.0	0.0	0.0905	98.074	383040	POP
ihwDrqBiid3i0Qff	POP,LO-FI	EN	0.594	0.5329999999999999	10.0	0.0	0.224	106.261	319781	POP
I3p3B9MN0pkprO6O	POP,EASY LISTENING	EN	0.308	0.464	10.0	1.0	0.318	103.734	213333	POP
z8Pd9EJ9vHhT9jkp	POP,EUROVISION	EN	0.7240000000000001	0.777	8.0	0.0	0.411	120.023	236021	POP
2xL8QdTcXp5DnMdv	REMIX,POP	EN	0.735	0.944	8.0	1.0	0.76	129.994	256640	POP
HYIISCyrXyQcw5JB	POP,DREAM POP	EN	0.64	0.8170000000000001	6.0	0.0	0.534	135.054	201661	POP
LfBV0IyrxaMZTj7b	POP	EN	0.677	0.741	10.0	0.0	0.565	97.011	295667	POP
DzGlP5v12DJyu0X9	POP,ELECTRONIC,INDIE POP	EN	0.466	0.428	9.0	0.0	0.195	104.945	230067	POP
rMKAa1t1lMcXC7R1	POP	EN	0.7020000000000001	0.956	3.0	1.0	0.935	130.041	247666	POP
8upLTiK1MRodbtV3	SOUNDTRACK,POP	EN	0.775	0.7959999999999999	1.0	1.0	0.649	107.993	189213	POP
cPryd39pUqyB8Xf2	POP	EN	0.564	0.66	5.0	1.0	0.624	105.797	244707	POP
a7H7YYecffIX2ltL	POP	EN	0.529	0.4970000000000001	9.0	0.0	0.7909999999999999	95.908	204160	POP
gz5gFcdQMiDjzJ6C	K-POP	EN	0.616	0.943	4.0	0.0	0.753	100.028	208778	POP
z83gFoyPivTvDKK5	POP	EN	0.6990000000000001	0.618	7.0	1.0	0.679	99.965	280973	POP
vkeX8i6oYhFy3jON	ART POP	EN	0.603	0.509	1.0	1.0	0.5720000000000001	136.592	165330	POP
oDKyI4llxHCC0OQS	SYNTHPOP,ELECTRONIC	EN	0.805	0.481	1.0	1.0	0.66	105.385	304147	POP
sR20Lpu7oJuH90By	SYNTHPOP,ELECTROPOP,ART POP	EN	0.568	0.951	10.0	1.0	0.435	118.005	247368	POP
ZP2i0jvndFckGO2l	POP	EN	0.758	0.857	5.0	1.0	0.89	122.036	316413	POP
9LqhJMyPaKYH58i2	POP,EUROVISION,VIOLIN	EN	0.7879999999999999	0.632	0.0	1.0	0.51	117.03	215897	POP
SQWJgm52jiyLZdQN	POP	EN	0.65	0.462	11.0	1.0	0.463	124.94	190080	POP
PTOYHBJ8mxe3CtMH	POP	EN	0.581	0.813	1.0	0.0	0.529	113.893	174360	POP
2ntO4KxjzZ3Uqp0M	INDIE POP,POP,INDIE POP	EN	0.605	0.599	0.0	1.0	0.69	145.97299999999996	184933	POP
dXan4uWX11tvfZAY	ELECTRONIC,POP,SYNTHPOP,DREAM POP	EN	0.519	0.7659999999999999	7.0	1.0	0.525	159.983	194438	POP
WMBpxkuqbnaas8sQ	POP	EN	0.584	0.7929999999999999	0.0	1.0	0.645	88.009	197320	POP
cOvb38pMHFxZqqvd	SINGER-SONGWRITER,FOLK,POP	EN	0.49	0.254	5.0	0.0	0.165	89.234	283827	POP
LCd77Z9Lky360TUr	POP	EN	0.357	0.8320000000000001	9.0	1.0	0.382	177.82	207907	POP
2zA9Yuz4zTJmYCOy	SYNTHPOP,ELECTROPOP,POP	EN	0.4970000000000001	0.5720000000000001	0.0	1.0	0.104	97.277	192443	POP
CE0ePocSzpS1etI4	SKA,POP	EN	0.76	0.217	8.0	1.0	0.904	119.0	119533	POP
GlMQ9FSNkQo1sA2U	POP,POWER POP	EN	0.345	0.593	4.0	1.0	0.0392	149.724	203640	POP
79RYsENvUj68knwF	SHOEGAZE,DREAM POP	EN	0.274	0.415	10.0	1.0	0.0868	169.732	414413	POP
70SSxPhasZuu9I2w	POP	EN	0.8370000000000001	0.6729999999999999	1.0	1.0	0.8640000000000001	117.008	231480	POP
8RQftPNbrlFjDiWW	POP,TROPICAL	EN	0.6	0.731	7.0	1.0	0.488	92.869	266047	POP
L2LUPfHvBZ1fh2df	COUNTRY,POP	EN	0.523	0.787	9.0	1.0	0.505	84.072	200067	POP
ncQHjWlwXMTNC7HS	ART POP	EN	0.506	0.081	10.0	1.0	0.21	105.164	178413	POP
gEwQNtbwMcz1P0zr	ELECTROPOP,SYNTHPOP,ELECTRONIC	EN	0.6890000000000001	0.599	5.0	1.0	0.393	104.7	188082	POP
5qYmaRTUd6WWTfGc	POP,POP	EN	0.705	0.5660000000000001	7.0	1.0	0.502	168.06099999999995	220573	POP
oIoYOyAJTvxiZU4p	POP,ELECTRONIC	EN	0.888	0.669	9.0	0.0	0.418	120.032	200176	POP
3Wti6ptQ8y3bgqYz	POP	EN	0.55	0.37	10.0	1.0	0.459	104.288	286307	POP
IgGjWWYf8EL5hmbS	POP	EN	0.815	0.468	7.0	1.0	0.316	93.855	160570	POP
pR0lejZKxDsl2IUU	SOUL,POP	EN	0.64	0.488	11.0	1.0	0.469	180.007	214730	POP
svzZTDaQPsbtQCHm	POP	EN	0.7090000000000001	0.872	7.0	0.0	0.858	104.099	326827	POP
ithogcf8O896elIy	POP	EN	0.585	0.476	5.0	0.0	0.216	110.013	234427	POP
ZBPG4keFzFqWzNA6	LO-FI,TECHNO,INDIE POP	EN	0.632	0.0954	2.0	1.0	0.231	119.958	219331	POP
slt01zGrd5RBcDZH	ELECTRONIC,SYNTHPOP,ELECTROCLASH,ELECTROPOP	EN	0.405	0.7929999999999999	9.0	0.0	0.213	126.04	343760	POP
7kNGpHjww9EEtVL3	FOLK,SINGER-SONGWRITER,POP	EN	0.5589999999999999	0.329	6.0	0.0	0.196	105.042	157997	POP
xRGskU9sRQEO8aq3	ELECTRONIC,POP	EN	0.5	0.902	1.0	0.0	0.619	91.059	186579	POP
TwCwSMpmbUnkaWdg	POP,DISNEY	EN	0.807	0.904	1.0	0.0	0.809	104.007	179080	POP
B2dFrwcH1A1dhEB2	SHOEGAZE,DREAM POP	EN	0.201	0.7709999999999999	10.0	1.0	0.0984	155.06799999999996	347000	POP
W7uDtEtChWiYb3Dr	POP	EN	0.459	0.37	7.0	0.0	0.118	133.907	198373	POP
T1eydhOQQpskqXN8	POP	EN	0.266	0.536	2.0	1.0	0.25	176.063	242067	POP
r6tCrIkvmHW7kxH6	POP	EN	0.491	0.431	1.0	1.0	0.6609999999999999	82.443	150867	POP
anliLBgV69EXZGaz	INDIE POP,INDIE POP	EN	0.446	0.314	4.0	1.0	0.399	121.262	284707	POP
4Z9A3VhU0R7tgxWJ	INDIE POP	EN	0.404	0.248	3.0	1.0	0.244	121.362	205600	POP
uv8dTxntpSN0P9NQ	POP	EN	0.468	0.4970000000000001	11.0	0.0	0.284	171.977	220347	POP
HA3o5UYZGDQ742tC	POP,ELECTRONIC	EN	0.7240000000000001	0.56	4.0	1.0	0.0647	115.0	286922	POP
g5tsvkNvogOwYgDD	POP,POP	EN	0.857	0.652	6.0	1.0	0.69	120.035	187067	POP
zSP6NXo2JFVHb6hY	POP	EN	0.423	0.906	0.0	1.0	0.282	126.424	219707	POP
Dobp7fFmCraoCn4L	JAZZ,POP	EN	0.23	0.0635	10.0	1.0	0.152	168.783	229773	POP
aCPsJWv53qkLtwbm	ELECTRONIC,POP	EN	0.503	0.872	7.0	0.0	0.7659999999999999	120.848	203267	POP
RPqDzfsTV2zDrZpw	POP	EN	0.695	0.711	6.0	0.0	0.348	118.893	209773	POP
sAwJOgt88lazPtaQ	SYNTHPOP,ELECTRONIC	EN	0.586	0.6409999999999999	3.0	1.0	0.0426	125.995	487738	POP
qdtKpa43lqhbudNV	RAP,POP RAP	EN	0.914	0.415	1.0	1.0	0.496	137.974	125217	POP
SCH7pVPFZ8yFEWbE	POP	EN	0.3	0.532	5.0	1.0	0.179	74.993	347893	POP
MHfAO5pj5wf2xjOa	ELECTRONIC,POP,SYNTHPOP,NEW WAVE	EN	0.562	0.892	0.0	1.0	0.4270000000000001	116.133	204173	POP
GdVffw0VfyVlO35C	SOUL,POP	EN	0.825	0.8059999999999999	0.0	1.0	0.965	131.41899999999998	181533	POP
IUlB1KhzL66AnWtB	POP,SINGER-SONGWRITER,SINGER-SONGWRITER,POP	EN	0.748	0.735	8.0	1.0	0.8540000000000001	150.04	203653	POP
bTA51P008euzOB8q	K-POP,POP	EN	0.662	0.893	0.0	1.0	0.615	104.972	196352	POP
haeHM66Dj8BIME2Z	SOUL,POP	EN	0.575	0.5710000000000001	2.0	1.0	0.645	98.821	296667	POP
8NpgHzy67BgzhH27	POP	EN	0.775	0.904	1.0	0.0	0.84	130.009	219893	POP
uV1ib4MqzJWTgDkD	POP,INDIE POP	EN	0.647	0.627	7.0	0.0	0.5589999999999999	144.959	231107	POP
K4iIOpZ7n6Ec0eVS	K-POP	EN	0.75	0.6629999999999999	10.0	1.0	0.8690000000000001	155.993	224947	POP
xPuHFx4LyB2l8hmv	POP PUNK	EN	0.489	0.964	0.0	1.0	0.769	171.926	206093	POP
K7AixbDxtEfGfwBL	NEW WAVE,SYNTHPOP,NEW ROMANTIC	EN	0.606	0.4320000000000001	2.0	0.0	0.517	112.357	239359	POP
uVbNO4Qt3zSaho37	POP,POP	EN	0.525	0.682	1.0	1.0	0.1669999999999999	122.007	254507	POP
HKsClT3TAQEJ2HV5	COUNTRY,POP	EN	0.648	0.732	0.0	1.0	0.938	100.785	138147	POP
GTnBA4PZ8jvjxRwZ	ELECTRONIC,POP	EN	0.622	0.88	9.0	1.0	0.8440000000000001	100.01	234560	POP
ntEAAdU3321faXAY	POP	EN	0.594	0.616	1.0	0.0	0.348	98.3	403733	POP
uPSERy3xvjsV2BME	POP	EN	0.677	0.965	8.0	1.0	0.7490000000000001	101.068	198427	POP
VncZHDkKTDl5WcPt	INDIE POP	EN	0.224	0.718	11.0	0.0	0.166	53.254	217573	POP
lRpy4UG93vQSIpmX	POP,SINGER-SONGWRITER	EN	0.496	0.639	6.0	1.0	0.305	147.764	224720	POP
iO2u40IbFVMv0v3h	POP,ELECTRONIC,ELECTRONICA	EN	0.78	0.6759999999999999	1.0	0.0	0.768	100.014	184451	POP
kgpzInC445k6jkuY	POP,ELECTRONIC	EN	0.6779999999999999	0.733	1.0	1.0	0.685	116.02	198508	POP
cHTSbjh3LW3dGT0m	COUNTRY,POP	EN	0.39	0.317	8.0	1.0	0.356	68.172	196147	POP
AHLbCIQVNweQTbJR	HOUSE,NU DISCO,FUNK,INDIE POP,ELECTRONIC	EN	0.698	0.575	2.0	0.0	0.123	125.009	386720	POP
PB6rzsVjfbkfEAgT	SYNTHPOP,ELECTRONIC,ELECTROPOP,INDIE POP,DREAM POP	EN	0.748	0.736	1.0	1.0	0.88	106.006	231246	POP
9TXUGxxQIqrIX1ay	INDIE POP,POP	EN	0.564	0.872	9.0	1.0	0.55	148.137	147911	POP
b15nkmpmStC43Yr8	INDIE POP	EN	0.546	0.311	1.0	1.0	0.246	147.464	260533	POP
lysYDUcy5jCfscuw	K-POP,K-INDIE	EN	0.726	0.591	5.0	0.0	0.631	87.999	222037	POP
Ym6JbmlK2zQpI8QY	POP,ELECTROPOP,GIRL GROUP	EN	0.7040000000000001	0.68	7.0	1.0	0.6890000000000001	123.973	220682	POP
y6yKxAc5m816TdAt	POP,POP,SOUL	EN	0.502	0.305	9.0	1.0	0.248	131.24200000000002	291400	POP
00mLjKFmaTv9MdaB	HIP HOP,POP,RAP	EN	0.8690000000000001	0.851	9.0	1.0	0.395	130.09	251440	POP
OemUtMJ0A4DRvMpA	POP	EN	0.494	0.92	2.0	1.0	0.203	133.898	246413	POP
gcgd4ttF7LAeBhqB	POP	EN	0.716	0.7509999999999999	11.0	1.0	0.97	89.98100000000002	181427	POP
Zy0Qvq731zPldyEF	POP	EN	0.647	0.542	4.0	0.0	0.677	81.72399999999998	210760	POP
DEnKa3OB79JDbkVV	ELECTROPOP,ELECTRONIC,ELECTRONIC,ELECTROPOP	EN	0.775	0.655	5.0	1.0	0.346	114.503	323253	POP
LGfargNDOy3yPZ5c	POP	EN	0.715	0.825	0.0	0.0	0.124	126.962	256676	POP
1SGMVDJNccyTE8CF	GIRL GROUP,POP	EN	0.6609999999999999	0.855	10.0	0.0	0.441	141.931	125787	POP
PfAw3ABTL6trkab3	POP,INDIE POP	EN	0.736	0.7609999999999999	4.0	0.0	0.114	119.999	238427	POP
JUvl7Su9mo8xkQ7o	POP,ELECTRONIC	EN	0.601	0.794	7.0	0.0	0.244	114.066	217467	POP
9U37XRgnKeQNBKkB	POP	EN	0.732	0.757	9.0	1.0	0.775	98.027	211333	POP
jagVriCqU3ik9oZN	POP,POP,LATIN	EN	0.589	0.725	0.0	1.0	0.231	149.991	193987	POP
13dYsTTwV3aG0gqH	ELECTRONIC,INDIE POP,INDIE POP	EN	0.288	0.291	7.0	1.0	0.0706	123.856	232360	POP
R72cluwT588OFb8r	POP	EN	0.588	0.792	7.0	1.0	0.878	148.007	186480	POP
NduTuW1NqHh7yYE3	INDIE POP	EN	0.551	0.799	11.0	1.0	0.5589999999999999	146.873	266588	POP
sn3pUiRJtNSzfMJ2	FUNK,JAZZ,FUNK,POP,SOUL	EN	0.7609999999999999	0.518	1.0	0.0	0.526	130.167	229693	POP
lmsYMEuv9zSysx8p	POP,BRITPOP	EN	0.718	0.8059999999999999	5.0	1.0	0.929	121.488	202547	POP
o6h8DxCB8R9DMq7O	POP	EN	0.452	0.685	0.0	0.0	0.305	76.986	199600	POP
UzHruTrS0MCA0bUG	JAZZ,POP,SOUL	EN	0.648	0.371	1.0	1.0	0.647	159.929	370133	POP
kofPoBh8Aw42LFGE	ELECTRONIC,ELECTROCLASH,ELECTROPOP,ELECTRO	EN	0.772	0.605	5.0	1.0	0.203	130.014	210395	POP
tfw7Iw06hEp2rTqV	DREAM POP,INDIE POP,LO-FI,DREAM POP,INDIE POP	EN	0.664	0.53	4.0	0.0	0.229	101.995	182683	POP
83FCtf1WYyRhcW9z	RAP,POP	EN	0.716	0.754	7.0	0.0	0.69	120.001	214300	POP
y5Hd8YIjU9kbrLoH	POP,DISNEY	EN	0.539	0.8590000000000001	6.0	1.0	0.711	139.061	169907	POP
qUXY2aw3nHQ4Qslh	K-POP,GIRL GROUP,DREAM POP	EN	0.545	0.7959999999999999	1.0	0.0	0.307	109.9	207413	POP
QNRmjxx4Kx1mfzVd	POP	EN	0.579	0.5	8.0	0.0	0.333	143.851	206653	POP
xw2wTCnZUk62KNYE	DREAM POP	EN	0.459	0.458	10.0	1.0	0.187	119.933	283529	POP
PmRwRM4tlN7CxQZE	POP	EN	0.496	0.6559999999999999	0.0	1.0	0.36	192.037	217427	POP
rk3a0N5ZfWqBSrRO	POP	EN	0.6609999999999999	0.866	5.0	1.0	0.7859999999999999	111.789	192160	POP
RGtI7JA1cuqHez26	DREAM POP,ELECTRONIC,EXPERIMENTAL,SYNTHPOP	EN	0.605	0.5720000000000001	2.0	0.0	0.306	142.083	220613	POP
o7h8kFf4cbdOHzo0	POP,AMBIENT,ELECTRONIC,POP,AMBIENT,ELECTRONIC	EN	0.606	0.54	7.0	0.0	0.249	79.952	216853	POP
rAVgFXWKNaiPTDTZ	POP,TEEN POP,BLUES	EN	0.6729999999999999	0.527	9.0	1.0	0.124	90.832	237373	POP
TCUyEO2iu0ID0LVf	EXPERIMENTAL,POP	EN	0.261	0.469	9.0	0.0	0.0781	115.753	292280	POP
yDMnDTe0qMxs6yFg	SHOEGAZE,DREAM POP,SHOEGAZE,DREAM POP	EN	0.128	0.442	4.0	1.0	0.339	98.302	216600	POP
J4tliEfj7ogauZGq	POP,EASY LISTENING	EN	0.547	0.513	1.0	1.0	0.2	73.214	277600	POP
hKEraQsrgB6aD71m	NEW WAVE,SYNTHPOP	EN	0.635	0.514	0.0	1.0	0.5379999999999999	118.865	255933	POP
eeh0kjW9rkGDINXO	POP,A CAPPELLA	EN	0.623	0.315	9.0	1.0	0.625	110.38	143133	POP
WlEdnFgN9nnehZd3	POP PUNK,PUNK	EN	0.374	0.991	1.0	1.0	0.341	147.6	173915	POP
COkxB3aWnCFPwRXl	NEW WAVE,NEW ROMANTIC,NEW WAVE,SYNTHPOP	EN	0.6809999999999999	0.706	0.0	1.0	0.75	134.015	267865	POP
pgCzekngt2LSzGB5	POP	EN	0.684	0.7809999999999999	2.0	1.0	0.961	130.118	209173	POP
fse4eGCuIEf3sgck	POP	EN	0.55	0.643	0.0	1.0	0.0399	112.028	250547	POP
s4hkTKfCqHpe896j	SOUL,POP	EN	0.848	0.466	0.0	1.0	0.421	134.89	150317	POP
hp0iKhcjySi5BA8x	POP	EN	0.512	0.754	0.0	1.0	0.336	147.89	201693	POP
hOG3yVlXxoAfGc2h	POP,SOUL	EN	0.648	0.622	7.0	1.0	0.51	88.684	278067	POP
sDc7Wa3QMEq1fA9Z	POP	EN	0.6920000000000001	0.8	1.0	1.0	0.382	114.997	186027	POP
IdvtuU28T1090dj9	REGGAE,HARDCORE,ELECTRONIC,POP	EN	0.78	0.68	4.0	1.0	0.594	118.026	180560	POP
HEsP5e3cL2nr7iQs	DREAM POP,SUNSHINE POP	EN	0.67	0.625	4.0	1.0	0.768	100.019	211807	POP
bbQwYYnAUAPLCL9I	POP,LO-FI,POP,LO-FI	EN	0.508	0.716	0.0	1.0	0.6579999999999999	147.931	250056	POP
n55deMuB8Dc3xSvD	INDIE POP	EN	0.522	0.785	0.0	1.0	0.6729999999999999	74.99600000000002	218733	POP
JUoZ4zFBQ8Fe8nBZ	POP,SOUL	EN	0.485	0.332	4.0	1.0	0.273	130.813	180640	POP
S5IRStik9QcZnB9e	POP	EN	0.7929999999999999	0.664	8.0	1.0	0.584	123.002	191782	POP
kTLRvYBRNZMVNfwW	POP,ELECTRONIC	EN	0.606	0.8240000000000001	10.0	0.0	0.459	95.01	234947	POP
zQ3hZKsvO5MSOZdJ	POP,ELECTRONIC	EN	0.627	0.615	11.0	1.0	0.292	81.991	247307	POP
NZpLOAqM5AyhC3BB	JAZZ,DREAM POP,JAZZ	EN	0.225	0.21	4.0	0.0	0.229	113.325	33013	POP
uOWYU6iX5Jc4EEb2	SYNTHPOP,ELECTRONIC,ELECTROPOP,POP	EN	0.708	0.522	6.0	0.0	0.336	95.022	308360	POP
UeFHe0E7EntwtJSo	SYNTHPOP	EN	0.769	0.768	4.0	0.0	0.825	103.997	318462	POP
OMGwF2a3aCTz5M2F	POP,TEEN POP,BLUES	EN	0.389	0.17	2.0	1.0	0.264	77.184	255498	POP
AL9d0IhYt6Rty7QY	DREAM POP,SHOEGAZE,INDIE POP	EN	0.6809999999999999	0.721	1.0	0.0	0.823	123.042	255173	POP
nyZ4XNfF5wYECc18	POP,EUROVISION	EN	0.6559999999999999	0.568	9.0	0.0	0.191	119.968	214500	POP
ztoFwOIKVPLkSrV6	INDIE POP	EN	0.434	0.853	2.0	1.0	0.6679999999999999	136.997	198893	POP
uNoYlyJhM9QFrGKZ	POP,POP	EN	0.74	0.858	9.0	0.0	0.645	128.763	219970	POP
5mRvGa9rmO717LqO	BAROQUE POP	EN	0.505	0.368	7.0	1.0	0.175	121.535	369520	POP
hebVI35mjHPNujaB	POP	EN	0.436	0.6459999999999999	1.0	1.0	0.354	79.778	189160	POP
XMVsifKgldTqJs57	ELECTROPOP,POP,SYNTHPOP	EN	0.622	0.58	1.0	0.0	0.512	104.41	221874	POP
fNgoHR5RVneXpoY0	INDIE POP,SINGER-SONGWRITER	EN	0.122	0.231	2.0	1.0	0.198	78.71600000000002	411200	POP
HG1cuT9G5CkdCcBg	AMBIENT,FOLK,ELECTRONIC,FOLK,INDIE POP	EN	0.53	0.647	11.0	1.0	0.453	88.318	182707	POP
ELTSSVxrbBJpyVIZ	POP,LATIN,POP,LATIN	EN	0.659	0.935	10.0	0.0	0.73	129.048	231787	POP
muJVYkNVierZu42M	INDIE POP	EN	0.5660000000000001	0.862	4.0	1.0	0.606	117.02	198510	POP
SPZTWJtQilUl5Liw	EBM,INDUSTRIAL,ELECTRONIC,SYNTHPOP	EN	0.67	0.995	3.0	1.0	0.964	133.006	311519	POP
cRioQtkcRfsPU6jS	INDIE POP	EN	0.362	0.703	4.0	1.0	0.485	148.516	123200	POP
ZNtfWEbfO9svzVcK	SYNTHPOP,TRIP HOP	EN	0.16	0.5670000000000001	4.0	1.0	0.139	99.841	149013	POP
4XBlcmoIA0nOQ3tZ	NEW WAVE,POP,SYNTHPOP	EN	0.7879999999999999	0.7120000000000001	7.0	1.0	0.8390000000000001	108.264	285480	POP
cwnsvI4ZiwmTmTcv	POP PUNK	EN	0.424	0.89	9.0	1.0	0.379	171.062	175840	POP
3FJEo2izgyIYtrQo	INDIE POP,POP	EN	0.561	0.341	8.0	1.0	0.185	113.994	343544	POP
K2HON676YJBCNObv	POP,INDIE POP	EN	0.753	0.59	0.0	1.0	0.593	123.028	235693	POP
VzY36FO8t9sDy1h9	POP,ELECTRONIC	EN	0.643	0.622	8.0	1.0	0.469	94.026	227560	POP
quL6tIfEUSkeMLkX	SOUL,FUNK,FUNK,POP,SOUL	EN	0.8759999999999999	0.448	0.0	1.0	0.72	90.01899999999998	324907	POP
QDeJLfAmX3XISBxp	DISCO,POP,SOUL	EN	0.6609999999999999	0.94	11.0	0.0	0.805	121.998	245987	POP
hPfut1lq9JsAiBjD	ELECTRONIC,TRANCE,POP	EN	0.612	0.925	7.0	1.0	0.42	139.996	207507	POP
h4aZ1AriL3GLaXDM	POP,SOUL,ELECTRONIC	EN	0.499	0.765	7.0	0.0	0.306	131.986	261891	POP
wdM8eC1wIZ9Xf4Vw	SOUL,POP	EN	0.649	0.82	0.0	1.0	0.355	109.952	191867	POP
8UHymYoXa3isBhwI	POP	EN	0.371	0.6659999999999999	0.0	1.0	0.449	185.476	238440	POP
0A5hn2Tk34p1g4ZU	POP,POP	EN	0.6779999999999999	0.61	0.0	1.0	0.919	117.04	170000	POP
14XrHngwi1NTttF5	POP	EN	0.627	0.583	5.0	0.0	0.299	129.674	281333	POP
147m2Rt3GO6x917C	POP,SYNTHPOP	EN	0.635	0.937	1.0	1.0	0.54	123.89	335627	POP
mvMNmRspQhqLNzvo	POP,ELECTRONIC	EN	0.438	0.773	9.0	0.0	0.381	143.981	201764	POP
kRH5Xp1h1dFkIjMF	INDIE POP	EN	0.5760000000000001	0.41	2.0	0.0	0.188	76.82	243600	POP
MLaFgawOBOoC2MiT	POP,LATIN,MERENGUE	EN	0.652	0.79	1.0	1.0	0.616	145.99200000000005	201720	POP
ACJooOrpJl0RtQWa	POP	EN	0.7290000000000001	0.856	10.0	0.0	0.804	116.467	285093	POP
vWVVdV5sp2fvEXVd	ELECTROPOP	EN	0.59	0.8240000000000001	7.0	0.0	0.385	130.086	264080	POP
vBP6Zb7i67hRVAQc	EXPERIMENTAL,AMBIENT,DREAM POP,ELECTRONIC,LO-FI	EN	0.456	0.858	0.0	1.0	0.677	152.97	250013	POP
QqByYWvW6nhr4uET	SYNTHPOP,NEW WAVE,ELECTRONIC	EN	0.653	0.988	0.0	1.0	0.391	135.596	215267	POP
DIjGnat8N7Eo2TgL	INDIETRONICA,INDIE POP	EN	0.8	0.655	9.0	0.0	0.598	114.004	225263	POP
RigbzHogXvk7OSdr	J-POP,POP,J-POP	EN	0.473	0.7390000000000001	8.0	1.0	0.341	143.972	314187	POP
uvRBt3gxIumKNPnQ	DREAM POP,SHOEGAZE	EN	0.389	0.83	7.0	1.0	0.634	92.471	187347	POP
DpbGgvFeEURWFamM	POP	EN	0.586	0.6559999999999999	7.0	0.0	0.4970000000000001	135.847	204040	POP
jhb9YqjeCqbKynkZ	POP,POP	EN	0.745	0.579	1.0	1.0	0.645	97.002	293947	POP
4LgU0HMsp3HcCiCp	POP,INDIE POP,DREAM POP	EN	0.715	0.632	0.0	1.0	0.586	122.036	187641	POP
kXfsNNlnFHs3Ydue	POP	EN	0.787	0.696	9.0	1.0	0.924	134.99	188160	POP
Q0PL8SnxSI3W62wb	POP	EN	0.42	0.555	5.0	0.0	0.287	116.071	233267	POP
sfdmrvDRhf1uDLB9	POP	EN	0.713	0.774	2.0	1.0	0.7859999999999999	120.004	252360	POP
5XsXoiaPri2ieNCP	FUTUREPOP,EBM,INDUSTRIAL,ELECTRONIC	EN	0.711	0.727	10.0	0.0	0.614	125.0	385280	POP
4OdvTnb5izTkbXGY	POP	EN	0.563	0.895	8.0	1.0	0.6829999999999999	127.009	228293	POP
0Kdq3l3gHxgkoTt6	POP	EN	0.735	0.5760000000000001	4.0	0.0	0.532	180.03599999999997	245293	POP
BivoueuW0MTB3psF	DREAM POP,AMBIENT,INDIE POP,EXPERIMENTAL	EN	0.51	0.752	8.0	1.0	0.357	99.951	307069	POP
k5IP53hCRO1JFjR0	DREAM POP,INDIE POP,ART POP,ALTERNATIVE DANCE	EN	0.763	0.156	2.0	0.0	0.0754	96.012	286160	POP
DQBT7O5kUHcrh9J4	POP	EN	0.484	0.53	9.0	1.0	0.5870000000000001	71.469	277133	POP
cjB2xbyrJCqZ8JXE	K-POP	EN	0.711	0.86	0.0	1.0	0.336	140.07299999999998	156485	POP
MK8ZOOANyJjmtDeK	POP,ELECTRONIC	EN	0.371	0.329	0.0	0.0	0.0539	173.66099999999997	340493	POP
2DG6VPhB8fVYBmzw	ELECTRONIC,ELECTRO,SYNTHPOP	EN	0.772	0.98	3.0	1.0	0.642	127.364	230200	POP
wSPBVumayCoT2TpP	INDIE POP	EN	0.496	0.857	0.0	1.0	0.544	130.00799999999998	236880	POP
YTN34X6pBa6oS6vK	POP,POP	EN	0.505	0.962	7.0	0.0	0.355	135.115	186987	POP
UCs2tvacS3zLJEvr	POP	EN	0.302	0.336	10.0	1.0	0.158	154.738	208347	POP
SxIk5lAKcpxvAhfO	POP,REGGAE	EN	0.89	0.477	2.0	0.0	0.659	121.966	212173	POP
H9Sgekz5njcDMje3	INDIE POP,AMBIENT	EN	0.599	0.638	11.0	0.0	0.8540000000000001	112.011	323859	POP
07x6lrZgOppJvzmw	NU DISCO,ELECTROPOP,HOUSE,NEW WAVE	EN	0.68	0.6629999999999999	1.0	1.0	0.526	112.999	433583	POP
Tiom4oADlYSDShFt	POP	EN	0.569	0.517	5.0	1.0	0.508	78.844	241293	POP
3pLZ3brCoWQbT3kq	BRITPOP	EN	0.718	0.486	9.0	1.0	0.56	122.047	154865	POP
ac6oJAIFYM730IcS	SOUL,POP	EN	0.698	0.843	1.0	1.0	0.894	105.83	219413	POP
wgkdQICrN5jxn7qf	INDIE POP,SYNTHPOP,NEW WAVE	EN	0.486	0.8690000000000001	2.0	1.0	0.114	121.866	230928	POP
88wFdenwAydEmiUv	POP	EN	0.472	0.597	6.0	1.0	0.202	129.805	196493	POP
Zz0FGpyug4LcTEYe	ELECTRONIC,DUBSTEP,POP	EN	0.476	0.858	8.0	0.0	0.379	141.958	246200	POP
XMltYWZFjoHMNz5T	RAP,INDIE POP	EN	0.599	0.364	5.0	1.0	0.716	98.659	148072	POP
2bd2763C8Ue15RlM	ELECTRONIC,SYNTHPOP,ELECTRO	EN	0.573	0.913	11.0	1.0	0.831	106.124	251893	POP
w8DUu6DPPkoeUAdv	POP	EN	0.469	0.309	0.0	0.0	0.265	165.88	196907	POP
qNQD9UOrBYvuOmAz	POP,NEW WAVE,POP	EN	0.917	0.588	10.0	1.0	0.828	110.077	184480	POP
nHfe10SJOhJKhZjk	ART POP,AMBIENT	EN	0.338	0.522	5.0	1.0	0.276	120.051	281358	POP
r34bG75rk9BLtEcY	K-POP	EN	0.736	0.713	6.0	0.0	0.541	128.964	192131	POP
M3AtyZ9SdJ48inqo	INDIE POP,ELECTROPOP,SYNTHPOP	EN	0.336	0.262	2.0	0.0	0.317	115.118	108569	POP
79CLZcmWrwac8kSX	POP	EN	0.732	0.8540000000000001	6.0	0.0	0.747	82.82700000000001	218667	POP
oeEzEauOxPuvpYhC	DANCE POP,REGGAETON	EN	0.888	0.6659999999999999	10.0	0.0	0.464	125.993	230733	POP
dw61WvGU01aJ3X5m	POP	EN	0.634	0.8909999999999999	4.0	0.0	0.507	126.982	239160	POP
bGJ1fPLmmLZElMwP	POP	EN	0.413	0.8290000000000001	4.0	1.0	0.677	191.477	265533	POP
P023l5L8rU2oovl7	POP,POP	EN	0.647	0.821	6.0	0.0	0.612	147.047	308760	POP
75um1cWMkD2NyGfW	SYNTHPOP,INDIE POP,INDIE POP	EN	0.638	0.738	6.0	0.0	0.657	97.021	243147	POP
8YXLIc4aYE00WlMx	POP	EN	0.72	0.8009999999999999	1.0	1.0	0.649	94.974	212587	POP
xfcY5baE15EL045f	POP,ELECTRONIC,EDM	EN	0.72	0.807	11.0	0.0	0.305	124.946	197993	POP
EWFCsFHyH8rRb0Jw	POP	EN	0.409	0.447	8.0	1.0	0.258	129.464	235280	POP
QqOGW1wmzGur0M6F	POP,LO-FI	EN	0.649	0.515	10.0	0.0	0.848	116.713	303500	POP
W3qPAhJ3ywjG5NRG	BRITPOP,POP	EN	0.282	0.309	0.0	1.0	0.0371	77.507	355792	POP
UCIQ74RDzMSU3VMX	POP,ELECTRONIC,TEEN POP	EN	0.638	0.708	1.0	0.0	0.5820000000000001	103.16	132233	POP
vab0HNjAVRMO8kNc	POP	EN	0.426	0.132	0.0	1.0	0.283	85.039	232235	POP
SWczZqyNmwPYJ59R	ELECTRONIC,INDIETRONICA,POP	EN	0.715	0.922	1.0	1.0	0.754	124.979	226307	POP
WpGLBSCUb6PAUj5x	ELECTRONIC,PUNK,BUBBLEGUM POP	EN	0.848	0.7909999999999999	0.0	1.0	0.762	146.881	198420	POP
iO42ZPnKc8cXr6Ot	POP	EN	0.556	0.81	3.0	1.0	0.309	79.005	226013	POP
RT5FqDcdujODroeK	DISCO,ELECTRONIC,SYNTHPOP,SOUNDTRACK	EN	0.568	0.8190000000000001	0.0	0.0	0.324	120.001	269640	POP
ya5LHoH1qoNdjsEd	NEW WAVE,POP,ELECTRONIC	EN	0.573	0.888	0.0	1.0	0.964	127.033	242000	POP
hkutV4VF8nhxNgua	POP,DISCO,SYNTHPOP	EN	0.59	0.7020000000000001	2.0	0.0	0.894	106.063	271907	POP
TSNeuJmI2QLLS3Th	TECHNO,J-POP	EN	0.679	0.898	9.0	1.0	0.961	117.629	310693	POP
FQVp0TfUArszdvIr	POP	EN	0.7090000000000001	0.568	6.0	1.0	0.364	94.987	181600	POP
BxM6Uu5AxwTwF3B1	POP	EN	0.4270000000000001	0.614	0.0	1.0	0.185	119.975	321533	POP
Wi9SO5UuJr9LPHYd	POP,SOUNDTRACK	EN	0.7340000000000001	0.706	0.0	1.0	0.335	119.993	213573	POP
bTkJoM0Zcj0lh4N4	POP,HOUSE	EN	0.774	0.626	8.0	1.0	0.5	120.165	213933	POP
I4StnPJzqOBoLX6P	POP	EN	0.584	0.7809999999999999	2.0	1.0	0.7170000000000001	168.202	220227	POP
Xccqfq1iLhRkBK8X	POP	EN	0.852	0.523	5.0	0.0	0.65	130.154	237533	POP
RUzWFNixCgzSSQFh	POP,SOUL	EN	0.75	0.667	7.0	1.0	0.8859999999999999	95.087	215453	POP
VkDGc2hML7fhSsUv	POP	EN	0.797	0.7290000000000001	1.0	0.0	0.8809999999999999	104.184	149627	POP
osTVABNWXNfEO3zZ	SOUL,POP	EN	0.613	0.735	1.0	1.0	0.326	114.922	188440	POP
WhiYwDWJ4nv8nPxc	POP	EN	0.462	0.511	1.0	1.0	0.473	110.273	168813	POP
uvpOsSdirQg2jsPl	POP	EN	0.45	0.542	6.0	1.0	0.807	76.39	156933	POP
OgmXGfwICgmbioCU	POP,ELECTRONIC	EN	0.519	0.8140000000000001	6.0	1.0	0.381	127.968	199849	POP
l00UyVcQ2zzvQBND	POP,NEW WAVE,SYNTHPOP,NEW ROMANTIC	EN	0.763	0.461	10.0	1.0	0.918	106.832	324667	POP
hJlAMmiWXEoBZEtA	POP	EN	0.669	0.652	0.0	1.0	0.522	101.907	235481	POP
hCmKSDex1ZQZJexW	POP,POP,EASY LISTENING	EN	0.37	0.295	7.0	1.0	0.5920000000000001	162.97299999999996	185933	POP
3znWpQrvfXHgXgOg	INDIE POP,POP,JAZZ	EN	0.61	0.579	9.0	1.0	0.203	98.02	210492	POP
4nTnIhNasaUB0Tfp	POP,INDIE POP	EN	0.603	0.615	10.0	0.0	0.485	99.857	158805	POP
WoYu9Gdi1CDMWddx	POP,SOUL	EN	0.5710000000000001	0.8059999999999999	0.0	0.0	0.8190000000000001	150.158	224773	POP
NW9BzwacvfqE9hA6	INDIE POP	EN	0.57	0.7909999999999999	7.0	1.0	0.15	195.88	186773	POP
WUaeeIB2K7V61JKF	POP	EN	0.777	0.746	5.0	0.0	0.381	119.994	216347	POP
MnDqNd92RwoQbNVP	NEW WAVE,NEW ROMANTIC,SYNTHPOP	EN	0.29	0.735	7.0	1.0	0.314	138.451	188000	POP
hehRjsvXPVMOlGEP	SYNTHPOP,ELECTRONIC,SYNTHPOP,ELECTRONIC	EN	0.585	0.696	2.0	1.0	0.138	120.01	262000	POP
EgcDs17Is9rNaaGa	POP	EN	0.7040000000000001	0.382	10.0	1.0	0.601	67.483	188853	POP
Rq5WOkhpOFUOE7RC	POP,ELECTROPOP	EN	0.488	0.512	0.0	1.0	0.0378	132.171	256600	POP
5vWiUYie3htPRoBQ	POP	EN	0.591	0.522	8.0	0.0	0.149	114.015	287733	POP
vu76tzWGcjFy5jTk	ELECTRONIC,ELECTROPOP	EN	0.395	0.726	0.0	1.0	0.116	152.971	267285	POP
UYpy3id4Xlo76dyt	DREAM POP	EN	0.449	0.5920000000000001	2.0	0.0	0.404	186.01	183720	POP
QQO1CFtP5BL0RBl7	POP,HOUSE,ELECTRONIC	EN	0.7490000000000001	0.841	3.0	0.0	0.6679999999999999	127.999	194800	POP
CrWZ4LO64hAi8BJv	POP	EN	0.547	0.197	10.0	1.0	0.402	133.85	191827	POP
uwLIoXd8iaKbJiB4	POP	EN	0.511	0.615	1.0	1.0	0.151	85.963	230880	POP
MulmdescIYeDoipd	COUNTRY,POP	EN	0.467	0.363	6.0	1.0	0.431	146.849	227840	POP
4grnFRYaFqqWlKXE	POP,COUNTRY	EN	0.5579999999999999	0.851	2.0	1.0	0.85	191.96400000000003	213360	POP
GAAKudgp16JCLz7o	POP,SOUL	EN	0.6940000000000001	0.823	1.0	1.0	0.6829999999999999	95.83	299827	POP
DoEuKnlEHTnwIoDy	POP	EN	0.489	0.375	1.0	1.0	0.344	79.325	219507	POP
qi4mokr4ZCblMUF1	SYNTHPOP,NEW WAVE	EN	0.705	0.7709999999999999	2.0	1.0	0.6809999999999999	121.994	372427	POP
gmRGmWJcUiTcFkH2	SOUL,POP	EN	0.478	0.7170000000000001	1.0	1.0	0.149	150.111	263573	POP
N6wa7wFwyFz7tA9i	EASY LISTENING,POP	EN	0.319	0.407	2.0	0.0	0.347	80.883	207467	POP
dsZ9d0zfgo1U8buA	POP	EN	0.742	0.885	11.0	1.0	0.201	120.004	242250	POP
JH32ZxHQEnudgBTK	INDIE POP,INDIE POP	EN	0.585	0.8190000000000001	1.0	1.0	0.825	134.958	182246	POP
pHm3fwszNHtG8dGP	INDIE POP,INDIE FOLK	EN	0.64	0.8440000000000001	7.0	1.0	0.313	127.07	189693	POP
wyqfn3yOrEzw8X8b	POP	EN	0.7440000000000001	0.755	4.0	0.0	0.596	101.98	215103	POP
oHZo9i86P6f2BPMz	K-POP	EN	0.741	0.926	9.0	0.0	0.5710000000000001	106.99	198867	POP
GZK8GinbCk2BZ0pz	DREAM POP	EN	0.31	0.624	0.0	0.0	0.155	173.989	222778	POP
0nRZDhvxdZ5ftNwv	POP	EN	0.778	0.64	5.0	1.0	0.7659999999999999	137.253	227173	POP
tKl5pBKu2nj5iwNh	INDIE POP	EN	0.36	0.7959999999999999	2.0	1.0	0.204	149.981	253027	POP
a6ukZifuQVAkirmV	POP	EN	0.794	0.6409999999999999	0.0	1.0	0.715	155.078	204907	POP
736vUCVbP4urNh8c	POP	EN	0.7070000000000001	0.933	8.0	0.0	0.8190000000000001	93.021	160307	POP
Lnvt41s0yD0oYA7O	BAROQUE POP	EN	0.7020000000000001	0.573	7.0	1.0	0.909	100.525	267600	POP
ccs2vuKZfAgrrojJ	NEW WAVE,SYNTHPOP,NEW ROMANTIC	EN	0.5379999999999999	0.884	1.0	1.0	0.545	141.168	254773	POP
AwjrGB4OEhl6Ak6x	BAROQUE POP	EN	0.21	0.269	11.0	0.0	0.216	179.72099999999998	219773	POP
NauCKfcYbRy3rs9M	POP,INDIE POP	EN	0.462	0.767	10.0	1.0	0.901	201.064	240320	POP
ymK8cDcac2DYjXDG	POP,INDIE POP	EN	0.765	0.621	0.0	0.0	0.7979999999999999	102.065	212267	POP
sZJvpi7qLGZLl5Gh	POP	EN	0.674	0.813	2.0	0.0	0.601	92.923	258920	POP
4D8c4sSLzfkTCtic	POP	EN	0.5	0.44	3.0	0.0	0.143	138.374	406040	POP
yDY2BvT3HQPs4A38	INDIE POP,TWEE POP,JANGLE POP	EN	0.301	0.843	11.0	1.0	0.599	92.839	156613	POP
sNQV6GVwyvTRQQuJ	POP	EN	0.603	0.85	5.0	1.0	0.7490000000000001	105.036	248373	POP
8kAuhNtLQTtYDYEh	SOUL,POP,ELECTRONIC,DEEP HOUSE	EN	0.669	0.747	6.0	1.0	0.483	122.531	242440	POP
reDLKxp9C1J0LanE	HOUSE,POP,HOUSE,POP	EN	0.807	0.653	7.0	1.0	0.845	120.08	245000	POP
4E9N3mIUavFVxMEz	POP	EN	0.672	0.804	5.0	0.0	0.388	90.021	238813	POP
8Ydp8kCTq8KbH7TD	POP	EN	0.78	0.755	6.0	1.0	0.862	101.557	232907	POP
EWATvesoq1TPX8d4	DREAM POP	EN	0.452	0.211	1.0	1.0	0.034	98.988	255770	POP
qv0QBR9djc9UhRaI	POP,ELECTRONIC	EN	0.63	0.938	7.0	0.0	0.961	132.039	218373	POP
P8yIRF1hhciQSNYK	INDIE POP,INDIE POP,LO-FI	EN	0.409	0.772	8.0	1.0	0.447	141.967	168293	POP
ql0lZG2weH2Y1U2P	COUNTRY,COUNTRY POP	EN	0.607	0.534	2.0	1.0	0.297	85.95299999999997	261453	POP
7tVxhvuWubgrf413	NEW WAVE,POP	EN	0.604	0.723	1.0	0.0	0.68	83.455	340627	POP
O6vD07NZSra10gTG	ELECTRONIC,POP	EN	0.604	0.621	7.0	0.0	0.259	139.966	197240	POP
gQbivAeNzh1daC1x	POP,SOUL,POP	EN	0.508	0.72	11.0	0.0	0.472	79.983	261640	POP
FYpoCbmHaJM9HkA6	EUROVISION,POP	EN	0.7340000000000001	0.521	7.0	1.0	0.7070000000000001	107.065	184693	POP
RwdI0DNigIzN88Ap	INDIE POP,POST-PUNK,LO-FI,INDIE POP	EN	0.405	0.7709999999999999	7.0	1.0	0.448	116.601	568093	POP
vGKv3Mi5svmg134O	POP,LATIN	EN	0.6920000000000001	0.722	7.0	0.0	0.85	125.956	192040	POP
O5E3NnOixa3alok3	POP	EN	0.57	0.8859999999999999	6.0	0.0	0.805	158.035	219773	POP
nFFhyKxWiBxvTTng	ELECTRONIC,SYNTHPOP	EN	0.763	0.602	0.0	1.0	0.132	120.014	325497	POP
tYIgX5vtrAmEX3yB	POP PUNK	EN	0.609	0.526	6.0	0.0	0.5870000000000001	90.997	108013	POP
3DoZac2uua0tmiDE	POP	EN	0.413	0.481	9.0	0.0	0.544	84.68799999999997	267819	POP
M48SPvc02ekdFtLB	NEW WAVE,POP,SYNTHPOP	EN	0.716	0.634	2.0	1.0	0.348	110.789	329107	POP
DrqZiBTqs6KkkAdx	POP,SOUL	EN	0.6559999999999999	0.727	1.0	1.0	0.652	100.526	268293	POP
umEfNFuNrhD9Fvrr	POP,DISNEY	EN	0.7240000000000001	0.4370000000000001	10.0	0.0	0.7170000000000001	92.982	184500	POP
whu0rUjuzs7ETw5O	POP	EN	0.407	0.157	10.0	1.0	0.0965	76.384	322987	POP
Vw887TL24GSYgqPF	POP PUNK,PUNK	EN	0.561	0.8540000000000001	8.0	1.0	0.0628	122.953	282495	POP
C4Dh9baWbtbP7yGR	POP,GOSPEL,ELECTROPOP	EN	0.66	0.291	10.0	1.0	0.1689999999999999	120.015	264533	POP
m8nmFoUKRziLaHtL	DREAM POP,SHOEGAZE	EN	0.578	0.882	11.0	0.0	0.86	119.51	231133	POP
ecFa2ZTHkfUh48Jt	DREAM POP,DREAM POP,SHOEGAZE	EN	0.172	0.483	7.0	1.0	0.33	167.233	272067	POP
V9dKrXTzhw69K3JQ	POP	EN	0.612	0.619	2.0	1.0	0.469	99.71	213960	POP
6n2cFrUrXmZteL24	POP PUNK,POST-HARDCORE	EN	0.426	0.913	1.0	1.0	0.4370000000000001	95.087	157867	POP
V2oxpd4gMLE75jbV	POST-PUNK,SYNTHPOP	EN	0.431	0.91	7.0	1.0	0.7659999999999999	81.488	351600	POP
54WK4pEWQ4eCHIhc	POP	EN	0.625	0.753	6.0	0.0	0.539	88.956	223299	POP
KBTidgqoZ3UCVBVW	POP,SOUL	EN	0.7240000000000001	0.616	4.0	1.0	0.433	85.16799999999998	240893	POP
vrQifgxNexb2xlCn	POP	EN	0.522	0.711	5.0	1.0	0.462	87.98899999999998	388339	POP
QFjS9mfQJYeYoYYW	POP,ELECTROPOP,TEEN POP	EN	0.757	0.6829999999999999	6.0	0.0	0.952	116.953	194427	POP
6m9trWTP44StMNR8	POP	EN	0.6629999999999999	0.403	9.0	0.0	0.34	143.671	393533	POP
JZ9IXizv1U6uARxO	DREAM POP,SHOEGAZE,INDIE POP	EN	0.435	0.8690000000000001	0.0	1.0	0.514	79.964	378693	POP
WlXUGW0XZb2eFH0z	COUNTRY,POP	EN	0.599	0.87	0.0	1.0	0.249	128.454	272900	POP
vDlu4RrbZ3uDVVBe	ELECTRONIC,ELECTROPOP,DISCO	EN	0.836	0.753	7.0	1.0	0.922	117.953	236160	POP
KoGNiNdY90hQVkDV	ART POP	EN	0.55	0.453	5.0	0.0	0.152	134.904	224600	POP
xMpIY66y4slwh7fG	POP	EN	0.493	0.42	9.0	1.0	0.342	92.392	199106	POP
7sFqm53hVAE1nyr6	NEW WAVE,POP	EN	0.4970000000000001	0.479	7.0	1.0	0.7	168.933	251200	POP
SchvjjnD6G6Bvi5u	POP	EN	0.5379999999999999	0.742	9.0	0.0	0.425	165.951	258227	POP
Zerl8Ru9rrRC9lu7	POP	EN	0.394	0.821	6.0	0.0	0.509	82.764	223533	POP
EP6sAqIoqmTcts34	ELECTRONIC,SYNTHPOP,NEW WAVE,POST-PUNK	EN	0.522	0.945	5.0	1.0	0.315	140.988	337027	POP
tttADE7gW76fI4Vp	POST-PUNK,SYNTHPOP	EN	0.394	0.993	4.0	0.0	0.451	179.955	202600	POP
sFjslvvRxRPGjy7m	POP,REGGAE,POP	EN	0.705	0.451	9.0	0.0	0.868	77.998	243013	POP
NlG80SaeyqF4IShU	HOUSE,POP,ELECTRONIC	EN	0.638	0.564	9.0	0.0	0.698	135.946	268933	POP
30s684qR17kdPXFt	POP,ELECTRONIC	EN	0.807	0.6659999999999999	7.0	1.0	0.611	114.99	224074	POP
UheOKGKQ4vamSkvr	INDIE POP,POP	EN	0.6659999999999999	0.784	0.0	1.0	0.362	95.988	180427	POP
IovnW5e2LwvX3k3b	DREAM POP,CHILLWAVE,ELECTRONIC	EN	0.6759999999999999	0.343	9.0	0.0	0.262	120.088	248709	POP
cXhSQxOrDoLFB66l	FUNK,DISCO,ACID JAZZ,POP	EN	0.7440000000000001	0.7879999999999999	5.0	1.0	0.88	125.663	215173	POP
bqJHv8YfMa0S7t3p	POP	EN	0.657	0.725	9.0	1.0	0.752	113.172	228000	POP
jark6tVTtsel3gNB	MADCHESTER,BRITPOP	EN	0.578	0.733	0.0	1.0	0.755	127.766	239160	POP
uYX7T070F8SWrI21	DREAM POP,INDIE POP	EN	0.512	0.408	7.0	1.0	0.0882	117.929	229373	POP
V06ws3OZFdhwfuoI	ELECTRONIC,SYNTHPOP,POP	EN	0.7120000000000001	0.625	4.0	0.0	0.303	132.834	205160	POP
kuiMOLYrS0BhS9Np	POP	EN	0.6409999999999999	0.937	3.0	1.0	0.828	132.009	185987	POP
XR5mpcJIa6GRABk5	SINGER-SONGWRITER,INDIE POP,FOLK	EN	0.599	0.738	7.0	1.0	0.693	90.005	259230	POP
YZoWWplVItla4p7M	POP	EN	0.7659999999999999	0.6920000000000001	1.0	1.0	0.691	102.028	205160	POP
Yy1P1AXo7BgZPlon	POP,HOUSE,ELECTRONICA	EN	0.754	0.653	7.0	1.0	0.379	123.084	179746	POP
AOZ4DQXjpkkk6u5M	POP,SOUNDTRACK,NEW WAVE	EN	0.71	0.807	1.0	0.0	0.946	139.55100000000002	218440	POP
wWG9EsguTMvbTA3K	POP	EN	0.745	0.848	2.0	0.0	0.7559999999999999	111.981	186800	POP
enXJH3avfYoABqTB	FOLK,ELECTRONIC,INDIE POP	EN	0.565	0.361	2.0	1.0	0.138	117.967	247880	POP
bXvviuao7YKvR8cD	DREAM POP,INDIE POP	EN	0.56	0.369	4.0	0.0	0.564	128.641	129067	POP
8NRhUyNiiSYvRbjL	POP,DISCO	EN	0.441	0.926	2.0	1.0	0.779	147.564	168827	POP
7PDjA0rUcCiqbJch	K-POP,POP	EN	0.696	0.903	5.0	0.0	0.732	130.584	180427	POP
TGhfapQKwpoybrG2	POP,EUROVISION,POP,EUROVISION	EN	0.6459999999999999	0.503	4.0	0.0	0.134	121.908	178867	POP
BFIvIEtc8XPeUmHz	POP PUNK,MELODIC HARDCORE,HARDCORE	EN	0.522	0.996	10.0	0.0	0.138	96.477	187561	POP
6I1b8FJCmRcEw9sr	POP	EN	0.721	0.541	7.0	0.0	0.263	96.046	256600	POP
50gg9bI8yKrIkROc	POP	EN	0.396	0.927	7.0	1.0	0.648	129.251	239373	POP
295A8c01sRkUrIh5	POP,EDM,POP,ELECTROPOP,ELECTRONIC	EN	0.674	0.748	7.0	1.0	0.612	104.048	190000	POP
4BiVmfZuPae95kmo	POP,POP	EN	0.674	0.74	2.0	1.0	0.531	145.959	190704	POP
lZuTBRyWraGdP8QS	INDIE POP,LO-FI,BEDROOM POP	EN	0.5329999999999999	0.627	9.0	1.0	0.357	123.841	168929	POP
B19JLLqTNb0vZW7F	EUROVISION,POP,EUROVISION,POP	EN	0.476	0.106	1.0	1.0	0.159	108.905	197107	POP
7ynZ0wUcZmaofsuV	DREAM POP,DREAM POP,SHOEGAZE	EN	0.381	0.55	4.0	0.0	0.688	87.04	216733	POP
YdwfdRdnjddBII79	POP	EN	0.863	0.586	7.0	1.0	0.823	111.968	167560	POP
1OAfe3DiTc78qYXz	SYNTHPOP,ELECTROPOP,POP	EN	0.434	0.746	7.0	0.0	0.295	79.634	247560	POP
ez2dRvG4hdbxv3r0	FOLK,POP	EN	0.544	0.529	6.0	1.0	0.403	92.936	254227	POP
f0ViECjQejx5ObId	POP	EN	0.792	0.722	5.0	0.0	0.629	137.959	217613	POP
zgSOemZqz9oVrMmS	POP,POP,TURKISH POP	EN	0.597	0.8320000000000001	2.0	1.0	0.7090000000000001	179.08700000000005	224888	POP
OwsQF86Y98rkNLTk	POP,SOUL	EN	0.389	0.218	4.0	1.0	0.316	84.167	168653	POP
GlULNcGZv1VBQtIy	POST-PUNK,DREAM POP,NEW WAVE	EN	0.6609999999999999	0.395	9.0	1.0	0.475	122.98	233532	POP
nqNTykWz0eL5NOwL	DANCEHALL,REGGAE,POP	EN	0.765	0.6659999999999999	7.0	1.0	0.7559999999999999	87.00200000000002	273360	POP
YhPsfjuYgW1ZdUQE	POP,FOLK	EN	0.708	0.591	11.0	1.0	0.618	120.976	202628	POP
S4LnXU0FWn8pkoow	POP,ELECTRONIC	EN	0.696	0.94	8.0	1.0	0.7	128.005	207976	POP
pDT81fASBcCcQ5lV	SHOEGAZE,DREAM POP,SHOEGAZE,DREAM POP,BRITPOP	EN	0.448	0.868	4.0	1.0	0.393	131.509	170040	POP
Tt2zZfL8oZDkkRJm	SYNTHPOP,POP	EN	0.652	0.6509999999999999	9.0	1.0	0.271	102.52	278594	POP
WvxgvW82Ru7h7rAj	COUNTRY,COUNTRY POP	EN	0.578	0.569	1.0	1.0	0.187	100.038	194453	POP
XqpBIk4kIMbI5U0Q	POP,INDIE POP	EN	0.424	0.507	7.0	0.0	0.116	122.904	201924	POP
8znQow3uZOyUY3hg	POP	EN	0.677	0.45	1.0	1.0	0.4320000000000001	119.912	237388	POP
zwvowIVBcLCIa9hS	POP,POP,BRITPOP	EN	0.303	0.316	10.0	1.0	0.103	127.117	273787	POP
TKCScJ2KJ78HCRcB	NEW WAVE,POP	EN	0.647	0.8959999999999999	4.0	1.0	0.953	118.729	215400	POP
DsfmJ3NQZUJYEFGX	POP,POP	EN	0.467	0.8320000000000001	2.0	1.0	0.153	139.975	238133	POP
DWXRkmGelR8Rvpve	POP,K-POP	EN	0.5720000000000001	0.778	9.0	0.0	0.294	159.904	202098	POP
WZufWxPELH3aI4nm	POP,ELECTRONIC	EN	0.8109999999999999	0.895	5.0	0.0	0.736	121.01	233720	POP
H6UmfBZDqVHDMaIH	J-POP,POP,ELECTRONIC	EN	0.7140000000000001	0.945	8.0	1.0	0.933	160.009	200253	POP
2tcOTb3VCaDbcrxd	POP,NEW WAVE	EN	0.631	0.56	9.0	0.0	0.448	93.994	229840	POP
ib1VccpYsduc6Nmv	POP	EN	0.72	0.711	4.0	1.0	0.596	126.452	202200	POP
870pQkZTU1axlH3k	ELECTRONIC,SYNTHPOP,POP,ELECTRONIC,SYNTHPOP	EN	0.7070000000000001	0.6559999999999999	7.0	1.0	0.693	117.994	313547	POP
8EL5de74LBtL2e1N	POP,INDIE POP	EN	0.636	0.547	3.0	0.0	0.285	129.955	219648	POP
udfC7ai6T3msZBv0	ELECTRONIC,SYNTHPOP	EN	0.6829999999999999	0.645	11.0	0.0	0.545	89.99	229042	POP
yC0qHzBsqfwmd27m	POP	EN	0.7140000000000001	0.282	9.0	1.0	0.574	79.952	257067	POP
XAc1fcampOSCOMwF	POP,HI-NRG	EN	0.71	0.72	2.0	0.0	0.654	122.973	212947	POP
Gp4qP96k2HaCnNDu	POP,POP,LATIN	EN	0.841	0.7290000000000001	5.0	0.0	0.688	115.984	183573	POP
FKHqXJZXiZW46NDW	SYNTHPOP,ELECTRONIC,POP	EN	0.6559999999999999	0.617	11.0	0.0	0.255	130.167	250200	POP
ttErTvl5GQTgaHk7	POP,NEW JACK SWING	EN	0.873	0.754	8.0	1.0	0.556	106.33	288554	POP
dETjKKgNfHPDhncf	ELECTRONIC,EBM,ELECTRONICA,SYNTHPOP,ELECTROPOP	EN	0.6609999999999999	0.769	5.0	0.0	0.251	100.029	211279	POP
NAB7E4FtQj38PCxq	POP	EN	0.476	0.551	9.0	1.0	0.172	137.049	224053	POP
liingzNnPYGzUkU2	INDIE POP	EN	0.54	0.8009999999999999	5.0	1.0	0.5429999999999999	83.993	217440	POP
LpJISlXdkVUIlkZ9	NEW WAVE,POP	EN	0.698	0.918	1.0	1.0	0.892	133.088	224093	POP
CZodk8FZq75mt5j2	BAROQUE POP,POP,ELECTRONIC,NEW WAVE	EN	0.595	0.8340000000000001	5.0	1.0	0.449	125.003	261093	POP
MkbZe7MHxECeyRsa	POP,SOUL	EN	0.624	0.5660000000000001	8.0	0.0	0.358	131.032	142816	POP
TGOjvzw52PlNiCHC	DREAM POP,SOUNDTRACK	EN	0.429	0.528	5.0	1.0	0.138	80.051	190520	POP
18wOoBOuWEK5yclI	POP,ELECTRONIC	EN	0.69	0.622	5.0	0.0	0.544	102.04	210091	POP
RpzdgbfGFcIMQLLE	SYNTHPOP,NEW WAVE,ELECTRONIC,POP	EN	0.57	0.903	0.0	0.0	0.664	126.959	238680	POP
2D0ri1wZi7ewKiCS	POP	EN	0.611	0.908	6.0	0.0	0.468	125.985	250067	POP
w8yA8IPCSqmFG2bb	SINGER-SONGWRITER,POP	EN	0.632	0.429	4.0	0.0	0.521	143.795	273653	POP
WaMGUhAT1nWi51Ir	POP PUNK	EN	0.502	0.954	10.0	1.0	0.189	108.045	199693	POP
qTGxobIEb5q4rGXJ	POP,ELECTROPOP,INDIE POP	EN	0.436	0.35	8.0	0.0	0.144	77.96600000000002	230769	POP
KXBF6JWmSjR3FcTV	INDIE POP,DREAM POP	EN	0.534	0.742	7.0	1.0	0.478	97.998	298867	POP
slv6llqKNb01t0Om	K-POP,K-POP	EN	0.71	0.845	3.0	1.0	0.903	136.965	200127	POP
jAAte8hOJeNotinu	POP	EN	0.635	0.7709999999999999	4.0	1.0	0.575	139.97	234160	POP
eTY67GfQAa7LtkuD	POP,EASY LISTENING	EN	0.523	0.476	10.0	1.0	0.216	129.619	169760	POP
5yQxczcfQWE0ZQft	POP PUNK,MELODIC HARDCORE	EN	0.199	0.992	7.0	1.0	0.136	194.838	187347	POP
M9LFTF0akAEPpfnJ	POP	EN	0.377	0.904	4.0	0.0	0.595	200.566	221587	POP
6T23hhcuKP9uqpKr	POP,EUROVISION,EUROVISION,POP	EN	0.6940000000000001	0.821	0.0	1.0	0.805	142.05100000000004	192909	POP
CFgmcnt14rselR7n	NEW WAVE,SYNTHPOP,ELECTRONIC,INDUSTRIAL	EN	0.6459999999999999	0.498	0.0	1.0	0.195	106.0	324427	POP
RqmMnxmRdmewekVj	POP	EN	0.679	0.244	8.0	0.0	0.377	79.991	197801	POP
czDOZ5AHmdLoIg3o	SYNTHPOP,ELECTRONIC,EXPERIMENTAL	EN	0.611	0.632	11.0	1.0	0.388	138.974	199142	POP
Qay7xzyHpUvfGXMN	POP	EN	0.457	0.271	4.0	1.0	0.382	141.061	166307	POP
9cgGDAizZy1jZvdC	POP,ELECTRONIC	EN	0.601	0.6609999999999999	3.0	0.0	0.373	144.755	169033	POP
Cjmi9NdWOLumpQ20	POP PUNK	EN	0.537	0.902	8.0	1.0	0.759	159.998	214680	POP
ycUZaG5TQIsiGOIJ	POP,POP,BRITPOP	EN	0.51	0.466	9.0	0.0	0.347	78.045	207787	POP
sNInNhseLIOQXgni	ART POP,CHAMBER POP	EN	0.504	0.605	1.0	0.0	0.326	146.013	259827	POP
HOCnll4AZXYFttEl	SYNTHPOP,FUTUREPOP,EBM,ELECTRONIC	EN	0.613	0.5670000000000001	0.0	0.0	0.598	127.714	278467	POP
HNJbaLzZSOpGk2EE	POP	EN	0.737	0.7490000000000001	6.0	1.0	0.926	126.503	201573	POP
IOnrB7htO4atg5dt	POP,INDIE POP	EN	0.609	0.909	1.0	1.0	0.812	119.016	191040	POP
06AGErQNQo09uQYU	DREAM POP,SHOEGAZE,ELECTRONIC,SHOEGAZE,DREAM POP,ELECTRONIC	EN	0.469	0.7859999999999999	2.0	1.0	0.4270000000000001	129.97	260893	POP
9fvKzz6XdZGt8BRZ	POP	EN	0.531	0.8109999999999999	4.0	1.0	0.484	82.14	203347	POP
g39aWNbz04xYDbKC	HIP HOP,POP,RAP	EN	0.5870000000000001	0.804	0.0	0.0	0.773	114.99	212773	POP
CmfTIIZ8Qglpx58z	POP	EN	0.595	0.359	2.0	0.0	0.511	120.144	200739	POP
0ABJBF49m5WXiVC1	LO-FI,TECHNO,INDIE POP	EN	0.64	0.257	0.0	1.0	0.187	79.957	209154	POP
GXBKJMSIg58lszfT	POP,FOLK	EN	0.518	0.387	0.0	1.0	0.395	132.026	261142	POP
oBbeOJbU6MqBt33i	POP	EN	0.5579999999999999	0.722	5.0	1.0	0.609	140.035	213707	POP
i4OHqjO07NNG5BZy	INDIE POP,ELECTRONIC	EN	0.721	0.758	11.0	0.0	0.8640000000000001	150.825	191173	POP
LPBEGzg97jnltilY	INDIE POP	EN	0.54	0.825	2.0	1.0	0.608	148.059	162453	POP
VvCwIQi4zanGbVTg	INDIE POP,BANJO	EN	0.664	0.797	7.0	1.0	0.284	97.004	194320	POP
9Afz2D2JLzkMksWR	POP,SOUNDTRACK	EN	0.6779999999999999	0.61	0.0	1.0	0.919	117.04	170000	POP
10k46UiNX0QAjCHX	POP,DANCE POP	EN	0.616	0.939	11.0	0.0	0.634	134.32399999999998	278987	POP
Y8pH7UgyfQqkajFD	DREAM POP	EN	0.516	0.26	2.0	0.0	0.338	130.684	286240	POP
lwRWyW7W8kgTUtwq	COUNTRY,POP	EN	0.568	0.872	9.0	1.0	0.4920000000000001	98.981	229027	POP
gbKkVtlQ46afYbuc	ELECTRONIC,SYNTHPOP,AMBIENT	EN	0.494	0.557	9.0	0.0	0.1689999999999999	90.135	245573	POP
scK4UYnmXYIYBDzY	DREAM POP,SHOEGAZE	EN	0.296	0.55	9.0	0.0	0.305	119.93	214852	POP
9qZSFrvAc7372A9y	SYNTHPOP,INDIETRONICA,ELECTRO	EN	0.7659999999999999	0.838	10.0	0.0	0.5489999999999999	116.987	251333	POP
E797YFa49m8U8cy0	POP	EN	0.474	0.665	8.0	1.0	0.186	89.98100000000002	217053	POP
ycFF6wmpIAMqCL0u	POP,ELECTROPOP,SYNTHPOP	EN	0.6829999999999999	0.8320000000000001	4.0	1.0	0.6679999999999999	120.982	248147	POP
4ogZgiGhCrxjLMaU	PUNK,POP PUNK,ORGCORE,PUNK,POP PUNK	EN	0.564	0.898	3.0	1.0	0.64	135.46200000000002	207209	POP
Aku1roD1MJXXMeXG	DREAM POP,LO-FI	EN	0.5660000000000001	0.366	7.0	1.0	0.237	129.959	184154	POP
QBbCAKVDz4e7JI2e	FOLK,INDIE POP	EN	0.653	0.809	3.0	1.0	0.635	121.982	210053	POP
YWN74J5l4nA0CECu	POP,INDIE POP	EN	0.636	0.6859999999999999	11.0	1.0	0.546	95.859	177449	POP
iCqdDcR6oX2noUCH	SOUL,INDIE POP	EN	0.397	0.506	6.0	0.0	0.388	85.915	234480	POP
aEGr5qOv3CVOgCGj	RAP,POP	EN	0.7809999999999999	0.602	1.0	1.0	0.324	121.998	336519	POP
BsZfJYJzUcFrH0FX	ELECTROPOP	EN	0.621	0.826	2.0	1.0	0.7170000000000001	119.989	204693	POP
rd3Kht9Huvy2So0R	INDIE POP	EN	0.532	0.597	10.0	1.0	0.345	80.031	210106	POP
qKnFLjSfMOIHkQM5	POP,SINGER-SONGWRITER	EN	0.918	0.684	7.0	1.0	0.936	114.037	167880	POP
zIC91wkIaKHCRDJ9	POP	EN	0.6609999999999999	0.946	10.0	0.0	0.945	98.031	216640	POP
VWcIYAVnONPzm1If	SYNTHPOP,AVANT-GARDE	EN	0.716	0.73	0.0	1.0	0.7120000000000001	130.131	209537	POP
RIIrECceX0sFLExe	POP	EN	0.615	0.861	10.0	1.0	0.682	165.91400000000004	214173	POP
XKHHjY6ZVJUDzyV0	POP	EN	0.6659999999999999	0.552	0.0	1.0	0.565	147.94899999999996	196867	POP
7RZ6n9oLv15eaBef	POP	EN	0.561	0.42	7.0	0.0	0.264	74.993	207333	POP
LPpTSfeJvPB0pReW	SOUL,POP,MOTOWN,SOUL,POP	EN	0.594	0.912	10.0	0.0	0.489	122.107	174800	POP
iJECx2PKzm9YuKdd	POP	EN	0.768	0.871	8.0	0.0	0.961	94.02	208960	POP
YEC2ppg7aemXb6oR	POP	EN	0.461	0.696	9.0	0.0	0.311	180.00599999999997	260797	POP
Kus9UE3ChRAwPb94	ELECTRONIC,POP	EN	0.544	0.402	6.0	0.0	0.347	207.942	234133	POP
XyF5lIv8kduBDuBz	FOLK,POP	EN	0.624	0.251	7.0	1.0	0.4	110.705	259267	POP
Hu7uIw0Xt6YZSDOo	BRITPOP	EN	0.476	0.794	8.0	1.0	0.7290000000000001	82.294	175324	POP
KWsCAOe424xEQ1wY	DREAM POP,ELECTRONIC,DREAM POP,LO-FI,INDIE POP	EN	0.513	0.7909999999999999	0.0	0.0	0.313	120.026	196147	POP
ss4XiPMCn4fVwEaZ	POP,DISCO	EN	0.695	0.701	0.0	1.0	0.58	133.0	272507	POP
QOry6PaML7fWQaV8	SOUL,POP,SOUL,POP	EN	0.772	0.5820000000000001	2.0	0.0	0.319	117.856	180067	POP
5Sojd7vEEDA8sI4V	POP,ELECTRONIC	EN	0.703	0.6609999999999999	10.0	0.0	0.389	119.919	275573	POP
XWhDHvJ2HQEDiQja	POP	EN	0.627	0.535	0.0	1.0	0.8190000000000001	122.895	192347	POP
4pUtOAewbDlCDgZs	ELECTRONIC,POP,ELECTRONIC	EN	0.5870000000000001	0.789	0.0	1.0	0.473	159.976	183507	POP
BKQugW1P862Iq1Fq	POP,POP	EN	0.562	0.659	10.0	1.0	0.241	87.539	235947	POP
igE1eGCmo7BXtcEt	POP	EN	0.967	0.583	7.0	0.0	0.964	117.0	242733	POP
IzW61nNvWpp4Q1FS	INDIE POP	EN	0.562	0.925	8.0	1.0	0.7659999999999999	112.004	274227	POP
JlgBfyv9VQ7DeMYR	DISCO,POP	EN	0.7190000000000001	0.732	1.0	0.0	0.96	123.569	213200	POP
eblBYtEozaq6algV	POP,DANCEHALL	EN	0.42	0.846	10.0	0.0	0.536	96.95	193840	POP
ZezbSlcwTn7HsQZr	CONSCIOUS HIP HOP,POP RAP	EN	0.6779999999999999	0.562	3.0	0.0	0.5660000000000001	94.241	307880	POP
YOAf3Pkw98JB3zgs	POP,BRITPOP,ELECTRONIC	EN	0.639	0.291	9.0	0.0	0.191	123.169	163508	POP
STzwWkG53NAFSVGU	POP,INDIE POP	EN	0.431	0.529	2.0	1.0	0.508	143.029	222693	POP
6y8VZxPZCpVlgV4b	POP,INDIE POP	EN	0.318	0.8759999999999999	0.0	1.0	0.1689999999999999	133.925	160667	POP
eFu93Y8V9KHeRz6p	BRITPOP	EN	0.4270000000000001	0.895	9.0	1.0	0.58	140.392	161760	POP
Gk0hr922tKF8oX5U	SOUNDTRACK,INDIE POP	EN	0.214	0.484	5.0	1.0	0.202	81.222	348013	POP
4YpyOpdMxp02roEb	POP,NEW WAVE	EN	0.516	0.196	3.0	1.0	0.338	79.111	227760	POP
J7VXGPHAMTLr9RZ5	DREAM POP,AMBIENT	EN	0.434	0.631	4.0	0.0	0.0497	103.304	269052	POP
UOlPQqvoWu5H2T4D	BRITPOP,BRITPOP	EN	0.496	0.5329999999999999	2.0	1.0	0.272	94.999	510200	POP
XVJYllsucttZtVsY	POP,ELECTROPOP	EN	0.7190000000000001	0.614	9.0	0.0	0.69	95.988	201293	POP
yUVcnVKyHz8pBHcX	K-POP	EN	0.816	0.78	6.0	0.0	0.4320000000000001	114.945	214257	POP
d6XGbVwg9Vhx18nM	POP,SOUL	EN	0.642	0.74	6.0	1.0	0.905	174.68599999999995	259667	POP
FO9LjwkSO8Z3TzzP	POP	EN	0.731	0.936	0.0	1.0	0.917	100.051	174000	POP
SBVhksMkBnKwfZp6	SOUL,POP,DISCO	EN	0.907	0.6459999999999999	9.0	0.0	0.688	124.829	357480	POP
nHOI8wc3F6idGhQt	POP	EN	0.5870000000000001	0.764	7.0	1.0	0.512	159.94299999999996	195840	POP
b1rRqaxwiTtnk02l	ELECTRONIC,SYNTHPOP,INDIE POP	EN	0.6829999999999999	0.414	5.0	1.0	0.234	136.015	236653	POP
ePckwlmr1ngZuCOp	POP	EN	0.7709999999999999	0.687	3.0	1.0	0.7809999999999999	126.823	208813	POP
Z1puf19RRObqRc0h	POP	EN	0.466	0.8420000000000001	6.0	1.0	0.418	75.0	193733	POP
nmjtGxvYmlwECKXf	POP,ELECTRONIC,SYNTHPOP	EN	0.7020000000000001	0.7809999999999999	0.0	1.0	0.382	102.997	286322	POP
RkTboeA4WbZfgbTN	INDIE POP,POP	EN	0.665	0.452	1.0	1.0	0.424	159.938	157312	POP
zNqnP2vRSXsSgidU	POP	EN	0.608	0.727	1.0	0.0	0.504	166.051	212823	POP
So6YNpqzlZmTVNsm	POP	EN	0.524	0.816	1.0	1.0	0.789	200.031	285707	POP
MBNCSDge1L5QSbfK	POP	EN	0.7020000000000001	0.887	1.0	0.0	0.92	116.569	212493	POP
1GSDmIvOnj3wQ4zi	POP,ELECTRONIC,POP,SOUL	EN	0.392	0.467	11.0	0.0	0.204	134.592	197520	POP
bjcCMXFIt4CTvAwQ	POP,SINGER-SONGWRITER	EN	0.635	0.17	7.0	1.0	0.103	93.154	228093	POP
gM8fMd1nXpmadQLs	POP	EN	0.458	0.52	9.0	0.0	0.309	134.313	279733	POP
TQZdrxnNn4jTVBZO	K-POP,POP	EN	0.8420000000000001	0.453	1.0	0.0	0.647	103.038	212480	POP
I5yOAIcGBXCu3Zke	DREAM POP	EN	0.511	0.434	6.0	0.0	0.242	80.995	187933	POP
f4zeVReEOQsveRUG	POP,POP	EN	0.674	0.6779999999999999	6.0	1.0	0.723	127.99	214448	POP
wBZ4gzq56Enytbl4	SOUL,POP	EN	0.59	0.476	4.0	0.0	0.579	105.586	240907	POP
BdDBcRfOtaler1Vs	ELECTROPOP,ELECTRONIC,SYNTHPOP,NEW WAVE	EN	0.611	0.951	0.0	1.0	0.561	130.922	220213	POP
wdCTeyEZIKvnp802	INDIE POP	EN	0.655	0.746	9.0	0.0	0.675	116.986	254116	POP
h5i2SgqcA4rh24bj	POP,POWER POP	EN	0.514	0.906	7.0	1.0	0.412	134.05200000000002	236680	POP
qwAR3KymFSkwc7BO	POP,ELECTRONIC	EN	0.622	0.7909999999999999	5.0	0.0	0.458	108.976	205427	POP
cuv8qd0VdzsCsaBR	POP,NEW WAVE	EN	0.5489999999999999	0.8759999999999999	11.0	1.0	0.7	147.03799999999995	213693	POP
FaVXg0OSju8FxweE	POP	EN	0.643	0.838	9.0	0.0	0.785	117.982	250080	POP
PCsOrsKnfgvTLnlK	INDIE POP,SYNTHPOP,DREAM POP,POP,INDIE POP,SYNTHPOP,DREAM POP	EN	0.731	0.412	0.0	1.0	0.347	105.982	231573	POP
fpspvnC1jELCCN1C	ELECTRONIC,POP	EN	0.755	0.895	9.0	1.0	0.8440000000000001	118.871	181907	POP
MuP6PFdPTAg2iAuc	SYNTHPOP,NEW WAVE	EN	0.665	0.394	1.0	1.0	0.672	136.929	238000	POP
y29MEN6Z8bzZ7Q0E	POP,TEEN POP,BLUES	EN	0.41	0.59	5.0	1.0	0.179	126.638	236600	POP
1DxHjPS6xQpp5vqz	POP,BRITPOP,ELECTRONIC	EN	0.615	0.775	5.0	1.0	0.3670000000000001	119.966	198320	POP
qcYUcxSZmBN1igkD	POP	EN	0.652	0.917	6.0	1.0	0.459	132.975	239027	POP
4OVhogXwOgUbrZvS	INDIE POP,ELECTRONIC	EN	0.461	0.639	7.0	1.0	0.466	113.945	347809	POP
GD0SFxmP01t5c94f	POP,SYNTHPOP,NEW WAVE,ELECTRONIC	EN	0.591	0.534	2.0	1.0	0.563	134.92	259800	POP
3BwoFJduwNNHbNV3	POP,IDOL	EN	0.56	0.687	3.0	1.0	0.331	179.878	213973	POP
SLeOW5JzhqRarubF	EMO,POP PUNK	EN	0.593	0.542	9.0	1.0	0.233	144.958	147724	POP
HNQ7BTsqCWkjXhKq	POP,INDIE POP	EN	0.72	0.61	8.0	0.0	0.505	134.054	207520	POP
DWgv8EGLl90REHih	POP	EN	0.628	0.782	3.0	1.0	0.483	119.993	167973	POP
dpx5BLo2KNUkC9Dn	POP,ELECTRONIC	EN	0.7090000000000001	0.565	5.0	0.0	0.5710000000000001	112.203	223760	POP
ifg2g7oj0AKXoSYt	INDIE POP,CHAMBER POP	EN	0.374	0.211	11.0	0.0	0.194	151.838	277250	POP
3aUULBN6wm4Ca0GY	POP	EN	0.292	0.726	0.0	0.0	0.345	203.431	262760	POP
grMv8KXkUOy59hzA	DREAM POP	EN	0.381	0.422	10.0	1.0	0.276	139.512	228707	POP
QQBA6jhAiaccBOCx	DISNEY,POP	EN	0.8190000000000001	0.696	7.0	1.0	0.695	112.021	154773	POP
iepDdH7m5jQJfOSj	POP	EN	0.376	0.638	7.0	1.0	0.682	129.91299999999998	231027	POP
T1PKsndU5IH51KSd	HIP HOP,POP	EN	0.316	0.628	9.0	0.0	0.24	124.593	154120	POP
RAL9I7IQ8cstSeTt	POP,LATIN	EN	0.64	0.873	7.0	1.0	0.544	99.898	214067	POP
k5SnKXPtsNavpnn0	FUNK,ACID JAZZ,POP,ELECTRONIC,FUNK,ACID JAZZ	EN	0.476	0.797	9.0	1.0	0.305	86.977	219027	POP
Ka7rOUXRQHdupmMD	POP	EN	0.675	0.7290000000000001	1.0	0.0	0.527	128.994	203307	POP
Gu8ekvfiVn9ZiJHv	PUNK,POP PUNK	EN	0.319	0.868	9.0	1.0	0.404	106.028	101667	POP
Do04oIXJt58Mna2K	DREAM POP,CHILLWAVE	EN	0.5539999999999999	0.373	6.0	0.0	0.328	149.971	283776	POP
kL1RtfKf9aOODvvY	POP	EN	0.418	0.5660000000000001	1.0	1.0	0.319	129.248	171333	POP
8cuzjYU2ojpqgYq0	SOUL,POP	EN	0.409	0.253	3.0	0.0	0.218	114.023	182107	POP
D3WImsAxdokq2LTT	POP,SYNTHPOP	EN	0.605	0.595	4.0	0.0	0.0386	92.094	224874	POP
3PEXKAcdgL8GRxjc	POP,POP	EN	0.4370000000000001	0.86	5.0	1.0	0.354	163.96599999999995	285373	POP
x5FxsH6wQoczp3JL	K-POP	EN	0.82	0.8959999999999999	6.0	0.0	0.754	110.01	105822	POP
eM0Ht1vc5cROB7w2	POP PUNK,EMO	EN	0.245	0.942	1.0	0.0	0.324	168.203	218146	POP
mwYN2PaR4gDMSxv4	POP,INDIE POP	EN	0.5379999999999999	0.735	0.0	1.0	0.872	132.882	150933	POP
Z2xe2YdSgyvqDCvs	NEW WAVE,SYNTHPOP	EN	0.653	0.654	10.0	1.0	0.501	126.935	194973	POP
LKwb8nyHmL4IC73o	POP,INDIE FOLK,ART POP	EN	0.556	0.785	4.0	1.0	0.173	105.936	238520	POP
ONoprdzb2cA18FRy	POP,ELECTRONIC	EN	0.705	0.6809999999999999	7.0	0.0	0.8370000000000001	128.029	201080	POP
tWWbw2dSAlH0j8M5	POP	EN	0.477	0.703	8.0	1.0	0.875	135.342	154467	POP
XE7NHpXe3qOTimZm	POP,ELECTRONIC	EN	0.6459999999999999	0.823	2.0	0.0	0.418	128.035	227267	POP
IiyVVAuCzXe1sjr5	NEW WAVE,SYNTHPOP,POP	EN	0.708	0.951	7.0	1.0	0.7829999999999999	110.988	318400	POP
RzB8uIA9tlkjJI3I	POP	EN	0.691	0.945	11.0	0.0	0.76	89.00200000000002	281600	POP
0hW3jP2dfO2opRb8	POP,SOUL	EN	0.6709999999999999	0.636	9.0	1.0	0.6509999999999999	81.477	222040	POP
XzZ7glKDAIgtQ6Ug	SOUNDTRACK,POP	EN	0.522	0.53	4.0	1.0	0.157	104.039	319200	POP
cmW4lhoaSjzCVtxu	POP,DREAM POP,INDIE POP	EN	0.5710000000000001	0.474	1.0	1.0	0.304	104.956	290560	POP
0pbLJMdXWBoQN4A3	DREAM POP,SHOEGAZE,BEDROOM POP,DREAM POP,SHOEGAZE	EN	0.575	0.264	11.0	1.0	0.298	92.466	217287	POP
E9rWPZFlUBUT4RTc	POP	EN	0.551	0.899	0.0	1.0	0.546	165.636	287373	POP
E9SluPsOJZLrBJZd	POP,SOUL,INDIE POP	EN	0.5710000000000001	0.307	0.0	1.0	0.172	103.315	230009	POP
P5OqkhxiXHFHjJub	POP,POP	EN	0.552	0.6829999999999999	6.0	0.0	0.6759999999999999	100.093	195560	POP
8s0VthEGfJSk4CE1	POP	EN	0.5539999999999999	0.669	6.0	1.0	0.542	115.093	202631	POP
iJptF9CGibeMr8Hi	ELECTRONIC,SYNTHPOP	EN	0.649	0.589	4.0	0.0	0.226	150.007	258960	POP
z54vp9lwIOO4hwDA	POP,ELECTRONIC	EN	0.337	0.448	4.0	0.0	0.157	159.666	175875	POP
9QUDMfetvLikbEzr	POP	EN	0.627	0.85	11.0	1.0	0.535	157.009	202480	POP
BFmiNqcrbNwARwnb	TRIP HOP,ART POP	EN	0.54	0.168	10.0	1.0	0.16	97.798	192042	POP
jflXRv4GRQ2wv8zI	POP,ELECTRONIC	EN	0.4370000000000001	0.6629999999999999	5.0	0.0	0.34	159.689	242250	POP
u86bTRXnuaRru3gs	K-POP	EN	0.5329999999999999	0.282	2.0	1.0	0.644	173.57299999999995	194912	POP
rO4ptfnAxIt88dRi	POP	EN	0.46	0.333	1.0	1.0	0.0863	80.023	260533	POP
nZbnak46DzAMneiU	POP	EN	0.675	0.691	2.0	1.0	0.754	100.012	221267	POP
qCLTcMarbKI8lO2B	POP,EASY LISTENING	EN	0.356	0.398	1.0	1.0	0.0888	124.921	260267	POP
oGUOXr2GWy9GTdku	POP	EN	0.5770000000000001	0.851	9.0	0.0	0.482	119.995	179013	POP
5TCdvSRjew5RI0N7	POST-HARDCORE,HARDCORE,POP PUNK	EN	0.409	0.989	9.0	1.0	0.228	154.986	204187	POP
iT2kHAMr3vw1l0QU	POP	EN	0.539	0.662	4.0	1.0	0.308	107.026	236895	POP
Pw5I0HDSASWBt2Fc	INDIE POP,LO-FI	EN	0.615	0.475	8.0	0.0	0.378	127.982	198117	POP
Hp63Nks3eE0rAUxo	SYNTHPOP,ART POP,ELECTRONIC	EN	0.6	0.745	1.0	0.0	0.218	127.97	243373	POP
GY41etRrxcHlUA4B	INDIE POP,SOUL,POP	EN	0.77	0.8009999999999999	9.0	0.0	0.725	130.76	233133	POP
3bNg16LahsLAIuPC	POP	EN	0.782	0.8390000000000001	11.0	0.0	0.961	152.985	214227	POP
SaiPlXd74iqd7F7F	POP	EN	0.5479999999999999	0.915	0.0	1.0	0.38	129.972	202600	POP
xxxmHEPJFpvlkd0X	POP,JAZZ,SOUL	EN	0.608	0.459	6.0	0.0	0.216	79.083	183505	POP
GWwjAM0v00IWy8eo	ELECTRONIC,SYNTHPOP,ELECTROCLASH	EN	0.616	0.947	10.0	1.0	0.58	128.002	302960	POP
q8nA6qdCY3QM1gaS	POP	EN	0.664	0.8220000000000001	10.0	0.0	0.38	98.985	229800	POP
7jWdVCffEu28450I	POP,POP	EN	0.573	0.8190000000000001	10.0	1.0	0.5479999999999999	77.971	233760	POP
tjlPBe1KiZmRRT11	INDIE POP,POP	EN	0.5720000000000001	0.285	5.0	1.0	0.168	88.012	201136	POP
nGIMmaayhzAtmOg2	POP	EN	0.757	0.884	10.0	0.0	0.398	120.012	217907	POP
IbKZTuz4JRe0jmWY	K-POP,EDM	EN	0.6890000000000001	0.954	7.0	1.0	0.7859999999999999	127.973	217918	POP
zUYMr4IvJxPCtZnE	POP PUNK,PUNK	EN	0.557	0.988	11.0	1.0	0.79	104.996	183569	POP
781Rv3wPeWgyJ7d1	POP,SOUL	EN	0.7609999999999999	0.753	11.0	1.0	0.828	104.967	251533	POP
6q8fGsmGZnXWbuCe	ELECTRONIC,ELECTRO,SYNTHPOP	EN	0.483	0.405	2.0	0.0	0.0543	135.07399999999998	272947	POP
gXhYBeZbsJluVbrx	SYNTHPOP,ART POP,EXPERIMENTAL,DREAM POP,DOWNTEMPO	EN	0.4320000000000001	0.687	7.0	1.0	0.238	164.925	386904	POP
VjkSGlRFZFP9e34b	POP PUNK	EN	0.304	0.921	10.0	1.0	0.463	83.325	198680	POP
CT1UbaiMg15kpsUC	POP	EN	0.7390000000000001	0.742	7.0	1.0	0.659	124.016	189000	POP
dUv1pNGCxdgjiADT	POP,ELECTROPOP,ELECTRONIC,SYNTHPOP	EN	0.684	0.653	1.0	1.0	0.579	114.002	219595	POP
NYnPemy3YXTygRZY	POP,DISCO	EN	0.677	0.74	5.0	0.0	0.643	127.024	197387	POP
gA11U9v8vu3fvKkp	POP,SOUL,FUNK	EN	0.608	0.4270000000000001	7.0	0.0	0.58	120.435	199947	POP
Md0hvbqehO61NIMQ	SINGER-SONGWRITER,POP	EN	0.253	0.361	9.0	1.0	0.349	110.007	239413	POP
CjCOOoWTc5Jk8p1U	POP,LO-FI	EN	0.882	0.727	2.0	1.0	0.962	123.604	198000	POP
vbpOrHHOsbeLtaiV	POP	EN	0.507	0.6970000000000001	0.0	0.0	0.231	137.08100000000002	232653	POP
48h8ZUOyuHAibPL7	POP	EN	0.325	0.54	5.0	1.0	0.34	165.88099999999997	245707	POP
1A0iLmuUz0xJu91k	SINGER-SONGWRITER,POP,SINGER-SONGWRITER	EN	0.73	0.518	2.0	1.0	0.149	130.041	213160	POP
s0VvUMVIz2cyLL9h	POP,SOUL	EN	0.746	0.946	1.0	1.0	0.534	103.179	350000	POP
BsVsxjlg6bHe33dk	POP	EN	0.871	0.873	1.0	1.0	0.813	116.945	223080	POP
jCYEHfZDZ6qGK5aE	POP	EN	0.688	0.7829999999999999	0.0	1.0	0.426	117.966	202027	POP
OQ2nnN1qfW88BiHp	SYNTHPOP,ELECTRONIC,ELECTROPOP,SYNTHPOP,ELECTRONIC	EN	0.5770000000000001	0.501	1.0	1.0	0.424	84.009	205904	POP
1GX3zPl6DaMjCoYx	FOLK,SINGER-SONGWRITER,POP	EN	0.408	0.784	10.0	1.0	0.339	184.104	217693	POP
C4p6zhRYjkZrCrJ1	ELECTRONIC,ELECTROPOP,ELECTRONICA,ELECTRONIC,AMBIENT	EN	0.525	0.958	7.0	1.0	0.521	121.88	281520	POP
ggzrjxcMjdsxhh7b	ELECTROPOP,SYNTHPOP,ART POP	EN	0.5589999999999999	0.546	9.0	1.0	0.569	128.584	236525	POP
QDtcLOpWpzJkyaUk	POP	EN	0.7559999999999999	0.7	0.0	1.0	0.8440000000000001	98.023	214707	POP
BPqJWcvdkDoE1oMW	POP	EN	0.182	0.526	6.0	0.0	0.0784	179.49900000000005	241400	POP
TvuaVo2nW0DlOgi6	ELECTRONIC,POP,HOUSE,ELECTRO HOUSE	EN	0.5770000000000001	0.698	1.0	1.0	0.324	128.061	215625	POP
b2rUqxVo7PqWw7TN	POP,POP	EN	0.379	0.618	5.0	1.0	0.4	147.53	209560	POP
yyWjDbD7Bir428yA	DREAM POP	EN	0.54	0.417	10.0	0.0	0.281	134.762	253093	POP
pYd5qY1VOn8sXJB1	SINGER-SONGWRITER,POP	EN	0.599	0.34	8.0	1.0	0.346	120.301	172187	POP
bdDAde7A0G1cLDsi	ELECTRONIC,SYNTHPOP,EBM,INDUSTRIAL TECHNO	EN	0.455	0.851	9.0	1.0	0.327	112.997	276793	POP
Fmee1lN2yst7Qy0r	POP,SINGER-SONGWRITER	EN	0.642	0.289	9.0	1.0	0.407	84.99600000000002	258373	POP
o8DheSnamYwQJse9	POST-HARDCORE,HARDCORE,METALCORE,POP PUNK	EN	0.471	0.988	7.0	1.0	0.282	138.05100000000002	227893	POP
dHoRrDMgoSSaEYAA	SOUNDTRACK,DISNEY,POP	EN	0.514	0.774	7.0	1.0	0.604	116.037	159533	POP
8L9YQ4lsHgv7RQqa	POP	EN	0.5760000000000001	0.408	8.0	1.0	0.429	66.949	313733	POP
WmNqsAqDnnPVhlRS	DISCO,POP	EN	0.742	0.6	7.0	0.0	0.954	101.92	276000	POP
bRJaBsfr7c4oppuH	INDIE POP	EN	0.301	0.85	0.0	1.0	0.382	83.07600000000002	245893	POP
6zgaFrQadO6Eqnjy	POP,ELECTRONIC	EN	0.703	0.677	1.0	1.0	0.72	105.003	251493	POP
jqWZkrAK021DSIn5	ELECTROPOP	EN	0.626	0.914	7.0	1.0	0.67	119.95	204147	POP
6sv95knnrnx3vjkT	POP,HARDCORE,ELECTRONIC	EN	0.4270000000000001	0.346	9.0	0.0	0.156	105.125	234387	POP
zSeFDM3OEi5ldPI0	POP,ELECTRONIC,INDIE POP	EN	0.146	0.254	4.0	1.0	0.0805	91.744	251987	POP
OeHaD6VHW217p603	POP,SINGER-SONGWRITER	EN	0.5589999999999999	0.462	1.0	1.0	0.376	83.9	211533	POP
BdQ3gThjInrOJNMB	FUTUREPOP,ELECTRONIC,SYNTHPOP,INDUSTRIAL,FUTUREPOP,EBM,ELECTRONIC	EN	0.517	0.794	6.0	0.0	0.706	126.999	292493	POP
aPuitvAimOOedYfJ	POP	EN	0.638	0.873	2.0	0.0	0.81	119.994	209773	POP
cBA99iDOEnxCAE2M	INDIE POP	EN	0.5870000000000001	0.965	7.0	1.0	0.7709999999999999	132.826	252853	POP
ijLJ4Y1GuLQQjFMD	ART POP	EN	0.603	0.518	4.0	1.0	0.5489999999999999	140.247	183187	POP
jALUeqxwPkQCB7Mn	POP,ELECTRONIC	EN	0.8220000000000001	0.753	1.0	0.0	0.7090000000000001	118.982	241933	POP
CuXPlKO5XZIRy8Vk	POP,INDIE POP	EN	0.55	0.762	0.0	1.0	0.602	135.773	180883	POP
pdKGjAiZjZzvCsKA	LO-FI,BEDROOM POP	EN	0.57	0.414	6.0	1.0	0.53	99.968	352600	POP
MHfkr9sQqM1tla8M	POP	EN	0.7759999999999999	0.957	7.0	0.0	0.757	105.85	219093	POP
dZkwm3mNKgcnwEM2	INDIE POP	EN	0.715	0.838	2.0	0.0	0.4970000000000001	120.007	240080	POP
XHI7mTZdE5uJm24m	POP,FOLK,ELECTRONIC	EN	0.528	0.654	11.0	0.0	0.181	134.989	211275	POP
vCKQt2AyurTtNekl	DREAM POP	EN	0.6	0.438	7.0	1.0	0.0736	150.7	222133	POP
QGj0PFSzucCTLy8f	MELODIC HARDCORE,MELODIC HARDCORE,POP PUNK,HARDCORE	EN	0.47	0.912	0.0	1.0	0.475	142.668	147547	POP
LX4KX9uJcQAGtw7u	K-POP	EN	0.488	0.172	8.0	1.0	0.122	119.947	273288	POP
k5uilDNu4T7KcJka	POP PUNK,POP PUNK	EN	0.7090000000000001	0.7609999999999999	9.0	1.0	0.823	127.016	226093	POP
Rau97oiJf2kuKL7J	POP	EN	0.787	0.848	1.0	1.0	0.947	121.989	185640	POP
fOPwSygz3IHpXZIK	ELECTRONIC,SYNTHPOP,POP	EN	0.547	0.97	0.0	0.0	0.6920000000000001	125.822	263067	POP
Lwuyndkbv0Ydq1bH	POP	EN	0.598	0.4	6.0	1.0	0.369	96.938	203546	POP
KFzamnCqx2Lw6Zxz	FUTUREPOP,ELECTRONIC,INDUSTRIAL	EN	0.505	0.852	0.0	0.0	0.7190000000000001	126.004	254268	POP
HMwQIYTzV7eM5Kam	ELECTRONIC,SYNTHPOP	EN	0.645	0.657	5.0	1.0	0.747	119.966	242707	POP
25BKJGInFyUhx01M	POP,SINGER-SONGWRITER	EN	0.415	0.168	9.0	1.0	0.235	90.321	278547	POP
pUntfUd07nlkVA0Z	POP,ELECTROPOP,ELECTRONIC	EN	0.674	0.515	6.0	0.0	0.532	149.958	201733	POP
KJcQXM8qkWdUiR9t	DREAM POP,SYNTHPOP,SHOEGAZE	EN	0.5329999999999999	0.841	7.0	1.0	0.358	123.973	262894	POP
sTh5lblDrL8vvJZT	SHOEGAZE,SHOEGAZE,DREAM POP,BRITPOP	EN	0.353	0.885	4.0	0.0	0.655	156.227	173467	POP
k5etMtXtx9nETVfr	SYNTHPOP,ELECTRONIC,POP,ELECTROCLASH	EN	0.84	0.614	4.0	0.0	0.748	124.049	197965	POP
IsehGLILcsrDnFUA	INDIE POP,POP	EN	0.67	0.722	2.0	1.0	0.928	147.891	196813	POP
J6xEeDYKYEov2Nvv	POP,FOLK,SINGER-SONGWRITER,INDIE POP	EN	0.416	0.173	10.0	0.0	0.271	94.436	130107	POP
0r15MBZkjvHovNPk	DISCO,POP	EN	0.755	0.785	6.0	1.0	0.763	126.445	286667	POP
R7p0wPOHkZ3odWZn	SINGER-SONGWRITER,POP	EN	0.6409999999999999	0.126	6.0	1.0	0.29	112.267	214760	POP
u3BV2KvxOC69PP4P	ELECTRONIC,PUNK,BUBBLEGUM POP	EN	0.6859999999999999	0.542	0.0	1.0	0.467	185.852	173424	POP
OvgzNdxT3BIaw22x	POP,POP,SOUL	EN	0.805	0.754	10.0	0.0	0.88	128.429	265827	POP
BLgy0vQxTdzwREZh	ELECTRONIC,INDIE POP,INDIETRONICA	EN	0.684	0.8759999999999999	5.0	1.0	0.7090000000000001	91.81	269653	POP
r6Wtfh6HMGOoPZhr	NEW WAVE,NEW ROMANTIC,SYNTHPOP	EN	0.593	0.848	9.0	1.0	0.923	143.589	280907	POP
Q7vf9cjSdfV8yT1F	INDIE POP	EN	0.919	0.183	9.0	0.0	0.7559999999999999	100.018	203700	POP
RwxNq4IJa1meY6MW	HARDCORE,BRITPOP,EMO,POP PUNK	EN	0.541	0.69	3.0	1.0	0.6809999999999999	180.239	182026	POP
EjGo4tKrIl2uwYoo	POP,INDIE POP,SINGER-SONGWRITER,UKULELE	EN	0.6990000000000001	0.471	0.0	1.0	0.453	110.009	210467	POP
Ma2mTEggvRXtRXb8	SYNTHPOP,BEDROOM POP,LO-FI	EN	0.93	0.611	0.0	1.0	0.695	112.127	178352	POP
AyjWrbLzRj4x3Q2I	ELECTRONIC,ELECTROPOP	EN	0.6509999999999999	0.6859999999999999	11.0	1.0	0.967	133.033	200640	POP
87dERkS576AaLdHw	POP,SOUNDTRACK	EN	0.501	0.482	9.0	1.0	0.251	97.073	184080	POP
NIIRfioUPf6vqhrJ	POP	EN	0.6759999999999999	0.674	0.0	1.0	0.31	100.005	234200	POP
W2op8fWSXSRZvUiY	POP	EN	0.677	0.5770000000000001	5.0	0.0	0.774	129.898	214080	POP
DuHvaC0YxREIeWPn	POP,POP	EN	0.425	0.8440000000000001	9.0	0.0	0.632	102.002	204093	POP
Q6rKbHXHbPy2KFDx	K-POP,POP	EN	0.898	0.764	8.0	1.0	0.436	122.016	183280	POP
iJOIhk5s3al3SqWP	POP,SOUL	EN	0.6809999999999999	0.883	7.0	1.0	0.5660000000000001	93.824	215187	POP
G6HSIAdVJh9K488n	POP,DISNEY	EN	0.385	0.757	5.0	1.0	0.357	139.869	335814	POP
LZ5xiq5XkolaS925	POP,ELECTRONIC	EN	0.528	0.743	6.0	1.0	0.561	155.957	237360	POP
vpNBVJ3lzNx4xiIo	POP	EN	0.4	0.5870000000000001	11.0	0.0	0.397	120.02	239614	POP
GaVmxbVzR9g6PETb	POP	EN	0.68	0.8029999999999999	11.0	0.0	0.476	97.984	268253	POP
BkEsitay0bLmFyGd	ELECTRONIC,POP,HOUSE	EN	0.6509999999999999	0.895	2.0	1.0	0.639	128.031	270040	POP
ENWcyfowmZ9YRZO0	RAP,ELECTRONIC,INDIE POP	EN	0.5529999999999999	0.787	7.0	1.0	0.298	139.841	286507	POP
nfFe1VJyZvGjI55j	SYNTHPOP	EN	0.5660000000000001	0.752	1.0	1.0	0.246	105.964	252838	POP
5RxA6GiCkXyTybuM	POP	EN	0.6659999999999999	0.856	9.0	0.0	0.579	121.052	192173	POP
qvQMhgEeDeYlWHu3	POP	EN	0.6829999999999999	0.682	8.0	1.0	0.578	97.077	216347	POP
XXproVvpAKDgwb4w	POP,SOUL	EN	0.69	0.763	6.0	1.0	0.591	105.971	207120	POP
YP7SDftSulLs3Sb0	SHOEGAZE,INDIE POP,DREAM POP	EN	0.199	0.7070000000000001	2.0	1.0	0.231	170.199	155997	POP
PMIEWP5l1jGMqbE7	CHILLWAVE,DREAM POP,ELECTRONIC	EN	0.507	0.7390000000000001	2.0	1.0	0.1689999999999999	87.569	286413	POP
Rjmc1Xjq3GBLCmzt	POP	EN	0.457	0.613	7.0	1.0	0.317	159.876	179800	POP
7QK0wuijsM6Nu0L1	NEW WAVE,POP,NEW ROMANTIC	EN	0.57	0.967	7.0	1.0	0.7759999999999999	124.856	249667	POP
tq9Hlq2ZA9aJzelr	POP,INDIE POP,ART POP	EN	0.377	0.67	0.0	1.0	0.258	169.047	265360	POP
P3DiyTufb56ptZpM	POP,SOUL	EN	0.544	0.616	10.0	1.0	0.443	82.97200000000002	261587	POP
QZ9NZd1Ej7prN9lo	SYNTHPOP	EN	0.6990000000000001	0.7659999999999999	0.0	1.0	0.7959999999999999	146.011	246667	POP
qBqIWma5CrLBU6gN	SYNTHPOP,ELECTROPOP,ELECTRONIC,POP,SYNTHPOP,ELECTROPOP	EN	0.715	0.52	8.0	1.0	0.5670000000000001	184.029	183802	POP
TXCpsWKHKYDeF72K	SYNTHPOP,DREAM POP,ELECTROPOP,ART POP	EN	0.7759999999999999	0.7340000000000001	11.0	0.0	0.618	125.003	206320	POP
Q8RsZmfqqTORbKyw	COUNTRY,POP	EN	0.398	0.804	11.0	1.0	0.7090000000000001	186.752	194307	POP
Qs6qeN9eXFWmfAP4	POP	EN	0.6	0.807	7.0	1.0	0.578	94.597	262253	POP
i3sqa8nHRoREbqVQ	POP	EN	0.784	0.936	4.0	0.0	0.662	92.293	190053	POP
j2qsLWK6xVLPVoQ7	POP,WORLD	EN	0.5710000000000001	0.826	9.0	1.0	0.418	120.158	190760	POP
HUGAnvBvdmDRZ1Pp	SINGER-SONGWRITER,POP	EN	0.7020000000000001	0.695	5.0	0.0	0.659	100.002	218227	POP
OEGqSWOzOlSSdr0M	POP	EN	0.682	0.5710000000000001	0.0	1.0	0.657	135.109	234467	POP
wi20guqqLvHXZvTu	NEW WAVE,POP,SYNTHPOP	EN	0.62	0.797	9.0	0.0	0.805	125.277	254867	POP
wCnYpus8J5Rl3MMs	DISCO,POP	EN	0.775	0.91	7.0	0.0	0.703	108.962	218907	POP
jRk9tkyWdV3UgEYk	POP	EN	0.483	0.505	4.0	1.0	0.184	115.066	257000	POP
PtcaqhCZZxWRK2K6	SOUL,POP	EN	0.6829999999999999	0.711	6.0	0.0	0.3720000000000001	131.957	223040	POP
laDdG6xupPa3Un1H	ELECTRONIC,DREAM POP,NEW WAVE,LO-FI	EN	0.789	0.688	1.0	1.0	0.514	122.957	226302	POP
wOP1QdJ9QeAUNP9k	POP,SOUL	EN	0.605	0.243	4.0	0.0	0.161	136.79	330800	POP
bepBdeOZT1sDLzfy	ELECTRONIC,POP	EN	0.684	0.957	7.0	1.0	0.649	119.975	174227	POP
s3czXM1hA3uKP62i	POST-PUNK,NEW WAVE,SYNTHPOP,SHOEGAZE	EN	0.334	0.484	11.0	0.0	0.27	172.15400000000002	220440	POP
TUspdlkjXtP9ATM2	POP	EN	0.871	0.82	3.0	0.0	0.838	114.007	290520	POP
ignO9npU74GSuAx2	POP	EN	0.556	0.762	1.0	0.0	0.225	135.013	270222	POP
Y1z1bXpavfDN1Ek3	POP	EN	0.6990000000000001	0.784	1.0	1.0	0.858	97.982	208320	POP
EABA85xP2KDyhaUF	POP,SINGER-SONGWRITER	EN	0.631	0.363	5.0	1.0	0.266	138.36700000000002	219160	POP
oHn94vngw9cyEXk2	POP,ELECTROPOP,SYNTHPOP,POP	EN	0.6409999999999999	0.949	8.0	1.0	0.5479999999999999	120.059	206227	POP
r8zvfcrpyDqMKVQ4	POP,INDIETRONICA,ELECTRONIC,POP,INDIETRONICA,ELECTRONIC	EN	0.6609999999999999	0.684	6.0	1.0	0.371	125.06	199635	POP
JsZLpWvTycicsPd5	POP	EN	0.5	0.294	6.0	1.0	0.442	118.013	204693	POP
Oczh7CNHuEHqcpKd	POP	EN	0.794	0.3670000000000001	0.0	0.0	0.534	110.02	257867	POP
3x3nxkw32X5YRcl4	POP,SINGER-SONGWRITER	EN	0.66	0.316	3.0	0.0	0.5429999999999999	91.207	300253	POP
Xsdf0JqlYEz7cFuG	NEW WAVE,POP	EN	0.625	0.889	0.0	1.0	0.608	126.996	283040	POP
3dGgyYv4Br1vyqFl	DREAM POP,SHOEGAZE	EN	0.396	0.26	2.0	1.0	0.0472	116.3	163027	POP
jLODelJL4pJffJo0	POP	EN	0.862	0.608	7.0	1.0	0.836	120.002	263827	POP
hNdw3Zr0A0ZUbovk	NEW WAVE,POST-PUNK,POP	EN	0.514	0.612	4.0	1.0	0.246	98.897	185800	POP
O22kpG7gLZPmQzLn	POP	EN	0.826	0.906	5.0	0.0	0.924	122.932	178893	POP
aatxQ5AgkfyjVn73	INDIE POP	EN	0.508	0.894	6.0	0.0	0.301	107.005	223960	POP
aKMJnMJhmDppXRKQ	SYNTHPOP,WITCH HOUSE	EN	0.5710000000000001	0.6659999999999999	6.0	0.0	0.257	100.094	247507	POP
T1NHViwyqSBIGV7x	POP,BRITPOP,SINGER-SONGWRITER	EN	0.261	0.418	4.0	0.0	0.0996	92.038	317320	POP
zzz0n04uuTUA7fNh	POP	EN	0.5720000000000001	0.503	6.0	0.0	0.5529999999999999	103.215	262840	POP
s5RJyeZNcQM5M0HO	EXPERIMENTAL,POP RAP,HIP HOP	EN	0.449	0.63	7.0	1.0	0.332	139.017	127792	POP
jO301i5893SdtDAA	POP	EN	0.775	0.723	5.0	0.0	0.6579999999999999	118.06	190920	POP
mLnolymrPto3i4iS	CHAMBER POP,DREAM POP,ART POP	EN	0.256	0.293	0.0	1.0	0.14	133.436	252547	POP
ffZ4ZE4U1Zb5mlPZ	POP,ELECTROPOP,INDIE POP	EN	0.248	0.109	2.0	0.0	0.0675	129.38299999999998	180282	POP
b0tz6ttdlqdNFJPn	POP,ELECTRONIC	EN	0.809	0.728	5.0	0.0	0.967	204.192	228707	POP
ncW2ZEx1TWSFIz2N	REGGAE,POP,SOUL	EN	0.6809999999999999	0.373	2.0	1.0	0.623	123.423	164733	POP
YUSJKIMlmzBdkRQu	POST-PUNK,PUNK	EN	0.8029999999999999	0.5479999999999999	4.0	0.0	0.635	94.979	228160	PUNK
2BJOFm5tcQmOgVDe	SKA,SKA PUNK,PUNK,SKA PUNK,SKA	EN	0.5820000000000001	0.91	4.0	1.0	0.733	92.179	211400	PUNK
AHRqE34MoN0cck6Z	PUNK	EN	0.589	0.667	7.0	1.0	0.322	102.995	221960	PUNK
XwpMy31TTEWmUx6a	PUNK,POST-HARDCORE	EN	0.4920000000000001	0.977	5.0	1.0	0.623	75.013	162760	PUNK
CeFjjVbQIGIfaCvT	POST-PUNK	EN	0.5579999999999999	0.612	10.0	1.0	0.604	90.065	222960	PUNK
vRWzkFWPy1t5BwQS	POST-PUNK	EN	0.405	0.5760000000000001	5.0	1.0	0.5489999999999999	118.62	282160	PUNK
6q72beEtWF7Ax0Cy	PUNK	EN	0.292	0.991	9.0	1.0	0.32	161.562	100733	PUNK
przY84ThvBjvHe7s	PUNK	EN	0.285	0.922	0.0	1.0	0.448	124.364	143893	PUNK
PNkQ5NsqLmsm3kQU	POST-PUNK,NEW WAVE	EN	0.235	0.905	11.0	0.0	0.21	137.77200000000002	268053	PUNK
DpgWjt2xTo7JYwD3	PUNK	EN	0.439	0.889	7.0	0.0	0.675	136.014	161461	PUNK
vZibTzmgnasgm41R	EMO,PUNK,MIDWEST EMO	EN	0.465	0.872	4.0	1.0	0.5820000000000001	140.009	116160	PUNK
kACi5todtyOlHr33	PUNK	EN	0.574	0.875	10.0	1.0	0.848	102.867	185773	PUNK
Kj7XpmU7H3WnJhsF	PUNK	EN	0.313	0.892	10.0	0.0	0.552	152.64600000000004	81840	PUNK
HPtapB8a1OkNzrY7	POST-PUNK,NEW WAVE	EN	0.32	0.7979999999999999	10.0	0.0	0.74	84.696	209040	PUNK
r9tsw5Anj03Z76eh	POST-PUNK,POST-PUNK,PUNK,POST-HARDCORE	EN	0.267	0.8240000000000001	0.0	1.0	0.274	132.563	291817	PUNK
6bPnfhj28uBPIWZA	POST-PUNK	EN	0.579	0.636	2.0	0.0	0.898	132.65200000000002	280853	PUNK
oj2adWSlUAQvW2oQ	PUNK	EN	0.598	0.966	4.0	1.0	0.66	108.562	183333	PUNK
GQ3j8qRMidvuJhkh	RIOT GRRRL,PUNK	EN	0.334	0.904	1.0	1.0	0.633	161.18	141387	PUNK
CoUiNLSeAhfArRh2	POST-PUNK,NEW WAVE	EN	0.393	0.964	3.0	1.0	0.352	151.898	239280	PUNK
ogMyuFoGNFLBMQD6	POST-PUNK,PUNK	EN	0.129	0.916	8.0	1.0	0.278	146.031	219328	PUNK
cq8yqXAgX1kQXiZG	HARDCORE PUNK,PUNK,HARDCORE	EN	0.2	0.887	8.0	1.0	0.525	185.654	55760	PUNK
ywfhDS1lNOvYtO33	OI,STREET PUNK,PUNK	EN	0.482	0.962	6.0	1.0	0.496	97.061	241814	PUNK
CvbKiMXtoc10bh9C	PUNK	EN	0.26	0.96	10.0	1.0	0.901	156.79	94733	PUNK
vVRCNgs0nfsKraWB	PUNK,GARAGE PUNK	EN	0.4970000000000001	0.957	10.0	0.0	0.6559999999999999	100.025	135640	PUNK
3CkmKQCPN1ixoX1n	PUNK,SKATE PUNK	EN	0.511	0.976	0.0	0.0	0.505	139.02200000000002	221600	PUNK
5am7nO8pyuacRCwp	HARDCORE,EMO,POST-HARDCORE,SCREAMO,MELODIC HARDCORE,HARDCORE PUNK	EN	0.351	0.97	1.0	1.0	0.36	149.957	232653	PUNK
1hCZvfvDWeLVHJMD	POST-HARDCORE,PUNK	EN	0.385	0.478	7.0	1.0	0.233	110.989	194173	PUNK
blC0kW4mYLj4V4u0	PUNK,HARDCORE PUNK	EN	0.299	0.976	2.0	1.0	0.302	153.975	160427	PUNK
kGC6GHIVjweZHrCh	PUNK	EN	0.417	0.748	2.0	1.0	0.777	150.626	142173	PUNK
db3aars8Z1XFTiZx	SHOEGAZE,POST-PUNK,NOISE,SHOEGAZE,POST-PUNK	EN	0.181	0.863	9.0	1.0	0.219	131.606	146040	PUNK
9JKb4Wf58IBoEMQU	EMO,PUNK	EN	0.23	0.652	4.0	1.0	0.279	170.89700000000005	252238	PUNK
wIsNu1n2D58VBWmV	POST-PUNK,NEW WAVE	EN	0.55	0.7959999999999999	7.0	1.0	0.622	105.354	161040	PUNK
wCXBOvW0TDACTsY2	PUNK	EN	0.395	0.96	9.0	1.0	0.7	162.514	177827	PUNK
hiZ4q8JiyqxxnMrf	PUNK,HARDCORE PUNK,HARDCORE	EN	0.276	0.893	10.0	1.0	0.332	180.075	175589	PUNK
LUtcN13NgPWE5o9M	PUNK	EN	0.515	0.59	9.0	1.0	0.98	184.506	121533	PUNK
cX0CoSnrQl4wUhQv	PUNK,HARDCORE	EN	0.328	0.995	11.0	0.0	0.3720000000000001	188.273	107867	PUNK
ZLCMCL5olvSxrFY8	HORROR PUNK,PUNK,HARDCORE PUNK	EN	0.409	0.962	4.0	0.0	0.135	90.751	101040	PUNK
LzDZ4fo0hMyVwP3J	HARDCORE PUNK,HARDCORE,SHOEGAZE	EN	0.233	0.996	6.0	1.0	0.403	151.132	75733	PUNK
G0J3nRHp3rajuIqg	POST-PUNK,PSYCHOBILLY,POST-PUNK,PSYCHOBILLY,PUNK	EN	0.452	0.897	4.0	0.0	0.617	120.849	155200	PUNK
V0uvKcSIUFK96VVQ	POST-PUNK	EN	0.542	0.603	2.0	1.0	0.284	135.625	307667	PUNK
2BnVEtMAcPugK4dK	POST-PUNK	EN	0.613	0.616	11.0	0.0	0.462	129.985	275125	PUNK
0hwxk3k4q1kSVqa3	POST-PUNK	EN	0.563	0.7859999999999999	2.0	1.0	0.965	150.148	149293	PUNK
ciFHbxI7azvPA1ln	POST-PUNK	EN	0.468	0.87	11.0	1.0	0.64	165.34900000000005	195331	PUNK
61akykdDh0XvmX6T	POST-PUNK	EN	0.705	0.7659999999999999	8.0	1.0	0.279	138.033	292600	PUNK
dq6oIjemWDLFtGUv	PUNK	EN	0.482	0.973	0.0	1.0	0.741	154.011	156960	PUNK
gvw1l0oFPVpViBxv	PUNK,HARDCORE PUNK	EN	0.133	0.927	7.0	1.0	0.5	197.708	224867	PUNK
uuZaZxn4ASCqHUBW	HARDCORE,HARDCORE PUNK,PUNK,STRAIGHT EDGE	EN	0.586	0.628	10.0	1.0	0.631	132.007	108373	PUNK
m1ONQ8y4TxRyr50G	PUNK,EXPERIMENTAL,HARDCORE	EN	0.223	0.992	9.0	1.0	0.127	95.176	190533	PUNK
xGCzmNE6Iq6F8wZb	PUNK,SKA PUNK,PUNK SKA,SKA PUNK,SKA,PUNK	EN	0.337	0.847	11.0	1.0	0.792	86.79799999999999	271093	PUNK
cEZekemvn9Kr7QN1	PUNK,SKA,SKA PUNK	EN	0.5589999999999999	0.927	0.0	1.0	0.946	170.08700000000005	201427	PUNK
kGuenlmSk9wqIxAL	POST-PUNK	EN	0.556	0.977	0.0	1.0	0.862	142.05100000000004	273427	PUNK
nqonHzcIv0Qslcd6	POST-PUNK	EN	0.632	0.8190000000000001	0.0	1.0	0.369	152.035	260800	PUNK
IQHmgkCNxyC0vLGX	PUNK	EN	0.476	0.871	2.0	1.0	0.889	180.804	129267	PUNK
mBRnTVV5MLqfTDSO	HARDCORE PUNK,PUNK	EN	0.391	0.966	11.0	1.0	0.296	103.311	56560	PUNK
FBPiIfnsyOy14OIF	MELODIC HARDCORE,PUNK,HARDCORE PUNK	EN	0.295	0.932	2.0	1.0	0.7340000000000001	160.774	202507	PUNK
dNVSQgiyMqANglpl	PUNK	EN	0.403	0.8909999999999999	1.0	0.0	0.4270000000000001	88.936	189333	PUNK
3eBMjIRtPkO5RON2	POST-PUNK,SHOEGAZE	EN	0.184	0.563	0.0	0.0	0.0376	85.105	314192	PUNK
QkADu5vnoMlTRuEm	HARDCORE PUNK,HARDCORE,MELODIC HARDCORE	EN	0.49	0.943	1.0	0.0	0.27	91.523	208973	PUNK
cUibVg9FcnNOOqsl	HARDCORE,HARDCORE PUNK	EN	0.363	0.968	2.0	1.0	0.5539999999999999	155.627	141431	PUNK
xxtIlt8rG3zAlFtX	PUNK	EN	0.452	0.911	2.0	0.0	0.7659999999999999	158.937	204800	PUNK
nx2fwssqYvrgp8pv	POST-PUNK,PUNK	EN	0.598	0.5920000000000001	9.0	1.0	0.882	127.72	217840	PUNK
Sq4N6tgAJ7kxaqEC	HARDCORE PUNK,PUNK,HARDCORE,PUNK,HARDCORE PUNK	EN	0.4320000000000001	0.984	9.0	1.0	0.259	77.108	48000	PUNK
NOoGCcAjATgLU4n9	PUNK,SKA PUNK	EN	0.44	0.913	0.0	1.0	0.6629999999999999	136.692	121030	PUNK
eA6hvYcdJJClByhR	EMO,PUNK,MIDWEST EMO	EN	0.47	0.451	4.0	1.0	0.195	89.992	245487	PUNK
3ZmZ2FZ2Z86OTajT	HARDCORE PUNK	EN	0.469	0.995	11.0	0.0	0.458	101.104	118227	PUNK
7NNv9H4PF1nMdNI0	NEW WAVE,POST-PUNK	EN	0.63	0.8059999999999999	4.0	0.0	0.802	134.467	327133	PUNK
RZbI62MNTem86693	PUNK,POST-PUNK,NEW WAVE	EN	0.49	0.78	9.0	0.0	0.56	83.48200000000001	144640	PUNK
6EQhUSaBaF6PRwLr	POST-PUNK	EN	0.375	0.6920000000000001	6.0	0.0	0.381	94.489	373921	PUNK
2x1UX3xp9XozTaD9	PUNK,RIOT GRRRL	EN	0.373	0.868	5.0	1.0	0.377	185.732	160214	PUNK
raiiiaF3ujLMWCO6	MELODIC HARDCORE,HARDCORE,HARDCORE PUNK	EN	0.247	0.982	3.0	0.0	0.461	201.833	198400	PUNK
AwD58G53RkoCnhEL	MELODIC HARDCORE,PUNK,HARDCORE	EN	0.521	0.8959999999999999	1.0	1.0	0.421	106.997	175827	PUNK
CW1cDVP6BCmz0Zc6	EMO,PUNK,MIDWEST EMO	EN	0.358	0.321	11.0	1.0	0.204	140.856	181533	PUNK
jj4rNSG3urHH6JKE	MELODIC HARDCORE,PUNK	EN	0.419	0.994	7.0	1.0	0.327	193.553	182093	PUNK
t3mJ4Ie7ZRwHxXSq	NEW WAVE,POST-PUNK	EN	0.491	0.696	9.0	0.0	0.528	156.014	427280	PUNK
SjIsa30DQVQTfYLW	NEW WAVE,POST-PUNK	EN	0.603	0.715	9.0	1.0	0.8959999999999999	138.585	188773	PUNK
gMDCYvC4l2CGA0pA	PUNK	EN	0.397	0.752	11.0	1.0	0.5710000000000001	128.155	161227	PUNK
J6rs0U2LCdFCIlzJ	POST-PUNK,HARDCORE,SHOEGAZE,HARDCORE PUNK	EN	0.364	0.701	9.0	0.0	0.305	170.09	205693	PUNK
vrdiSqqIArskZJan	POST-PUNK	EN	0.246	0.333	9.0	1.0	0.071	148.341	506467	PUNK
zkDXUlN5rQGEaqsX	EXPERIMENTAL,POST-PUNK,NOISE	EN	0.873	0.331	1.0	1.0	0.477	92.017	154840	PUNK
kix6Yl4lYCM3R2Xw	POST-PUNK,NEW WAVE,NEW WAVE,POST-PUNK,PUNK	EN	0.569	0.7140000000000001	2.0	1.0	0.8240000000000001	154.179	309267	PUNK
y2tzeVHg5Wi5rqtL	NEW WAVE,SOUNDTRACK,PUNK	EN	0.752	0.54	5.0	1.0	0.882	114.217	172733	PUNK
jjWvwzkJOqJjAJ2n	POST-PUNK,POST-PUNK,PUNK,POST-HARDCORE	EN	0.203	0.794	4.0	0.0	0.365	110.753	314000	PUNK
G2mmhKS4UndqHu20	EMO,MIDWEST EMO,PUNK	EN	0.652	0.688	11.0	1.0	0.166	122.032	319507	PUNK
6emeW9golzrfgaQp	POST-PUNK,NEW WAVE	EN	0.529	0.916	7.0	1.0	0.917	174.06400000000005	222987	PUNK
Xxb7zdBcaG9hI8pq	PUNK,POST-PUNK	EN	0.565	0.782	2.0	1.0	0.892	157.691	109173	PUNK
ji1ndIEdQHhtaAnt	HARDCORE PUNK,PUNK	EN	0.218	0.989	1.0	1.0	0.106	152.482	139920	PUNK
KCACCeRamDuSiRJJ	PUNK,POST-PUNK	EN	0.3720000000000001	0.929	11.0	0.0	0.551	107.951	95583	PUNK
Hm8in31pI5NGeMt8	PUNK	EN	0.369	0.991	8.0	1.0	0.546	157.66	82067	PUNK
PcVn7tyvWHKL1wrb	POST-PUNK,NEW WAVE	EN	0.664	0.915	4.0	1.0	0.518	118.769	189587	PUNK
CIRUDdcv43vITF08	PUNK	EN	0.333	0.7759999999999999	0.0	1.0	0.5660000000000001	96.531	169947	PUNK
Y8zprTA9li7b8md0	NEW WAVE,NEW WAVE,POST-PUNK	EN	0.748	0.54	0.0	1.0	0.905	120.004	188733	PUNK
fb4lCIoT73MmCAEA	POST-PUNK	EN	0.459	0.72	2.0	1.0	0.373	106.156	156853	PUNK
XEWIu7wkdX50jwjY	POST-PUNK,SHOEGAZE,NEW WAVE	EN	0.527	0.913	7.0	0.0	0.139	135.965	257672	PUNK
26XsWt63506UcPSm	PUNK,HOUSE,PROGRESSIVE HOUSE,HOUSE,PUNK,PROGRESSIVE HOUSE	EN	0.607	0.949	9.0	0.0	0.26	127.805	171562	PUNK
oNvB8BvFZdYZLRia	POST-PUNK,POST-PUNK,NEW WAVE,PUNK	EN	0.387	0.78	2.0	1.0	0.725	76.582	143600	PUNK
ln0rg6HBVQgruTKY	POST-PUNK,NEW WAVE	EN	0.38	0.836	1.0	1.0	0.644	190.112	177507	PUNK
8VCKqw209gZCFTfB	POST-PUNK	EN	0.345	0.8759999999999999	11.0	0.0	0.605	131.358	215280	PUNK
p6WANzedloIMgWsC	PUNK	EN	0.209	0.951	0.0	1.0	0.471	100.947	163067	PUNK
lcc26rhwJHDPVoCW	POST-PUNK,NEW WAVE	EN	0.402	0.254	9.0	0.0	0.113	93.699	141800	PUNK
E9oInreggVUxRDlH	PUNK	EN	0.555	0.708	0.0	1.0	0.735	130.718	200800	PUNK
FXLwFCldyEQR1Qx8	PUNK	EN	0.477	0.861	1.0	1.0	0.7170000000000001	152.079	183533	PUNK
WgTJNXnT6y47yih2	HARDCORE,MELODIC HARDCORE,PUNK	EN	0.315	0.99	6.0	1.0	0.258	144.586	203132	PUNK
5NuL6xydB5m0WwEh	GYPSY PUNK,PUNK	EN	0.5770000000000001	0.904	2.0	1.0	0.588	135.006	238040	PUNK
X9bLsBNL0KwMApGU	PUNK,SKA PUNK,SKA,PUNK,SKA PUNK	EN	0.544	0.843	1.0	1.0	0.7959999999999999	168.044	218487	PUNK
JJ1SDlPowRFr5fMT	PUNK	EN	0.463	0.865	4.0	1.0	0.747	109.526	115573	PUNK
fjxAhRGRoTproyPc	POST-PUNK,POST-PUNK,NEW WAVE	EN	0.423	0.542	0.0	1.0	0.258	114.28	346173	PUNK
8VNONiezek4gzvqq	POST-PUNK,POST-PUNK	EN	0.422	0.7859999999999999	6.0	0.0	0.43	143.678	158240	PUNK
62evAAbKtu2kNQ7i	POST-PUNK,NEW WAVE	EN	0.627	0.701	2.0	1.0	0.8320000000000001	123.102	273733	PUNK
QkowjTGUDYoC0vYG	SINGER-SONGWRITER,POST-PUNK	EN	0.385	0.319	3.0	1.0	0.195	141.977	241427	PUNK
EEO46gCuc02kJCRw	PUNK	EN	0.606	0.687	9.0	1.0	0.6579999999999999	95.68	140067	PUNK
gp2tr3wTmqQUHbzz	PUNK,SKATE PUNK	EN	0.399	0.883	0.0	1.0	0.5670000000000001	169.791	140333	PUNK
iK4pq6wl5dkCmpQo	PUNK	EN	0.506	0.903	2.0	1.0	0.7809999999999999	117.229	120360	PUNK
OO0rN58nY7k87iBk	PUNK	EN	0.208	0.968	9.0	0.0	0.462	166.49599999999995	47733	PUNK
63oY3VPx71l9pR1g	NEW WAVE,POST-PUNK	EN	0.393	0.546	1.0	1.0	0.797	132.049	141800	PUNK
tjWuXNvG4CCWKnmz	PUNK	EN	0.573	0.936	7.0	1.0	0.482	113.433	136667	PUNK
fHMpG8X0OpVR93Dj	PUNK,HARDCORE PUNK	EN	0.233	0.785	10.0	1.0	0.531	200.502	107200	PUNK
H86Ly2hU9N5sZNq9	GARAGE PUNK,PUNK	EN	0.284	0.961	9.0	1.0	0.198	186.287	141813	PUNK
lVvVH3WeI4T6sXNb	PUNK	EN	0.514	0.8390000000000001	4.0	0.0	0.434	128.079	278787	PUNK
NNARvvy9Am8iB3Kb	POST-PUNK	EN	0.24	0.623	5.0	1.0	0.368	154.297	124013	PUNK
iB57oZe16CYb45rc	POST-HARDCORE,EMO,EMOCORE,PUNK,HARDCORE,POST-HARDCORE,EMO,HARDCORE	EN	0.229	0.942	2.0	1.0	0.305	106.466	190893	PUNK
d11tHuKe06RHvUAo	POST-PUNK,PUNK,SPOKEN WORD	EN	0.84	0.931	10.0	0.0	0.291	94.342	160702	PUNK
gphJZfC9rikKnAoi	HARDCORE,PUNK,POST-HARDCORE,EMO,MELODIC HARDCORE,MELODIC HARDCORE,HARDCORE,HARDCORE PUNK	EN	0.34	0.955	0.0	1.0	0.484	139.905	190213	PUNK
t5NHA3VKvjlBxk8Y	POST-PUNK,NEW WAVE	EN	0.425	0.579	4.0	1.0	0.493	124.043	242627	PUNK
i1YFYU53O3DZSn2g	POST-PUNK	EN	0.389	0.665	2.0	1.0	0.284	174.938	153600	PUNK
WX1W5NfOALym2EzE	HARDCORE PUNK,POST-HARDCORE,PUNK	EN	0.226	0.986	5.0	1.0	0.0563	99.164	167640	PUNK
TOs4ZdXqH9ZWXkxn	PUNK,SKA,SKA PUNK,PUNK,SKA PUNK,SKA	EN	0.451	0.959	0.0	1.0	0.908	104.725	123000	PUNK
aakpPbxkvo90RJlz	MELODIC HARDCORE,PUNK,HARDCORE,MELODIC HARDCORE,PUNK	EN	0.281	0.976	8.0	1.0	0.421	99.383	221200	PUNK
oGQ2HQtA4m2CiiUT	POST-PUNK,NEW WAVE	EN	0.361	0.606	6.0	0.0	0.333	103.976	400667	PUNK
v4Kh1hKBtijtgkqH	PUNK,NEW WAVE	EN	0.315	0.635	5.0	0.0	0.933	190.508	298613	PUNK
Lu2B3w5XJZ4eSmoj	POST-PUNK,NEW WAVE	EN	0.493	0.746	2.0	1.0	0.775	93.96	220293	PUNK
UCbm14L6ORpEMt7B	LO-FI,POST-PUNK,EXPERIMENTAL,LO-FI	EN	0.741	0.072	3.0	1.0	0.297	139.089	143080	PUNK
sfaJmo6tMpH2ZS4X	NEW WAVE,POST-PUNK	EN	0.6779999999999999	0.775	9.0	0.0	0.616	81.935	219920	PUNK
OnLLyCaVxpQ63HEB	PUNK	EN	0.381	0.825	0.0	1.0	0.526	104.804	142040	PUNK
M2DmrePeYYkTBYmO	POST-PUNK,NEW WAVE,PUNK	EN	0.7440000000000001	0.721	0.0	1.0	0.965	157.188	207200	PUNK
FaY5Uu05xJftTVX6	PUNK,GARAGE PUNK	EN	0.335	0.952	3.0	0.0	0.46	85.971	159566	PUNK
VAQFueG2M4oplcW0	POST-PUNK	EN	0.542	0.991	4.0	0.0	0.4370000000000001	114.989	271877	PUNK
eP0XiTCXURbUT9JI	PUNK	EN	0.505	0.914	0.0	0.0	0.955	115.427	141613	PUNK
rm4J9hTaoiA1psNK	NEW WAVE,POST-PUNK	EN	0.578	0.653	10.0	1.0	0.755	123.356	255773	PUNK
2u4wTkhAmCT4sPXr	POST-PUNK,NEW WAVE	EN	0.573	0.55	2.0	1.0	0.152	140.015	218413	PUNK
lbbqNNmKpkY8hjMa	PUNK	EN	0.365	0.989	8.0	1.0	0.503	152.088	144867	PUNK
5IuzdGVDQqvruv1f	NEW WAVE,POST-PUNK	EN	0.503	0.923	9.0	0.0	0.5589999999999999	124.157	253333	PUNK
gZ8PUZRfKz6YMfVj	PUNK,SKA PUNK	EN	0.47	0.895	9.0	1.0	0.877	141.951	173103	PUNK
G1ckRpsUIaQ45q9F	POST-PUNK,POST-PUNK,INDUSTRIAL,EXPERIMENTAL	EN	0.319	0.8290000000000001	11.0	1.0	0.541	77.031	175320	PUNK
GzpeQXbQDfhMtNSp	POST-PUNK	EN	0.369	0.86	4.0	1.0	0.468	158.325	136867	PUNK
WjKuHtZukakOySww	NEW WAVE,POST-PUNK	EN	0.629	0.799	7.0	1.0	0.964	123.498	100600	PUNK
Y9Ou3KL4ABNVACkC	POST-PUNK	EN	0.234	0.454	10.0	1.0	0.0383	138.249	361631	PUNK
EkDhgTj4RI9YYbEt	POST-PUNK,NEW WAVE,EXPERIMENTAL	EN	0.442	0.7859999999999999	0.0	1.0	0.723	122.249	253240	PUNK
yB3dNLIk3diNSPeh	POST-PUNK,NEW WAVE	EN	0.557	0.513	0.0	1.0	0.7509999999999999	125.584	220573	PUNK
GEMSImYVcqAvKneN	PUNK	EN	0.267	0.937	0.0	1.0	0.4370000000000001	155.975	186747	PUNK
G849r67Y1rzATZ27	PUNK,EMO,POST-HARDCORE	EN	0.354	0.977	4.0	1.0	0.429	103.585	173000	PUNK
qBD0uTCvunZFUlZN	DANCE-PUNK	EN	0.375	0.728	2.0	1.0	0.344	151.011	418773	PUNK
Db0VxOpoeL79nw5l	POST-PUNK	EN	0.519	0.87	4.0	0.0	0.841	147.93200000000004	290200	PUNK
8JUMp8W9BGm7qjLn	POST-PUNK,NEW WAVE	EN	0.362	0.921	7.0	1.0	0.8440000000000001	109.293	224813	PUNK
n8HOTCgglIz4U1uX	PUNK	EN	0.262	0.872	0.0	1.0	0.579	146.933	145187	PUNK
JAqnliOw9VRnQtRK	PUNK,HARDCORE,GARAGE PUNK	EN	0.383	0.868	4.0	0.0	0.688	180.077	198668	PUNK
89DSRAybcd5czKpW	POST-PUNK,SHOEGAZE	EN	0.322	0.813	0.0	1.0	0.15	149.987	362071	PUNK
792ccUfrUomraNGD	NEW WAVE,POST-PUNK	EN	0.846	0.7959999999999999	0.0	1.0	0.64	112.057	271493	PUNK
T6yA8lmm1ntqVKDs	GRINDCORE,PUNK	EN	0.239	0.994	8.0	0.0	0.0417	87.49700000000001	64987	PUNK
VsjMJgoj2xlhOuhE	POST-PUNK,NEW WAVE	EN	0.884	0.509	8.0	0.0	0.8859999999999999	94.996	325291	PUNK
Rcu2NY08zC4TOKRx	POST-PUNK,EXPERIMENTAL	EN	0.417	0.593	9.0	1.0	0.5379999999999999	140.391	185135	PUNK
PtbpQeokdQy9Q23u	NEW WAVE,POST-PUNK	EN	0.7240000000000001	0.397	1.0	0.0	0.621	94.297	230200	PUNK
f7Nri29NAqM1fgYm	NEW WAVE,POST-PUNK	EN	0.725	0.695	0.0	1.0	0.913	128.814	272293	PUNK
LhaJvKwpnXFD6afh	PUNK,MELODIC HARDCORE	EN	0.487	0.996	2.0	1.0	0.655	105.016	108571	PUNK
7C7XFba5tbTs9ejW	EMO,PUNK	EN	0.3229999999999999	0.6940000000000001	4.0	1.0	0.11	117.158	266027	PUNK
De3DW4V76FCrQKfP	PUNK	EN	0.393	0.894	0.0	1.0	0.593	126.405	233627	PUNK
6pL5srXCZjgIw5OF	PUNK,HARDCORE	EN	0.292	0.892	0.0	1.0	0.631	101.61	119160	PUNK
mJuI9p0vgxSKfemH	POST-PUNK	EN	0.312	0.847	11.0	0.0	0.487	143.694	215240	PUNK
BAxfdR5MUOn9Hjhv	PUNK	EN	0.378	0.976	5.0	1.0	0.726	162.993	166693	PUNK
F5nzFnpJmnFABpWy	POST-PUNK,NEW WAVE	EN	0.333	0.921	7.0	1.0	0.345	128.243	218813	PUNK
p0wEosujH1ChtdIY	HORROR PUNK,PUNK	EN	0.452	0.985	1.0	1.0	0.364	105.969	85933	PUNK
HB1wT2Cy5Nj6j06L	PUNK	EN	0.292	0.987	0.0	1.0	0.132	94.077	107067	PUNK
ifB27X5sUQXULBIr	POST-PUNK,NEW WAVE	EN	0.5529999999999999	0.861	0.0	1.0	0.65	172.0	161000	PUNK
HqdCDni20XVbcbQA	PUNK	EN	0.383	0.981	0.0	1.0	0.479	98.133	150293	PUNK
Veaa0tDiDF4XJjG3	HARDCORE,HARDCORE PUNK	EN	0.285	0.888	6.0	0.0	0.5589999999999999	139.48	96413	PUNK
rSJO7XVZLcNJDyON	MINIMAL,POST-PUNK	EN	0.379	0.875	0.0	1.0	0.446	69.819	164786	PUNK
P8AVpVQobOEFYoXr	POST-PUNK	EN	0.357	0.999	4.0	1.0	0.322	137.178	255920	PUNK
VmCw7FyUcZkzjJ33	NEW WAVE,POST-PUNK	EN	0.552	0.934	4.0	1.0	0.863	130.001	291866	PUNK
YuH0FYC8ILIZcqid	POST-PUNK	EN	0.618	0.732	0.0	1.0	0.645	139.752	245933	PUNK
SXNcBeS3ga5UPdWE	POST-PUNK,GARAGE PUNK	EN	0.412	0.807	9.0	1.0	0.255	98.051	136272	PUNK
O7X87v8OIik3Zuvg	PUNK,PUNK	EN	0.232	0.866	3.0	1.0	0.722	179.551	92480	PUNK
HZ1hFteWvUJEJEIM	POST-PUNK,PUNK	EN	0.141	0.8270000000000001	9.0	0.0	0.488	79.512	271495	PUNK
L4AYxEb5Pand30Cc	HORROR PUNK,PUNK	EN	0.161	0.836	2.0	1.0	0.487	193.782	102267	PUNK
TXhKee6cqSXmH90Y	PUNK	EN	0.271	0.991	2.0	1.0	0.7170000000000001	190.153	152627	PUNK
t6eJhfkZaazdgMbH	PUNK	EN	0.373	0.8859999999999999	1.0	1.0	0.328	164.137	217182	PUNK
3VLLVMBHCX2dUn3X	NEW WAVE,POST-PUNK	EN	0.539	0.565	0.0	1.0	0.517	137.472	207307	PUNK
nk49vQs9AmmD1cGj	POST-PUNK,NEW WAVE,POST-PUNK	EN	0.55	0.941	1.0	0.0	0.746	95.409	406987	PUNK
FlOumYVCjHESBOBk	POST-PUNK	EN	0.474	0.91	0.0	1.0	0.41	142.689	170738	PUNK
ct5Q80qXq1lcHN4t	POST-PUNK,NEW WAVE	EN	0.458	0.574	7.0	1.0	0.387	130.039	219973	PUNK
AkcA0rOulpA04dz8	HARDCORE,HARDCORE PUNK,POST-HARDCORE	EN	0.219	0.93	8.0	1.0	0.511	182.556	213704	PUNK
bsLHHu1NdrrrV4OZ	PUNK,HARDCORE	EN	0.56	0.8740000000000001	2.0	1.0	0.456	115.475	150600	PUNK
kUopUn7SDsx8xj7A	HARDCORE,HARDCORE PUNK,PUNK,STRAIGHT EDGE,HARDCORE,HARDCORE PUNK,PUNK	EN	0.5720000000000001	0.925	9.0	1.0	0.718	134.001	121867	PUNK
TNd4eNIZRLB9m4RN	POST-PUNK	EN	0.384	0.188	7.0	1.0	0.123	74.293	304933	PUNK
3KPQc3gGT1Lpw9ki	GARAGE PUNK,LO-FI	EN	0.1689999999999999	0.897	4.0	1.0	0.467	204.377	120790	PUNK
l4dZ5M0hLjif9sU5	PUNK	EN	0.501	0.8079999999999999	0.0	1.0	0.847	99.25	138040	PUNK
cTi1R9dcotKX043z	POST-PUNK,NEW WAVE	EN	0.382	0.7509999999999999	5.0	0.0	0.8029999999999999	145.513	300120	PUNK
AdkxyMQhEwcFpShM	HORROR PUNK,PUNK	EN	0.3670000000000001	0.918	5.0	1.0	0.195	108.663	117800	PUNK
PPXtR7DDuEVe7tyy	HARDCORE PUNK,PUNK	EN	0.459	0.966	4.0	1.0	0.38	103.421	155693	PUNK
pcSi1Kyvbmt7gi3Z	PUNK,POST-HARDCORE	EN	0.594	0.942	9.0	1.0	0.684	130.005	208675	PUNK
RyL9fdSai4uHNfNO	PUNK,POST-HARDCORE,HARDCORE	EN	0.4	0.7929999999999999	6.0	0.0	0.424	143.028	195680	PUNK
9DjfNUsqWeoBV9Nq	POST-PUNK	EN	0.57	0.805	5.0	0.0	0.6459999999999999	143.082	282987	PUNK
uBLgyqooZqK2fhS3	HARDCORE,HARDCORE PUNK,PUNK,STRAIGHT EDGE,HARDCORE,HARDCORE PUNK,PUNK	EN	0.67	0.8079999999999999	1.0	1.0	0.552	136.007	137787	PUNK
oaE4OmzhzpPZJhyo	POST-PUNK,NEW WAVE	EN	0.627	0.618	0.0	1.0	0.638	114.727	258113	PUNK
t92HWVoRCxZ4uz2X	POST-PUNK,NEW WAVE	EN	0.596	0.664	7.0	0.0	0.483	180.049	202967	PUNK
EXdN6NnDAPDVqYV6	POST-PUNK	EN	0.218	0.904	7.0	1.0	0.202	175.797	287920	PUNK
HoZbxloQFOPAjFpb	EXPERIMENTAL,INDUSTRIAL,POST-PUNK,NOISE,NO WAVE	EN	0.39	0.941	9.0	0.0	0.0872	86.402	292400	PUNK
GsmONsPEXQQq666F	POST-HARDCORE,PUNK	EN	0.479	0.506	2.0	1.0	0.407	89.197	284147	PUNK
h6v8a4wmbbv0FHjm	POST-PUNK	EN	0.568	0.86	7.0	1.0	0.889	133.181	279373	PUNK
cWny0RRziN2w7A1x	PUNK,NEW WAVE	EN	0.6890000000000001	0.868	0.0	1.0	0.915	142.56799999999996	219627	PUNK
uV7vd80yYLNlnZGy	PUNK	EN	0.5720000000000001	0.639	5.0	1.0	0.804	179.857	140880	PUNK
GDW7Laa5spovHAPb	POST-PUNK,NEW WAVE	EN	0.213	0.941	7.0	1.0	0.662	185.421	214667	PUNK
OhgpYwMkC0p37JMc	PUNK,GRUNGE,PUNK	EN	0.478	0.977	9.0	1.0	0.445	124.15	139693	PUNK
3QAgiowCE58lkfhU	PUNK	EN	0.267	0.978	9.0	1.0	0.135	125.265	137773	PUNK
sCkzNNCH47Gtft6O	PUNK	EN	0.32	0.99	9.0	1.0	0.604	153.107	82893	PUNK
7swZjmvUf43w4b4Z	HARDCORE PUNK,PUNK	EN	0.34	0.995	5.0	1.0	0.515	112.07	182107	PUNK
hDruHF8uoR2FLEqi	POST-PUNK	EN	0.539	0.5760000000000001	2.0	1.0	0.319	110.773	277173	PUNK
zXeT08p4xfUdya9y	PUNK,NEW WAVE,POST-PUNK,NEW WAVE,PUNK	EN	0.662	0.5429999999999999	11.0	0.0	0.967	133.881	78347	PUNK
b2gXNr1rLMCyAKUw	HARDCORE PUNK,PUNK,HARDCORE	EN	0.139	0.795	0.0	1.0	0.0754	82.083	115040	PUNK
FY3PJ14MaMNvjkPE	POST-PUNK	EN	0.203	0.892	4.0	0.0	0.351	76.653	252411	PUNK
NSZYZFIE2h2eQ6xC	PUNK	EN	0.5489999999999999	0.696	0.0	1.0	0.77	123.73	185093	PUNK
3nV3brjy4fruS2jx	PUNK	EN	0.358	0.968	7.0	1.0	0.693	143.264	129400	PUNK
BBt0jgptsjcVmytG	EXPERIMENTAL,POST-PUNK,NOISE	EN	0.283	0.81	2.0	1.0	0.69	169.451	211387	PUNK
geD6ypEL2cJMRA8A	POST-PUNK,NEW WAVE	EN	0.426	0.9	5.0	1.0	0.42	101.492	228200	PUNK
EVLiWfWUFpK3khEG	PUNK,POST-PUNK	EN	0.546	0.424	6.0	1.0	0.168	80.837	180260	PUNK
HmvTTmMJc3TzRCpd	PUNK,POST-PUNK,NEW WAVE	EN	0.361	0.218	2.0	1.0	0.305	95.965	292507	PUNK
AltNMO2pryMExpVH	PUNK	EN	0.626	0.973	2.0	1.0	0.662	97.506	125693	PUNK
KRLUA6bneo5Z5Uec	POST-PUNK	EN	0.324	0.733	9.0	0.0	0.039	140.734	128133	PUNK
NVtMtj3mhIFztOP2	PUNK	EN	0.4320000000000001	0.887	7.0	1.0	0.913	154.083	171867	PUNK
AjPaVBhARSF4UW5I	SKA,SKA PUNK,PUNK	EN	0.528	0.931	9.0	1.0	0.8740000000000001	127.007	125539	PUNK
QqFoFjfcLB1ATAXn	PUNK,SKATE PUNK	EN	0.551	0.974	11.0	0.0	0.4920000000000001	91.952	160120	PUNK
362V6xjGKI9bJZlu	PUNK,HARDCORE PUNK,HARDCORE	EN	0.49	0.905	9.0	1.0	0.8590000000000001	129.53799999999998	83587	PUNK
ubvXfyIOAWPoOTwS	HORROR PUNK,PUNK	EN	0.488	0.95	8.0	1.0	0.428	124.823	102373	PUNK
FSqvtEI7VtgCnTFR	SHOEGAZE,POST-PUNK,NEW WAVE,LO-FI,EXPERIMENTAL,AVANT-GARDE	EN	0.406	0.7659999999999999	9.0	0.0	0.752	159.839	166800	PUNK
c42om9HlsVN3Q0CO	POST-PUNK,NEW WAVE,POST-PUNK,NEW WAVE	EN	0.64	0.611	0.0	1.0	0.68	149.774	353106	PUNK
Pcj1J16ddu1JIoWk	POST-PUNK,SHOEGAZE	EN	0.471	0.713	1.0	1.0	0.528	137.029	251376	PUNK
oWZSMsq8Fdo539rH	PUNK	EN	0.518	0.813	0.0	1.0	0.821	173.47299999999996	124027	PUNK
Q1PQKdgj0Sz9RFgt	HARDCORE,HARDCORE PUNK,STRAIGHT EDGE	EN	0.205	0.922	3.0	0.0	0.6609999999999999	93.808	156800	PUNK
RIr7YCcnN43lvqDu	PUNK	EN	0.45	0.937	5.0	0.0	0.7909999999999999	101.922	196120	PUNK
eu7PXj98aVtWNxNz	PUNK	EN	0.3720000000000001	0.952	7.0	1.0	0.214	96.553	108773	PUNK
1vueAAUXDf4t06r1	PUNK	EN	0.528	0.917	11.0	0.0	0.55	91.03	165400	PUNK
UjdnpFGXYBL9Uoy7	PUNK	EN	0.511	0.899	11.0	0.0	0.562	101.928	179173	PUNK
sP4zZHGyxpmMtUPU	PUNK	EN	0.551	0.995	11.0	0.0	0.318	100.09	74027	PUNK
jTgXrXLo6IcKXxVa	NEW WAVE,POST-PUNK	EN	0.456	0.53	6.0	1.0	0.373	102.107	271693	PUNK
VUj8UJ4G4oi9njI3	POST-PUNK	EN	0.245	0.925	9.0	1.0	0.639	178.312	122867	PUNK
yHu556NRdTZ2C49a	POST-PUNK,NEW WAVE,POST-PUNK,SHOEGAZE,NEW WAVE	EN	0.189	0.923	4.0	0.0	0.471	167.56599999999997	206107	PUNK
myxhPw2CGv1vignb	POST-PUNK,PUNK,NEW WAVE	EN	0.65	0.518	0.0	1.0	0.603	138.822	210867	PUNK
xuvOIIAf7xHY4tvm	POST-PUNK,NEW WAVE	EN	0.316	0.603	9.0	0.0	0.643	140.921	259710	PUNK
ZGyDxOo8LPnQFFBd	HARDCORE PUNK,PUNK,HARDCORE	EN	0.342	0.934	7.0	1.0	0.431	112.096	170707	PUNK
CFH3RaVS3OchCGQY	POST-PUNK,PUNK	EN	0.29	0.7040000000000001	9.0	0.0	0.229	132.25799999999998	238760	PUNK
e2mEgmyLGdLNXiH6	PUNK	EN	0.315	0.911	7.0	1.0	0.317	171.942	183173	PUNK
Ccq5bkCj9rw2Sw2i	POST-PUNK	EN	0.28	0.706	10.0	1.0	0.274	139.958	339893	PUNK
tMBlIUvYLXGKUJVo	PUNK	EN	0.411	0.978	9.0	1.0	0.8079999999999999	141.112	124667	PUNK
NOzkKiQ1LOQfPUhz	HARDCORE PUNK,PUNK,HARDCORE,STRAIGHT EDGE	EN	0.336	0.936	2.0	1.0	0.544	93.807	94147	PUNK
BUjyVaPIcnN0c04p	HARDCORE,MELODIC HARDCORE,HARDCORE PUNK,HARDCORE,MELODIC HARDCORE,HARDCORE PUNK	EN	0.59	0.933	11.0	1.0	0.831	99.977	175840	PUNK
WSvn7Dw9gNXvzVdg	POST-PUNK,NEW WAVE	EN	0.451	0.812	4.0	1.0	0.272	128.04	228173	PUNK
pP9YD5fhBxOVJESs	POST-PUNK	EN	0.49	0.929	11.0	1.0	0.507	98.212	212827	PUNK
LxmWu2xnX8uWEEun	PUNK	EN	0.525	0.989	4.0	1.0	0.504	104.069	223228	PUNK
RySHmwiiJVyeMYHi	PUNK	EN	0.292	0.7879999999999999	2.0	0.0	0.488	183.088	118893	PUNK
b90snDeuMXP2nCyv	PUNK	EN	0.514	0.825	11.0	0.0	0.821	102.746	145600	PUNK
qtxDjyqdrjf3w3Pc	POST-PUNK,PUNK	EN	0.484	0.847	10.0	1.0	0.527	157.093	193068	PUNK
SrPugc542p13yxdr	PUNK	EN	0.378	0.959	0.0	1.0	0.578	143.535	177360	PUNK
AF6wQK4uEuJlWlLe	PUNK	EN	0.318	0.984	1.0	0.0	0.716	177.229	147173	PUNK
0d8dtktkM6VnevXq	NEW WAVE,POST-PUNK,NEW ROMANTIC	EN	0.695	0.8059999999999999	2.0	1.0	0.635	81.15100000000002	216960	PUNK
r3892HgR2O5nNv0C	PUNK	EN	0.417	0.586	2.0	1.0	0.965	183.706	175640	PUNK
ju3qyJFMzglEHB3g	PUNK,EMO	EN	0.463	0.914	9.0	1.0	0.716	121.54	180920	PUNK
1SWs1ngkM7XXhWfL	POST-PUNK,NEW WAVE	EN	0.626	0.968	7.0	0.0	0.534	104.99	144773	PUNK
53vhMCgarjxxn6a8	POST-PUNK	EN	0.494	0.79	7.0	1.0	0.901	148.092	165933	PUNK
d260riGsyL5wZAL5	POST-PUNK,NEW WAVE,PUNK	EN	0.526	0.873	0.0	1.0	0.629	86.31299999999997	378360	PUNK
8oxyFL2duwAPYZNe	POST-PUNK,NEW WAVE	EN	0.5379999999999999	0.551	7.0	1.0	0.482	152.59799999999996	207267	PUNK
QmUTPfhy2YgZCsG4	PUNK	EN	0.475	0.852	10.0	1.0	0.7509999999999999	163.046	155760	PUNK
vwTyUlwGqjKHROYx	POST-PUNK,NEW WAVE	EN	0.388	0.828	0.0	1.0	0.466	107.617	352373	PUNK
yRUtHEnudJpfquIv	RIOT GRRRL,PUNK	EN	0.33	0.986	11.0	0.0	0.232	145.015	140093	PUNK
XR9iMOgyGVD77GEn	PUNK	EN	0.228	0.991	8.0	1.0	0.227	163.903	108173	PUNK
a0FaXU0I9WrcvNYF	PUNK,HARDCORE PUNK	EN	0.33	0.81	11.0	0.0	0.608	143.55	35160	PUNK
TO7MSOQzwDOyN4Hl	PUNK,PUNK	EN	0.289	0.767	0.0	1.0	0.847	168.79	157067	PUNK
pD544qRxJ1Sdshs0	NEW WAVE,POST-PUNK	EN	0.746	0.664	11.0	0.0	0.696	126.806	208373	PUNK
8aNejfxVqSHYFbM1	PUNK	EN	0.413	0.97	2.0	1.0	0.932	188.596	133360	PUNK
SDdOpJWQsmuvg8DL	PUNK	EN	0.353	0.8340000000000001	10.0	0.0	0.777	151.859	64893	PUNK
sivAkNLV5vYiLNTp	NEW WAVE,POST-PUNK	EN	0.601	0.875	1.0	1.0	0.889	152.97	183313	PUNK
9zw5hAJ5bbsk2YGA	MELODIC HARDCORE,HARDCORE,POST-HARDCORE,HARDCORE PUNK	EN	0.285	0.969	7.0	1.0	0.161	173.833	190413	PUNK
qoAAy4kvvGcKY2x6	POST-PUNK	EN	0.552	0.797	2.0	0.0	0.306	141.859	246787	PUNK
lIqoRQtBteVmh6oV	POST-PUNK,PUNK,RIOT GRRRL	EN	0.696	0.711	9.0	1.0	0.865	129.621	255227	PUNK
8nuvJOjzOYlr9i82	HARDCORE,NYHC,HARDCORE PUNK,PUNK	EN	0.246	0.994	6.0	1.0	0.6409999999999999	143.688	114240	PUNK
7NvSI3x4qT7CxS89	PUNK	EN	0.239	0.93	2.0	1.0	0.405	149.923	123653	PUNK
rWwkUe6opmHQj0SA	POST-HARDCORE,PUNK	EN	0.515	0.785	7.0	1.0	0.245	132.584	156693	PUNK
uVgXTkmmBccRlxiZ	HARDCORE PUNK,PUNK	EN	0.363	0.8270000000000001	11.0	0.0	0.547	186.448	203533	PUNK
EyVRAsenbapzMTcA	PUNK	EN	0.691	0.7290000000000001	2.0	0.0	0.81	92.769	239813	PUNK
yHyzPvYs9P0IAJUJ	RIOT GRRRL,PUNK,RIOT GRRRL,PUNK	EN	0.434	0.897	2.0	1.0	0.6679999999999999	112.679	112440	PUNK
yGxO6azoYfcrbmCJ	POST-PUNK,NEW WAVE	EN	0.568	0.636	4.0	1.0	0.71	124.37	104507	PUNK
cx3VuaaequV0vsW0	POST-PUNK,NEW WAVE,PUNK	EN	0.293	0.975	9.0	0.0	0.361	166.136	165973	PUNK
CmPfaslCHgbzMwNU	POST-PUNK,NEW WAVE	EN	0.485	0.802	2.0	1.0	0.8240000000000001	168.03	223013	PUNK
c31h1TkpfspcVM0N	PUNK,OI	EN	0.416	0.914	9.0	1.0	0.735	180.834	183613	PUNK
EA4DUn50lMooes2g	RIOT GRRRL,ELECTROPUNK	EN	0.588	0.617	6.0	1.0	0.908	116.72	173807	PUNK
O4JK2qxdzF2w28gE	POST-PUNK,NEW WAVE	EN	0.5820000000000001	0.5870000000000001	9.0	1.0	0.339	107.616	293587	PUNK
PVe3oxPfhKOhOo3A	PUNK,HARDCORE,POST-PUNK	EN	0.406	0.963	4.0	1.0	0.342	104.729	122560	PUNK
dAa96XxmckiyBoY6	PUNK	EN	0.27	0.94	11.0	1.0	0.741	182.804	113933	PUNK
GvNz646StcDACpwE	NEW WAVE,POST-PUNK	EN	0.325	0.805	9.0	0.0	0.174	199.891	562907	PUNK
K8YuihgMaNk8Rgka	PUNK	EN	0.383	0.471	2.0	1.0	0.387	187.192	271133	PUNK
R6mEWLnXms9TUCpf	PUNK,PUNK	EN	0.179	0.996	2.0	1.0	0.352	165.41299999999995	190160	PUNK
BDUdgwGuuqXXAiqQ	PUNK,MELODIC HARDCORE	EN	0.473	0.953	0.0	1.0	0.677	155.463	242253	PUNK
7jzQHHTZtyXnvREb	POST-PUNK	EN	0.43	0.892	0.0	1.0	0.288	94.994	350169	PUNK
O3Urj84TzI7L0IAF	POST-PUNK,LO-FI	EN	0.562	0.8640000000000001	9.0	0.0	0.667	171.976	196423	PUNK
DnqB4LA58qKyCTcu	POST-PUNK,NEW WAVE	EN	0.484	0.962	5.0	1.0	0.633	116.795	293693	PUNK
miiYZNXcRp8UEAoE	POST-PUNK	EN	0.378	0.878	0.0	1.0	0.752	143.72299999999996	192467	PUNK
93bhhL7VMM46J11p	LO-FI,POST-PUNK,EXPERIMENTAL	EN	0.7170000000000001	0.581	11.0	0.0	0.5489999999999999	93.001	157720	PUNK
CXobVZxFjzJbdq0M	HORROR PUNK,PUNK,HARDCORE PUNK	EN	0.441	0.937	4.0	0.0	0.332	156.942	106960	PUNK
0f0xQyAE62fgX01L	POST-PUNK,NEW WAVE	EN	0.351	0.267	10.0	0.0	0.15	122.162	266280	PUNK
cfnCDKI8VbHs2jd9	PUNK,PUNK,POST-PUNK	EN	0.311	0.586	4.0	1.0	0.362	98.234	214960	PUNK
2UD2b5uapJ9QZlyk	POST-PUNK	EN	0.642	0.652	3.0	1.0	0.8079999999999999	130.002	244898	PUNK
hMrJljDvK1uIMdo9	POST-PUNK,PUNK,NO WAVE	EN	0.5479999999999999	0.6940000000000001	1.0	0.0	0.257	129.983	215529	PUNK
0qMvJ8HqbQcf27Np	PUNK,HARDCORE	EN	0.235	0.946	11.0	0.0	0.403	175.007	236286	PUNK
tYM7xcpUPQHl0yZH	PUNK,RIOT GRRRL	EN	0.477	0.902	2.0	1.0	0.29	128.963	200631	PUNK
GlYQzSXUurZhJQzd	POST-PUNK,NEW WAVE	EN	0.433	0.7559999999999999	9.0	1.0	0.117	145.44299999999996	233720	PUNK
i7Z5wsimBlOpY8AD	POST-PUNK,POST-PUNK,NEW WAVE	EN	0.469	0.861	0.0	1.0	0.81	134.093	161080	PUNK
aBmkczjX3O7HuWQH	HARDCORE PUNK,PUNK,HARDCORE	EN	0.235	0.76	8.0	1.0	0.297	157.537	257440	PUNK
4u0tDw0viSKUsids	SKA PUNK,SKA,PUNK	EN	0.688	0.985	7.0	1.0	0.757	93.576	113787	PUNK
5q3Y1JXEiaCFQzk5	NO WAVE,EXPERIMENTAL,POST-PUNK,NOISE	EN	0.616	0.89	7.0	1.0	0.887	91.369	266000	PUNK
LMu9t9lsAiiLk65a	POST-PUNK,PUNK	EN	0.307	0.785	4.0	0.0	0.488	101.539	127813	PUNK
N5LgLFXjeWGe6bwz	PUNK	EN	0.3	0.989	11.0	0.0	0.474	155.995	137773	PUNK
rfOkQlwvBW03sfvf	SKATE PUNK,PUNK	EN	0.388	0.982	2.0	1.0	0.7170000000000001	190.091	147493	PUNK
kKlPo1CeXQGcZoKO	PUNK	EN	0.52	0.926	0.0	1.0	0.924	150.815	179400	PUNK
8nFH1Ovavxv1879r	PUNK,SKA	EN	0.457	0.97	8.0	1.0	0.561	169.202	183640	PUNK
wz7Hpf9vQwZAVNIc	POST-PUNK,PUNK,NEW WAVE,POST-PUNK,PUNK	EN	0.92	0.732	11.0	0.0	0.922	122.181	163133	PUNK
YzOzu4sMzFqGGj9d	POST-PUNK,NEW WAVE,POST-PUNK,NEW WAVE	EN	0.593	0.8640000000000001	9.0	0.0	0.8640000000000001	106.029	209120	PUNK
zAuPIl86nrQQt5SJ	NEW WAVE,POST-PUNK,SOUNDTRACK	EN	0.542	0.865	8.0	0.0	0.672	95.928	178933	PUNK
5UY7MfH8BuXB9J2z	POST-PUNK	EN	0.455	0.7070000000000001	11.0	1.0	0.405	125.4	293933	PUNK
AN8njhQyeRgTxXCE	SHOEGAZE,EMO,POST-PUNK,LO-FI	EN	0.368	0.904	9.0	1.0	0.41	171.989	179304	PUNK
czcUOlUcJQjgLWwO	POST-PUNK,PUNK	EN	0.598	0.7709999999999999	4.0	0.0	0.583	122.536	217227	PUNK
g7qQtY7kG87W93e1	PUNK	EN	0.356	0.974	9.0	0.0	0.433	144.178	107573	PUNK
6DYDb24RkWIvV0jp	POST-PUNK,NEW WAVE	EN	0.277	0.439	9.0	1.0	0.148	97.201	268373	PUNK
aWRLEbyYaoHR4sS9	POST-PUNK	EN	0.609	0.758	3.0	1.0	0.489	140.007	209320	PUNK
y8fOZQ41gTq8pK38	MELODIC HARDCORE,PUNK,HARDCORE	EN	0.485	0.292	10.0	1.0	0.396	75.116	181503	PUNK
Rin6m3hsGZreE8oo	PUNK	EN	0.399	0.899	7.0	1.0	0.789	133.891	131507	PUNK
o9IOoiLwwMvWNASq	EMO,PUNK,EMOCORE,HARDCORE	EN	0.361	0.812	9.0	1.0	0.351	150.518	325160	PUNK
bqk4aDgA8YXkshM1	PUNK,POST-PUNK	EN	0.602	0.491	9.0	1.0	0.613	135.51	197427	PUNK
zTZ1FF1NklEwRXbA	SKATE PUNK,PUNK	EN	0.385	0.967	0.0	1.0	0.662	195.612	162920	PUNK
k6DW52YTPsnH9xgv	PUNK,HARDCORE	EN	0.216	0.972	10.0	0.0	0.24	89.665	70173	PUNK
1nUpyNdCl3vnd5HN	POST-PUNK,NEW WAVE	EN	0.436	0.862	4.0	0.0	0.451	128.359	185947	PUNK
KoOw5U557YT4cI0z	POST-PUNK	EN	0.464	0.703	9.0	1.0	0.598	189.995	164013	PUNK
cvUImX9HPk7VU9hA	SKA PUNK,SKA	EN	0.545	0.901	11.0	0.0	0.7979999999999999	137.998	289293	PUNK
cuznMqFar4iW8Dj5	POST-HARDCORE,HARDCORE,HARDCORE PUNK,PUNK	EN	0.399	0.626	9.0	0.0	0.0357	117.103	160000	PUNK
2KdX90lYMrvoggaK	SCREAMO,PUNK,SCREAMO,EMO	EN	0.354	0.688	11.0	0.0	0.224	78.804	226859	PUNK
V0odgMsXLSs4Lej0	NEW WAVE,POST-PUNK	EN	0.745	0.813	2.0	1.0	0.87	123.883	221747	PUNK
4qyaxnK716PkNaXN	EMO,PUNK	EN	0.392	0.181	5.0	1.0	0.271	123.741	242717	PUNK
H62w9SZIubHhaxxu	POST-PUNK,NEW WAVE	EN	0.534	0.935	9.0	1.0	0.853	138.2	144800	PUNK
EOODo1laFUXrI48I	POST-PUNK,NEW WAVE	EN	0.455	0.787	9.0	1.0	0.706	140.79399999999995	216033	PUNK
yH2zLQEY58M7g8SX	PUNK	EN	0.43	0.89	7.0	1.0	0.493	139.97799999999998	241757	PUNK
ZdjPsYdfOhQH905e	POST-PUNK	EN	0.462	0.982	7.0	1.0	0.189	134.032	365465	PUNK
wzfb33Psao67TEsW	NEW WAVE,POST-PUNK,PUNK,POST-PUNK,NEW WAVE,PUNK	EN	0.674	0.382	2.0	1.0	0.805	117.798	300240	PUNK
MpLAg4a4xmPClhV9	PUNK,HARDCORE PUNK,HARDCORE	EN	0.27	0.973	2.0	1.0	0.443	105.292	187360	PUNK
ULID4MVkr8grhKeq	PUNK	EN	0.454	0.926	2.0	1.0	0.331	130.024	214026	PUNK
1HrVkv3hws1PkncW	EMO,PUNK,MIDWEST EMO	EN	0.517	0.913	11.0	1.0	0.38	158.918	185065	PUNK
ikn1vmKORbjjLQSW	POST-PUNK	EN	0.436	0.8690000000000001	6.0	0.0	0.7140000000000001	143.586	364547	PUNK
g3PrdxSsIM7KsUH8	POST-PUNK	EN	0.304	0.595	9.0	0.0	0.8370000000000001	196.221	209840	PUNK
MzFOI6dFQVgyXpnL	PUNK	EN	0.3670000000000001	0.901	4.0	1.0	0.862	145.694	55467	PUNK
HIYsWC4lzWHy7o0U	PUNK	EN	0.258	0.982	7.0	1.0	0.57	157.326	96053	PUNK
2TbV5dQdXWZBnD2p	SCREAMO,PUNK	EN	0.211	0.926	1.0	0.0	0.0381	107.479	57760	PUNK
xrdVzwZsqELm5v9a	POST-PUNK,POST-PUNK	EN	0.285	0.954	7.0	1.0	0.573	94.323	151063	PUNK
zXRHqOF15zE3pAOr	PUNK	EN	0.487	0.67	2.0	1.0	0.851	112.227	213320	PUNK
E13bUbKYc0eLEMus	NEW WAVE,POST-PUNK,NEW WAVE,POST-PUNK	EN	0.6729999999999999	0.6859999999999999	0.0	1.0	0.662	126.09	211573	PUNK
wZPieROQfMbZuG39	PUNK	EN	0.31	0.966	7.0	1.0	0.378	163.102	223267	PUNK
FfP82p5KS3VAltWb	PUNK,SKA PUNK,SKA	EN	0.496	0.97	2.0	1.0	0.805	168.199	184840	PUNK
SsCvtVAxxBxjVKbz	PUNK,STREET PUNK,HARDCORE	EN	0.359	0.995	9.0	1.0	0.405	164.99599999999995	185067	PUNK
DQ8zMQgfJQQh5GVS	HORROR PUNK,PUNK	EN	0.406	0.938	11.0	0.0	0.0391	123.106	92467	PUNK
mzQjnpLWrVvhqxhk	POST-PUNK,EXPERIMENTAL	EN	0.675	0.7929999999999999	8.0	1.0	0.914	139.048	201627	PUNK
QMvMhKYQKYKoluja	NEW WAVE,POST-PUNK	EN	0.5479999999999999	0.664	2.0	1.0	0.7709999999999999	124.44	232773	PUNK
0kL4vCuYHkQBirg1	PUNK,SKA PUNK,SKA,PUNK,SKA PUNK	EN	0.457	0.955	0.0	1.0	0.6409999999999999	170.192	148027	PUNK
p2Fx7VmT8OVTkxUx	PUNK,HARDCORE	EN	0.486	0.971	2.0	1.0	0.377	100.264	209627	PUNK
kT1N2MCLmPm6QOLf	POST-PUNK,NEW WAVE,POST-PUNK	EN	0.406	0.453	0.0	1.0	0.363	113.303	347893	PUNK
mmfAJihoew46NW5o	PUNK,ANARCHO-PUNK,HARDCORE	EN	0.342	0.94	1.0	0.0	0.546	167.65400000000002	164200	PUNK
ysndm1VKbNyMlaQg	PUNK,SKATE PUNK	EN	0.396	0.98	6.0	1.0	0.262	191.48	218200	PUNK
RMkR9kB9JJP3QDKM	POST-PUNK,SHOEGAZE,NEW WAVE	EN	0.485	0.912	6.0	0.0	0.318	90.009	230969	PUNK
LeGOlFSjktI3IrWr	PUNK,PUNK	EN	0.547	0.733	9.0	1.0	0.962	176.19799999999995	133440	PUNK
qVTGjewcpjP9Ggef	HARDCORE PUNK,PUNK,HARDCORE	EN	0.0936	0.7190000000000001	9.0	0.0	0.633	77.999	132787	PUNK
lgC3d0TGs6kvpL3T	HARDCORE,HARDCORE PUNK	EN	0.216	0.968	2.0	1.0	0.223	142.158	138736	PUNK
zg49Km4zddEL2Crk	PUNK,HARDCORE,MELODIC HARDCORE	EN	0.534	0.967	3.0	0.0	0.516	151.988	169427	PUNK
K50MUXM9ckKf0qmq	POST-PUNK	EN	0.601	0.419	4.0	0.0	0.535	129.675	262560	PUNK
KRlsLMREtL0x92yG	HARDCORE,HARDCORE PUNK	EN	0.37	0.937	11.0	1.0	0.453	84.944	108933	PUNK
mfWkQcyxa61bVVoE	POST-PUNK,NEW WAVE	EN	0.317	0.599	9.0	1.0	0.113	124.492	287573	PUNK
A6UmXegGlN0DPnFr	PUNK,MELODIC HARDCORE	EN	0.446	0.932	9.0	0.0	0.458	91.023	86600	PUNK
1FlqCWlOLqMfibbg	PUNK,EMO	EN	0.445	0.954	7.0	1.0	0.5770000000000001	150.358	158200	PUNK
JB2knLntaWQXDdhB	POST-PUNK	EN	0.526	0.5760000000000001	4.0	0.0	0.335	87.023	201373	PUNK
nzZpmUEldDa9UrED	POST-PUNK,NEW WAVE	EN	0.279	0.892	11.0	0.0	0.617	152.56799999999996	244773	PUNK
4zQkdnMEWNDzXjWq	PUNK,HARDCORE PUNK,HARDCORE	EN	0.337	0.94	2.0	1.0	0.841	139.099	100053	PUNK
8m4nCdWUduLE7C3n	PUNK,NEW WAVE,POST-PUNK	EN	0.251	0.902	4.0	0.0	0.371	190.926	218213	PUNK
L9FwQFQjFgGTdkCc	PUNK	EN	0.417	0.963	0.0	1.0	0.644	163.148	203733	PUNK
H5xyNZjYjSLbHA4f	PUNK,HARDCORE PUNK	EN	0.317	0.885	8.0	1.0	0.7040000000000001	111.366	207040	PUNK
AHzRN2Evfae8sUtR	PUNK,HARDCORE PUNK,HARDCORE	EN	0.194	0.972	3.0	1.0	0.295	141.888	124733	PUNK
y0AtX2rW1tRfNauU	POST-PUNK,NEW WAVE	EN	0.399	0.904	1.0	0.0	0.879	134.892	191920	PUNK
OGBr9f0cvhe4Gk3j	HARDCORE,PUNK,POST-HARDCORE,HARDCORE PUNK,HARDCORE,PUNK,HARDCORE PUNK	EN	0.451	0.993	9.0	0.0	0.22	97.482	151815	PUNK
hZOBqk6TuM6pn8eS	PUNK,EXPERIMENTAL,POST-PUNK,NEW WAVE	EN	0.6559999999999999	0.6759999999999999	9.0	1.0	0.772	110.072	179040	PUNK
qQ20XeJlMjc97eX9	HARDCORE,HARDCORE PUNK,PUNK	EN	0.374	0.831	7.0	1.0	0.479	94.665	119600	PUNK
w5HLBeb5r5lDfafJ	POST-PUNK	EN	0.423	0.95	9.0	1.0	0.444	153.999	239769	PUNK
WWSE7HeEEyDjq8Dw	HARDCORE,HARDCORE PUNK	EN	0.348	0.885	7.0	1.0	0.664	131.355	123133	PUNK
neJbL20BpMe1HT7l	SKA,SKA PUNK	EN	0.5760000000000001	0.94	9.0	1.0	0.8440000000000001	97.876	199253	PUNK
Vts6odYqyKteznD1	POST-PUNK,NEW WAVE,POST-PUNK,NEW WAVE	EN	0.872	0.539	7.0	1.0	0.887	159.57299999999995	183800	PUNK
Q4jnl87onNc5Ahjh	SKA,SKA PUNK	EN	0.55	0.84	1.0	1.0	0.965	88.20200000000001	166133	PUNK
eR6jrbRTsSKCK22X	SKA PUNK,SKA,PUNK	EN	0.445	0.967	2.0	1.0	0.476	163.078	187516	PUNK
AKE0acTdRRrDohU9	PUNK	EN	0.168	0.858	2.0	1.0	0.599	140.939	101507	PUNK
l5WMSSifpUvGTTme	PUNK,PUNK	EN	0.207	0.963	7.0	0.0	0.185	175.35	205373	PUNK
kB0iptc8k7WxsM51	NEW WAVE,POST-PUNK	EN	0.6	0.949	7.0	0.0	0.752	99.387	277147	PUNK
CpjGLiYpMDXX40VN	POST-PUNK	EN	0.322	0.691	2.0	1.0	0.794	133.558	184627	PUNK
5JJQMbgJKJT7YhXZ	POST-PUNK	EN	0.478	0.8	4.0	0.0	0.27	124.751	212907	PUNK
iQNA8wgBG3Gmksrl	POST-PUNK	EN	0.295	0.444	9.0	0.0	0.3229999999999999	86.32600000000002	223520	PUNK
EVnvo1AI256hhoYh	PUNK,HARDCORE PUNK	EN	0.4	0.956	7.0	1.0	0.878	153.878	66960	PUNK
KuuQNZ0MMI4gIPJg	POST-PUNK,EXPERIMENTAL,INDUSTRIAL	EN	0.614	0.818	0.0	1.0	0.633	122.312	218747	PUNK
ajW7I7ycqNCqKMKe	HARDCORE,MELODIC HARDCORE,HARDCORE PUNK,HARDCORE PUNK,HARDCORE,MELODIC HARDCORE	EN	0.376	0.85	5.0	0.0	0.426	94.773	143773	PUNK
8cY5YVAla8W42yDI	POST-PUNK	EN	0.241	0.8059999999999999	4.0	1.0	0.269	184.883	253200	PUNK
csG76RK7irMnuiuC	POST-PUNK	EN	0.653	0.887	4.0	0.0	0.8440000000000001	76.986	226987	PUNK
Znd1SummhqozXkcK	NEW WAVE,POST-PUNK	EN	0.778	0.725	0.0	1.0	0.715	91.233	198507	PUNK
ipDTSonHCiGcXUZY	PUNK,POST-HARDCORE	EN	0.418	0.471	5.0	1.0	0.375	110.062	159553	PUNK
nRNVhcp9YtVXYq5h	POST-PUNK	EN	0.425	0.733	10.0	0.0	0.135	116.233	374413	PUNK
CPhgCR6vwTcuRAPa	POST-PUNK	EN	0.6779999999999999	0.698	11.0	0.0	0.419	129.965	199421	PUNK
yFLIS5VK18gpi0qk	POST-PUNK,NEW WAVE	EN	0.466	0.723	6.0	0.0	0.601	90.424	256013	PUNK
fp2Xw9TTBpvJL12V	PUNK,SKATE PUNK	EN	0.4270000000000001	0.959	7.0	1.0	0.772	185.872	157653	PUNK
PArJx6kFxdzSRr5y	MELODIC HARDCORE,HARDCORE,HARDCORE PUNK,PUNK	EN	0.556	0.986	5.0	1.0	0.288	97.107	122213	PUNK
UldYohfug3fWIi0e	HORROR PUNK	EN	0.447	0.476	1.0	1.0	0.482	100.86	83110	PUNK
54YjEMqKlxDH6DYK	HORROR PUNK,PUNK	EN	0.597	0.938	0.0	1.0	0.242	111.397	81467	PUNK
a5E0NgILp7bHe4y4	HORROR PUNK,PUNK	EN	0.38	0.835	11.0	0.0	0.743	133.84799999999998	300000	PUNK
FoMclyWmdIH3sZRa	PUNK	EN	0.568	0.847	5.0	0.0	0.936	127.904	98973	PUNK
z1OItvpJyzMLOTza	PUNK	EN	0.357	0.991	9.0	0.0	0.352	194.28	162000	PUNK
pGmccNX6NInwgRut	POST-PUNK,NEW WAVE	EN	0.5670000000000001	0.759	9.0	0.0	0.351	128.502	185560	PUNK
3XI3KppPMcvPClP2	PUNK	EN	0.7140000000000001	0.7020000000000001	11.0	0.0	0.934	133.658	150000	PUNK
oBHBf3e1KJ1vxn0Y	EMO,POST-HARDCORE,PUNK,SCREAMO,POST-HARDCORE,EMO,SCREAMO	EN	0.377	0.988	1.0	0.0	0.476	129.727	223747	PUNK
BYxgMVGvU3WTNA2q	PUNK,GRUNGE	EN	0.213	0.992	0.0	1.0	0.616	178.665	171573	PUNK
bLmTpCdQ2pvzsb6l	POST-PUNK,NEW WAVE	EN	0.607	0.6970000000000001	0.0	1.0	0.451	90.118	261773	PUNK
HlcWuNYgfboig5wG	POST-PUNK	EN	0.413	0.956	9.0	1.0	0.251	154.03	232604	PUNK
10eLXBwl9LUgGbKU	NEW WAVE,NEW WAVE,POST-PUNK	EN	0.467	0.951	4.0	1.0	0.551	185.963	288067	PUNK
qkAw3WOFFUDl8460	SKA,SKA PUNK,PUNK	EN	0.425	0.936	4.0	1.0	0.665	182.318	194760	PUNK
uKVYCpkR02RQhdwN	NEW WAVE,POST-PUNK	EN	0.5589999999999999	0.523	9.0	0.0	0.738	100.249	241560	PUNK
9gMC8bWdWmJ8Iayf	HARDCORE,HARDCORE PUNK,STRAIGHT EDGE	EN	0.316	0.845	9.0	1.0	0.237	66.86399999999999	133200	PUNK
HTaP7xxl0ZxlepK0	PUNK,RIOT GRRRL	EN	0.319	0.899	7.0	1.0	0.596	156.04399999999995	168013	PUNK
CBcPJ6qkuMYinTrg	PUNK,POST-PUNK	EN	0.142	0.99	5.0	1.0	0.154	179.577	198067	PUNK
5W13QNAZJnxDebV3	PUNK,HORROR PUNK,HARDCORE PUNK	EN	0.426	0.947	0.0	1.0	0.321	151.21200000000005	121573	PUNK
TlNs7T0NA9nA8g2M	NEW WAVE,NEW WAVE,POST-PUNK	EN	0.555	0.565	9.0	1.0	0.38	98.909	199760	PUNK
pA3pvkhw5dzJUmCe	POST-PUNK,NEW WAVE	EN	0.357	0.608	2.0	1.0	0.468	135.235	212467	PUNK
rEduAdIrH60zzwOV	POST-PUNK,SHOEGAZE	EN	0.545	0.7170000000000001	3.0	1.0	0.589	118.515	239621	PUNK
9IEEUErlb5Ib59Ki	POST-PUNK,POST-PUNK,NEW WAVE,PUNK	EN	0.426	0.594	4.0	1.0	0.669	127.894	241200	PUNK
lmN1rwtbv0bEYCMF	POST-PUNK	EN	0.6920000000000001	0.528	4.0	1.0	0.272	94.968	230818	PUNK
7cex2AfdWVvrtiJY	PUNK	EN	0.59	0.953	4.0	1.0	0.525	116.661	150133	PUNK
nvRfAF2GhwKHDVcZ	PUNK,SKATE PUNK,MELODIC HARDCORE	EN	0.342	0.98	2.0	1.0	0.303	101.134	123133	PUNK
hwRCZoUcjW9CxPfV	HARDCORE PUNK,HARDCORE,MELODIC HARDCORE,HARDCORE,MELODIC HARDCORE,HARDCORE PUNK	EN	0.398	0.969	2.0	1.0	0.152	102.835	179720	PUNK
eXiXNtnfv2wiffqT	PUNK,POST-HARDCORE	EN	0.516	0.937	10.0	1.0	0.684	147.039	194500	PUNK
29AWfl38cq5HfWkn	NEW WAVE,POST-PUNK	EN	0.633	0.51	2.0	1.0	0.711	99.52	330973	PUNK
UQlRZBXj9LPU58f7	PUNK,PUNK	EN	0.331	0.657	9.0	1.0	0.418	87.96799999999998	181093	PUNK
H88BIGdhTNlIBTJO	PUNK	EN	0.253	0.987	5.0	1.0	0.433	162.005	99333	PUNK
Ux3rD6Ys6oLdtmYO	PUNK,SKA PUNK	EN	0.541	0.903	4.0	1.0	0.643	102.442	152773	PUNK
lUPPXasdnWlKt4kz	PUNK	EN	0.414	0.733	7.0	1.0	0.784	165.283	115827	PUNK
jkZJRrJ1Wa7BezLn	NEW WAVE,POST-PUNK	EN	0.578	0.354	7.0	1.0	0.841	91.264	198307	PUNK
rnKbpA7p8JZFwNvm	POST-PUNK,MINIMAL WAVE	EN	0.746	0.68	6.0	0.0	0.199	136.041	248346	PUNK
yNmqa4HyvC4QrgqP	HARDCORE PUNK,PUNK	EN	0.3	0.8270000000000001	2.0	1.0	0.565	156.78799999999995	88907	PUNK
nkma3DaMp9J0dr4n	POST-PUNK,NEW WAVE	EN	0.408	0.727	10.0	1.0	0.7659999999999999	149.694	164613	PUNK
HF21X80BNyEJtky2	POST-PUNK,NEW WAVE	EN	0.568	0.925	2.0	1.0	0.752	118.45	235800	PUNK
cEqVp0HgH4buWQAL	PUNK	EN	0.563	0.899	7.0	1.0	0.7070000000000001	150.316	145467	PUNK
EmvNB6w4SUHE97OZ	PUNK	EN	0.421	0.598	4.0	0.0	0.778	157.92700000000005	136960	PUNK
oWizjgQKaBauMq03	POST-PUNK,EXPERIMENTAL	EN	0.408	0.703	7.0	1.0	0.557	152.116	200346	PUNK
MTLdEVHmQ4HZvI1G	PUNK,HARDCORE,HARDCORE PUNK	EN	0.399	0.828	2.0	1.0	0.374	99.094	140760	PUNK
vmi82ivZuwn7E5A1	HORROR PUNK,PUNK	EN	0.469	0.852	2.0	1.0	0.344	113.616	118960	PUNK
arjoiAfY1J3npd6d	SKA PUNK,SKA,PUNK	EN	0.6579999999999999	0.942	7.0	0.0	0.8959999999999999	134.967	196533	PUNK
p1jjlk8b1delm0Sr	PUNK	EN	0.453	0.976	8.0	0.0	0.522	159.911	145400	PUNK
sYwvPempK1tPQtjp	POST-PUNK,EXPERIMENTAL,INDUSTRIAL	EN	0.171	0.334	9.0	1.0	0.173	138.96	627733	PUNK
NUV8lr1Hub9acbB5	SKA,SKA PUNK,PUNK	EN	0.853	0.838	10.0	1.0	0.895	130.07	194658	PUNK
kw9TLRysTwKnghT9	POST-PUNK	EN	0.7490000000000001	0.7190000000000001	2.0	1.0	0.466	149.05200000000005	236853	PUNK
mojectpLcRM0Z4Ct	SKA,SKA PUNK	EN	0.521	0.77	5.0	1.0	0.348	100.201	345933	PUNK
rRc4INlBgZKc3JUG	NEW WAVE,POST-PUNK	EN	0.36	0.7240000000000001	0.0	1.0	0.7020000000000001	173.67	177507	PUNK
n959NlJxKtgVDuC0	HARDCORE,PUNK,POST-HARDCORE,HARDCORE PUNK	EN	0.529	0.947	4.0	1.0	0.145	133.062	282122	PUNK
NdkeaTBhb3cjKqR1	PUNK	EN	0.332	0.746	0.0	1.0	0.507	154.968	227267	PUNK
ignNbBJsIlIeQNje	POST-PUNK	EN	0.872	0.595	0.0	1.0	0.8740000000000001	133.297	184520	PUNK
eEoLWF8K3q6RrVjc	POST-PUNK	EN	0.545	0.735	7.0	1.0	0.451	140.032	262013	PUNK
OKUhyytpFlbq7N7U	HARDCORE,HARDCORE PUNK,POST-HARDCORE	EN	0.147	0.984	8.0	1.0	0.1669999999999999	180.505	108544	PUNK
aMfEPogsEkPsNmQ1	HORROR PUNK,PUNK	EN	0.47	0.977	8.0	1.0	0.461	135.207	143587	PUNK
7ZWYHGyYOGTOW56R	PUNK,EMO	EN	0.273	0.963	9.0	1.0	0.159	113.93	120667	PUNK
Gq8prOH839vzZ5ly	PUNK,HARDCORE PUNK	EN	0.394	0.992	6.0	0.0	0.105	139.02200000000002	79707	PUNK
aCO73NIyjc2L2Xem	POST-PUNK	EN	0.446	0.857	0.0	1.0	0.525	184.91	228324	PUNK
6qPszvL6DcoxzRVb	HARDCORE PUNK,HARDCORE,PUNK	EN	0.315	0.917	4.0	0.0	0.573	129.961	88214	PUNK
VxcuunxDgoNRAxdG	HARDCORE PUNK,POST-HARDCORE,PUNK	EN	0.235	0.927	10.0	0.0	0.764	124.499	96973	PUNK
QDY6Q5NXZMqWwftN	POST-PUNK,NEW WAVE	EN	0.5489999999999999	0.691	6.0	0.0	0.345	119.881	311880	PUNK
d7la6a4cjpAtpr5N	PUNK	EN	0.423	0.959	7.0	1.0	0.643	166.919	210627	PUNK
lp4QFBJWmrILA7uD	POST-PUNK	EN	0.397	0.908	7.0	1.0	0.6970000000000001	146.09	193933	PUNK
XVbn9rUoy39MOw2c	SKA,SKA PUNK,PUNK	EN	0.63	0.929	8.0	1.0	0.924	96.499	166896	PUNK
HMIt4G2BsgjScwZ0	PUNK	EN	0.44	0.63	2.0	1.0	0.244	88.53299999999999	218440	PUNK
AioZkywLrh7fOy0K	PUNK	EN	0.4270000000000001	0.879	7.0	1.0	0.562	189.679	97973	PUNK
VjqGkD80xMVuwUAA	POST-PUNK,NEW WAVE	EN	0.423	0.764	9.0	0.0	0.409	158.803	328000	PUNK
fgdTT2frIyTbfYFm	PUNK,PUNK,OI	EN	0.175	0.878	1.0	1.0	0.556	159.894	198307	PUNK
qBzv9dGlRb2qMPah	POST-PUNK	EN	0.669	0.82	4.0	1.0	0.963	131.64600000000002	154107	PUNK
sqjSSnmvYnCDtBkY	LO-FI,POST-PUNK,EXPERIMENTAL	EN	0.687	0.721	7.0	1.0	0.614	136.635	142769	PUNK
ilitfnHGtr1w2GnA	NEW WAVE,POST-PUNK	EN	0.602	0.581	9.0	1.0	0.962	124.819	223760	PUNK
LIkfwvAYIR3cZaJU	PUNK	EN	0.366	0.984	1.0	1.0	0.6809999999999999	152.762	103400	PUNK
2CJjDffMUUQVdYMt	INDUSTRIAL,POST-PUNK,NO WAVE	EN	0.521	0.6659999999999999	11.0	0.0	0.13	125.585	312360	PUNK
WucxA4xlalJCzfIx	POST-PUNK,INDUSTRIAL,NEW WAVE	EN	0.655	0.809	3.0	1.0	0.905	128.02200000000002	255320	PUNK
7TEo2YLJk9sRZRXs	POST-PUNK,PUNK,SPOKEN WORD	EN	0.8809999999999999	0.625	5.0	1.0	0.961	99.976	137213	PUNK
1TTaCU6DaHQ0nE3m	PUNK,HARDCORE	EN	0.309	0.958	3.0	1.0	0.0727	141.846	263533	PUNK
5f3Y38Z0GoAH8A3M	POST-PUNK,EXPERIMENTAL,NEW WAVE	EN	0.412	0.354	11.0	0.0	0.468	116.876	638973	PUNK
K0Rus1nYzD9UFFc1	POST-PUNK,NEW WAVE	EN	0.406	0.917	5.0	1.0	0.892	129.231	179707	PUNK
KtXN1PPyBE0hXE1H	PUNK,HARDCORE PUNK	EN	0.347	0.974	9.0	1.0	0.343	124.607	133480	PUNK
9gbf335fvkVIcQCj	PUNK,HARDCORE PUNK,HARDCORE	EN	0.267	0.924	0.0	1.0	0.072	97.684	203040	PUNK
fcUFtkPeNTHG8Gt3	PUNK,POST-HARDCORE	EN	0.476	0.933	9.0	1.0	0.623	162.083	201625	PUNK
wu3lyj1lqw4GUVM7	POST-PUNK	EN	0.631	0.797	5.0	1.0	0.8440000000000001	115.251	180093	PUNK
TpdzmaUNWaen78TI	PUNK	EN	0.37	0.942	0.0	0.0	0.7240000000000001	137.365	164693	PUNK
mpneYW8vKiCKmHrr	SKA,SKA PUNK,PUNK	EN	0.759	0.7090000000000001	7.0	1.0	0.96	134.054	208731	PUNK
98EuySJaXZV5QuaF	PUNK	EN	0.4370000000000001	0.845	0.0	1.0	0.937	164.445	173533	PUNK
e4Zg3BAKvJ2fdMjJ	POST-PUNK,NEW WAVE	EN	0.762	0.6890000000000001	2.0	1.0	0.78	122.911	195653	PUNK
StK3YBEGBQXG95Nv	POST-HARDCORE,PUNK	EN	0.461	0.8759999999999999	2.0	1.0	0.381	152.621	117640	PUNK
uvLFob1mxGtvz7EF	NEW WAVE,POST-PUNK	EN	0.414	0.693	3.0	1.0	0.475	175.172	323173	PUNK
hojML2laWOC7C7Zt	HARDCORE,MELODIC HARDCORE,HARDCORE PUNK	EN	0.424	0.748	8.0	1.0	0.17	135.004	178648	PUNK
CcU6Z5YxEcuSeBYM	POST-PUNK,NEW WAVE	EN	0.279	0.868	4.0	1.0	0.667	133.505	251413	PUNK
HDf8exjRtFhRM2K1	POST-PUNK,NEW WAVE	EN	0.54	0.953	5.0	0.0	0.343	96.127	219573	PUNK
xv7BvhK2eV8PnPTQ	MELODIC HARDCORE,HARDCORE,POST-HARDCORE,HARDCORE PUNK	EN	0.267	0.996	0.0	0.0	0.0645	172.058	213080	PUNK
i0HBECAxXAP1Lsbd	PUNK	EN	0.235	0.7979999999999999	2.0	1.0	0.506	147.333	174173	PUNK
Km7Wf0JylScHOWLQ	PUNK,PUNK	EN	0.439	0.884	2.0	1.0	0.6779999999999999	142.54399999999995	173013	PUNK
Mh5yiEGCgPZusimi	POST-PUNK,EXPERIMENTAL,NO WAVE,INDUSTRIAL	EN	0.277	0.518	2.0	0.0	0.233	117.725	164000	PUNK
tIhetvX0oVSiledY	POST-PUNK	EN	0.7859999999999999	0.334	2.0	1.0	0.379	107.982	211906	PUNK
lUKXMRQbu10DU3QN	PUNK	EN	0.402	0.992	0.0	1.0	0.319	164.984	173213	PUNK
A1GOXoGAmD82mYYt	HARDCORE PUNK,HARDCORE,PUNK	EN	0.204	0.968	11.0	1.0	0.0785	140.059	147760	PUNK
Bly6U0ol56dEGj1a	SKA PUNK,SKA,PUNK	EN	0.569	0.954	2.0	1.0	0.574	91.205	134027	PUNK
i459yfhYesL3LXEg	HARDCORE,HARDCORE PUNK,PUNK,STRAIGHT EDGE,HARDCORE,HARDCORE PUNK,PUNK	EN	0.449	0.802	6.0	1.0	0.326	86.035	156987	PUNK
8MTQwzOMjswovVLT	SKA,SKA PUNK,PUNK	EN	0.591	0.8690000000000001	0.0	1.0	0.8590000000000001	104.43	210533	PUNK
NCLbQoyNVtgBQvDT	PUNK,NEW WAVE	EN	0.457	0.898	2.0	1.0	0.82	154.813	145507	PUNK
rVAkQMD9ZcEYn3cj	POST-HARDCORE,PUNK	EN	0.327	0.961	1.0	0.0	0.31	107.484	219400	PUNK
gEg0Vxzx4jqbHuzU	ANARCHO-PUNK,PUNK,ANARCHO-PUNK,PUNK	EN	0.229	0.7120000000000001	4.0	0.0	0.662	149.815	75520	PUNK
42Z44IeAaxsS0s60	PUNK	EN	0.35	0.995	9.0	0.0	0.325	151.92700000000005	124333	PUNK
XmjgceK9GeaY59pN	LO-FI,POST-PUNK,EXPERIMENTAL	EN	0.4920000000000001	0.664	11.0	1.0	0.737	153.39600000000004	131163	PUNK
01XPcGzdaQ1hv51M	POST-PUNK,NEW WAVE,DARK WAVE	EN	0.61	0.76	9.0	0.0	0.469	130.011	286853	PUNK
l3nRNCf13nhrJQCC	NEW WAVE,POST-PUNK,PUNK	EN	0.488	0.7440000000000001	9.0	0.0	0.759	149.43	186773	PUNK
9pfiwQDyUEW5Tfdf	PUNK	EN	0.203	0.954	0.0	1.0	0.214	158.776	308586	PUNK
UgDdNQH7NSCRmf1C	POST-PUNK,INDUSTRIAL,POST-PUNK,INDUSTRIAL,EXPERIMENTAL	EN	0.418	0.986	2.0	1.0	0.117	124.196	336493	PUNK
7bY63fk9BYDS04Om	POST-PUNK,NEW WAVE	EN	0.398	0.93	11.0	1.0	0.725	190.818	408173	PUNK
AyfgPuTGezQu8Jo5	MELODIC HARDCORE,SKATE PUNK	EN	0.396	0.994	4.0	0.0	0.393	157.981	188496	PUNK
WeItAqwoxwltSBtp	POST-PUNK,NEW WAVE,PUNK	EN	0.177	0.775	2.0	1.0	0.495	208.615	110800	PUNK
Cw5pQE2eaaDDzVye	PUNK	EN	0.363	0.942	5.0	1.0	0.3229999999999999	163.235	288000	PUNK
7mSeKPkE1lm8xq6E	POST-PUNK	EN	0.41	0.964	9.0	1.0	0.369	143.05	126713	PUNK
75ql0bntP3cWLwWT	PUNK,HARDCORE PUNK,HARDCORE	EN	0.586	0.6679999999999999	1.0	1.0	0.871	148.871	66133	PUNK
fbeiEkBDxjaHBlHs	POST-HARDCORE,PUNK	EN	0.303	0.129	6.0	1.0	0.155	84.167	118933	PUNK
kSnLoT6C2XFO1oH0	POST-PUNK	EN	0.414	0.887	0.0	1.0	0.546	94.412	125853	PUNK
svnvH5zbEQTLaACI	SKA,PUNK,PUNK,SKA PUNK	EN	0.446	0.905	7.0	1.0	0.6779999999999999	161.035	238840	PUNK
xzA8mP8yexsrTs7p	PUNK,HARDCORE,FUNK,POST-HARDCORE,PUNK,HARDCORE	EN	0.441	0.209	1.0	0.0	0.0781	106.148	227000	PUNK
CLpDprQDYMqSKbZh	POST-PUNK	EN	0.398	0.921	11.0	0.0	0.402	150.111	260800	PUNK
7pbQQKW45KsYhoPI	EMO,HORROR PUNK,POST-HARDCORE,EMO,SCREAMO	EN	0.42	0.942	8.0	0.0	0.436	112.492	202760	PUNK
QmCz8AQ0C9RJrvEB	PUNK	EN	0.292	0.877	4.0	1.0	0.493	157.123	195867	PUNK
7BfJv6pxBP98wZmG	PUNK	EN	0.436	0.862	10.0	1.0	0.391	80.925	234387	PUNK
CGz0z5iv0jZmIa7X	SKA,SKA PUNK	EN	0.524	0.966	1.0	0.0	0.715	100.319	178013	PUNK
w5y1THbmbvzzBRBs	PUNK	EN	0.546	0.929	10.0	1.0	0.7090000000000001	167.543	160893	PUNK
8s9kikygQfgtcipd	SKA,SKA PUNK,PUNK	EN	0.711	0.784	3.0	1.0	0.8759999999999999	123.109	220018	PUNK
IdQZedOEBWfZUkEa	POST-PUNK,NEW WAVE,POST-PUNK,NEW WAVE	EN	0.531	0.8640000000000001	8.0	0.0	0.923	75.008	171853	PUNK
M1rby2OYdXL0vZr6	POST-PUNK,PUNK,SPOKEN WORD	EN	0.784	0.775	7.0	0.0	0.409	143.57399999999996	245021	PUNK
CcKxWR8etXfl7OVv	PUNK,NEW WAVE	EN	0.535	0.802	7.0	0.0	0.598	110.591	191067	PUNK
wMh5RKuI20Eg2xxm	LO-FI,POST-PUNK,EXPERIMENTAL,LO-FI	EN	0.47	0.489	1.0	0.0	0.461	75.66	388762	PUNK
W14SAe6p8ZVgNwgj	POST-PUNK,PUNK,POST-PUNK,PUNK,POST-HARDCORE	EN	0.254	0.812	9.0	0.0	0.333	62.651	190750	PUNK
OIM6CKv8WM9DZQV7	PUNK	EN	0.15	0.937	0.0	1.0	0.486	202.345	102293	PUNK
vgDBHF62RTnFdWk0	POST-PUNK,PUNK	EN	0.295	0.993	9.0	1.0	0.143	67.665	161973	PUNK
MPIrxYRA0J94SCN8	NEW WAVE,POST-PUNK	EN	0.36	0.977	2.0	1.0	0.434	150.796	243227	PUNK
mQiXBoBK6Bq1p46O	PUNK	EN	0.509	0.813	1.0	0.0	0.701	152.685	186373	PUNK
RfoA2F0GakB9mGNw	POST-PUNK	EN	0.503	0.758	7.0	1.0	0.85	169.933	190588	PUNK
FQKTvCKtYpqWzxWj	EMO,PUNK,SCREAMO,EMOCORE,POST-HARDCORE	EN	0.288	0.871	9.0	1.0	0.144	120.361	263373	PUNK
mt2kpJqtyN64QxcD	PUNK	EN	0.527	0.895	11.0	1.0	0.667	151.983	298453	PUNK
yVx8Hfoy0GJ8HNEF	PUNK	EN	0.358	0.977	2.0	1.0	0.489	160.235	231747	PUNK
5IDXDMSEDT1u66l7	HARDCORE PUNK,PUNK,HARDCORE	EN	0.215	0.503	1.0	0.0	0.35	186.866	226333	PUNK
52GzWXXOA2GSXxE3	PUNK,POST-PUNK	EN	0.484	0.851	4.0	1.0	0.8009999999999999	157.425	81027	PUNK
Hh2kHOxyWNcWsORu	PUNK	EN	0.14	0.959	0.0	0.0	0.0769	185.883	366973	PUNK
gOwP3jEqFcvDNTsa	POST-PUNK,EXPERIMENTAL	EN	0.318	0.375	4.0	0.0	0.039	137.856	182400	PUNK
wNCtJi4CySYk85Hq	POST-PUNK,NEW WAVE	EN	0.528	0.943	2.0	1.0	0.7120000000000001	133.433	227827	PUNK
wfRUFWcC3mXAuAY7	POST-PUNK,NEW WAVE	EN	0.545	0.618	11.0	0.0	0.51	123.575	276667	PUNK
RTtOIx6SFOvudAQL	POST-PUNK	EN	0.565	0.564	2.0	1.0	0.637	116.019	278840	PUNK
KVIvlxyUyv7TVN6z	PUNK,HARDCORE PUNK	EN	0.421	0.644	9.0	0.0	0.529	127.957	285600	PUNK
7mvipS5HXQ2sHXiz	HARDCORE,NYHC,HARDCORE PUNK	EN	0.46	0.98	9.0	0.0	0.102	106.675	96947	PUNK
lfE3djczrmhdmzdR	POST-PUNK,NEW WAVE	EN	0.513	0.77	4.0	1.0	0.8490000000000001	136.22	242667	PUNK
MGzEcUsSgo2xwG24	PUNK	EN	0.556	0.904	2.0	1.0	0.5579999999999999	132.07299999999998	204680	PUNK
Sxd2UgBYUUUKIfYT	PUNK,POST-HARDCORE	EN	0.511	0.974	9.0	1.0	0.365	135.077	224425	PUNK
AssOUZYXLxnWE8Np	POST-PUNK,PUNK	EN	0.561	0.878	4.0	1.0	0.531	104.108	145339	PUNK
6LWUBtxjhhYvJvkq	PUNK	EN	0.393	0.957	7.0	1.0	0.327	108.184	109533	PUNK
cANwuOAcuZBjyonU	PUNK	EN	0.312	0.8079999999999999	4.0	0.0	0.895	187.208	114667	PUNK
Hh0jz04F7K9CgUb2	DARK CABARET,POST-PUNK	EN	0.443	0.758	9.0	0.0	0.434	105.503	277053	PUNK
utpnTzbZJmP0sIjv	PUNK	EN	0.219	0.789	7.0	1.0	0.563	143.64	118000	PUNK
FBOSIkZWYf3404OH	NEW WAVE,POST-PUNK	EN	0.3229999999999999	0.821	0.0	0.0	0.6920000000000001	86.40799999999999	259560	PUNK
9kCrfsVKwtL531ZM	POST-PUNK,NEW WAVE,DOWNTEMPO	EN	0.5720000000000001	0.391	5.0	1.0	0.53	118.608	211320	PUNK
MQEESdPmay6zAag9	POST-PUNK,NEW WAVE	EN	0.517	0.853	9.0	1.0	0.627	124.421	185307	PUNK
ZtcUZSQ7STXd3oyw	HARDCORE,PUNK,MELODIC HARDCORE	EN	0.335	0.996	2.0	1.0	0.31	200.082	183300	PUNK
WToh01v15ymglBTh	POST-PUNK	EN	0.419	0.754	9.0	1.0	0.557	164.399	224743	PUNK
eJL3LGd4e7ltvMTH	SCREAMO,HARDCORE PUNK,POST-HARDCORE	EN	0.205	0.998	3.0	1.0	0.0373	93.891	61180	PUNK
0K2vsBA9smDZxKno	PUNK	EN	0.339	0.964	8.0	1.0	0.586	158.30100000000004	89507	PUNK
iTWjbdII36O0FVud	POST-PUNK	EN	0.6890000000000001	0.365	0.0	0.0	0.688	118.122	215213	PUNK
R5eevLpLH98iQIPy	POST-PUNK,NEW WAVE	EN	0.491	0.615	9.0	1.0	0.674	154.321	149703	PUNK
lRxWSkVSnxpdzxZZ	HARDCORE,HARDCORE PUNK	EN	0.423	0.94	4.0	1.0	0.302	108.051	124200	PUNK
qO6QLQg9cjfwiCc4	PUNK	EN	0.308	0.913	1.0	0.0	0.388	125.537	100787	PUNK
Gp2bKCZH3G5kF255	HARDCORE PUNK,HARDCORE,PUNK	EN	0.394	0.946	11.0	0.0	0.265	109.862	104733	PUNK
UhwVrjX8VY7KQBYo	RIOT GRRRL,PUNK	EN	0.199	0.931	9.0	0.0	0.414	108.144	107067	PUNK
SyJdfSpitKN9nutf	PUNK	EN	0.354	0.753	2.0	0.0	0.581	116.116	221173	PUNK
DqCXys21jcXl4mbi	PUNK,RIOT GRRRL	EN	0.425	0.8370000000000001	4.0	0.0	0.539	96.765	160333	PUNK
tYWkkgccRc1rr029	HARDCORE PUNK,HARDCORE,SKATE PUNK	EN	0.391	0.992	1.0	1.0	0.186	175.07299999999995	189909	PUNK
5gMjEcghipaC9j64	PUNK	EN	0.414	0.967	9.0	1.0	0.667	164.885	199973	PUNK
aqivmDBzhYR4Jy0p	NEW WAVE,PUNK	EN	0.54	0.7040000000000001	11.0	0.0	0.96	134.474	135707	PUNK
WXUmulYdrJUROJjD	POST-PUNK	EN	0.377	0.745	9.0	1.0	0.201	169.179	195373	PUNK
YpqvCxpcoO2GNXY3	HARDCORE,HARDCORE PUNK,POST-HARDCORE	EN	0.309	0.937	8.0	0.0	0.575	116.74	109449	PUNK
dn55UKIUCc3OYhjk	PUNK	EN	0.603	0.759	9.0	1.0	0.875	118.048	220107	PUNK
oqle3bBXBrK6hexe	PUNK,OI,STREET PUNK,PUNK,OI	EN	0.403	0.918	0.0	1.0	0.7190000000000001	162.542	206667	PUNK
HET7SIQSBTh5t0Zr	POST-PUNK	EN	0.519	0.83	7.0	1.0	0.343	108.998	252088	PUNK
igguTDpzoAs3MTvs	NEW WAVE,POST-PUNK	EN	0.5760000000000001	0.703	10.0	1.0	0.684	141.567	296333	PUNK
h1DfUrnMru0JsPAS	PUNK	EN	0.448	0.978	7.0	1.0	0.385	174.679	234307	PUNK
hTSz0hvzUOqTjPQ4	DANCE-PUNK,POST-HARDCORE	EN	0.346	0.782	2.0	1.0	0.625	76.664	191973	PUNK
epHfJrMSrRgyi616	NEW WAVE,POST-PUNK	EN	0.637	0.85	0.0	1.0	0.52	126.106	213973	PUNK
rUryLbTO3pFoxbwi	PUNK	EN	0.379	0.969	4.0	0.0	0.65	106.377	113787	PUNK
Hmx68PbWZ7uTMHFr	POST-PUNK	EN	0.365	0.8320000000000001	11.0	1.0	0.591	90.038	177933	PUNK
17adRoxfcX4yWJbW	PUNK,SKA,STREET PUNK	EN	0.423	0.959	7.0	1.0	0.643	166.919	210627	PUNK
7rYGu55TvcwEN9Qv	PUNK	EN	0.408	0.984	10.0	1.0	0.537	149.79399999999995	98733	PUNK
jFMEt5MuitwZ5Jfb	POST-PUNK	EN	0.489	0.652	4.0	0.0	0.197	133.471	198707	PUNK
2y5QnKY1pymHn4Uo	NEW WAVE,POST-PUNK	EN	0.515	0.378	7.0	1.0	0.436	92.228	173560	PUNK
S9DmQXKZhci9FR5G	HORROR PUNK,PUNK	EN	0.381	0.949	4.0	1.0	0.0873	88.695	163400	PUNK
uGuHjDdwdIdzjhQn	POST-PUNK,NEW WAVE,DARK WAVE,POST-PUNK,NEW WAVE	EN	0.608	0.8540000000000001	6.0	1.0	0.809	114.927	252633	PUNK
UYPNr8GgxR248enO	POST-PUNK	EN	0.272	0.67	6.0	0.0	0.425	168.438	255066	PUNK
35GjXTcfSXrLaUjS	NEW WAVE,POST-PUNK	EN	0.402	0.696	9.0	0.0	0.575	159.244	442107	PUNK
T2wRlpcjRyW8623G	HARDCORE,HARDCORE PUNK,PUNK,STRAIGHT EDGE	EN	0.601	0.746	8.0	1.0	0.917	139.991	157893	PUNK
Ep4DCIkSDTq4zGHN	PUNK,HARDCORE PUNK	EN	0.504	0.877	4.0	0.0	0.821	106.272	104360	PUNK
zVq1DRtWcsN06CRJ	POST-PUNK	EN	0.382	0.893	1.0	1.0	0.47	139.006	279333	PUNK
SWDjiaAtov1SPyTx	SKA,SKA PUNK,PUNK	EN	0.4270000000000001	0.959	0.0	1.0	0.57	169.167	286948	PUNK
SeNyVE9BRXuEHDZ1	MELODIC HARDCORE,HARDCORE,POST-HARDCORE,HARDCORE PUNK	EN	0.325	0.995	2.0	0.0	0.144	161.96200000000005	217147	PUNK
bunbvq1rhqOTBJWg	PUNK,POST-HARDCORE,PUNK	EN	0.294	0.972	11.0	1.0	0.373	176.924	158440	PUNK
WrelDqMvW94gbRlc	PUNK	EN	0.415	0.777	9.0	1.0	0.927	162.836	266440	PUNK
XpiEVVDVSnZZuCK5	POST-PUNK	EN	0.288	0.965	0.0	1.0	0.24	94.631	438080	PUNK
dhY35E81sle8sKjy	HARDCORE,MELODIC HARDCORE,HARDCORE PUNK	EN	0.19	0.963	1.0	1.0	0.387	178.583	160693	PUNK
XqKcwQ4YeeDfQaTe	MELODIC HARDCORE,HARDCORE,POST-HARDCORE,HARDCORE PUNK	EN	0.305	0.986	2.0	0.0	0.231	165.222	202560	PUNK
yLEbwswUqlQvIne4	POST-PUNK,PUNK,SPOKEN WORD	EN	0.8490000000000001	0.5770000000000001	8.0	1.0	0.435	139.946	233551	PUNK
2HEAB7E9psFkmzmZ	PUNK,HARDCORE,POST-HARDCORE	EN	0.343	0.979	6.0	0.0	0.153	98.519	92667	PUNK
OKUKjt4wOOtAkShf	PUNK	EN	0.278	0.952	0.0	0.0	0.624	141.66899999999995	64200	PUNK
b5DOcRFKFfBfO9us	POST-HARDCORE,PUNK,HARDCORE	EN	0.374	0.948	7.0	1.0	0.624	151.99	193347	PUNK
Ztcbz7esvzQOYrTE	POST-PUNK,NEW WAVE	EN	0.512	0.255	0.0	1.0	0.215	115.144	253560	PUNK
OjFQPs3YgMmNIm5b	HARDCORE PUNK,HARDCORE,PUNK,STRAIGHT EDGE	EN	0.377	0.98	2.0	1.0	0.354	92.792	77187	PUNK
EGtRmL91OlWyCquc	PUNK,RIOT GRRRL,PUNK	EN	0.233	0.846	11.0	1.0	0.317	172.93900000000005	240413	PUNK
WxkQ8URTrCnGBY3j	POST-PUNK,PUNK,NEW WAVE	EN	0.401	0.815	11.0	0.0	0.649	164.56900000000005	154067	PUNK
EyOKLoattiExpxQU	PUNK	EN	0.318	0.952	7.0	1.0	0.597	169.247	127693	PUNK
Lp7cqaVkbhA4V3xf	NEW WAVE,POST-PUNK	EN	0.635	0.958	7.0	1.0	0.626	139.116	160218	PUNK
OpaggvETGIW2igxB	HARDCORE,GRINDCORE,NOISE,HARDCORE PUNK	EN	0.172	0.994	6.0	0.0	0.0331	99.444	125412	PUNK
zcdxcURqCDc2BeV3	POST-PUNK,PUNK,NEW WAVE	EN	0.757	0.561	2.0	1.0	0.936	143.2	185040	PUNK
djCUWI9Qarbe8rUF	PUNK,PUNK	EN	0.465	0.741	5.0	1.0	0.845	150.847	207120	PUNK
jH8ogZT4o1CxgA1U	SKA PUNK,PUNK,SKA	EN	0.583	0.863	9.0	1.0	0.8420000000000001	92.688	133827	PUNK
RurFy9Iw6VC1qabZ	HARDCORE,HARDCORE PUNK	EN	0.208	0.947	1.0	1.0	0.55	161.505	139787	PUNK
8uaxnszIiVD2WJUz	POST-PUNK	EN	0.6509999999999999	0.8240000000000001	0.0	1.0	0.736	141.226	256667	PUNK
kzri1syYuq0yJxmj	NEW WAVE,POST-PUNK	EN	0.6579999999999999	0.6629999999999999	7.0	1.0	0.596	101.796	333373	PUNK
C9eTakHIurupPxmb	PUNK,COMEDY	EN	0.708	0.5	7.0	1.0	0.851	142.66899999999995	174933	PUNK
jy56B2a4VqX4oQcm	NEW WAVE,PUNK,PUNK,NEW WAVE	EN	0.644	0.792	4.0	1.0	0.897	154.591	156933	PUNK
MVWkyIHi7nvwNgt1	POST-PUNK,EXPERIMENTAL,POST-PUNK	EN	0.5589999999999999	0.6659999999999999	11.0	1.0	0.331	100.009	344493	PUNK
jUEkYKHlAbPVg10h	PUNK	EN	0.33	0.958	2.0	1.0	0.721	126.202	63827	PUNK
8pFjtwYis23TnXib	PUNK,PUNK	EN	0.392	0.948	9.0	0.0	0.628	181.712	197533	PUNK
6VjEPMIGq04XQlyW	PUNK	EN	0.378	0.966	7.0	1.0	0.655	162.127	139467	PUNK
qqVwOWc9fba07hR4	SHOEGAZE,POST-PUNK	EN	0.5489999999999999	0.762	7.0	0.0	0.121	108.026	261467	PUNK
MxvYqMbN0XqGBcuW	POST-PUNK,NEW WAVE	EN	0.503	0.722	2.0	1.0	0.857	112.96	104000	PUNK
ku1BzZRZuyFDBuzC	PUNK,HARDCORE,SKATE PUNK	EN	0.236	0.976	8.0	1.0	0.266	172.713	131160	PUNK
Qf9PGzBnPmxyoYcW	POST-PUNK	EN	0.5710000000000001	0.446	0.0	1.0	0.247	140.03	277760	PUNK
PhSzrNVFaHx9bSA0	POST-PUNK,SHOEGAZE	EN	0.569	0.59	11.0	1.0	0.269	110.007	270845	PUNK
4EiHK7g70V7UAt7b	SKA PUNK,SKA	EN	0.534	0.897	6.0	0.0	0.887	130.144	318013	PUNK
tTnfpshF42UAus3h	HARDCORE,PUNK,POST-HARDCORE,HARDCORE PUNK	EN	0.293	0.937	7.0	1.0	0.4	119.029	286063	PUNK
geLtIyeaMfOS7o67	POST-PUNK	EN	0.465	0.6990000000000001	0.0	1.0	0.67	146.197	193466	PUNK
QmL8u3j9UGeTPE5m	ANARCHO-PUNK,PUNK	EN	0.675	0.8220000000000001	0.0	1.0	0.902	98.083	165800	PUNK
QEUJc3ncXIH0DhjH	PUNK	EN	0.273	0.979	4.0	1.0	0.55	192.656	118120	PUNK
i6LzP93Lv4ze0dlm	PUNK,PUNK,OI	EN	0.254	0.987	11.0	0.0	0.525	181.07	178520	PUNK
GrvGw6Ejbe9JiY8V	OI,STREET PUNK,PUNK	EN	0.408	0.985	7.0	1.0	0.341	94.921	245411	PUNK
GJucxNkChKH0S0g3	POST-PUNK,PUNK,NO WAVE	EN	0.468	0.624	8.0	1.0	0.327	150.92700000000005	220980	PUNK
XoqZ3zutboCVsNDG	POST-HARDCORE,EMO,SCREAMO,PUNK	EN	0.522	0.445	4.0	0.0	0.373	81.00399999999998	258547	PUNK
VliQFTdUr1vkpklV	HARDCORE PUNK,HARDCORE,PUNK	EN	0.332	0.939	5.0	1.0	0.7440000000000001	80.092	37314	PUNK
ee2zfz8OmztzZLRb	PUNK	EN	0.278	0.898	9.0	1.0	0.182	95.482	207920	PUNK
tFnBI15yBSAUVW7D	PUNK,HARDCORE PUNK,HARDCORE,PUNK,HARDCORE PUNK	EN	0.231	0.962	4.0	1.0	0.534	189.29	186627	PUNK
rXwh7t4fK1dJuY4H	POST-PUNK,NEW WAVE,POST-PUNK,NEW WAVE	EN	0.345	0.932	2.0	0.0	0.217	155.269	263333	PUNK
KBekVw3TypP4kDUD	POST-PUNK,PUNK,NEW WAVE	EN	0.343	0.856	2.0	1.0	0.679	161.846	139693	PUNK
4yztKgC2uHMXqjLt	POST-PUNK	EN	0.563	0.8270000000000001	11.0	0.0	0.621	128.024	247077	PUNK
nNtdVt7835bne0NE	POST-PUNK,NEW WAVE,POST-PUNK,NEW WAVE	EN	0.469	0.8320000000000001	7.0	1.0	0.303	95.88	334667	PUNK
8Ejxsja2CJZdPmpl	SKA PUNK,SKATE PUNK,PUNK	EN	0.535	0.899	4.0	1.0	0.615	102.457	153333	PUNK
ndYblkyijB3JlEQI	NEW WAVE,POST-PUNK	EN	0.438	0.185	4.0	1.0	0.0447	91.854	360693	PUNK
Oxrb6oaY35lTwm2Q	HARDCORE,PUNK,POST-HARDCORE,HARDCORE PUNK	EN	0.404	0.99	7.0	1.0	0.177	167.955	201587	PUNK
INbSFWQqv92RsldZ	SKA PUNK	EN	0.39	0.91	4.0	0.0	0.277	98.264	190293	PUNK
HLizoQqVFeMUAGKw	MELODIC HARDCORE,POST-HARDCORE,HARDCORE,MELODIC HARDCORE,HARDCORE PUNK	EN	0.4970000000000001	0.561	7.0	0.0	0.339	167.077	305373	PUNK
pilvLiTx5wncZ8T6	POST-PUNK,MINIMAL	EN	0.845	0.391	9.0	1.0	0.967	141.784	82231	PUNK
Pl8dLCFQkS6u3ED1	MELODIC HARDCORE,HARDCORE,POST-HARDCORE,HARDCORE PUNK	EN	0.229	0.986	2.0	0.0	0.129	174.825	211253	PUNK
obLeOk3dqCmN09oW	PUNK	EN	0.5770000000000001	0.836	4.0	0.0	0.218	126.722	194693	PUNK
mtdjLeJIozc5JO4E	POST-PUNK,PUNK,EXPERIMENTAL	EN	0.527	0.613	0.0	1.0	0.75	170.187	171800	PUNK
W3WX07rFVPTdOqEA	POST-PUNK	EN	0.395	0.381	10.0	0.0	0.172	74.827	205805	PUNK
blKjsZyqhrzvVx8v	NEW WAVE,POST-PUNK,NEW WAVE,POST-PUNK	EN	0.611	0.813	9.0	0.0	0.821	140.112	209573	PUNK
nOGmfuSWHGpM9kHp	POST-PUNK	EN	0.431	0.7759999999999999	9.0	0.0	0.544	140.025	237333	PUNK
Szw0NRTih7LWZXZb	PUNK	EN	0.303	0.996	5.0	1.0	0.369	157.148	170573	PUNK
hBOZhmKOVqaY9DZ7	POST-PUNK	EN	0.652	0.8140000000000001	0.0	1.0	0.419	98.556	262378	PUNK
aoLHMyIJOehtUiZi	POST-PUNK,EXPERIMENTAL	EN	0.434	0.782	7.0	1.0	0.379	84.93799999999997	237747	PUNK
jn9qYzXo17emSC50	NEW WAVE,POST-PUNK	EN	0.478	0.942	1.0	1.0	0.489	67.487	364373	PUNK
HgON9aJSE46A9z7x	PUNK	EN	0.253	0.8059999999999999	2.0	1.0	0.171	131.47	284347	PUNK
ZttRYS6HqWoso7nU	NEW WAVE,POST-PUNK	EN	0.696	0.628	2.0	1.0	0.701	100.038	221533	PUNK
PiadxeDjoJNZMouy	PUNK	EN	0.444	0.909	1.0	1.0	0.579	130.202	161128	PUNK
hlBXs6lCuKT2TinT	PUNK,PUNK	EN	0.599	0.974	4.0	1.0	0.7440000000000001	123.525	124427	PUNK
Xeg0EdihyYTTUHpr	SKA PUNK,SKA,PUNK	EN	0.652	0.897	8.0	1.0	0.913	134.923	209973	PUNK
wK6RurxnSQpz2vtD	HARDCORE,HARDCORE PUNK	EN	0.229	0.86	4.0	1.0	0.3	137.175	123773	PUNK
Eis5QxoonZ9dk35n	GYPSY PUNK,PUNK	EN	0.563	0.7290000000000001	9.0	0.0	0.5820000000000001	100.875	225067	PUNK
eK66tikzH5PU5PPV	HARDCORE,HARDCORE PUNK	EN	0.326	0.936	6.0	0.0	0.198	90.604	233573	PUNK
83BTed1ljgmzAZcP	PUNK,EMO	EN	0.6729999999999999	0.312	10.0	1.0	0.414	120.952	214107	PUNK
vVN9SY2bhJiWh5zj	PUNK	EN	0.465	0.969	0.0	1.0	0.539	74.979	178450	PUNK
AWGGSyyiq2aprR2z	PUNK	EN	0.423	0.95	2.0	1.0	0.306	168.217	105627	PUNK
XxFy9LDwopg2avOg	LO-FI,POST-PUNK,EXPERIMENTAL	EN	0.525	0.72	2.0	1.0	0.721	90.722	154512	PUNK
6lrzelDF2jNqkHGP	HARDCORE,PUNK,POST-HARDCORE,HARDCORE PUNK,HARDCORE,PUNK,HARDCORE PUNK	EN	0.361	0.988	4.0	1.0	0.272	169.02	163421	PUNK
G6IjeJK8Hyyyz07u	POST-PUNK	EN	0.519	0.889	2.0	1.0	0.066	118.0	308840	PUNK
w6ehGyNcL3vctAbi	HARDCORE,HARDCORE PUNK,PUNK	EN	0.414	0.937	2.0	1.0	0.383	164.99	104017	PUNK
s3XQ9Lyp7RclZvIz	PUNK	EN	0.0875	0.7240000000000001	9.0	0.0	0.36	83.008	254427	PUNK
60DDr8F1k16govjz	POST-PUNK,NEW WAVE	EN	0.454	0.716	7.0	1.0	0.7959999999999999	119.843	225627	PUNK
gSeFztTWLHbwVhyC	NEW WAVE,NEW WAVE,POST-PUNK	EN	0.601	0.762	11.0	0.0	0.8420000000000001	142.705	409067	PUNK
sZ9EoWab3UzgcbQ1	SKA PUNK	EN	0.401	0.868	4.0	0.0	0.476	119.341	396200	PUNK
1l1PrCCMTmaaYAWx	POST-PUNK	EN	0.52	0.612	4.0	0.0	0.148	93.009	344677	PUNK
IQP2yPuzx9Yr4KI5	PUNK,POST-PUNK	EN	0.462	0.396	10.0	0.0	0.459	95.039	107373	PUNK
msLwjLTINl7pDTnP	SHOEGAZE,POST-PUNK	EN	0.447	0.725	6.0	1.0	0.597	116.286	151960	PUNK
xs755Xv7WwZFoTNQ	HARDCORE,MELODIC HARDCORE,HARDCORE PUNK	EN	0.482	0.948	2.0	1.0	0.478	93.492	150000	PUNK
p0N8KxT2Vji0NRjJ	POST-PUNK,SHOEGAZE,NEW WAVE	EN	0.429	0.929	1.0	0.0	0.331	134.009	276991	PUNK
AfAl86XpalnhGS7R	POST-PUNK,NEW WAVE	EN	0.418	0.665	7.0	1.0	0.431	94.712	264440	PUNK
ExwQfuZb1hwWLKlY	PUNK,POST-PUNK,PUNK,EMO	EN	0.431	0.95	7.0	1.0	0.7040000000000001	99.647	235320	PUNK
fHLzQVI9EKMTht8V	POST-PUNK	EN	0.495	0.805	4.0	0.0	0.5670000000000001	137.85399999999998	290133	PUNK
YMweK7FftnDz82zd	POST-PUNK,PUNK,POST-HARDCORE	EN	0.397	0.987	1.0	1.0	0.237	108.251	164133	PUNK
pSixAUDDIL4hI7gp	OI,PUNK	EN	0.319	0.957	7.0	1.0	0.485	172.886	164947	PUNK
b6YMpOSwxkFSVeGP	PUNK	EN	0.394	0.94	9.0	0.0	0.7120000000000001	121.618	107467	PUNK
TlPITrZZuUQkuTrE	NO WAVE,POST-PUNK	EN	0.742	0.929	9.0	1.0	0.652	132.844	313387	PUNK
zTkLEel7Zp7dKbH1	PUNK	EN	0.464	0.893	11.0	0.0	0.6609999999999999	132.036	184867	PUNK
QEF99pXkSEBkHzaO	POST-PUNK,NEW WAVE	EN	0.4970000000000001	0.615	9.0	1.0	0.597	142.735	205360	PUNK
3NTBa9ux1k0TftAV	EMO,PUNK,MIDWEST EMO	EN	0.315	0.918	6.0	1.0	0.474	159.894	195600	PUNK
cGLi5tm4WpRJwL8g	PUNK,HARDCORE PUNK	EN	0.459	0.968	4.0	0.0	0.5579999999999999	101.158	164360	PUNK
Kqx3cpUok4dhjbyj	POST-PUNK,NEW WAVE	EN	0.489	0.8809999999999999	8.0	0.0	0.741	98.964	325080	PUNK
g0deeghHP2CQK8XG	MELODIC HARDCORE,POST-HARDCORE,HARDCORE,PUNK	EN	0.46	0.989	4.0	0.0	0.331	88.99799999999998	220747	PUNK
FJ1LbtnAsZuwB0i2	RIOT GRRRL,PUNK,RIOT GRRRL,PUNK	EN	0.457	0.926	2.0	1.0	0.785	137.372	192067	PUNK
aRdWAZwTojMjsxbN	PUNK,PUNK	EN	0.534	0.97	5.0	0.0	0.574	131.885	211973	PUNK
F3kWxPxDGeMEQp2c	EMO,PUNK	EN	0.8320000000000001	0.665	1.0	1.0	0.421	93.526	119629	PUNK
2Ze9xSrLDzQaTniW	POST-PUNK,SHOEGAZE,NEW WAVE	EN	0.279	0.963	7.0	0.0	0.078	152.041	229721	PUNK
mX4edpDENOvECe8m	LO-FI,EXPERIMENTAL,POST-PUNK	EN	0.57	0.16	9.0	0.0	0.469	100.724	185427	PUNK
NTcf5L6mTv4vowN1	NEW WAVE,POST-PUNK	EN	0.404	0.927	9.0	1.0	0.49	175.11	201747	PUNK
xarySf8EGu4dHKUe	HARDCORE,CRUST PUNK	EN	0.168	0.944	2.0	1.0	0.281	95.156	275840	PUNK
B4zF2eZWHYixKCmx	INDIETRONICA,POST-PUNK	EN	0.546	0.932	8.0	1.0	0.799	155.286	189598	PUNK
VoXx2oOSXVUl20ZH	PUNK	EN	0.4970000000000001	0.965	0.0	1.0	0.598	112.968	167733	PUNK
qUFHDASySG6qE6jm	PUNK,SKA	EN	0.36	0.974	7.0	1.0	0.304	164.607	191867	PUNK
2aiKewjz7zVzeoLK	POST-PUNK,MINIMAL WAVE	EN	0.647	0.877	3.0	0.0	0.902	130.045	239549	PUNK
pxiB17fjAHcdWkuw	PUNK,HARDCORE,HARDCORE PUNK	EN	0.289	0.962	9.0	1.0	0.118	102.594	204916	PUNK
K3sgAwPBE1OMs0jU	POST-PUNK	EN	0.425	0.78	0.0	1.0	0.8079999999999999	136.868	148120	PUNK
9feQNRon0z7fL7CH	PUNK	EN	0.392	0.884	8.0	1.0	0.517	129.618	250307	PUNK
091E0oFGS6sBravV	HARDCORE,HARDCORE PUNK,STRAIGHT EDGE	EN	0.356	0.983	6.0	1.0	0.19	137.374	149133	PUNK
OCDUO9tAU09O7a13	PUNK,POST-PUNK,RIOT GRRRL,PUNK,POST-PUNK,RIOT GRRRL	EN	0.313	0.479	0.0	1.0	0.638	88.36399999999998	158893	PUNK
kF2rnblsIWML6NQ7	PUNK,POST-HARDCORE	EN	0.44	0.89	6.0	0.0	0.552	98.009	150387	PUNK
TM2upkNojgDPmbLQ	HARDCORE PUNK,STRAIGHT EDGE,HARDCORE,PUNK	EN	0.251	0.958	5.0	1.0	0.748	189.067	47227	PUNK
e9Xrm6ZWyhJ4wRz1	HARDCORE,PUNK	EN	0.46	0.978	9.0	1.0	0.185	94.777	110000	PUNK
DcLWUgvZ9ekxODUt	POST-PUNK,MINIMAL WAVE	EN	0.546	0.92	9.0	0.0	0.478	129.998	238194	PUNK
EesqIVSlKUc19TbO	HARDCORE PUNK,PUNK,HARDCORE	EN	0.269	0.846	2.0	0.0	0.278	85.115	33507	PUNK
jaZPnbPzFgRmf4pC	POST-HARDCORE,PUNK,HARDCORE	EN	0.399	0.755	4.0	1.0	0.631	132.816	201040	PUNK
8GzlVkRojEB6Hj7x	POST-PUNK,NEW WAVE	EN	0.426	0.721	1.0	0.0	0.248	151.13	258080	PUNK
TFLXYOTryga5DC9i	POST-PUNK	EN	0.434	0.631	7.0	1.0	0.439	97.705	229733	PUNK
2ffujQZWCuvCB65C	POST-PUNK	EN	0.318	0.915	2.0	1.0	0.718	148.153	228627	PUNK
ftpGCWKIsTJtkuzc	HARDCORE,HARDCORE PUNK,PUNK,STRAIGHT EDGE	EN	0.602	0.892	9.0	1.0	0.904	139.059	171067	PUNK
d0HyY8IVy5T51zq7	POST-PUNK	EN	0.417	0.8009999999999999	0.0	0.0	0.483	136.441	104016	PUNK
rFFmivOrnOmwHsg0	HARDCORE PUNK,SKATE PUNK	EN	0.459	0.989	0.0	1.0	0.286	137.533	157387	PUNK
eAdki0mQtO4fDpl0	PUNK	EN	0.417	0.833	4.0	1.0	0.906	168.80200000000005	133173	PUNK
qv7VZTS0eXutF2I6	POST-PUNK,NEW WAVE,POST-PUNK,NEW WAVE	EN	0.511	0.794	11.0	1.0	0.309	128.72	410587	PUNK
bnKOsczkwj2AkFEK	PUNK	EN	0.471	0.77	0.0	1.0	0.68	150.922	126907	PUNK
biCxaw9emPDb7bJO	POST-PUNK	EN	0.574	0.768	4.0	0.0	0.6459999999999999	128.572	271227	PUNK
uwZSdnxnGIujCVHF	PUNK,HARDCORE PUNK	EN	0.27	0.978	1.0	0.0	0.419	141.692	142965	PUNK
gx1A3jUzYcZhrCHi	HARDCORE PUNK,PUNK,HARDCORE	EN	0.414	0.853	4.0	0.0	0.67	71.431	69493	PUNK
p2LWIpAsu5HxRkn3	PUNK,POST-HARDCORE	EN	0.362	0.856	9.0	1.0	0.285	129.724	245108	PUNK
9UZz344xcONIIggB	POST-PUNK,NEW WAVE	EN	0.853	0.46	9.0	1.0	0.933	168.535	149920	PUNK
DAkw8nCoGNKVxksK	SHOEGAZE,POST-PUNK,AMBIENT	EN	0.195	0.4320000000000001	4.0	0.0	0.208	77.015	228000	PUNK
oH0Qg6TOINpIMOW8	POST-PUNK	EN	0.466	0.872	11.0	0.0	0.8320000000000001	148.57299999999995	170040	PUNK
XEHcMeQ9WXLXt1wK	NEW WAVE,POST-PUNK	EN	0.422	0.5479999999999999	9.0	0.0	0.191	115.652	178213	PUNK
TfTZb5lqQ4Ml9Ds7	POST-PUNK,MINIMAL WAVE,POST-PUNK	EN	0.5479999999999999	0.852	4.0	0.0	0.8809999999999999	135.076	249940	PUNK
iBZmTE1RMNuJte8h	PUNK	EN	0.446	0.847	4.0	0.0	0.696	104.07	43240	PUNK
58OpfqBn9yS4blGj	PUNK,POST-HARDCORE	EN	0.4970000000000001	0.957	9.0	1.0	0.469	130.102	199130	PUNK
hspoU4hwejEdRE7P	POST-PUNK,EXPERIMENTAL	EN	0.7829999999999999	0.462	2.0	1.0	0.419	120.493	284467	PUNK
MiOKs2Zn4SmFpqEY	POST-PUNK	EN	0.423	0.893	7.0	1.0	0.797	140.738	220413	PUNK
2cF7HdTqbIb5bw4S	PUNK	EN	0.306	0.925	4.0	0.0	0.6	118.973	267200	PUNK
hKn6OJ4bWXD8Lmp9	HARDCORE,HARDCORE PUNK	EN	0.388	0.782	1.0	1.0	0.0904	119.013	250080	PUNK
x19MNwboypvRJsmS	POST-PUNK,INDUSTRIAL	EN	0.645	0.747	4.0	0.0	0.684	137.842	287267	PUNK
DkKFYhnBJ4WHTXzm	HARDCORE PUNK,STRAIGHT EDGE,HARDCORE,NYHC	EN	0.53	0.944	11.0	1.0	0.431	106.908	123707	PUNK
usJI97shXEq6YJ7Y	PUNK,HARDCORE PUNK,HARDCORE	EN	0.448	0.971	4.0	0.0	0.677	87.947	204787	PUNK
1WmILK0emIsdTSl2	SKA PUNK,SKA	EN	0.491	0.825	0.0	1.0	0.925	171.658	191587	PUNK
kGBTZGMt6tsMhgx5	POST-PUNK,HARDCORE,SHOEGAZE,HARDCORE PUNK	EN	0.456	0.77	9.0	1.0	0.438	120.969	149082	PUNK
Ip4IbsJcCeoqajB2	POST-HARDCORE,PUNK,HARDCORE	EN	0.303	0.958	6.0	0.0	0.404	126.41	207613	PUNK
K7VDnAXqcgiP7eTo	POST-PUNK,NEW WAVE	EN	0.485	0.846	11.0	0.0	0.743	144.246	237013	PUNK
6FGfDLYI1rdj0io7	PUNK	EN	0.426	0.976	1.0	0.0	0.774	134.718	118067	PUNK
3GmF4xlKg9iAOPNw	EMO,PUNK	EN	0.478	0.721	8.0	1.0	0.256	109.044	286724	PUNK
UwdywHJKcmaxeCp1	POST-PUNK,NEW WAVE	EN	0.471	0.562	9.0	0.0	0.6459999999999999	85.08	298933	PUNK
bkl6bAgDIIXf6m6E	HARDCORE PUNK,NOISE	EN	0.233	0.903	7.0	0.0	0.215	142.703	181653	PUNK
VLE2vsWlYB00m0HU	POST-HARDCORE,PUNK	EN	0.402	0.8170000000000001	11.0	1.0	0.6409999999999999	150.593	212253	PUNK
54AzrZMNQhSmuFoV	PUNK,SKATE PUNK	EN	0.464	0.963	0.0	1.0	0.691	116.319	118973	PUNK
gnY4atwCefkzv3Dr	PUNK	EN	0.198	0.946	1.0	0.0	0.314	158.984	223693	PUNK
HCnMcB9rkOdchE3p	POST-PUNK	EN	0.392	0.865	9.0	1.0	0.662	161.505	176573	PUNK
tYqA0cNBAk7I6yOm	PUNK	EN	0.816	0.8759999999999999	4.0	0.0	0.863	130.005	172262	PUNK
m2TyKpaUKiPknho4	POST-PUNK	EN	0.274	0.924	2.0	1.0	0.397	98.924	168627	PUNK
0KWBvoxQeqLZtb8g	HARDCORE PUNK	EN	0.209	0.996	5.0	1.0	0.282	170.09099999999995	112867	PUNK
CbzMauRlupFda3Mj	GARAGE PUNK	EN	0.297	0.945	11.0	0.0	0.333	115.553	98613	PUNK
fBWbfs4lcPaqLrpU	HARDCORE,HARDCORE PUNK	EN	0.309	0.79	0.0	1.0	0.265	76.957	58800	PUNK
8Diit5ECreeVHmSr	POST-PUNK	EN	0.525	0.8440000000000001	10.0	0.0	0.259	115.035	243039	PUNK
mrTjcqWc70VwF6hk	PUNK	EN	0.39	0.914	4.0	0.0	0.625	110.772	89173	PUNK
CdxbXgxAGrfGARU7	GRUNGE,PUNK,EMO,GRUNGE,PUNK,EMO	EN	0.39	0.7979999999999999	1.0	1.0	0.413	135.001	256000	PUNK
kPJtLJbpTvijy4rD	HARDCORE,PUNK,HARDCORE PUNK	EN	0.413	0.958	2.0	1.0	0.21	118.025	149893	PUNK
QM7TEj7WTyxlF2jp	MELODIC HARDCORE,PUNK,HARDCORE	EN	0.428	0.995	8.0	0.0	0.496	105.505	199213	PUNK
K0EdogN5uL11xNqo	POST-PUNK	EN	0.401	0.711	0.0	1.0	0.7240000000000001	129.898	147898	PUNK
0mjkJ0wb1KHAXtmj	POST-PUNK,PUNK,NEW WAVE	EN	0.4270000000000001	0.867	7.0	1.0	0.763	167.299	205373	PUNK
xVERy7lBr36kBQyf	POST-PUNK,NEW WAVE,POST-PUNK,NEW WAVE	EN	0.419	0.696	2.0	1.0	0.925	143.118	177947	PUNK
LPha9ZEZ1vrTMZv5	NEW WAVE,POST-PUNK	EN	0.361	0.852	2.0	1.0	0.7390000000000001	175.05700000000004	237200	PUNK
tvlq247mlZLP3als	POST-PUNK	EN	0.28	0.986	2.0	1.0	0.168	157.30700000000004	250218	PUNK
65eKmLPrSC60aOq4	PUNK	EN	0.4370000000000001	0.8640000000000001	1.0	0.0	0.585	88.445	161573	PUNK
QAkxLpvPgy6x1JHo	POST-PUNK,NEW WAVE,PUNK,POST-PUNK,NEW WAVE,PUNK	EN	0.607	0.813	9.0	1.0	0.428	180.189	159907	PUNK
cAbhNxsiZVPwWmck	POST-PUNK,SHOEGAZE	EN	0.334	0.906	6.0	0.0	0.356	154.916	411485	PUNK
ig09buEHLo4AqiBr	NEW WAVE,POST-PUNK	EN	0.193	0.944	1.0	1.0	0.204	139.495	294533	PUNK
9MF7y82fv0HAX4PM	PUNK,HARDCORE PUNK	EN	0.364	0.86	1.0	0.0	0.599	144.827	218387	PUNK
GPR61yoV2siCpBCB	SCREAMO,HARDCORE,PUNK,HARDCORE PUNK	EN	0.274	0.968	10.0	1.0	0.57	158.753	111213	PUNK
iPX4bBhuL0q6mo6s	POST-PUNK,NEW WAVE	EN	0.561	0.941	0.0	1.0	0.604	128.607	231120	PUNK
KiXVqK0OVjXy0rNI	NEW WAVE,POST-PUNK	EN	0.522	0.85	7.0	1.0	0.71	124.216	346280	PUNK
PWKrCWMcOlcpErPS	HARDCORE PUNK,PUNK,HARDCORE	EN	0.287	0.9	5.0	1.0	0.0358	104.282	125840	PUNK
d6UsE8dg3m9NgAOk	PUNK	EN	0.474	0.816	7.0	1.0	0.872	150.437	157880	PUNK
9y1IzIZnKVTX7WiC	HARDCORE PUNK,PUNK,HARDCORE	EN	0.467	0.738	1.0	0.0	0.317	112.325	115800	PUNK
IPtV4qQTUmHP6Vpz	RIOT GRRRL,PUNK	EN	0.313	0.603	11.0	1.0	0.425	176.85	258907	PUNK
4Bbs0VMR0ad0ODnz	PUNK,HARDCORE PUNK	EN	0.347	0.996	7.0	1.0	0.0756	169.138	110123	PUNK
aelkciKgD9GkbfwY	POST-PUNK,PSYCHOBILLY,PUNK,COWPUNK	EN	0.45	0.885	4.0	1.0	0.677	135.514	165533	PUNK
AcpxTDj51TwzRWcQ	POST-PUNK	EN	0.429	0.404	8.0	1.0	0.294	142.503	299827	PUNK
2aOhdVx68SxNIle4	PUNK,HARDCORE PUNK	EN	0.227	0.99	7.0	1.0	0.764	165.649	116947	PUNK
1RO3cUR9q0z2yyqV	PUNK,PUNK	EN	0.546	0.875	1.0	1.0	0.765	101.693	192067	PUNK
DwWCcyDEF80g6I4G	PUNK	EN	0.476	0.976	4.0	0.0	0.7090000000000001	110.55	123667	PUNK
4XojqBVbQXAd0vDu	POST-PUNK	EN	0.439	0.929	1.0	1.0	0.8029999999999999	79.972	194280	PUNK
PthkqlyhcBCWUJSG	PUNK,POST-PUNK	EN	0.448	0.922	2.0	1.0	0.905	205.882	53893	PUNK
z200qxsbGPVjSvxp	PUNK	EN	0.474	0.971	5.0	1.0	0.743	132.21	170707	PUNK
ahTneiWU5XwJqitS	PUNK	EN	0.615	0.534	7.0	1.0	0.235	124.225	156457	PUNK
h6TdqYYRKpfrTwsn	PUNK,SKA PUNK,SKA	EN	0.166	0.799	2.0	1.0	0.409	158.636	216405	PUNK
wF3S3lCY1ogTuxlj	RIOT GRRRL,PUNK	EN	0.319	0.698	1.0	1.0	0.36	85.675	209960	PUNK
oQXYOIwj2Xn4F1Kw	POST-PUNK	EN	0.35	0.963	4.0	0.0	0.392	156.179	262800	PUNK
EqAQtzrmtpE8Z61T	PUNK	EN	0.385	0.63	0.0	1.0	0.685	88.79	217827	PUNK
t1oNti1jCelyGKp6	POST-PUNK	EN	0.318	0.654	0.0	1.0	0.352	134.748	277813	PUNK
5BxbUFcprK9n60vf	HARDCORE PUNK,PUNK,HARDCORE	EN	0.38	0.516	1.0	0.0	0.441	100.976	269746	PUNK
gOfiqPMAdU9kS703	HORROR PUNK,PUNK	EN	0.468	0.846	0.0	1.0	0.476	110.761	131333	PUNK
sgGY3zecxiDoILjf	HARDCORE,PUNK	EN	0.205	0.961	11.0	1.0	0.319	174.18900000000005	159896	PUNK
rigEe4DuM45c9ACf	PUNK,NEW WAVE	EN	0.376	0.919	2.0	1.0	0.394	104.14	210307	PUNK
hK7csoL9aQtafpet	PUNK	EN	0.302	0.643	10.0	0.0	0.6609999999999999	95.566	151040	PUNK
ZdEZisEIewXEmPhg	HARDCORE PUNK,PUNK,HARDCORE	EN	0.725	0.64	2.0	1.0	0.835	127.406	222333	PUNK
oBrVRFqExfVYjoVP	POST-HARDCORE,PUNK,EMO	EN	0.502	0.908	9.0	0.0	0.377	139.016	262415	PUNK
FVNVdE9xiyuDLkIu	PUNK,POST-HARDCORE	EN	0.302	0.974	2.0	1.0	0.615	197.14	169520	PUNK
A8SqfKFiFMBVJvgA	HARDCORE,HARDCORE PUNK,NEW AGE,PUNK	EN	0.398	0.963	7.0	1.0	0.371	170.00400000000005	144841	PUNK
gXLYnLOgpokmT5mx	NEW WAVE,POST-PUNK	EN	0.44	0.797	0.0	1.0	0.45	139.69	283107	PUNK
z27mnxpTaoHpwYYa	SKA PUNK,SKA,PUNK	EN	0.475	0.901	8.0	1.0	0.212	163.043	154747	PUNK
gY0X0oGyRBhg2MFF	POST-PUNK,NEW WAVE	EN	0.515	0.899	7.0	1.0	0.765	119.013	198573	PUNK
BF6QAFYP8Topuq66	POST-PUNK,MINIMAL	EN	0.531	0.463	9.0	0.0	0.161	131.991	283120	PUNK
bSB2dFk9S7vTzyzC	PUNK	EN	0.403	0.994	9.0	1.0	0.277	92.16	72840	PUNK
fEShqnks7mYsFOSG	POST-PUNK,NEW WAVE,POST-PUNK,NEW WAVE,EXPERIMENTAL	EN	0.629	0.301	1.0	0.0	0.755	134.607	273307	PUNK
HPkGF48b2Iu4Pp16	PUNK	EN	0.44	0.95	2.0	1.0	0.8740000000000001	183.686	194293	PUNK
WMSeIbVjlpPyoFNo	PUNK,PUNK	EN	0.409	0.978	9.0	0.0	0.503	137.346	196533	PUNK
73yBPagdpo3gkfd4	PUNK,PUNK	EN	0.598	0.7170000000000001	4.0	1.0	0.743	110.881	220000	PUNK
SnZ0QY7LE4YUdN7W	PUNK	EN	0.258	0.92	8.0	1.0	0.527	146.597	191760	PUNK
NzIJ0AvZFev8IH8v	POST-PUNK	EN	0.389	0.913	9.0	0.0	0.647	101.117	366133	PUNK
ixizG6KYO4fNjXcl	GRINDCORE,PUNK	EN	0.276	0.96	6.0	1.0	0.317	106.341	38067	PUNK
jNtR4JKJQzlj55Tg	POST-PUNK,POST-PUNK	EN	0.281	0.596	8.0	1.0	0.578	138.037	159360	PUNK
8x8WlfWFEj8vIufM	POST-PUNK	EN	0.5	0.787	4.0	0.0	0.487	151.977	257858	PUNK
CpgBMHXK5HlC735y	PUNK	EN	0.266	0.8740000000000001	2.0	1.0	0.513	185.654	127360	PUNK
x0HuBw1wH8cKAuL6	PUNK	EN	0.328	0.933	11.0	1.0	0.213	137.523	45960	PUNK
U1aU4AutgktonsnS	POST-PUNK	EN	0.293	0.6559999999999999	9.0	1.0	0.312	136.306	246067	PUNK
8pB16JkPJfG9MgYD	SKA,SKA PUNK	EN	0.342	0.938	0.0	1.0	0.6609999999999999	95.866	168933	PUNK
Cgaaj9AoPqcoeBP8	SHOEGAZE,POST-PUNK	EN	0.341	0.552	8.0	1.0	0.486	121.361	182493	PUNK
JisUmOy6H5clEscK	PUNK	EN	0.5770000000000001	0.899	7.0	1.0	0.924	114.454	267933	PUNK
AoSpjnlxWwLm4s8e	HARDCORE,GRINDCORE,PUNK	EN	0.303	0.977	4.0	1.0	0.106	87.42299999999999	34505	PUNK
GgSrcAcZ9afQkCnq	PUNK	EN	0.541	0.945	0.0	1.0	0.8029999999999999	104.684	164747	PUNK
tqc0WIiaCUyFpbU0	PUNK	EN	0.269	0.713	7.0	0.0	0.816	174.00599999999997	175227	PUNK
UmEjVjj2IL17wXny	POST-PUNK,MINIMAL WAVE	EN	0.546	0.898	9.0	0.0	0.711	139.998	239196	PUNK
OYszI4GBWygf7SkL	POST-PUNK	EN	0.643	0.8859999999999999	1.0	0.0	0.823	111.501	298693	PUNK
5D1P2KIb2r1oeOrc	HARDCORE,HARDCORE PUNK	EN	0.271	0.945	11.0	0.0	0.409	95.799	105827	PUNK
UEC02vit0Bq5zXkr	POST-PUNK	EN	0.5379999999999999	0.872	0.0	1.0	0.405	137.274	302133	PUNK
HqoBLyw4YLx23eVo	PUNK	EN	0.3	0.927	9.0	0.0	0.19	138.137	141944	PUNK
uH7b8CsVomA9DkVZ	PUNK,OI,PUNK,OI	EN	0.442	0.976	2.0	1.0	0.227	141.638	217307	PUNK
eXIwNPQ4XgLjCC6m	PUNK	EN	0.478	0.892	3.0	0.0	0.357	125.566	187827	PUNK
vxuGct9QG0fhFLqa	POST-PUNK	EN	0.357	0.851	0.0	1.0	0.377	138.983	216707	PUNK
OH9GbdCcG2rhunI9	PUNK	EN	0.363	0.8740000000000001	11.0	0.0	0.6659999999999999	160.498	169600	PUNK
hjHmn901THqsvwxJ	NEW WAVE,POST-PUNK,PUNK	EN	0.7190000000000001	0.961	7.0	1.0	0.579	109.171	163733	PUNK
vC5IPUmEPvKs13z2	POST-PUNK,PUNK,SPOKEN WORD	EN	0.956	0.518	7.0	1.0	0.962	131.56799999999998	209586	PUNK
Ta35dtkooguhYmQ5	PUNK,HARDCORE PUNK	EN	0.359	0.988	5.0	0.0	0.5429999999999999	114.62	90302	PUNK
X6z0stFzPJyigNjn	PUNK,PUNK,NEW WAVE	EN	0.536	0.132	8.0	1.0	0.142	113.871	169333	PUNK
8TwD8UmmNdQf1DMk	HARDCORE,PUNK,HARDCORE PUNK,MELODIC HARDCORE	EN	0.59	0.973	10.0	0.0	0.371	132.21200000000002	139133	PUNK
SwY7Pa2I2HPaj0qy	PUNK	EN	0.627	0.926	1.0	0.0	0.652	97.655	213800	PUNK
DnOhyXp2bY2gsztc	HARDCORE,NYHC,HARDCORE PUNK	EN	0.519	0.986	1.0	1.0	0.5720000000000001	135.001	135886	PUNK
dtrH72r4RWG2ky6I	POST-PUNK,NEW WAVE,PUNK	EN	0.542	0.6409999999999999	2.0	1.0	0.332	133.852	312200	PUNK
a7BCbwRxjat54u2T	POST-PUNK,NEW WAVE,PUNK	EN	0.517	0.853	9.0	1.0	0.627	124.421	185307	PUNK
Azfz66SME8z0LDvJ	HARDCORE,PUNK,POST-HARDCORE,HARDCORE PUNK,HARDCORE,PUNK,HARDCORE PUNK	EN	0.411	0.976	4.0	1.0	0.279	170.135	179098	PUNK
Nj7PdTd7EEzhKFpB	PUNK,HORROR PUNK	EN	0.337	0.991	6.0	1.0	0.307	161.61700000000005	129173	PUNK
eVUoGW7Ft97WPlRE	PUNK,MOD REVIVAL	EN	0.35	0.887	9.0	1.0	0.8809999999999999	172.72799999999995	192067	PUNK
34r5RdUQZWPGPQgV	PUNK,PUNK,POST-PUNK	EN	0.44	0.63	2.0	1.0	0.244	88.53299999999999	218440	PUNK
3aX8prWX4CoCIScd	POST-PUNK,SHOEGAZE	EN	0.59	0.748	2.0	0.0	0.5760000000000001	99.799	244000	PUNK
YRbHx4rC7hhj8E37	PUNK	EN	0.498	0.985	7.0	1.0	0.7290000000000001	150.15	130640	PUNK
vAX2yuyyaU5bdskt	SKATE PUNK	EN	0.264	0.843	0.0	1.0	0.6759999999999999	205.86	173907	PUNK
wm1T6O36izEGTkzI	PUNK	EN	0.307	0.877	4.0	1.0	0.619	89.32	176600	PUNK
R0uwq4VF3dIGCTCR	HARDCORE,HARDCORE PUNK,PUNK,STRAIGHT EDGE	EN	0.633	0.98	7.0	1.0	0.973	121.015	124707	PUNK
AQa8yUGoD2B5KRwI	PUNK,POST-HARDCORE	EN	0.477	0.953	9.0	1.0	0.5710000000000001	160.016	191769	PUNK
o7xsjs6lLO2h2gtE	POST-PUNK,NEW WAVE	EN	0.655	0.7859999999999999	9.0	0.0	0.752	130.549	249000	PUNK
KFYdezJGj5zNBdVh	POST-PUNK,EXPERIMENTAL,NEW WAVE	EN	0.421	0.74	0.0	1.0	0.519	139.653	206160	PUNK
TUi7aUuDl3szxuzE	PUNK,EMO	EN	0.545	0.961	0.0	1.0	0.693	136.977	140053	PUNK
cVq4qe1lBwuEpR2P	POST-PUNK,NEW WAVE,PUNK	EN	0.181	0.7759999999999999	6.0	1.0	0.634	168.77900000000002	241720	PUNK
rzJHcsDOI74n1wbL	HARDCORE PUNK,PUNK,HARDCORE	EN	0.398	0.99	11.0	1.0	0.603	101.442	164627	PUNK
615HKX8TyFSI6j93	POST-PUNK,PUNK	EN	0.664	0.915	4.0	1.0	0.518	118.769	189587	PUNK
SbAWZB1inAqiJg66	POST-PUNK	EN	0.583	0.958	4.0	1.0	0.448	146.93	110000	PUNK
412Um4A5jY7JETj4	MELODIC HARDCORE,HARDCORE,POST-HARDCORE,HARDCORE,MELODIC HARDCORE,HARDCORE PUNK	EN	0.575	0.99	7.0	0.0	0.16	117.486	192893	PUNK
i5pSYtOHdfQlF07t	EMO,PUNK	EN	0.302	0.95	11.0	1.0	0.0961	173.12	283729	PUNK
gLMvaaPVyEeq8rpL	POST-PUNK,NEW WAVE	EN	0.527	0.816	4.0	0.0	0.514	148.412	240588	PUNK
Wdyu63njShsLOhZv	HARDCORE,PUNK,MELODIC HARDCORE	EN	0.407	0.981	7.0	1.0	0.384	188.968	216427	PUNK
mgXDZiR7Bm0NlYQV	NEW WAVE,POST-PUNK	EN	0.67	0.5710000000000001	9.0	1.0	0.899	109.905	359227	PUNK
dGMlxKQEViGclcBG	POST-PUNK,NEW WAVE	EN	0.799	0.338	9.0	1.0	0.345	131.566	221520	PUNK
RPh9toVqMTiqEt1A	PUNK,HORROR PUNK	EN	0.519	0.7659999999999999	10.0	0.0	0.5489999999999999	128.263	186133	PUNK
So7mWWAmQ04PDWdQ	PUNK,PUNK,POST-PUNK	EN	0.27	0.924	2.0	1.0	0.408	125.151	307060	PUNK
L1AMqM5wyk1E6ucC	MELODIC HARDCORE,FAST MELODIC PUNK,PUNK	EN	0.423	0.981	8.0	1.0	0.429	109.948	172653	PUNK
de8APdQeY2nPGSsw	HARDCORE,HARDCORE PUNK	EN	0.333	0.892	7.0	1.0	0.4320000000000001	155.764	143507	PUNK
RyfnYqNPBiPXLqCK	PUNK,POST-HARDCORE	EN	0.476	0.933	9.0	1.0	0.623	162.083	201625	PUNK
qC5xpdtFfPBR7kHQ	HARDCORE PUNK,PUNK,HARDCORE	EN	0.465	0.74	0.0	1.0	0.653	107.751	59533	PUNK
RbVoLAupxKwzFIYg	POST-HARDCORE,EMO,PUNK,SCREAMO,EMOCORE	EN	0.485	0.99	10.0	1.0	0.133	102.483	125778	PUNK
RoWa9UbXGQ39AAea	SHOEGAZE,POST-PUNK	EN	0.534	0.777	1.0	1.0	0.4920000000000001	132.963	252387	PUNK
0BGo4WmW6kmsZBK0	PUNK,HARDCORE	EN	0.226	0.963	7.0	1.0	0.272	183.594	124027	PUNK
qfAIjwmR6yDkQTGf	NEW WAVE,POST-PUNK	EN	0.399	0.774	0.0	1.0	0.848	159.64700000000005	167133	PUNK
YOny1E8Ju46Z8d3E	PUNK,HARDCORE	EN	0.216	0.956	7.0	0.0	0.812	156.327	184693	PUNK
89iKrT92QCtupq8m	GARAGE PUNK	EN	0.452	0.8859999999999999	9.0	1.0	0.8759999999999999	133.74	127573	PUNK
OEkjGSO0eJPJ3vP3	PUNK	EN	0.349	0.748	7.0	1.0	0.611	173.041	196427	PUNK
XcsTFQ6NyuSwtPsk	EMO,PUNK	EN	0.403	0.938	6.0	1.0	0.357	109.934	145216	PUNK
8LHClMnjt1RY5bZH	SKA,SKA PUNK	EN	0.5720000000000001	0.914	5.0	1.0	0.963	148.733	121667	PUNK
MKiEddKMjvq5tI0r	POST-PUNK,NEW WAVE	EN	0.49	0.873	2.0	1.0	0.57	134.59	172307	PUNK
IBwjOCmTTL77lFrt	PUNK,OI	EN	0.407	0.83	7.0	1.0	0.556	93.359	160707	PUNK
aFAgYVgTIS43qBbb	ANARCHO-PUNK,PUNK,POST-PUNK	EN	0.379	0.768	9.0	1.0	0.275	78.078	190267	PUNK
RxR62PCzvZKeYOjC	GRUNGE,RIOT GRRRL,PUNK	EN	0.521	0.802	4.0	1.0	0.654	99.027	262907	PUNK
3eQxQBnmywpil0zc	POST-HARDCORE,HARDCORE,PUNK	EN	0.322	0.843	9.0	1.0	0.345	129.752	255720	PUNK
a79BfeEfT1szMpdb	POST-PUNK,POST-PUNK,NEW WAVE	EN	0.376	0.7909999999999999	11.0	0.0	0.682	138.984	231493	PUNK
P3C3IfOlgv638ge8	HARDCORE PUNK,PUNK,HARDCORE,HARDCORE PUNK,PUNK	EN	0.156	0.8490000000000001	3.0	0.0	0.5710000000000001	186.164	194973	PUNK
9JAP4GWde9RZrpx4	SKA PUNK,SKA,PUNK,SKA PUNK,SKA,PUNK	EN	0.451	0.883	9.0	0.0	0.555	139.946	281573	PUNK
auEj88k8aDYLG05u	POST-PUNK,NEW WAVE	EN	0.5379999999999999	0.67	10.0	1.0	0.2	162.011	172013	PUNK
VerMsHPb54fbTQrA	OI,STREET PUNK,OI,STREET PUNK	EN	0.399	0.904	11.0	0.0	0.63	134.901	228320	PUNK
Ud47DiTYyW11dsjZ	PUNK,HARDCORE PUNK	EN	0.171	0.955	2.0	1.0	0.373	160.284	132867	PUNK
vzeTu5D9UQp2NQeL	HARDCORE,MELODIC HARDCORE,HARDCORE PUNK,PUNK	EN	0.453	0.957	1.0	1.0	0.352	107.668	197227	PUNK
Rz2pSlbTUXzyNwNT	POST-PUNK	EN	0.486	0.8079999999999999	8.0	1.0	0.62	134.092	163598	PUNK
SFoRWIrIvKsukpLn	POST-PUNK,NEW WAVE	EN	0.241	0.468	2.0	1.0	0.451	91.581	112707	PUNK
KVPCrs45vMh7YS7F	NEW WAVE,POST-PUNK	EN	0.585	0.71	7.0	1.0	0.535	127.897	251880	PUNK
69fGLLoqtazT9wrU	EMO,PUNK	EN	0.434	0.569	4.0	1.0	0.343	135.329	216581	PUNK
VsKIi3TJyxA6cPQD	POST-PUNK,NEW WAVE	EN	0.584	0.6509999999999999	0.0	1.0	0.4920000000000001	120.023	160173	PUNK
ddakLQ7c4EAeQXX3	GARAGE PUNK,LO-FI	EN	0.693	0.439	4.0	1.0	0.273	113.942	244928	PUNK
cX7kTho2LDnDsvPl	POST-PUNK	EN	0.532	0.5529999999999999	9.0	1.0	0.389	142.266	213551	PUNK
4bhFZ4pgYDKtCXks	POST-HARDCORE,POST-HARDCORE,PUNK,HARDCORE	EN	0.257	0.8059999999999999	4.0	1.0	0.557	143.998	204400	PUNK
dceR6NFMjNf3ppZg	PUNK	EN	0.259	0.768	7.0	1.0	0.255	165.826	313720	PUNK
WdWNpZtAiW5tYBgS	POST-PUNK	EN	0.482	0.961	7.0	1.0	0.335	130.031	221427	PUNK
rxuqvbVigUbXC8pb	PUNK	EN	0.415	0.862	9.0	1.0	0.7909999999999999	109.909	96600	PUNK
yzhaSbPbFxoQe05w	PUNK,HALLOWEEN	EN	0.723	0.569	9.0	1.0	0.535	135.532	310729	PUNK
P0SRfCVraCQutWH0	HARDCORE PUNK,HARDCORE,MELODIC HARDCORE	EN	0.5	0.968	1.0	0.0	0.435	95.973	132107	PUNK
IU13JEa75TQVRQrY	POST-HARDCORE,PUNK	EN	0.318	0.933	3.0	0.0	0.274	128.491	166560	PUNK
F7H5hcpd3KqceWsD	POST-PUNK	EN	0.6990000000000001	0.8740000000000001	2.0	1.0	0.875	148.969	244160	PUNK
ogKSkdcnnvnBeAgg	PUNK,PROTOPUNK	EN	0.4370000000000001	0.81	1.0	1.0	0.198	97.223	350587	PUNK
keMOkKeEtxNGdcGk	PUNK,HARDCORE PUNK,HARDCORE	EN	0.242	0.623	4.0	1.0	0.303	163.607	322440	PUNK
HKEPQeKxJvNYbiEO	POST-PUNK,NEW WAVE	EN	0.555	0.4970000000000001	7.0	1.0	0.452	142.89	261533	PUNK
5YupnwVT1bhwOqLm	INDUSTRIAL,PUNK,INDUSTRIAL,PUNK	EN	0.659	0.6890000000000001	1.0	1.0	0.966	148.82	86973	PUNK
sY2eIdJUoustqTPX	PUNK	EN	0.541	0.931	7.0	1.0	0.762	141.90200000000004	234880	PUNK
SCopqpOxv3it0VLv	POST-HARDCORE,PUNK	EN	0.271	0.86	4.0	1.0	0.344	169.734	239773	PUNK
CFFigsAX0GRibpxk	POST-PUNK,SHOEGAZE,NEW WAVE	EN	0.535	0.958	9.0	1.0	0.119	131.014	280108	PUNK
2rQUO4jU0myfggFP	PUNK,HARDCORE,PUNK,POST-PUNK,HARDCORE PUNK	EN	0.244	0.916	0.0	1.0	0.293	99.547	128467	PUNK
D02laP6n0Zz1agzG	EXPERIMENTAL,POST-PUNK	EN	0.119	0.493	7.0	0.0	0.114	79.197	273853	PUNK
G3HQzLdLJOUCTBPD	POST-PUNK,POST-PUNK,NEW WAVE,PUNK	EN	0.586	0.833	4.0	1.0	0.931	171.50599999999997	126307	PUNK
4YVZRPCrGMcF0yl5	NEW WAVE,POST-PUNK,NEW ROMANTIC,NEW WAVE,POST-PUNK	EN	0.624	0.8540000000000001	0.0	1.0	0.7509999999999999	103.892	190187	PUNK
CVlK7vqvKjGnb1u8	PUNK	EN	0.382	0.617	9.0	1.0	0.616	164.963	197707	PUNK
RLTaDuzJXQV3P7En	PUNK	EN	0.595	0.99	7.0	1.0	0.555	111.935	196467	PUNK
tyVo9IduZyiyazr1	HARDCORE,PUNK,STRAIGHT EDGE	EN	0.394	0.967	4.0	0.0	0.398	106.898	95693	PUNK
E8f97I4sRCFObDr5	POST-PUNK,NEW WAVE	EN	0.259	0.958	7.0	0.0	0.446	155.993	224440	PUNK
vlfYKKSGfNDNwkpc	HARDCORE PUNK,PUNK,HARDCORE	EN	0.226	0.628	0.0	1.0	0.298	183.794	150627	PUNK
K06gTchUrG7e7C4q	POST-PUNK,MINIMAL WAVE	EN	0.475	0.8809999999999999	8.0	1.0	0.621	174.942	215376	PUNK
W1pqLsGl85uDOBo3	POST-PUNK,POST-PUNK,NEW WAVE	EN	0.405	0.929	4.0	1.0	0.363	142.935	227160	PUNK
wHyp0M7wtif9Lahx	OI,STREET PUNK,PUNK	EN	0.231	0.997	10.0	1.0	0.158	184.79	301827	PUNK
dmWDiOHBEaTtU0Wq	POST-PUNK,PUNK	EN	0.198	0.959	11.0	0.0	0.0405	171.528	168240	PUNK
DQigVQmZkTzsNfsl	HARDCORE PUNK,HARDCORE,PUNK	EN	0.507	0.883	4.0	0.0	0.805	108.275	93600	PUNK
G973vQJ7LtniA4be	POST-HARDCORE,PUNK,HARDCORE	EN	0.785	0.259	9.0	0.0	0.37	104.463	214573	PUNK
5BgsLUbLAgQyXnSe	POST-PUNK	EN	0.813	0.685	2.0	0.0	0.826	138.976	288107	PUNK
BNfxIuxk4VyQIS4S	PUNK	EN	0.254	0.929	7.0	1.0	0.858	141.55200000000005	134600	PUNK
Gu6j3kOr5rDgIBIQ	SKATE PUNK	EN	0.439	0.99	11.0	0.0	0.476	107.687	108133	PUNK
vMRdNqrcYLpCXIKP	SHOEGAZE,POST-PUNK	EN	0.529	0.561	11.0	0.0	0.139	119.998	243787	PUNK
r35ctxXz50ylQFfC	SKATE PUNK	EN	0.453	0.949	7.0	1.0	0.816	92.379	160707	PUNK
SWUv3df30tAPb8r2	EMO,PUNK,POST-HARDCORE	EN	0.468	0.921	8.0	1.0	0.503	147.846	239573	PUNK
dGvBWMOXeRlBGBQL	PUNK	EN	0.284	0.971	6.0	1.0	0.18	187.46400000000003	255267	PUNK
xgQwWCL36FPBJtvU	PUNK,HARDCORE	EN	0.279	0.984	7.0	1.0	0.363	105.223	192853	PUNK
onQA72nYd8l0vysy	POST-PUNK,NEW WAVE	EN	0.642	0.777	2.0	1.0	0.939	137.05700000000002	211427	PUNK
r1iqfUUbBv8j2kS7	POST-PUNK,POST-PUNK,NEW WAVE	EN	0.477	0.6659999999999999	2.0	1.0	0.203	125.305	292760	PUNK
ORFk8GFDrCkM3yEn	HARDCORE PUNK	EN	0.537	0.965	0.0	1.0	0.674	100.042	202213	PUNK
lhQW6XffbKAYwP8Z	POST-PUNK	EN	0.617	0.469	9.0	0.0	0.464	126.081	228173	PUNK
uhOuLXmCFOml8QPy	PUNK	EN	0.406	0.994	11.0	1.0	0.343	151.005	158907	PUNK
V78W7XPYTwJ0nR4N	POST-HARDCORE,POST-HARDCORE,PUNK,HARDCORE	EN	0.287	0.542	11.0	0.0	0.0615	105.773	402520	PUNK
vvST5h16hjYjkzRC	POST-PUNK	EN	0.211	0.764	0.0	1.0	0.4920000000000001	156.197	201133	PUNK
Jp6ipzyC5k75pWvR	POST-PUNK,EXPERIMENTAL	EN	0.438	0.5760000000000001	9.0	1.0	0.454	159.57299999999995	276040	PUNK
42wLAWKm5n0kBXof	MELODIC HARDCORE,PUNK,HARDCORE,HARDCORE PUNK	EN	0.521	0.947	11.0	0.0	0.385	100.471	214667	PUNK
kXTyG8dzkzw0wKku	HARDCORE,POST-HARDCORE,HARDCORE PUNK,PUNK,HARDCORE,POST-HARDCORE,HARDCORE PUNK	EN	0.662	0.69	9.0	0.0	0.471	150.07399999999996	250520	PUNK
jOZvv6Mta7iRswNU	POST-PUNK,POST-PUNK,NEW WAVE,PUNK	EN	0.539	0.6759999999999999	7.0	1.0	0.221	102.96	271360	PUNK
PfFdqMU4QxkAo7JV	POST-PUNK,PUNK,POST-PUNK,NEW WAVE	EN	0.61	0.743	2.0	1.0	0.268	111.476	195707	PUNK
CXHaTvCa3aAsiDTd	SKA,PUNK,SKA PUNK,PUNK,SKA PUNK,SKA	EN	0.677	0.947	9.0	1.0	0.969	102.828	121467	PUNK
IdApzAs2xzPalfgE	FUNK,NEW WAVE,NEW WAVE,POST-PUNK	EN	0.5820000000000001	0.875	0.0	1.0	0.943	112.564	241693	PUNK
hECBLZUe0Ik9GMSz	POST-PUNK,EXPERIMENTAL	EN	0.283	0.976	2.0	0.0	0.601	165.551	187947	PUNK
NjKqg7yIThKBrCi6	NEW WAVE,POST-PUNK	EN	0.325	0.921	11.0	0.0	0.747	197.655	164560	PUNK
WvWeqg0eBpuwGEA5	PUNK,SKA	EN	0.493	0.495	0.0	1.0	0.914	131.56799999999998	185427	PUNK
HmQAMdnX55siRCUZ	NEW WAVE,POST-PUNK	EN	0.53	0.861	7.0	1.0	0.8440000000000001	130.476	140507	PUNK
8Ph59LnVCtNtfYGQ	AMBIENT,POST-PUNK	EN	0.214	0.725	6.0	0.0	0.5820000000000001	159.124	300280	PUNK
TdypZmnIGMGF4B7H	POST-PUNK	EN	0.4370000000000001	0.841	7.0	1.0	0.552	184.923	178466	PUNK
jDg7M1pL56de2DW6	POST-HARDCORE,HARDCORE PUNK	EN	0.236	0.958	4.0	0.0	0.7020000000000001	107.887	158867	PUNK
xF859aaEcvZotkkR	MELODIC HARDCORE,HARDCORE,POST-HARDCORE,HARDCORE PUNK	EN	0.187	0.978	1.0	1.0	0.231	159.643	238480	PUNK
2gLZ65Gz8ebz70nB	POST-PUNK,POST-PUNK	EN	0.763	0.7979999999999999	9.0	0.0	0.967	139.97899999999998	224267	PUNK
14OKSz9G1hj416d7	NEW WAVE,NEW WAVE,POST-PUNK	EN	0.73	0.5479999999999999	9.0	1.0	0.813	115.607	320800	PUNK
txGuMXdwWvy1zQg3	POST-PUNK	EN	0.449	0.8390000000000001	4.0	0.0	0.504	174.956	264238	PUNK
yGvJw0qWok4aWuRi	POST-PUNK,HALLOWEEN	EN	0.407	0.612	11.0	0.0	0.313	149.356	302987	PUNK
3fpXPpgn2Xxy4M7B	POST-PUNK,INDUSTRIAL,NEW WAVE	EN	0.392	0.981	11.0	0.0	0.424	144.512	225813	PUNK
VPJwIvlAxXTQ0Z5l	GARAGE PUNK,LO-FI	EN	0.6	0.642	4.0	1.0	0.6779999999999999	117.601	153437	PUNK
CBez6Syb4pNWWpUV	PUNK	EN	0.505	0.956	7.0	0.0	0.6579999999999999	143.93200000000004	171933	PUNK
WyOVGcM0e9tGCExd	PUNK	EN	0.409	0.953	9.0	0.0	0.496	125.389	166627	PUNK
vjJC2K7IBMw8tLDf	PUNK	EN	0.374	0.8590000000000001	0.0	1.0	0.926	136.246	179920	PUNK
fH28HXFMk7i1xMN9	POST-PUNK,SHOEGAZE,NEW WAVE	EN	0.449	0.772	0.0	1.0	0.178	97.838	270356	PUNK
kC2flIh8Bk46xtRd	PUNK	EN	0.416	0.971	1.0	1.0	0.461	140.664	82427	PUNK
4uZXpOgN454dvo7Z	POST-HARDCORE,PUNK,HARDCORE	EN	0.5820000000000001	0.804	11.0	0.0	0.908	126.31	159667	PUNK
LTD9YN45cTlH8JIv	EMO,PUNK,MIDWEST EMO	EN	0.363	0.8759999999999999	3.0	1.0	0.408	110.019	227213	PUNK
8LFamMCXrki7C3Qt	POST-PUNK,NEW WAVE,INDUSTRIAL,POST-PUNK,NEW WAVE,INDUSTRIAL	EN	0.43	0.889	10.0	1.0	0.343	127.191	268360	PUNK
5uOdMFtDM9mFxvQI	RAP	EN	0.564	0.6829999999999999	9.0	1.0	0.188	127.937	215587	RAP
I4yHEHbYewvNJtqq	RAP	EN	0.853	0.805	11.0	0.0	0.879	134.55	131756	RAP
iERD4tT5qQvt8iFA	RAP,SOUL	EN	0.442	0.463	1.0	0.0	0.229	87.213	176213	RAP
MMB9uKyxuyHmyqlj	RAP	EN	0.7959999999999999	0.495	9.0	1.0	0.45	148.02	149189	RAP
xYJySAftyT1YBQ8V	RAP	EN	0.507	0.635	0.0	1.0	0.0496	129.965	270453	RAP
QWFOaJ0JJClAntBg	RAP,EMO	EN	0.872	0.391	0.0	0.0	0.4370000000000001	134.02100000000002	119133	RAP
DDtJbl5qDTH2OGFy	RAP	EN	0.495	0.544	9.0	0.0	0.0938	159.268	281320	RAP
zS6639zPKIzheBGR	RAP	EN	0.632	0.305	0.0	0.0	0.679	86.86399999999998	169320	RAP
36rl8OoSE3IAhlzw	RAP	EN	0.653	0.711	9.0	1.0	0.769	160.048	191320	RAP
2FjUxVL26sbveusa	GRIME,RAP	EN	0.708	0.753	11.0	1.0	0.0887	133.915	215907	RAP
5yAZ18M1iM4Qdwml	HORRORCORE,RAP,HARDCORE PUNK,PUNK	EN	0.376	0.96	3.0	1.0	0.282	142.673	204760	RAP
3RhR1Xu2anWmVXSH	FUNK,SOUL,RAP	EN	0.735	0.7490000000000001	10.0	0.0	0.373	93.718	278507	RAP
djdwSo0UsOa24UzX	RAP,EXPERIMENTAL	EN	0.815	0.51	8.0	1.0	0.9	123.025	124589	RAP
C6xuZ7KYA4E7kXPd	RAP	EN	0.682	0.799	6.0	1.0	0.038	105.021	232960	RAP
HtbK8wZA2MopSwOZ	RAP	EN	0.7659999999999999	0.561	1.0	1.0	0.356	76.794	152668	RAP
HEQzTCr1nMQhKrgP	RAP	EN	0.8759999999999999	0.608	8.0	1.0	0.258	124.983	199680	RAP
Ne3uvq5Q1cP5lZlR	REGGAE,RAP	EN	0.733	0.7440000000000001	1.0	1.0	0.529	92.515	241133	RAP
VN31GEGK47IAli4Y	RAP	EN	0.821	0.856	6.0	0.0	0.5329999999999999	91.023	225373	RAP
EVHXu5MhyaMcvjlB	RAP	EN	0.69	0.8270000000000001	8.0	1.0	0.445	94.859	187280	RAP
dH2oWGJRU4x2Knfq	RAP	EN	0.563	0.573	7.0	1.0	0.177	119.806	241900	RAP
BRstzu2dKENKhcwe	RAP,RAP	EN	0.659	0.584	2.0	1.0	0.0383	99.116	89697	RAP
yG0WFZMNLx8CV9Um	RAP,PHONK	EN	0.7609999999999999	0.684	1.0	1.0	0.184	87.015	110420	RAP
y2JeoQVEGG56TLJy	RAP	EN	0.602	0.725	6.0	1.0	0.304	122.803	239853	RAP
Jq1BxRzy2c2OBIjW	RAP	EN	0.313	0.7609999999999999	4.0	0.0	0.591	162.606	237107	RAP
k3fIF5XsWbLhdgcu	RAP,METAL,EMO	EN	0.617	0.541	6.0	1.0	0.43	79.998	107999	RAP
soypfAcrVZlmkT6B	RAP	EN	0.5579999999999999	0.887	1.0	1.0	0.535	119.893	247293	RAP
PBO77c766DCMpb8s	RAP	EN	0.607	0.725	1.0	0.0	0.516	157.97	174873	RAP
dvknQz85AZSqo303	GRIME,RAP	EN	0.503	0.872	7.0	1.0	0.417	99.562	212093	RAP
CCMxX0jek8HtXCnS	RAP	EN	0.7929999999999999	0.371	10.0	0.0	0.114	109.999	110155	RAP
gSLnhHl7yZMDhWPO	RAP	EN	0.536	0.946	5.0	0.0	0.779	185.967	286267	RAP
Pt8zYJlZoAfSrJVD	RAP	EN	0.764	0.474	9.0	1.0	0.151	132.005	204544	RAP
8QtIaG8jLfXXWH5f	RAP,RAP	EN	0.8109999999999999	0.486	1.0	1.0	0.0384	105.991	133747	RAP
yg6ttPdfxjkCFGpi	RAP	EN	0.8190000000000001	0.54	11.0	1.0	0.361	140.035	181547	RAP
NR0cJttN7laqGxQ8	RAP	EN	0.705	0.7020000000000001	0.0	0.0	0.7709999999999999	140.059	250493	RAP
iC21S5EXDbHXVnw5	EMO RAP	EN	0.773	0.51	7.0	1.0	0.286	89.949	229800	RAP
vBZlNObQdxem1CeC	RAP	EN	0.596	0.574	6.0	0.0	0.439	131.075	248360	RAP
8Bd8GMQyEPVovlhu	PUNK,RAP	EN	0.672	0.762	6.0	0.0	0.8740000000000001	150.018	153600	RAP
WyQUWMFVeO6ESL0v	RAP	EN	0.422	0.851	11.0	1.0	0.667	93.649	259301	RAP
DTim6DQ4wlO1Evsp	EMO,EMO RAP,RAP	EN	0.501	0.486	2.0	0.0	0.318	139.872	206493	RAP
5cMiEqUoO0sGTPdw	RAP	EN	0.665	0.8370000000000001	11.0	0.0	0.5660000000000001	85.04799999999999	251693	RAP
putVdnVB1P3m1FNY	RAP	EN	0.755	0.863	1.0	1.0	0.669	156.07	161387	RAP
iGVQ9qSpp8tvj2bf	RAP,LO-FI,RAP	EN	0.645	0.589	8.0	1.0	0.616	89.971	250640	RAP
mjvZLcQCLTeo1J55	RAP	EN	0.551	0.81	11.0	1.0	0.332	73.464	274333	RAP
iyNWilhAG0a3k0R1	RAP	EN	0.833	0.6729999999999999	1.0	0.0	0.753	148.019	149080	RAP
Ws6zRC26tnoAIMoy	RAP	EN	0.535	0.55	4.0	1.0	0.619	90.086	324853	RAP
NlkjYhzDjr5nKWdC	RAP	EN	0.573	0.868	0.0	1.0	0.263	72.535	159010	RAP
2J944aZUIaxcJNYo	RAP	EN	0.7170000000000001	0.46	8.0	0.0	0.36	123.891	188023	RAP
DrGYu7hdIOqBFUU0	RAP,JAZZ RAP	EN	0.713	0.419	11.0	1.0	0.253	91.634	201667	RAP
cIlu36BS3yQshknX	DRILL,RAP	EN	0.6779999999999999	0.691	8.0	0.0	0.294	90.00299999999999	191091	RAP
zFoMS1lXCTCpQNEq	FUNK,SOUL,RAP	EN	0.308	0.234	2.0	0.0	0.123	87.98200000000001	370773	RAP
FH2Ky4ibZcDIcIwd	RAP	EN	0.885	0.607	1.0	0.0	0.391	137.881	199191	RAP
aSsyXeFhhEpiLNbH	SOUL,RAP	EN	0.688	0.521	9.0	0.0	0.431	102.974	189884	RAP
v05AdmqwK0naUFC0	RAP	EN	0.933	0.718	10.0	0.0	0.438	99.094	216413	RAP
f7zybBJJgsBuCX2r	RAP	EN	0.838	0.5670000000000001	0.0	1.0	0.431	107.986	124499	RAP
QS0UvKLEdR5mLwsz	RAP,HOUSE,SOUNDTRACK	EN	0.415	0.596	5.0	0.0	0.143	94.865	302360	RAP
AqRzSUpMKbfwBOlo	RAP	EN	0.631	0.774	11.0	1.0	0.44	79.745	230693	RAP
qW8P3aDv6Wi76LKt	RAP	EN	0.735	0.873	2.0	0.0	0.38	149.888	187547	RAP
YIW1oiSNa2agdqc1	REMIX,RAP	EN	0.524	0.7909999999999999	9.0	1.0	0.231	139.946	351429	RAP
MWOrDNCLkOK7N94t	RAP	EN	0.728	0.584	10.0	0.0	0.365	161.9	166852	RAP
kSgZNTnuhJ3TqS7Z	RAP	EN	0.399	0.8490000000000001	10.0	1.0	0.123	181.83900000000003	160879	RAP
kFBTJVLf3HZ7gP3A	RAP	EN	0.757	0.882	1.0	1.0	0.684	140.047	219320	RAP
MhRNYwFeAbWGNmK9	RAP,EMO	EN	0.835	0.8959999999999999	1.0	1.0	0.906	112.01	106041	RAP
iB8j1oPsLqdgkR2g	RAP,EMO	EN	0.6970000000000001	0.8440000000000001	8.0	1.0	0.263	146.056	141971	RAP
STjIBqKAvGUZONPB	RAP	EN	0.585	0.597	0.0	1.0	0.227	100.051	324674	RAP
oFJogvKdEoHTHXCs	RAP,RAP	EN	0.792	0.665	10.0	0.0	0.7859999999999999	90.001	258765	RAP
HyT0u0TVLPVlKnaS	RAP,UNDERGROUND RAP	EN	0.417	0.847	8.0	0.0	0.679	176.479	210933	RAP
LeOPnMwMfmwrlnWB	RAP	EN	0.495	0.893	11.0	1.0	0.511	183.406	209613	RAP
sCWtSp8V16YQu9iJ	RAP	EN	0.6990000000000001	0.489	1.0	0.0	0.0739	134.017	214925	RAP
UW9g3nxsFahWHWJP	RAP,HARDCORE	EN	0.73	0.899	9.0	1.0	0.753	127.996	199187	RAP
WP4RkO51CCZnKBlQ	RAP	EN	0.863	0.5760000000000001	5.0	0.0	0.8320000000000001	132.054	236293	RAP
pyQzJOAlMO139lsi	RAP,RAP	EN	0.722	0.329	0.0	0.0	0.166	99.991	230713	RAP
dzmXZTkeSmOBLjzX	RAP	EN	0.6890000000000001	0.777	8.0	1.0	0.4920000000000001	139.72299999999998	85714	RAP
N4SEIrlhGUfU2Ua7	RAP,PHONK	EN	0.713	0.8390000000000001	4.0	0.0	0.0369	150.004	149230	RAP
ZNv1UqTIgrr3EMkL	EXPERIMENTAL,SCREAMO,RAP,POST-HARDCORE,EXPERIMENTAL,SCREAMO	EN	0.259	0.984	11.0	0.0	0.4920000000000001	128.11	234160	RAP
1Cy7h5OnRGIi2wQ6	RAP	EN	0.95	0.573	0.0	1.0	0.5489999999999999	120.032	121000	RAP
f4pOTK5sZDAq81Ye	RAP	EN	0.7440000000000001	0.727	1.0	1.0	0.8690000000000001	160.143	208587	RAP
6pEFUKZ4bxSbth7y	RAP	EN	0.675	0.631	7.0	1.0	0.653	180.09099999999995	151327	RAP
bu1zMesTQKMcREAY	RAP,RAP	EN	0.439	0.863	4.0	0.0	0.797	81.382	179310	RAP
324q6xSpCRqQY1xq	RAP,UK GARAGE	EN	0.853	0.6859999999999999	10.0	0.0	0.5379999999999999	122.97	210479	RAP
P5sBMQaoFLtTqjGA	RAP	EN	0.7929999999999999	0.625	9.0	1.0	0.181	130.047	165231	RAP
PhQYskGNP8n7ms8v	RAP	EN	0.782	0.508	9.0	1.0	0.356	137.954	170435	RAP
shJk1Mn6klJsozuz	EMO RAP,RAP	EN	0.6509999999999999	0.868	7.0	1.0	0.216	144.976	180879	RAP
HOuCpq4aVMZq75V3	RAP	EN	0.685	0.416	0.0	0.0	0.107	119.967	104211	RAP
vQnMXcaoRI3j4tiN	RAP	EN	0.618	0.98	4.0	0.0	0.155	117.125	169231	RAP
xkCj6FjZl1lClIUt	RAP	EN	0.5539999999999999	0.887	7.0	1.0	0.648	172.233	370133	RAP
OpIh0MOgvq2PPyp3	RAP	EN	0.596	0.417	2.0	0.0	0.129	148.43200000000004	102701	RAP
ikvR16hE9fCZzBzM	RAP	EN	0.8440000000000001	0.486	10.0	0.0	0.8	95.897	222933	RAP
omE2GDjHL786pxZQ	RAP,PHONK	EN	0.728	0.608	6.0	0.0	0.402	110.043	131220	RAP
9w9gcgpKBBcZMXHL	RAP	EN	0.665	0.498	5.0	1.0	0.127	81.96700000000001	179613	RAP
PITgKhTLsx5PehDJ	RAP,RAP	EN	0.733	0.754	8.0	1.0	0.7190000000000001	159.947	117000	RAP
C8JDHDezLHG2yW0K	RAP,EMO	EN	0.603	0.466	6.0	1.0	0.124	130.901	188029	RAP
aCfdKuiDXhVC4hvD	RAP,SOUL	EN	0.546	0.529	11.0	0.0	0.247	107.331	237787	RAP
tEWD63YHlequGcBr	RAP,EMO	EN	0.6970000000000001	0.7909999999999999	8.0	1.0	0.563	119.931	137772	RAP
fl3RoDQ7vNWY8bpF	RAP	EN	0.964	0.531	4.0	1.0	0.322	129.957	96642	RAP
c7SchmqD1kDSoFDv	RAP	EN	0.8959999999999999	0.5920000000000001	7.0	1.0	0.3670000000000001	100.992	167227	RAP
tZcmAWSGTrUgCip9	SOUL,RAP	EN	0.759	0.8340000000000001	7.0	1.0	0.763	98.979	252186	RAP
1yEaZkyIy7n93RMA	RAP,RAP	EN	0.845	0.777	1.0	0.0	0.7559999999999999	140.045	140571	RAP
2qxOn906ReTdyxk5	RAP	EN	0.7090000000000001	0.638	1.0	1.0	0.132	119.876	232827	RAP
11vLXtujW5gKibl7	EMO,EMO RAP,RAP	EN	0.622	0.509	10.0	1.0	0.654	159.925	160627	RAP
sUpsaWYeU4UOi0rF	RAP	EN	0.449	0.667	11.0	0.0	0.085	80.751	164906	RAP
P8JafJg4lJEMpmVl	RAP,EMO	EN	0.828	0.581	0.0	1.0	0.145	133.999	200627	RAP
QmzpmLFNuP6M5sLS	RAP	EN	0.893	0.907	11.0	1.0	0.302	99.971	121979	RAP
na2dlUqnpyzre0di	RAP	EN	0.863	0.349	1.0	1.0	0.301	129.94799999999998	194664	RAP
zOT0epkqG9tRURlk	RAP	EN	0.843	0.507	8.0	0.0	0.409	130.02	163440	RAP
WgxWNGBcj7YTlmfw	RAP	EN	0.7090000000000001	0.7509999999999999	6.0	1.0	0.37	104.999	140527	RAP
iuceu3Shi4yJgfWd	RAP,GRIME,RAP	EN	0.716	0.8340000000000001	7.0	1.0	0.7290000000000001	97.043	203759	RAP
jZtC3lVVuZtKCbUW	RAP	EN	0.921	0.703	11.0	0.0	0.78	133.982	229254	RAP
bdDbZje3JWTXMWvL	RAP	EN	0.895	0.8390000000000001	0.0	1.0	0.7559999999999999	149.951	286117	RAP
nZAttEebTcciVad0	RAP	EN	0.6859999999999999	0.469	1.0	1.0	0.156	72.998	218624	RAP
yROdLMcxc5XgGnIC	GRIME,RAP	EN	0.746	0.728	11.0	1.0	0.391	144.94799999999995	179267	RAP
9wVMVj3NEoSnQDwH	RAP	EN	0.398	0.7090000000000001	4.0	0.0	0.7140000000000001	78.089	243227	RAP
WsdYNJNSNJAeVq7A	RAP	EN	0.752	0.713	6.0	0.0	0.45	109.18	252252	RAP
zCshZZ2v1E1vmUTS	RAP,EMO,EMO RAP	EN	0.603	0.503	1.0	1.0	0.175	77.491	178161	RAP
ZfXF9WHqPg4eqvdG	RAP	EN	0.966	0.519	1.0	1.0	0.119	122.195	242448	RAP
QinniWpBEFhsglBw	RAP	EN	0.67	0.4320000000000001	10.0	1.0	0.201	112.002	111490	RAP
wIJSJuom1Nlddqqv	RAP,RAP	EN	0.741	0.758	1.0	1.0	0.4	75.012	135200	RAP
Rot0hPeyTFlRE9bs	RAP	EN	0.508	0.5670000000000001	6.0	1.0	0.389	146.303	91292	RAP
et2mEheIorcDvkqs	RAP	EN	0.579	0.5870000000000001	9.0	0.0	0.705	85.73200000000001	120551	RAP
3ZbrrRQHcFkpTHTt	RAP	EN	0.76	0.568	9.0	1.0	0.414	77.482	221419	RAP
ByNkSnMOC0TGQcKW	RAP	EN	0.607	0.713	5.0	1.0	0.482	134.994	245333	RAP
KOy1OEACXvBRXEPe	RAP	EN	0.828	0.792	10.0	0.0	0.777	134.19899999999998	233360	RAP
Hqq9pe5LwgGL0xk2	RAP	EN	0.67	0.113	1.0	1.0	0.395	131.304	33160	RAP
AImftcblX6sGlwjj	RAP	EN	0.932	0.8190000000000001	8.0	0.0	0.556	119.941	192773	RAP
S7yYd8PBMwnbIH19	EMO,EMO RAP,RAP	EN	0.913	0.574	1.0	1.0	0.33	98.028	146939	RAP
jH0OOZMJZ2T74T5y	RAP	EN	0.943	0.442	10.0	0.0	0.292	119.985	150073	RAP
TBDaC7gqGPHJK3y2	RAP	EN	0.826	0.4920000000000001	6.0	1.0	0.633	151.96200000000005	113684	RAP
3BUyaFmtSuTUs0Rf	RAP	EN	0.513	0.501	2.0	1.0	0.49	105.778	327267	RAP
0j7h536YiAeEs6Ie	COUNTRY RAP,COUNTRY	EN	0.8909999999999999	0.503	6.0	1.0	0.674	136.009	171293	RAP
yl426ujEWnrbyF05	RAP,HORRORCORE,EMO	EN	0.797	0.293	5.0	1.0	0.478	80.035	121630	RAP
pOhmxLIBnC8jM0Ag	RAP	EN	0.913	0.44	11.0	1.0	0.449	140.039	123429	RAP
TfYUHrawrFa1cve0	RAP	EN	0.675	0.394	8.0	1.0	0.405	104.987	238800	RAP
qY9xnUNuYoFnn5tj	RAP	EN	0.49	0.501	2.0	0.0	0.113	75.0	236852	RAP
d9LpjyoAMrbFx5Je	RAP,EMO	EN	0.695	0.398	10.0	0.0	0.0588	120.008	150875	RAP
y8lmwipz9oldFxS5	RAP	EN	0.5529999999999999	0.637	10.0	0.0	0.667	181.704	251547	RAP
EqC9M4SJpuaHtkUG	RAP	EN	0.966	0.563	8.0	1.0	0.363	104.991	173926	RAP
viJt1DmTmquhSHZD	RAP,BREAKBEAT,UK GARAGE,UK FUNKY	EN	0.884	0.612	7.0	1.0	0.332	123.992	193738	RAP
iFJLDi5R9CJktPOY	COMEDY,RAP	EN	0.6829999999999999	0.799	11.0	0.0	0.8320000000000001	143.95	144813	RAP
diZ46ID9N9bB0snk	RAP	EN	0.899	0.448	1.0	1.0	0.302	145.975	204787	RAP
Od8o5pg1hSkUM8EY	RAP	EN	0.71	0.5529999999999999	6.0	1.0	0.143	142.984	240405	RAP
DofNLm34rlZJBSWM	RAP	EN	0.71	0.486	11.0	0.0	0.17	133.284	226733	RAP
ziAzWiNlQgo1vyza	RAP,PHONK	EN	0.77	0.603	8.0	1.0	0.135	104.967	127922	RAP
ylVvodVmoLRZFoaW	REGGAETON,RAP	EN	0.858	0.6559999999999999	6.0	0.0	0.969	59.972	219080	RAP
lDUW2uz03rLzvnUA	RAP	EN	0.7170000000000001	0.838	7.0	1.0	0.61	82.76100000000002	287867	RAP
80hJG0bdyrERvpUe	RAP,EMO	EN	0.825	0.585	0.0	1.0	0.126	102.029	104472	RAP
fF2pJf7u0pKEigb9	DRILL,RAP	EN	0.7659999999999999	0.478	10.0	1.0	0.303	99.857	144661	RAP
r997sJXbzlksfv4R	RAP	EN	0.726	0.8240000000000001	0.0	0.0	0.384	129.96	289587	RAP
AgPod69k93SDTywU	RAP,JAZZ RAP	EN	0.444	0.521	10.0	0.0	0.434	104.842	230339	RAP
e9Q9R0EmvWwSjAxy	RAP	EN	0.732	0.7909999999999999	1.0	1.0	0.56	81.97200000000002	293423	RAP
JvGsit0Dhslv9Oqm	RAP	EN	0.722	0.59	8.0	1.0	0.217	148.132	224595	RAP
UxlPsnK0blgp4sNW	RAP	EN	0.789	0.622	10.0	0.0	0.394	115.913	120186	RAP
1xw2y8CV5IZuBSiH	RAP,WEST COAST RAP	EN	0.769	0.691	4.0	0.0	0.6809999999999999	96.792	280600	RAP
mlPfYDQ8bu6pktmr	RAP	EN	0.7120000000000001	0.374	0.0	0.0	0.779	133.952	108035	RAP
yvGcahiTrus5DY9c	RAP	EN	0.911	0.636	6.0	0.0	0.8320000000000001	97.008	209093	RAP
G6hj4OEpvXz6POAz	RAP	EN	0.474	0.741	6.0	1.0	0.402	174.1	196040	RAP
RPyJhqKectG27vi6	RAP	EN	0.7140000000000001	0.636	8.0	1.0	0.52	166.049	115722	RAP
4u4mvN9CL3okJvsX	RAP	EN	0.672	0.758	4.0	0.0	0.493	94.312	251907	RAP
5A18rfAjC3mmUBbC	RAP	EN	0.5710000000000001	0.745	5.0	0.0	0.362	160.405	185749	RAP
cjVAFn4Nd03QnsEi	RAP,EMO	EN	0.674	0.5770000000000001	9.0	1.0	0.107	93.902	225173	RAP
orkh3eg4ih8HitFd	RAP	EN	0.758	0.482	6.0	0.0	0.0977	111.896	240160	RAP
TFdBLOoR7Ib1w2yV	EMO,RAP	EN	0.278	0.423	1.0	1.0	0.0773	123.294	223453	RAP
khIL0JSYpwcfCQ08	RAP	EN	0.573	0.5379999999999999	4.0	0.0	0.148	152.096	256343	RAP
sy51uIGA8WYXur5c	RAP	EN	0.846	0.578	1.0	0.0	0.706	149.018	181208	RAP
HdiIhIXScdmhoHCY	RAP	EN	0.672	0.6970000000000001	6.0	0.0	0.528	167.799	198132	RAP
W2tDYQgDxeyLCICn	RAP	EN	0.6920000000000001	0.743	0.0	1.0	0.216	149.998	193600	RAP
6AxatcMkJl4zni8p	RAP	EN	0.8079999999999999	0.701	2.0	0.0	0.154	158.06799999999996	142649	RAP
kk3qMN31v0OCnApS	RAP	EN	0.765	0.574	5.0	1.0	0.606	140.017	147413	RAP
tdiZjnPK8S1cI3aY	RAP	EN	0.706	0.485	8.0	1.0	0.144	115.414	205093	RAP
mGzH1aiEYjl8WXMg	RAP	EN	0.885	0.6409999999999999	1.0	1.0	0.201	91.167	142582	RAP
9NicBM3pGQLAwsy9	RAP	EN	0.516	0.546	5.0	1.0	0.515	78.267	271733	RAP
AZcrUvEW2UCZURkx	RAP	EN	0.856	0.158	8.0	1.0	0.28	139.946	164773	RAP
Tr2Cuy44LUe6Q5iN	RAP	EN	0.6970000000000001	0.459	8.0	0.0	0.409	80.085	255556	RAP
FFjxYRQVqJ4ZOiUt	RAP	EN	0.863	0.815	11.0	0.0	0.636	108.972	200800	RAP
pwaVQ9TyW8E96TWX	RAP,EMO	EN	0.701	0.8909999999999999	3.0	0.0	0.7929999999999999	126.037	185173	RAP
1TT7Nsm57FsuTu5W	RAP,RAP	EN	0.765	0.618	1.0	1.0	0.6709999999999999	188.936	152381	RAP
szDcVb5fcih249tQ	RAP,HORRORCORE	EN	0.703	0.909	5.0	0.0	0.777	204.208	219573	RAP
eYoDLGfDL9MFODzK	POST-HARDCORE,RAP,SCREAMO	EN	0.254	0.974	10.0	0.0	0.354	94.243	215093	RAP
YtlRer40DzojALlk	RAP	EN	0.753	0.6609999999999999	0.0	1.0	0.6659999999999999	142.02100000000004	286120	RAP
ex42qOxdrbj1CJ7y	RAP	EN	0.925	0.519	8.0	1.0	0.247	120.08	231067	RAP
yOb2dJ6su1JTKpwg	RAP	EN	0.684	0.772	2.0	1.0	0.302	82.492	179467	RAP
iH7GorVg4y19Z4jn	RAP	EN	0.7170000000000001	0.79	11.0	1.0	0.375	125.981	168784	RAP
EuPNHDCzljZDyxid	RAP	EN	0.828	0.301	2.0	1.0	0.1689999999999999	144.998	140063	RAP
mW3QTRFGMRpk78RP	RAP	EN	0.442	0.71	7.0	1.0	0.508	205.116	167908	RAP
O1ciHzVEqJDZKWJM	RAP	EN	0.755	0.569	1.0	1.0	0.435	75.068	131500	RAP
qt18cMhNYQPxreCj	RAP	EN	0.8740000000000001	0.594	1.0	1.0	0.583	140.101	181680	RAP
7hdiuu05ukBgaKd4	RAP	EN	0.768	0.867	3.0	0.0	0.5589999999999999	96.431	282067	RAP
oiR5TSa6hY4aWiMQ	RAP	EN	0.6990000000000001	0.799	7.0	1.0	0.698	170.21099999999996	153342	RAP
VKIwLN9gtbYSCTSc	SOUL,FUNK,RAP	EN	0.688	0.528	6.0	1.0	0.722	89.016	176065	RAP
pEbwZX4jeeXTFW6w	RAP	EN	0.62	0.903	5.0	1.0	0.0957	139.977	143571	RAP
V6WGLSVwLPcfO9QY	RAP,METAL,EMO,RAP	EN	0.649	0.772	11.0	0.0	0.0294	109.973	219749	RAP
Aa4lm2QfFQwRwYTj	GRIME,RAP	EN	0.878	0.6729999999999999	6.0	0.0	0.351	95.075	194373	RAP
lQEw41es7YDSyLvX	RAP,RAP	EN	0.958	0.8640000000000001	1.0	1.0	0.439	114.99	271360	RAP
izF6qm9i15gJyDp6	RAP	EN	0.7809999999999999	0.852	2.0	1.0	0.913	110.02	164773	RAP
lEjxdvlLGAXizfBr	RAP	EN	0.767	0.8640000000000001	10.0	0.0	0.747	85.475	257907	RAP
nSMAjBGtbR6MVJwx	RAP,EMO	EN	0.657	0.5670000000000001	3.0	1.0	0.626	169.93099999999995	116000	RAP
GnXZlaXCwEknCiIL	RAP,RAP	EN	0.664	0.597	0.0	1.0	0.201	143.99	200116	RAP
8oVmZB9m77Pfx1eK	RAP	EN	0.688	0.542	0.0	0.0	0.1669999999999999	81.363	231520	RAP
bVmtFS1eK1wAFFHz	RAP	EN	0.853	0.755	1.0	0.0	0.716	105.912	222427	RAP
DnO1Sm8K3PGXF5lg	RAP	EN	0.545	0.7959999999999999	10.0	0.0	0.629	166.122	231987	RAP
bkRNQTQPa1dJMXXF	RAP	EN	0.7959999999999999	0.748	5.0	0.0	0.802	82.384	260000	RAP
2uxmnjPUkQRCURoP	RAP,SINGER-SONGWRITER,EXPERIMENTAL,GLITCH	EN	0.785	0.638	6.0	1.0	0.509	76.0	153736	RAP
S8RdZFVSmoQdHCUY	RAP,EMO	EN	0.57	0.481	3.0	1.0	0.0393	99.795	148193	RAP
CsADnHYE8KoheoFd	RAP	EN	0.7120000000000001	0.7909999999999999	1.0	1.0	0.853	131.816	169093	RAP
b8IJlJXaH6qd6PqI	RAP	EN	0.535	0.696	5.0	0.0	0.213	91.002	235921	RAP
UMdP2AqD9olE5RMI	EMO,EMO RAP	EN	0.727	0.524	2.0	0.0	0.541	160.02100000000004	168016	RAP
Le1UxKnFvvjs2MxS	RAP	EN	0.7190000000000001	0.858	10.0	0.0	0.616	84.49700000000001	261387	RAP
JGZZZQ6F6irItU94	RAP,RAP	EN	0.612	0.568	4.0	0.0	0.23	116.247	346164	RAP
szEt6posCEoic7zL	RAP	EN	0.7490000000000001	0.925	10.0	1.0	0.6409999999999999	86.98899999999998	263373	RAP
99TGOj3j5GlKzzN6	RAP	EN	0.726	0.735	2.0	1.0	0.236	82.0	242227	RAP
kXNEvIQ4JLPHMu3H	RAP	EN	0.608	0.669	1.0	0.0	0.679	202.062	246533	RAP
leilyN4D1UMJliDR	RAP	EN	0.737	0.276	8.0	1.0	0.588	84.601	166403	RAP
UEui8Tj8SMI1JtwA	RAP	EN	0.45	0.69	0.0	1.0	0.232	119.657	237317	RAP
cCObUbNqSmMcTW6O	RAP	EN	0.617	0.779	1.0	1.0	0.887	83.33200000000002	225800	RAP
I9XFu1HAiDNumKdd	RAP	EN	0.616	0.667	1.0	1.0	0.326	150.125	245480	RAP
1GZEjBAU5XDIGZ3q	RAP,PHONK	EN	0.7829999999999999	0.929	11.0	0.0	0.152	118.03	134447	RAP
2ehQsRiTWwLKruA8	RAP	EN	0.639	0.377	6.0	1.0	0.464	100.254	43968	RAP
oUDDI6hRBx9DymZw	RAP	EN	0.5870000000000001	0.535	5.0	0.0	0.14	159.847	218147	RAP
Zvz7icGgqqZRaFId	RAP	EN	0.728	0.62	2.0	1.0	0.885	81.99799999999998	176675	RAP
njJJOYIrieErTAZH	RAP	EN	0.6759999999999999	0.763	11.0	0.0	0.624	87.96700000000001	201818	RAP
pWg3CTydkpW8z6kX	RAP,PHONK,RAP	EN	0.743	0.619	11.0	0.0	0.226	104.038	106214	RAP
t2tRv2tcnDyoGeSb	RAP	EN	0.596	0.919	11.0	1.0	0.835	183.331	179200	RAP
zxt2VX0vHKKbgbiz	RAP	EN	0.879	0.575	0.0	0.0	0.8440000000000001	140.028	106286	RAP
fQ4pS4dDpMn8EYDI	RAP	EN	0.652	0.407	10.0	0.0	0.1689999999999999	111.65	127880	RAP
YjmILSLZi7IXcAcB	EMO RAP	EN	0.341	0.254	7.0	1.0	0.126	64.234	141913	RAP
pSmBZF249PlHuV93	RAP	EN	0.6709999999999999	0.889	9.0	0.0	0.747	170.528	244133	RAP
c0QsAKW6CrKULjVQ	RAP,RAP	EN	0.617	0.672	2.0	1.0	0.428	160.055	156456	RAP
Ylcd0JGfbddqU5XI	RAP	EN	0.603	0.67	2.0	1.0	0.159	89.84200000000001	192099	RAP
nQ4h11UiCxpxjafu	RAP,METAL,EMO	EN	0.527	0.935	2.0	0.0	0.144	110.181	92716	RAP
EQuvd0TM1euwsgX1	RAP	EN	0.377	0.506	11.0	0.0	0.787	145.254	141000	RAP
a1BL4PzksjOC9lP7	RAP	EN	0.7959999999999999	0.597	0.0	0.0	0.416	149.94	145147	RAP
4q6mc4jq1azB0Nvp	RAP	EN	0.8540000000000001	0.879	0.0	1.0	0.383	136.018	130588	RAP
fUSgtMCnLh0Jvw8H	RAP	EN	0.82	0.737	9.0	1.0	0.336	134.982	135326	RAP
izmXfuhagNs5RXhY	RAP	EN	0.865	0.472	11.0	0.0	0.843	130.011	192029	RAP
BzCAOCwqJysekG4A	RAP,SINGER-SONGWRITER,EXPERIMENTAL,GLITCH	EN	0.774	0.725	9.0	0.0	0.648	140.026	140539	RAP
fa0q8zApLUYLnXZi	RAP,EMO RAP	EN	0.68	0.527	9.0	1.0	0.117	122.054	112131	RAP
paUUcODocZkX6hXN	EMO,EMO RAP,RAP	EN	0.649	0.669	6.0	1.0	0.535	144.977	163147	RAP
P5KeWQj1XRnrEEBz	RAP	EN	0.84	0.5429999999999999	1.0	1.0	0.161	170.067	171714	RAP
gvGhFo6yA2faaqhT	RAP	EN	0.523	0.613	2.0	1.0	0.0387	169.94	158496	RAP
BT2tcwBRQbuAL8w7	RAP	EN	0.722	0.178	1.0	1.0	0.5920000000000001	77.146	46920	RAP
Y4qQ7QLob5wnm8fs	EMO RAP	EN	0.629	0.488	0.0	1.0	0.434	158.02	182294	RAP
lEI9BEQ0kfP2JSNM	JAZZ,FUNK,RAP	EN	0.551	0.6609999999999999	10.0	1.0	0.147	152.192	186267	RAP
rbLmBAKv6XJSoQxn	RAP	EN	0.872	0.389	1.0	1.0	0.156	131.012	189230	RAP
e9v6XWPgG8iUE78k	RAP	EN	0.525	0.802	2.0	1.0	0.59	91.059	304863	RAP
jDTHwEkmfurYx2qa	RAP	EN	0.816	0.385	6.0	0.0	0.168	135.03	218667	RAP
OA0b6KPqdCKnyuIP	RAP	EN	0.838	0.563	8.0	1.0	0.362	96.886	260027	RAP
AX2d3egcTHJ4BwMw	RAP	EN	0.7140000000000001	0.787	5.0	0.0	0.131	138.017	391416	RAP
dtd3L1jMr9FZbP78	RAP	EN	0.698	0.922	1.0	1.0	0.691	126.594	247427	RAP
yqDgpcINwW6P5vV1	RAP,EMO RAP	EN	0.84	0.802	11.0	0.0	0.575	147.942	137900	RAP
mYaPcuwZeyaBvVIs	RAP	EN	0.542	0.574	7.0	1.0	0.605	176.755	338293	RAP
Y5nhh7BBXErUd2RW	RAP,HOUSE	EN	0.737	0.6970000000000001	11.0	0.0	0.595	79.97800000000002	172746	RAP
Uj6JjJu5NfQi3wZT	RAP	EN	0.6609999999999999	0.865	1.0	1.0	0.731	139.731	320920	RAP
FpsUE5iF0TE6Ny0M	RAP	EN	0.831	0.8140000000000001	5.0	1.0	0.846	161.041	214854	RAP
ATInCSp2SpcDtDer	RAP	EN	0.931	0.422	7.0	1.0	0.102	139.974	123481	RAP
F7XMWHm8nWxxH8rZ	RAP	EN	0.743	0.904	11.0	0.0	0.593	128.009	154951	RAP
OWJK4stEbCmGJvYq	RAP	EN	0.8109999999999999	0.642	8.0	1.0	0.546	160.946	155474	RAP
kpkRY1o5NssVr1ek	RAP	EN	0.625	0.6990000000000001	7.0	1.0	0.381	147.95600000000005	158108	RAP
xqTkFTSiVEPoF0Wr	RAP	EN	0.901	0.6970000000000001	9.0	1.0	0.67	93.941	229827	RAP
NQDYli5RfKmqnZcn	RAP,PHONK	EN	0.784	0.789	6.0	0.0	0.624	126.987	107781	RAP
m99nuAcYK2qMz1Zq	RAP	EN	0.762	0.653	3.0	0.0	0.338	137.94899999999998	244080	RAP
9YzV6sxzCaBmvoWT	RAP,WEST COAST RAP	EN	0.893	0.809	10.0	0.0	0.8079999999999999	97.61	224000	RAP
F1NnZIUSaQR1j3vu	RAP	EN	0.593	0.764	8.0	1.0	0.377	150.16	256253	RAP
FxkBuHBVUXPk8gVq	RAP,DRILL	EN	0.346	0.752	2.0	1.0	0.366	141.19799999999995	121771	RAP
jGs8aKaRY4EE2Kyt	RAP,RAP	EN	0.8029999999999999	0.648	4.0	0.0	0.5379999999999999	131.925	219552	RAP
2qHc9f2S4kXLEYyn	RAP	EN	0.649	0.421	7.0	1.0	0.402	76.498	144533	RAP
HO6XmQPAumGI6ElL	RAP	EN	0.813	0.563	7.0	1.0	0.7609999999999999	83.009	208160	RAP
FIGCCTfqr8SX4pjx	RAP	EN	0.8220000000000001	0.484	1.0	1.0	0.0934	150.061	129778	RAP
ukqjbwPHPLS2iKod	RAP	EN	0.8190000000000001	0.7559999999999999	0.0	1.0	0.36	109.996	174602	RAP
TwzbYFW2Uhaz8fXF	RAP	EN	0.768	0.843	7.0	0.0	0.37	142.005	160084	RAP
xLlmA64qVBgha1f8	RAP,RAP	EN	0.727	0.599	1.0	1.0	0.386	167.90900000000005	197133	RAP
tncSBNABVVfsM5Dm	RAP	EN	0.631	0.672	11.0	1.0	0.282	119.948	192859	RAP
HQ06sQZOZisQK6FK	RAP,EMO,EMO RAP	EN	0.804	0.8109999999999999	9.0	0.0	0.762	149.99	181071	RAP
XcJU5PtuWtCkv0Cg	RAP,RAP	EN	0.425	0.83	5.0	1.0	0.126	141.179	55338	RAP
WC8l6C0aPTNzCD6t	RAP,DRILL,RAP,DRILL	EN	0.7070000000000001	0.449	1.0	1.0	0.109	139.93200000000002	193714	RAP
mA57uSdcpd9WiGtT	RAP,EMO	EN	0.782	0.848	6.0	0.0	0.329	137.875	167027	RAP
XFMm0pYjrxJQtfdP	RAP	EN	0.52	0.472	9.0	1.0	0.314	84.01700000000002	208365	RAP
WsRNRPzSlhnkBYWl	WITCH HOUSE,RAP	EN	0.506	0.493	5.0	1.0	0.0393	102.951	183014	RAP
ANK7x7Rms0pHTrQF	RAP	EN	0.5529999999999999	0.759	2.0	1.0	0.246	94.046	176613	RAP
VxRyBXrwtIJmtOGK	RAP	EN	0.785	0.425	10.0	1.0	0.192	174.028	166627	RAP
91KFIRiQ8PFpjHQQ	TRAP MUSIC	EN	0.392	0.841	11.0	1.0	0.481	128.067	212872	RAP
qBG5stv6bR44QVj3	RAP,HARDCORE,SCREAMO	EN	0.654	0.855	0.0	1.0	0.7140000000000001	130.966	201609	RAP
3blfcAbMeatZnqzS	RAP	EN	0.956	0.5760000000000001	7.0	1.0	0.423	122.042	127533	RAP
vu5Je99Kuy4jnn9n	RAP	EN	0.762	0.282	8.0	1.0	0.155	130.017	147692	RAP
mFCdIQJBbMdC553g	METAL,POST-HARDCORE,EMO RAP	EN	0.421	0.154	0.0	1.0	0.0949	99.886	112800	RAP
5QEI9kdk62cYDv9c	RAP	EN	0.78	0.738	0.0	0.0	0.539	120.547	227080	RAP
qtDorbJpWDPAEqbp	RAP,EMO	EN	0.41	0.8759999999999999	6.0	0.0	0.151	180.013	149333	RAP
j6iCDOMeIjH1s1wz	RAP,EMO	EN	0.674	0.6459999999999999	0.0	1.0	0.222	160.028	123000	RAP
ijz0oHqNDchVXD3S	RAP	EN	0.605	0.614	11.0	1.0	0.573	86.491	253573	RAP
FgQJ9yc58sRL8FSM	RAP	EN	0.7909999999999999	0.5870000000000001	3.0	0.0	0.536	96.057	179449	RAP
qSioJ0qt8N0WqO3K	RAP	EN	0.866	0.46	0.0	1.0	0.29	99.98	247067	RAP
RLRJMPZQZCi4FmVD	RAP	EN	0.544	0.7929999999999999	0.0	0.0	0.339	98.343	213333	RAP
jwRpje1qoeHPNsLm	RAP	EN	0.436	0.17	1.0	1.0	0.188	100.113	192168	RAP
FrfW2emafod6rvyt	RAP	EN	0.853	0.688	8.0	0.0	0.565	150.012	166693	RAP
MIDQtelMb6P5d3eF	RAP	EN	0.84	0.634	5.0	0.0	0.443	130.029	266166	RAP
kZ1zh2nmMhyAFlpd	RAP	EN	0.851	0.359	0.0	1.0	0.159	137.034	192600	RAP
rf1Gk5HeWevyfZxM	RAP,UNDERGROUND RAP	EN	0.6679999999999999	0.804	9.0	1.0	0.598	144.111	202351	RAP
Mvw1mUE5Owym2QJ0	RAP	EN	0.586	0.619	1.0	1.0	0.326	120.125	261320	RAP
zNpNCyL8SPRaBIwL	RAP,EXPERIMENTAL	EN	0.8490000000000001	0.315	0.0	1.0	0.7909999999999999	74.965	189141	RAP
h6mk6pPH4wwjza6c	RAP	EN	0.536	0.629	2.0	0.0	0.491	155.024	228200	RAP
GGVTBYT2BX59UZba	RAP	EN	0.884	0.653	10.0	0.0	0.414	98.979	111373	RAP
MSp7LNWWjvjxqcU1	RAP,RAP	EN	0.7879999999999999	0.5820000000000001	8.0	0.0	0.327	140.284	228366	RAP
SAy9A6W4Lju27t5x	RAP,RAP	EN	0.723	0.848	5.0	1.0	0.27	116.021	210880	RAP
KT1ZzeuIkykVTrDn	RAP	EN	0.895	0.698	1.0	1.0	0.325	99.998	193020	RAP
H4AY5mIDzigIhXHA	RAP	EN	0.7979999999999999	0.904	7.0	1.0	0.622	130.003	136220	RAP
cPGLqpK3qwRyeMil	RAP	EN	0.5820000000000001	0.847	2.0	1.0	0.501	149.97	218142	RAP
uGCB56obHVwaxQXc	RAP	EN	0.326	0.923	10.0	0.0	0.799	170.949	66120	RAP
jkMWRK1XOS1dLQJn	RAP	EN	0.7290000000000001	0.846	8.0	1.0	0.298	121.865	177006	RAP
oqPz9p8MGfxVYtas	RAP	EN	0.868	0.696	5.0	0.0	0.938	99.643	200933	RAP
YFGFNijkBE5Zn0wd	RAP	EN	0.7759999999999999	0.73	5.0	0.0	0.74	162.984	165642	RAP
BHAoq8AOBLfkJcjt	RAP	EN	0.8059999999999999	0.691	5.0	0.0	0.468	130.023	223493	RAP
kDT51DR2P7fHg6PF	RAP,PHONK	EN	0.746	0.569	7.0	0.0	0.581	136.07299999999998	122723	RAP
y3YtSQhfBUwm3apT	RAP	EN	0.7909999999999999	0.584	4.0	0.0	0.211	74.999	167893	RAP
YLGQ8qlVXAL59t1W	RAP	EN	0.888	0.8290000000000001	7.0	1.0	0.81	155.066	123871	RAP
EAyQ6WPdjRDuMqv0	RAP	EN	0.76	0.517	9.0	0.0	0.545	144.972	215189	RAP
Wbx5pgED6BSjVheU	RAP	EN	0.66	0.708	4.0	0.0	0.146	145.092	178227	RAP
3tzuKHEjjkxQqFil	DRILL,RAP,DRILL	EN	0.826	0.48	6.0	0.0	0.507	120.109	207993	RAP
xEnU2swcOBUrNGA8	RAP,RAP	EN	0.963	0.677	0.0	1.0	0.503	102.482	197467	RAP
BbQVeEmdpzOjcojv	EMO,EMO RAP,RAP	EN	0.586	0.141	7.0	1.0	0.732	137.005	47403	RAP
CmqHvJDU7qvDI1F8	RAP,UNDERGROUND RAP,RAP	EN	0.578	0.7140000000000001	7.0	1.0	0.524	75.064	228440	RAP
zEBX7vTfulf28g4K	EMO,EMO RAP,RAP	EN	0.588	0.698	11.0	0.0	0.121	109.973	201333	RAP
iUcS0geVfSEZGbGO	RAP	EN	0.632	0.956	9.0	0.0	0.318	158.766	261560	RAP
lC4oXN6FZg1MTsZR	RAP,PHONK	EN	0.5589999999999999	0.895	2.0	0.0	0.522	131.029	93809	RAP
M65mU1UIozrDxcvu	RAP	EN	0.637	0.861	1.0	1.0	0.382	173.838	249560	RAP
NucjQEFY1a7K4xNx	RAP	EN	0.807	0.414	4.0	0.0	0.328	173.889	154600	RAP
fBBnUewqjWeTTeeW	RAP	EN	0.7979999999999999	0.6920000000000001	1.0	1.0	0.3720000000000001	160.054	190276	RAP
9xE3v7l4ZcPeZeG7	RAP,RAP	EN	0.762	0.6659999999999999	0.0	1.0	0.278	118.97	232093	RAP
5Tz1Zb7w51cfasAv	RAP	EN	0.7120000000000001	0.726	8.0	1.0	0.7709999999999999	146.766	126344	RAP
NdsUWqTMTMDczPxX	RAP	EN	0.889	0.511	1.0	0.0	0.53	77.993	212767	RAP
NvaOhJQauRHm1bGv	RAP,PHONK	EN	0.6629999999999999	0.716	7.0	1.0	0.4270000000000001	140.07299999999998	105604	RAP
8B13OV03xd8qY8JQ	RAP	EN	0.88	0.61	9.0	1.0	0.383	135.993	170000	RAP
PzlanGQDZVGnYPFR	RAP	EN	0.7	0.934	6.0	0.0	0.224	92.973	145947	RAP
HtkDQIUlIuL6aFt8	RAP	EN	0.526	0.919	11.0	0.0	0.7040000000000001	180.06900000000005	217367	RAP
vRZtBd887hFLG953	RAP	EN	0.7090000000000001	0.583	1.0	1.0	0.0376	144.819	156038	RAP
ffjzXJfuLNQ1G7QP	RAP,RAP	EN	0.802	0.5660000000000001	11.0	0.0	0.153	140.099	222979	RAP
xbnFpIYdneuwQBtr	RAP,EMO	EN	0.64	0.5579999999999999	1.0	1.0	0.207	115.007	209213	RAP
CXhz53wqxF89BTSo	RAP	EN	0.779	0.473	5.0	0.0	0.273	73.918	104075	RAP
ZYqep3OsUHQGq6rT	RAP	EN	0.741	0.726	10.0	0.0	0.638	160.042	141000	RAP
xb24V6ndac6zdF9d	RAP	EN	0.733	0.6779999999999999	6.0	1.0	0.841	175.985	142000	RAP
nn8ksVCArK3kzXW0	RAP	EN	0.7290000000000001	0.917	1.0	1.0	0.86	154.91	93000	RAP
1LGalu1WtlC0w9ez	RAP,RAP,AFRIKAANS	EN	0.8390000000000001	0.815	11.0	1.0	0.45	159.94	239364	RAP
tifOdeRUDFyJbzct	RAP	EN	0.764	0.8540000000000001	10.0	0.0	0.444	124.993	245798	RAP
9emxothc6DRepCCU	RAP	EN	0.623	0.8440000000000001	8.0	1.0	0.172	133.349	198627	RAP
dwCxINrf2yxnsPcB	RAP,UNDERGROUND RAP	EN	0.785	0.616	0.0	0.0	0.907	115.187	180867	RAP
PCX1CZGd17sN25Nl	DRILL,RAP	EN	0.8170000000000001	0.485	9.0	0.0	0.333	79.94	144000	RAP
X2UxGx6A93bzmomB	RAP	EN	0.482	0.722	2.0	1.0	0.4	140.817	232416	RAP
m6yslT8BwAMb7uyB	RAP	EN	0.56	0.6829999999999999	10.0	1.0	0.49	130.041	250773	RAP
cKpIQWwatjPhHmt3	RAP	EN	0.913	0.459	9.0	1.0	0.192	100.975	161584	RAP
FLvvkezXAV3cHmX0	RAP	EN	0.8340000000000001	0.748	4.0	1.0	0.8240000000000001	132.071	203702	RAP
8YoOD9snfBU3d1Xh	RAP	EN	0.727	0.7809999999999999	5.0	1.0	0.682	81.07600000000002	263720	RAP
FWGAQsTWH7m5FXoZ	RAP,SOUL	EN	0.645	0.5710000000000001	5.0	0.0	0.184	95.223	249680	RAP
v4TJZUGR7zUTsb9H	RAP	EN	0.932	0.506	11.0	1.0	0.696	139.974	181714	RAP
POcSTJjacAzFhguw	GRIME,DRUM AND BASS,RAP	EN	0.693	0.8909999999999999	1.0	1.0	0.532	91.1	268053	RAP
ITqZwFc8LMEWBTqN	RAP	EN	0.71	0.925	0.0	1.0	0.93	118.024	222987	RAP
pPO6D7zh9D3q9BL1	RAP	EN	0.8079999999999999	0.857	1.0	1.0	0.7759999999999999	127.939	227387	RAP
3hdg1EjcxF0ZHlz0	RAP,RAP	EN	0.631	0.67	3.0	1.0	0.0611	144.983	185491	RAP
cOvwgRglOIWEp8uw	RAP	EN	0.878	0.446	11.0	0.0	0.805	138.035	221267	RAP
2FHkgbZn0ZQkM4x5	RAP	EN	0.894	0.284	11.0	0.0	0.413	138.944	216520	RAP
7Vx1EioTcdCYHohm	RAP	EN	0.826	0.365	1.0	1.0	0.802	85.244	239324	RAP
GJ5BUlLCpOuuQwah	RAP,EMO	EN	0.873	0.6629999999999999	1.0	1.0	0.525	135.499	115194	RAP
vfNQRkkew3ECzS4j	DANCEHALL,REGGAE,RAP	EN	0.594	0.691	5.0	0.0	0.784	90.857	206004	RAP
GFa0in4Ck9kKnMio	RAP	EN	0.588	0.6579999999999999	2.0	1.0	0.526	163.99200000000005	175882	RAP
zZ927QsSu50MVIHW	RAP	EN	0.636	0.568	1.0	1.0	0.438	82.495	228438	RAP
c1WpRsQwIcP5adaO	RAP,EMO	EN	0.693	0.737	0.0	1.0	0.0923	112.034	109348	RAP
pFokoykHhTV8E7r4	RAP	EN	0.836	0.847	10.0	0.0	0.8009999999999999	139.981	137143	RAP
zBz5q4tFGSR8HnHE	RAP	EN	0.575	0.728	11.0	0.0	0.0348	180.01	118880	RAP
YDDIGqR2guGIdt9Z	RAP	EN	0.748	0.623	5.0	1.0	0.21	105.045	250000	RAP
8KvOcLJspl9pgjjz	RAP,EMO,EMO RAP	EN	0.78	0.536	0.0	0.0	0.368	135.053	216889	RAP
qXktRY7fEf7INLd5	RAP	EN	0.733	0.6509999999999999	1.0	1.0	0.443	158.036	159008	RAP
pgRura1qnVhHG1PC	RAP	EN	0.67	0.623	4.0	0.0	0.4370000000000001	147.972	152534	RAP
GdSS300UPtF6HhLu	RAP,EMO	EN	0.61	0.258	0.0	1.0	0.1639999999999999	127.08	109986	RAP
LAjlJOqLNxWkbyzP	RAP,UNDERGROUND RAP	EN	0.693	0.434	1.0	1.0	0.685	63.033	159327	RAP
d7YIGpiNxuSMy2P6	RAP	EN	0.7340000000000001	0.446	7.0	0.0	0.065	119.973	132208	RAP
FjeuWNDVUsEwn8hw	RAP,EXPERIMENTAL,RAP	EN	0.562	0.863	2.0	1.0	0.484	119.796	149185	RAP
mt1oX3rmGS27xbzS	RAP	EN	0.777	0.89	4.0	1.0	0.8290000000000001	93.861	263059	RAP
zOuwB7bJPQVyY9Ov	RAP	EN	0.6759999999999999	0.623	6.0	0.0	0.347	111.466	209489	RAP
FAYdi89QeZnZGVSg	RAP	EN	0.625	0.45	9.0	1.0	0.0362	92.974	206472	RAP
HfJwbwXNrry5mUjr	RAP,EXPERIMENTAL	EN	0.483	0.841	5.0	0.0	0.204	114.382	177025	RAP
o7dYLW9Z5ruMXQOc	RAP	EN	0.58	0.519	11.0	0.0	0.242	107.401	331480	RAP
OAQ8Wf0cnvT2GaUJ	RAP,PHONK	EN	0.908	0.778	1.0	1.0	0.387	128.048	176472	RAP
tVUOuyy77OKdbkpl	RAP,HARDCORE	EN	0.6809999999999999	0.833	4.0	1.0	0.889	184.975	197813	RAP
PrPriYhYSPsB1vzB	RAP,COMEDY	EN	0.72	0.722	0.0	0.0	0.141	155.385	188260	RAP
AfRCyoI94bsYGQmC	RAP,EMO,EMO	EN	0.737	0.872	6.0	1.0	0.5720000000000001	94.974	149000	RAP
kYZfwJ32DItSZsDF	RAP	EN	0.805	0.924	7.0	0.0	0.836	139.976	181971	RAP
ML99D2ZFB3CCd7r5	RAP	EN	0.727	0.527	9.0	1.0	0.102	84.471	216313	RAP
VTMPn0Bv1AyC3aSG	RAP,METAL,EMO	EN	0.337	0.8809999999999999	8.0	1.0	0.0758	110.241	181996	RAP
gKZkFrLhScuaV9UE	RAP	EN	0.708	0.802	1.0	1.0	0.653	140.281	110000	RAP
PjBx4C95L98PgOmV	RAP	EN	0.465	0.907	1.0	1.0	0.65	81.76100000000002	290413	RAP
x9sv9r7kec0dKupM	RAP	EN	0.76	0.595	1.0	1.0	0.361	131.497	263773	RAP
MWZSWRGW6CbIw6NB	RAP,EMO	EN	0.753	0.679	5.0	0.0	0.19	105.977	145078	RAP
QlzNEq6PotxwzssI	RAP	EN	0.918	0.7340000000000001	11.0	0.0	0.608	97.044	230693	RAP
bs8B5dtFsAmxv4Ik	RAP	EN	0.616	0.635	7.0	0.0	0.638	150.17600000000004	245107	RAP
Fv2BF5cs3VDihm1D	RAP	EN	0.943	0.461	5.0	1.0	0.149	130.002	162267	RAP
2YMSgQjiDyRpOh2D	RAP	EN	0.662	0.8370000000000001	1.0	0.0	0.873	75.758	274467	RAP
MyxhfznCZyblZ05a	RAP,RAP	EN	0.967	0.5579999999999999	11.0	0.0	0.14	110.015	235691	RAP
uzXDRBcxFZ0BhbsW	RAP	EN	0.8340000000000001	0.421	7.0	0.0	0.093	130.03	162462	RAP
E0oblhnBNQ3fr8GV	RAP	EN	0.435	0.872	0.0	1.0	0.292	157.593	212664	RAP
vSasPvX81DYKdSdp	RAP,PHONK	EN	0.897	0.691	7.0	1.0	0.648	124.977	158639	RAP
5K1b4ATjaVN0okfY	RAP,RAP	EN	0.772	0.619	5.0	0.0	0.561	152.376	147632	RAP
HvGB6O150EigRuUg	HARDCORE PUNK,RAP	EN	0.283	0.923	11.0	0.0	0.569	106.266	108501	RAP
4tfGOr2LKS1LK9G1	GRIME,RAP	EN	0.547	0.745	4.0	0.0	0.625	99.318	235360	RAP
Hu1ulhHUYNYph0pJ	RAP	EN	0.823	0.685	4.0	0.0	0.505	170.15900000000005	195036	RAP
RV3NcSBkncRQSkDH	RAP	EN	0.667	0.715	5.0	0.0	0.374	127.894	244207	RAP
BhhQupBN7HavXPLl	RAP	EN	0.718	0.469	8.0	1.0	0.585	137.875	240048	RAP
jZGEwsMN64VnucvZ	RAP	EN	0.453	0.542	6.0	1.0	0.345	89.99	203000	RAP
DDT9LSdJoGeSjWtK	RAP,EMO,EMO RAP	EN	0.637	0.856	1.0	1.0	0.285	160.06799999999996	167107	RAP
xjOfTNB7DMMIpw7f	DRILL,RAP	EN	0.696	0.5870000000000001	1.0	0.0	0.537	150.039	115193	RAP
o74L0buuM1rhEAKG	RAP,SOUL	EN	0.327	0.518	5.0	0.0	0.153	177.86900000000003	206133	RAP
ScRZH4xaA6xfixkz	RAP	EN	0.6920000000000001	0.6609999999999999	0.0	1.0	0.135	155.94299999999996	333380	RAP
d8KPZGBAWBOYqdUg	RAP	EN	0.652	0.468	6.0	0.0	0.117	139.97799999999998	150912	RAP
GDx632QTiLIaZPHn	RAP,EMO	EN	0.629	0.53	4.0	0.0	0.0689	120.039	248547	RAP
Cb0n4r0f1TKfiKkr	RAP	EN	0.767	0.6890000000000001	10.0	0.0	0.555	154.957	164133	RAP
xfULEHgQS96FE7WI	RAP	EN	0.727	0.846	8.0	1.0	0.529	131.984	145568	RAP
WS9bmEr4ZSav6HWe	RAP,ACID JAZZ	EN	0.728	0.489	1.0	1.0	0.664	92.043	253144	RAP
61D4Yivcov6KgE8v	RAP	EN	0.8079999999999999	0.617	10.0	0.0	0.632	149.96200000000005	166400	RAP
EYsGuRH184O0e3Nc	RAP	EN	0.386	0.488	1.0	0.0	0.217	193.397	247947	RAP
CwY74hzeF9T7BSvR	RAP	EN	0.736	0.575	2.0	1.0	0.098	139.814	187680	RAP
mUrf8dmxHnlvDVmT	RAP	EN	0.3720000000000001	0.812	4.0	0.0	0.168	180.17	129573	RAP
TsTTRPJQYv7b43he	RAP	EN	0.386	0.672	7.0	1.0	0.552	60.987	195427	RAP
JOfdle6dK8wH7N0F	RAP	EN	0.8140000000000001	0.855	2.0	1.0	0.863	170.065	144080	RAP
FOh6MfjdDo4Zivnj	RAP	EN	0.8740000000000001	0.767	6.0	1.0	0.6459999999999999	106.061	257067	RAP
87Ct1HWIQ8QBLuP9	RAP	EN	0.68	0.563	10.0	1.0	0.374	145.028	231267	RAP
YP8PxIu5sWXfh0J4	RAP	EN	0.784	0.7509999999999999	1.0	1.0	0.207	154.045	193190	RAP
HiQokENxwFZ7sLT8	RAP	EN	0.77	0.5670000000000001	2.0	1.0	0.26	81.477	222360	RAP
vtKU19wX3UV21bpn	RAP	EN	0.855	0.621	8.0	1.0	0.352	105.054	128052	RAP
9dih3e1IumF2IXvS	LATIN,REGGAETON,TRAP LATINO,LATIN	EN	0.85	0.5	8.0	1.0	0.816	160.02	170509	RAP
t6Sus28YZiISkUne	RAP	EN	0.6459999999999999	0.438	8.0	1.0	0.524	160.433	156631	RAP
6iiSfk5dDk9nCKVv	RAP	EN	0.647	0.856	5.0	1.0	0.637	143.953	201561	RAP
lOJwrPgzFr21cxjK	JAZZ,RAP	EN	0.512	0.4270000000000001	9.0	0.0	0.191	75.027	179043	RAP
ekZzOAWBfHoyY19P	RAP	EN	0.659	0.669	10.0	0.0	0.672	187.428	193075	RAP
kbEeh3DjAcs1W0cJ	RAP	EN	0.629	0.517	5.0	0.0	0.316	148.035	163784	RAP
nVVj7Ksowk6ILZge	RAP	EN	0.441	0.737	1.0	1.0	0.488	78.462	254733	RAP
mnaBBAzoE40nyFuX	RAP,EMO,RAP	EN	0.778	0.745	4.0	1.0	0.378	76.977	118517	RAP
SVZK2jd5ZniISHDE	HARDCORE,RAP	EN	0.7	0.893	7.0	0.0	0.574	90.0	196600	RAP
Oq1FLUwF4Y7Ijyyr	RAP	EN	0.705	0.598	5.0	1.0	0.229	119.985	244652	RAP
9CK6u8eEnT39ALwa	RAP	EN	0.8029999999999999	0.67	8.0	1.0	0.144	116.006	218600	RAP
LILSlH5CiCRN8S3N	RAP	EN	0.7759999999999999	0.662	1.0	0.0	0.324	152.92700000000005	182733	RAP
Qa1KztHrMsoOK3j1	RAP	EN	0.87	0.143	1.0	1.0	0.642	120.091	156001	RAP
TAOQG7hX4BNfgRZQ	RAP,EMO,RAP	EN	0.5489999999999999	0.4970000000000001	3.0	0.0	0.113	65.919	84558	RAP
K9q7m4Fqz6nAh8uq	RAP	EN	0.794	0.51	9.0	1.0	0.18	167.87900000000005	194561	RAP
KL03iIiKziQnglQ0	RAP	EN	0.644	0.8009999999999999	7.0	1.0	0.764	82.156	210495	RAP
0W4GdsLplFROEOhb	RAP	EN	0.74	0.716	6.0	0.0	0.804	117.977	245933	RAP
7ChVXvOHZmFm6Ala	RAP	EN	0.677	0.655	7.0	1.0	0.146	100.119	196827	RAP
TlDpRXqH3vXZvU1s	RAP	EN	0.815	0.816	2.0	1.0	0.498	181.967	190288	RAP
CO7LSzsZUPXdxFjH	RAP	EN	0.628	0.76	0.0	0.0	0.708	75.234	115947	RAP
DEl70kWwedoIYG01	RAP	EN	0.802	0.645	2.0	1.0	0.5589999999999999	164.99	140994	RAP
xzZMF6zWcGnEJ6Zm	RAP	EN	0.735	0.715	6.0	0.0	0.598	83.02799999999998	173889	RAP
CwEiX28Nd6zd5zhB	WEST COAST RAP	EN	0.609	0.799	9.0	1.0	0.5820000000000001	157.74	215509	RAP
Kh0TJn2raYSbnRS4	RAP	EN	0.487	0.789	8.0	1.0	0.0564	150.007	270715	RAP
OdcrHAKkkOfUpDca	RAP	EN	0.685	0.711	2.0	1.0	0.246	89.01700000000002	139493	RAP
iCOxpqnmGyDLbIg9	RAP	EN	0.7170000000000001	0.447	4.0	0.0	0.404	121.047	187585	RAP
UEkToDTMm27jHdNQ	RAP	EN	0.451	0.943	1.0	1.0	0.911	79.39399999999998	162761	RAP
KSRqZTttHjPPCru7	RAP	EN	0.722	0.868	11.0	0.0	0.6709999999999999	87.01100000000002	164335	RAP
6Ftw9le2dPbPYn9i	METAL,RAP METAL	EN	0.563	0.879	1.0	1.0	0.494	95.06	263093	RAP
NnQr98Drg8HGFi27	RAP,RAP	EN	0.888	0.584	7.0	1.0	0.762	104.704	334440	RAP
ElJoj6bWmBqrvSzf	RAP,HORRORCORE,EMO	EN	0.763	0.726	1.0	1.0	0.349	139.059	126346	RAP
EUH98mnY8hvfDyPw	RAP	EN	0.718	0.675	0.0	1.0	0.637	133.999	217373	RAP
RoyzR8fIODfP0BWj	RAP	EN	0.573	0.545	7.0	0.0	0.297	83.37799999999999	271387	RAP
Q2y9MNJEKZMOBuNc	RAP	EN	0.81	0.5820000000000001	0.0	1.0	0.4970000000000001	124.892	208320	RAP
NRu9HLXuFQ2Ca0V4	RAP	EN	0.419	0.631	7.0	0.0	0.406	173.82	268667	RAP
6Tp3igNNkyxzqcLA	RAP,SINGER-SONGWRITER,ALTERNATIVE METAL,EMO,RAP	EN	0.557	0.338	5.0	1.0	0.6890000000000001	140.935	85124	RAP
KfxUjO1r1NKCZhuQ	RAP	EN	0.612	0.4970000000000001	0.0	1.0	0.11	134.174	112705	RAP
L0RvsZPwxlR8Fe5z	RAP	EN	0.8059999999999999	0.691	5.0	0.0	0.468	130.023	223493	RAP
Wbx4RRBibBfwh7VP	RAP	EN	0.5770000000000001	0.647	9.0	0.0	0.489	139.672	188277	RAP
ID0xVQW1hNImfxFx	RAP	EN	0.7859999999999999	0.631	8.0	1.0	0.6779999999999999	135.901	189120	RAP
R25TmIigqaYc03AL	RAP	EN	0.799	0.612	1.0	0.0	0.68	77.48	155704	RAP
sYsUkxusmQdGQ9WR	RAP	EN	0.664	0.899	9.0	0.0	0.534	164.125	296269	RAP
l8G2kBkdGgotSREB	RAP,PHONK,RAP	EN	0.8420000000000001	0.7090000000000001	2.0	1.0	0.361	126.99	165140	RAP
RMbstSPEzQzmAIdq	RAP	EN	0.7859999999999999	0.327	2.0	1.0	0.194	158.019	185000	RAP
7cTImwwAUZufwCqc	RAP	EN	0.698	0.415	1.0	1.0	0.21	137.019	236611	RAP
fnLQtkYzs4Rb0J7S	JAZZ,JAZZ RAP	EN	0.625	0.677	8.0	0.0	0.273	124.016	370640	RAP
rYdFtaVfiC91GfwU	RAP,EMO	EN	0.73	0.614	2.0	1.0	0.0387	200.015	153809	RAP
pXJIuRZyHsohwayy	EMOCORE,EMO,RAP,EMO,RAP	EN	0.623	0.7190000000000001	7.0	1.0	0.285	90.009	132000	RAP
FI92CSHUE0pB6xFy	RAP	EN	0.688	0.782	11.0	1.0	0.453	146.32399999999996	343032	RAP
TpsVvoFP60wBqhGA	RAP	EN	0.435	0.202	2.0	1.0	0.0429	139.57399999999998	209080	RAP
rewGUIQQu7XqvY1j	RAP	EN	0.755	0.575	4.0	0.0	0.49	85.98700000000002	205147	RAP
MFa5GkmE5vZiTSD3	RAP	EN	0.703	0.757	1.0	1.0	0.696	82.008	221747	RAP
ylctfoBQRMSYY7cT	RAP	EN	0.879	0.591	1.0	1.0	0.0748	134.99	142222	RAP
OEhv8KEuYCUnItJw	NOISE,EXPERIMENTAL,RAP,NOISE,EXPERIMENTAL	EN	0.711	0.926	2.0	1.0	0.408	98.015	119745	RAP
bdmfM6KhU7nDlF5s	RAP	EN	0.552	0.659	11.0	0.0	0.236	105.41	193464	RAP
8xmezHdwbzUPUrn5	SOUL,RAP,EXPERIMENTAL	EN	0.613	0.321	0.0	0.0	0.081	133.749	360502	RAP
rDNYBGHtNbCQzHu8	RAP	EN	0.6709999999999999	0.529	0.0	1.0	0.203	161.989	165820	RAP
KwBUgGKxPQcEDLsz	RAP,RAP	EN	0.784	0.552	1.0	0.0	0.618	155.972	192318	RAP
IS20mbhq5AXi1Kx6	RAP,RAP	EN	0.875	0.484	6.0	0.0	0.228	138.96200000000002	187324	RAP
Vso0KricrXqVmW4s	RAP	EN	0.8440000000000001	0.52	5.0	0.0	0.289	149.995	203897	RAP
4WbWwW5FOUnFNWHR	RAP,EMO,EMO	EN	0.556	0.578	11.0	1.0	0.0759	113.988	170227	RAP
dmMqCuv4GVxK8LYg	RAP	EN	0.816	0.754	2.0	1.0	0.7040000000000001	92.023	125217	RAP
oZeGlgNwOq1Zg2gQ	RAP	EN	0.7929999999999999	0.742	0.0	1.0	0.21	150.076	166467	RAP
dTJshrNuMEABJcrz	EMO,EMO RAP,RAP	EN	0.611	0.897	9.0	0.0	0.26	94.931	185880	RAP
HcSGi4AVUwdeTc3o	RAP	EN	0.598	0.606	8.0	0.0	0.412	155.925	171547	RAP
H9krdY6rFJl4VYVR	RAP,WEST COAST RAP	EN	0.785	0.479	3.0	1.0	0.727	87.691	339893	RAP
pBeZdLZe8Eagzoyx	RAP	EN	0.882	0.772	10.0	0.0	0.581	101.169	240987	RAP
KKFz86f8XuvUzCEg	RAP	EN	0.6759999999999999	0.762	2.0	1.0	0.648	81.745	211493	RAP
kxjHhjnAe57VIHHm	RAP	EN	0.835	0.7020000000000001	0.0	0.0	0.725	128.173	201130	RAP
7WMFIr9osf1A4Wgl	RAP	EN	0.665	0.6509999999999999	0.0	1.0	0.299	122.075	159947	RAP
rE466Wj3DAhdNiIG	RAP	EN	0.422	0.56	2.0	1.0	0.397	199.779	139259	RAP
Qk1uLvtdMYXaASX1	RAP	EN	0.618	0.5579999999999999	5.0	0.0	0.516	124.109	53046	RAP
It8lQunGNaM2vygp	RAP,RAP	EN	0.489	0.718	6.0	1.0	0.0568	207.986	126960	RAP
jAmlfX0zCVbOy778	RAP	EN	0.667	0.423	9.0	0.0	0.156	125.116	236120	RAP
g4Dujfgv6YdQ8y17	RAP	EN	0.7090000000000001	0.503	7.0	1.0	0.26	87.67299999999999	331693	RAP
8JisP1L8ktIE6Eg1	RAP,METAL,EMO,HORRORCORE	EN	0.831	0.8140000000000001	2.0	1.0	0.389	156.985	124539	RAP
GXKHfYK1vjg1Q0th	RAP	EN	0.55	0.7609999999999999	1.0	0.0	0.536	115.085	267067	RAP
PiDb0PMaT1YnG1FF	RAP,PHONK	EN	0.7140000000000001	0.469	1.0	1.0	0.142	92.014	167027	RAP
apFAjvZc5RO2dyDP	RAP	EN	0.8420000000000001	0.5670000000000001	4.0	0.0	0.256	135.991	169412	RAP
rLZYIo72zmbG2q6a	RAP	EN	0.809	0.461	10.0	0.0	0.325	85.992	167410	RAP
jkPGXrVLqHqUFLFB	RAP,PHONK	EN	0.753	0.784	2.0	1.0	0.635	131.964	138240	RAP
pZz6dtuvqfDzTw4L	RAP	EN	0.569	0.378	11.0	0.0	0.0617	80.428	183265	RAP
olcSfTSYYncLYdYG	RAP	EN	0.775	0.7070000000000001	10.0	0.0	0.78	104.979	244198	RAP
LTE9k3TzgfKfmAbi	RAP	EN	0.938	0.478	1.0	1.0	0.386	138.059	261752	RAP
pXcoG0iFfyJQKLwC	RAP	EN	0.6679999999999999	0.805	1.0	0.0	0.31	150.02100000000004	166624	RAP
Do85yZHu8hWqKNgd	RAP	EN	0.882	0.621	1.0	1.0	0.487	104.954	189707	RAP
JjnfZ0DdPm9DcYCm	RAP	EN	0.631	0.609	7.0	1.0	0.348	80.727	103237	RAP
TgVareh63p2MLASF	RAP	EN	0.5820000000000001	0.7609999999999999	2.0	1.0	0.404	119.991	199200	RAP
OrF57R5EmKsyVhuI	RAP,VISUAL KEI,METAL	EN	0.8490000000000001	0.648	7.0	1.0	0.196	106.075	111020	RAP
L1vRrhcDoo1m1Q3c	RAP,RAP	EN	0.833	0.513	1.0	1.0	0.262	75.023	155533	RAP
U0D5M3JmQX0yXybu	RAP	EN	0.84	0.5589999999999999	7.0	1.0	0.336	123.976	227684	RAP
Q2pdcJkhHG5MQJ28	RAP	EN	0.7120000000000001	0.6920000000000001	1.0	1.0	0.5760000000000001	158.907	108679	RAP
ZWU05yWAG1CZB1Xh	RAP	EN	0.6709999999999999	0.565	11.0	0.0	0.561	150.014	210197	RAP
ti3gJTz9ub0RGDBb	COMEDY,RAP	EN	0.594	0.804	11.0	0.0	0.284	90.924	176080	RAP
uQTBm0gnLU7RYKif	RAP	EN	0.767	0.551	11.0	0.0	0.8809999999999999	139.937	195205	RAP
D5gynt2NOGjvQd43	RAP	EN	0.718	0.679	11.0	0.0	0.205	157.97	173347	RAP
SPWguBXb4534gHLQ	RAP	EN	0.93	0.5579999999999999	5.0	0.0	0.787	139.97899999999998	195429	RAP
ZdoxzJxLIXa7QvZz	RAP,RAP	EN	0.48	0.7759999999999999	5.0	0.0	0.6629999999999999	153.78	227467	RAP
48NT5d64SysnFNhs	RAP	EN	0.614	0.96	5.0	0.0	0.5429999999999999	93.948	178800	RAP
eCFNNAlWzoTGsFl6	RAP	EN	0.594	0.823	9.0	1.0	0.6629999999999999	97.101	173516	RAP
cGf6AaHKbzRs9c5c	RAP	EN	0.7809999999999999	0.8690000000000001	6.0	1.0	0.7020000000000001	97.025	264653	RAP
WTI2aTMu4DMwi2ZP	RAP	EN	0.745	0.606	5.0	0.0	0.294	107.028	188707	RAP
SI5731UtJRHqMOP5	FOLK,SOUL,RAP	EN	0.847	0.496	0.0	1.0	0.526	97.05	191413	RAP
vHBQRNsc9eNx9gFd	RAP	EN	0.8640000000000001	0.664	8.0	1.0	0.381	94.932	99108	RAP
SWXiAub9zHHjmOZ8	RAP	EN	0.7759999999999999	0.7759999999999999	6.0	0.0	0.68	161.983	207465	RAP
clSTuiGO2WMSoGni	RAP,UNDERGROUND RAP	EN	0.7170000000000001	0.86	3.0	1.0	0.578	147.922	203707	RAP
Cu7RgD4Yc4Q65Ggg	RAP	EN	0.627	0.797	4.0	0.0	0.589	92.384	221893	RAP
x7DNWEVa1NwRPEbB	RAP	EN	0.8059999999999999	0.57	1.0	1.0	0.454	93.015	231453	RAP
OVQYeX8UBMEeaIyr	RAP,ABSTRACT	EN	0.813	0.445	10.0	0.0	0.194	126.009	247000	RAP
FCxixZ28uMIOL0Ra	RAP,HORRORCORE	EN	0.8029999999999999	0.8170000000000001	4.0	0.0	0.747	76.507	319853	RAP
qkW7p3hftXnQyh6y	RAP,NOISE	EN	0.269	0.957	6.0	1.0	0.171	91.859	359816	RAP
zJX4qyXB3RWTUSZJ	RAP	EN	0.5539999999999999	0.462	6.0	1.0	0.212	74.16	139520	RAP
kqGBM1mpNLVQzbrf	RAP	EN	0.66	0.875	10.0	0.0	0.611	120.034	227347	RAP
pYA8xcP234sXtFRd	RAP	EN	0.473	0.939	0.0	1.0	0.568	200.123	209288	RAP
JhJxJux5ZM37OXaj	EMO,RAP,EMO	EN	0.5760000000000001	0.504	7.0	1.0	0.1689999999999999	129.903	235907	RAP
G8dgKGT39FBIkjF9	RAP,HARDCORE	EN	0.821	0.833	7.0	0.0	0.933	110.039	210467	RAP
EqSPx8gem8AYg5z9	ELECTRO,ELECTRO,RAP	EN	0.696	0.638	6.0	1.0	0.331	87.02	171280	RAP
xmARnh8o72FMpfrA	RAP,EMO	EN	0.76	0.435	0.0	1.0	0.294	75.012	196173	RAP
szC3JyErW9c9auxt	RAP	EN	0.7659999999999999	0.941	9.0	1.0	0.7070000000000001	105.519	296953	RAP
gU5sS2RoAZnxatSH	RAP	EN	0.631	0.688	0.0	1.0	0.383	139.922	173156	RAP
vJFC5sldrBzAd2Fg	SOUL,RAP	EN	0.835	0.5710000000000001	8.0	0.0	0.902	138.03799999999998	330600	RAP
EbwwtwxUyP8ByRap	RAP	EN	0.667	0.631	11.0	0.0	0.419	97.487	238587	RAP
ECcHDOR6pEVvqw2m	METAL,RAP METAL,METAL	EN	0.498	0.949	8.0	1.0	0.341	75.493	326640	RAP
n56ATEJwmJJPDCIh	RAP,SOUL	EN	0.608	0.0602	1.0	0.0	0.41	83.238	84360	RAP
dC4kOXg3aLyeqF0n	RAP	EN	0.6759999999999999	0.8220000000000001	6.0	0.0	0.6679999999999999	94.301	265240	RAP
0aLI2lnnzTpErYaq	RAP	EN	0.672	0.565	1.0	1.0	0.313	163.827	169826	RAP
87VyA3fWxPzCtqvY	RAP	EN	0.664	0.664	7.0	1.0	0.19	176.678	207071	RAP
BSlxhPyzc98Wtzka	RAP	EN	0.767	0.499	11.0	0.0	0.609	104.061	196185	RAP
XWirqqteIGewhIkI	RAP,UNDERGROUND RAP	EN	0.7440000000000001	0.75	7.0	1.0	0.8320000000000001	109.875	138797	RAP
ZOFYEdcBcnyrOcBH	RAP	EN	0.523	0.861	5.0	1.0	0.4	150.91899999999995	405086	RAP
xoALPA2sD9rG1NSU	RAP	EN	0.805	0.624	6.0	0.0	0.4320000000000001	137.007	183942	RAP
6bawG7C6rEFNzc7B	RAP	EN	0.69	0.462	8.0	1.0	0.325	157.655	245640	RAP
N9fbdLFJDnahQ0Rm	RAP	EN	0.67	0.732	8.0	1.0	0.337	120.07	160500	RAP
PB7gQAPs3qC1LBRb	RAP	EN	0.769	0.752	11.0	1.0	0.527	90.225	243107	RAP
pOMhASY4QFtAwI4K	RAP	EN	0.902	0.6729999999999999	4.0	1.0	0.615	132.066	177048	RAP
mV5WuYu6hsizWVJ6	RAP	EN	0.741	0.919	2.0	1.0	0.6659999999999999	115.054	208880	RAP
NZ8OMqExVTxHd8KY	RAP	EN	0.77	0.609	9.0	1.0	0.293	140.15	93727	RAP
6ggzwRaLqLEVEqre	RAP	EN	0.767	0.732	11.0	0.0	0.696	144.909	291067	RAP
sOOYcEUujIUMSv1D	RAP,EMO	EN	0.606	0.349	2.0	1.0	0.239	180.055	80190	RAP
iNH4IixeivdVj0LT	RAP	EN	0.568	0.464	11.0	1.0	0.415	158.30100000000004	168395	RAP
A8EGvivhiQbW1dTE	RAP	EN	0.522	0.542	9.0	0.0	0.149	155.06	173431	RAP
lXmFEtC6WX0LBmua	RAP,WEST COAST RAP	EN	0.897	0.458	9.0	1.0	0.513	92.928	206827	RAP
H9TFjmIEdeEgNozD	RAP,RAP	EN	0.838	0.425	1.0	1.0	0.465	139.969	182746	RAP
EVNEud8hO5cnLlx5	DRILL,RAP	EN	0.711	0.515	11.0	0.0	0.261	119.917	208747	RAP
DIFc8qmbevUAOAR8	RAP	EN	0.503	0.967	7.0	1.0	0.254	95.006	234775	RAP
yjKFu2eVlzW1LSVo	EMO,EMO RAP,RAP	EN	0.6759999999999999	0.7909999999999999	11.0	0.0	0.197	84.00399999999998	148120	RAP
UMsr5zrtQoVJ2I5N	RAP	EN	0.904	0.691	11.0	1.0	0.918	140.161	111187	RAP
t24XGG9mrGbNwLTA	RAP	EN	0.841	0.6779999999999999	5.0	0.0	0.493	137.02	238133	RAP
vNr8nzIHbtds7TVR	RAP,EMO	EN	0.534	0.583	2.0	1.0	0.145	105.997	231547	RAP
d3ZzlUEmvGYxdXUc	RAP	EN	0.731	0.902	11.0	1.0	0.947	147.006	173193	RAP
ZeBUw9xQNSnv2icI	RAP	EN	0.939	0.4	0.0	1.0	0.342	139.986	130893	RAP
LLuXOL6rMBkcZsuq	RAP	EN	0.88	0.775	7.0	1.0	0.284	96.507	199400	RAP
uD3400mBIauNIKKf	RAP,SOUL	EN	0.662	0.581	5.0	0.0	0.532	134.007	174787	RAP
08cN8oXwIYoUACWP	RAP,EMO	EN	0.736	0.495	6.0	1.0	0.6779999999999999	120.993	146477	RAP
ruBjy4U9IoUkhXr5	RAP,EMO	EN	0.556	0.523	3.0	0.0	0.215	154.892	279326	RAP
K0O4Htr9r6wZYExx	RAP	EN	0.883	0.85	2.0	1.0	0.7070000000000001	93.951	225987	RAP
EQpnBGhlHZE5cg9W	RAP	EN	0.956	0.5	1.0	1.0	0.3	129.006	104255	RAP
0CR53RjbkjqkCHe4	SOUNDTRACK,RAP	EN	0.64	0.841	1.0	0.0	0.0471	121.075	282547	RAP
e75QP5uTtTXRzAKR	RAP	EN	0.7509999999999999	0.421	11.0	0.0	0.416	75.497	154694	RAP
hHB9snkN6ESxG6tI	RAP	EN	0.693	0.923	9.0	0.0	0.4970000000000001	80.414	228467	RAP
Xvgr6R7XgDu6q6BJ	RAP,PHONK	EN	0.7240000000000001	0.7040000000000001	8.0	0.0	0.484	119.966	147400	RAP
1iDanFtkc2bycmTT	RAP,UNDERGROUND RAP	EN	0.708	0.536	5.0	1.0	0.278	78.015	190467	RAP
MtUJCmAfqC390LqP	RAP	EN	0.532	0.795	11.0	1.0	0.579	155.595	102269	RAP
AdvsGvbHGLuZWWbd	EMO RAP	EN	0.622	0.347	8.0	1.0	0.0757	75.512	217000	RAP
6WjPtBXpR9phW4xh	RAP	EN	0.593	0.0668	11.0	0.0	0.19	102.456	76974	RAP
OpjyIpd2BtTBzOdQ	RAP	EN	0.794	0.384	2.0	1.0	0.0407	123.068	156160	RAP
Vx53OUuB5u9fPiaG	RAP	EN	0.7509999999999999	0.8290000000000001	10.0	0.0	0.275	140.118	123411	RAP
Rhat7DDYZUqxqozJ	GRIME,RAP	EN	0.906	0.821	7.0	1.0	0.8540000000000001	120.004	209827	RAP
j1cacdA4FLl6Q34j	DRILL,RAP	EN	0.642	0.608	10.0	0.0	0.327	125.687	132801	RAP
uddEe9kng7FGSKZ5	RAP	EN	0.645	0.938	1.0	1.0	0.591	87.383	275520	RAP
ORkP0sr7lZwYMG4r	RAP	EN	0.904	0.575	1.0	1.0	0.359	141.039	177748	RAP
ywoRIAfyxFGeyman	RAP	EN	0.701	0.931	2.0	1.0	0.8029999999999999	118.034	175320	RAP
zCLJp1MfT5sJmWXF	RAP	EN	0.833	0.6729999999999999	1.0	0.0	0.753	148.019	149080	RAP
vIg1VBU5CVgsFnpX	RAP	EN	0.767	0.4920000000000001	5.0	0.0	0.194	151.986	202520	RAP
GDbpaQP7S1Z7WpAq	RAP	EN	0.659	0.333	9.0	0.0	0.643	79.365	60000	RAP
E75KCu9i6u3BrxIL	EMO RAP,EMO RAP	EN	0.493	0.547	3.0	1.0	0.054	129.911	197564	RAP
Iba4eYK1BaRbEKhH	RAP	EN	0.784	0.815	1.0	1.0	0.5589999999999999	178.11900000000003	271813	RAP
EGpOug2E84zVRtS5	RAP	EN	0.601	0.768	8.0	1.0	0.634	152.45	347507	RAP
s0qEdhUODZdJ4K96	RAP	EN	0.565	0.7170000000000001	11.0	0.0	0.341	75.505	178027	RAP
l5Xh5oVHkCKUMxtx	RAP	EN	0.721	0.513	7.0	0.0	0.31	124.02	236587	RAP
HkmyqpTh2rbLs9fL	RAP,WEST COAST RAP	EN	0.7240000000000001	0.853	11.0	0.0	0.775	170.51	332733	RAP
NR2PY8Cc99a46IJF	RAP	EN	0.887	0.597	1.0	1.0	0.422	110.935	203243	RAP
P1XKUTzExl6eovns	RAP,RAP	EN	0.768	0.476	5.0	0.0	0.404	112.048	171755	RAP
avvpiUYNMzSs8dRh	RAP	EN	0.647	0.598	2.0	1.0	0.0687	129.966	118329	RAP
z7LtnRZ0LowSbzmd	RAP	EN	0.6970000000000001	0.675	7.0	1.0	0.292	158.13299999999995	220707	RAP
oivcIPTYyqwG8z4o	RAP	EN	0.7909999999999999	0.557	7.0	0.0	0.284	119.973	345213	RAP
Pe4RTnSDm9wLHlvn	RAP	EN	0.909	0.573	5.0	1.0	0.392	144.946	134271	RAP
A9mFjxtOJ5Dvjc8A	RAP	EN	0.701	0.688	7.0	1.0	0.545	83.781	229777	RAP
YTUtzWKa8TTw6RR8	RAP METAL	EN	0.39	0.933	7.0	1.0	0.263	193.675	206373	RAP
jwLHBDv77EYwJJoC	RAP	EN	0.8370000000000001	0.453	9.0	1.0	0.107	100.925	209837	RAP
eMAVCh21Zw8fya9A	GRIME,RAP	EN	0.768	0.841	8.0	1.0	0.769	101.994	214387	RAP
VM3RBqr4ZElBswPN	RAP	EN	0.754	0.449	7.0	1.0	0.357	77.169	198973	RAP
36mogkQR5VcNWzZP	RAP	EN	0.883	0.8340000000000001	0.0	0.0	0.423	99.988	163253	RAP
hq9PJqbyJVg8rf5L	RAP,PHONK,RAP	EN	0.792	0.447	5.0	0.0	0.227	113.044	144614	RAP
OHKZzFO4Q8IBtjQ9	FUNK,RAP	EN	0.7979999999999999	0.942	8.0	1.0	0.36	116.577	398333	RAP
eiSwe4bGUadG4DXO	RAP	EN	0.639	0.812	8.0	1.0	0.5	182.016	73846	RAP
9fkjY1kVUZYVXQ2c	RAP	EN	0.51	0.5329999999999999	7.0	1.0	0.262	88.154	285653	RAP
gSObRRTCSzOx2d8U	RAP	EN	0.768	0.511	7.0	0.0	0.638	119.999	265000	RAP
WGVP381aoqJBb29l	RAP,SOUL	EN	0.556	0.5379999999999999	8.0	0.0	0.291	143.95	223347	RAP
MdbQMNseTjFaS9jW	RAP	EN	0.925	0.354	5.0	1.0	0.405	100.026	172773	RAP
n9oEaWzDuAR3wFCg	RAP,DRILL,DRILL,RAP	EN	0.6759999999999999	0.787	0.0	0.0	0.601	119.986	203012	RAP
yIzTaPz2CyYGtyC2	RAP	EN	0.904	0.499	8.0	1.0	0.961	149.977	115200	RAP
3sbVM40hDB3hFoIh	RAP,RAP	EN	0.685	0.815	11.0	0.0	0.4	165.36900000000003	265025	RAP
tr2GyqlPfnaMZCE3	RAP	EN	0.8859999999999999	0.662	2.0	1.0	0.483	135.024	234083	RAP
gGEsFK8GywTMmGYS	RAP	EN	0.643	0.76	4.0	0.0	0.144	115.069	191883	RAP
uoyBSvLdDJOWTQf9	RAP	EN	0.715	0.684	2.0	1.0	0.767	89.963	130342	RAP
tIYulcOwPCYm8Ueu	EMO,RAP	EN	0.396	0.8420000000000001	3.0	1.0	0.638	94.081	165987	RAP
ttB8NjIbbhfFThmx	RAP	EN	0.851	0.405	1.0	1.0	0.292	149.98	193907	RAP
hbK5x8oVQFiWcShF	RAP,EMO	EN	0.556	0.507	8.0	1.0	0.343	129.882	110837	RAP
vmxiQbOd9Y9b5vEG	EMO RAP	EN	0.655	0.688	11.0	0.0	0.354	165.075	139765	RAP
iFJvH9GCZHMYsVWV	RAP	EN	0.73	0.69	11.0	1.0	0.87	147.89	205255	RAP
C4jjXr5yx9KxZhjk	RAP	EN	0.386	0.5870000000000001	10.0	1.0	0.0565	96.072	181573	RAP
TlWVBwvAQYn1dGDQ	RAP	EN	0.757	0.821	6.0	1.0	0.6579999999999999	139.869	150094	RAP
FgrIUp1FKygotpRA	RAP,DRILL	EN	0.705	0.503	11.0	1.0	0.447	130.213	135993	RAP
Q3n9Nn99C3IyBYCL	RAP	EN	0.948	0.431	2.0	1.0	0.57	133.532	175509	RAP
07wMWSylLpoThQWD	RAP	EN	0.394	0.562	11.0	0.0	0.289	82.34299999999998	211419	RAP
0FUVOmkmLDVyLs4U	RAP,EMO	EN	0.632	0.675	9.0	1.0	0.57	159.901	182380	RAP
DzIivP0BaNVaIkun	RAP	EN	0.825	0.745	7.0	1.0	0.542	169.83599999999996	214547	RAP
Yba9HxX66LwfXplG	RAP	EN	0.746	0.723	9.0	1.0	0.65	76.961	301200	RAP
pQkZTYn13OX8GLKc	RAP	EN	0.428	0.794	1.0	0.0	0.147	126.05	137691	RAP
z5uaF2O5qldm2BEO	RAP	EN	0.496	0.529	11.0	0.0	0.223	155.05700000000004	184258	RAP
9rPK1qEdVPHtbJTM	RAP	EN	0.6679999999999999	0.894	2.0	1.0	0.629	94.591	156507	RAP
Rx0Cw3pXXMXYEcxq	RAP	EN	0.579	0.642	8.0	1.0	0.3	97.32	98251	RAP
16gJrvBuQcL74X7L	RAP	EN	0.36	0.624	1.0	1.0	0.529	77.196	73733	RAP
vp7JSZ1uebW6iLAv	RAP,EMO	EN	0.746	0.338	11.0	0.0	0.469	120.053	48423	RAP
dsS7XetXeZC50Vq9	RAP	EN	0.625	0.458	11.0	1.0	0.503	158.002	199056	RAP
RlSVqLvC8GklhPRN	RAP	EN	0.6859999999999999	0.7929999999999999	10.0	0.0	0.422	131.971	139091	RAP
QtuzX5aq5liCw5hm	RAP,EMO	EN	0.74	0.613	8.0	1.0	0.473	75.023	166606	RAP
V3VSOmvSVY6T5dpg	RAP	EN	0.7909999999999999	0.581	11.0	0.0	0.438	162.99	181812	RAP
XfIhLFXKXnLW9Zu9	RAP,UNDERGROUND RAP	EN	0.5870000000000001	0.775	10.0	0.0	0.408	84.26799999999999	298000	RAP
QKGG2tPHgTszavMK	RAP	EN	0.953	0.38	8.0	1.0	0.128	133.941	116847	RAP
uhM5CwYNbIRZEsyH	RAP,EMO	EN	0.799	0.679	1.0	1.0	0.211	140.058	133773	RAP
BK3saderKQ6a5nyH	RAP	EN	0.8320000000000001	0.4970000000000001	4.0	1.0	0.444	94.981	184500	RAP
13jCKVOOD05n4f9M	RAP,RAP	EN	0.84	0.621	9.0	1.0	0.332	141.032	157093	RAP
ErxikR78mqecTQM4	RAP,UNDERGROUND RAP,RAP	EN	0.385	0.71	9.0	0.0	0.398	148.385	302133	RAP
Nxr1nuaiJZ9edh3L	RAP,RAP	EN	0.879	0.595	1.0	1.0	0.355	125.994	215227	RAP
2E9Bx72iuNFaCLIq	RAP,EMO	EN	0.746	0.438	4.0	0.0	0.042	119.991	233963	RAP
58TJYbfheuYKf4hw	RAP	EN	0.794	0.93	7.0	1.0	0.7340000000000001	118.989	203714	RAP
FDfTyqZHdcsGjoNb	RAP,EMO RAP,RAP	EN	0.602	0.536	2.0	0.0	0.475	114.063	153913	RAP
2eY0HMvDlPpdM6u5	RAP	EN	0.745	0.841	6.0	1.0	0.767	97.909	213760	RAP
X0OP4ap7frgQmeyb	RAP,EMO,EMO RAP	EN	0.698	0.59	7.0	0.0	0.113	69.97800000000001	167160	RAP
9l8hvmTob2dl8uBV	RAP	EN	0.6829999999999999	0.921	2.0	1.0	0.625	160.088	219027	RAP
5oapMO2vAFdS14b5	RAP	EN	0.68	0.754	6.0	1.0	0.504	94.307	252253	RAP
ZbpYkXQbqNLJHBFx	RAP,UNDERGROUND RAP	EN	0.722	0.81	5.0	1.0	0.937	176.108	234556	RAP
ULtAawMny9mdurnM	RAP	EN	0.81	0.833	7.0	0.0	0.206	87.97399999999998	174545	RAP
3CP0a854FeGN4eJV	RAP	EN	0.618	0.885	7.0	1.0	0.731	131.862	158400	RAP
i0WgC2GTA3l38mY3	RAP,RAP	EN	0.7929999999999999	0.552	1.0	1.0	0.31	86.633	297000	RAP
uvlMpB89ZBP9qvHb	RAP	EN	0.915	0.556	6.0	0.0	0.123	140.046	179280	RAP
29lsz0MKefKborEm	RAP	EN	0.535	0.632	5.0	0.0	0.478	174.317	190293	RAP
qHzd4qO7mDnLsYYd	RAP	EN	0.945	0.5870000000000001	2.0	1.0	0.509	131.969	130978	RAP
M6sUWCSbEbPcj8vv	RAP	EN	0.905	0.332	1.0	1.0	0.0921	140.026	137499	RAP
ZaGWBndaC7OqfFVo	RAP	EN	0.5710000000000001	0.556	1.0	1.0	0.0762	155.465	291334	RAP
WbcaUZsxRMe76DIW	RAP,BLUES	EN	0.696	0.64	4.0	0.0	0.212	76.318	592000	RAP
ZTauWWtnYiqLBGbv	RAP	EN	0.6940000000000001	0.711	8.0	1.0	0.283	138.049	127524	RAP
WeuMpWVsGODS5oop	RAP	EN	0.877	0.575	7.0	1.0	0.603	107.992	133486	RAP
MWGrjYLnFktV2eFf	RAP	EN	0.875	0.519	1.0	1.0	0.0568	110.018	248745	RAP
PFCy2srDn3OXgt5T	RAP	EN	0.612	0.797	1.0	1.0	0.358	81.086	434077	RAP
Jwb9MqYiDmSKOFfm	RAP,RAP	EN	0.816	0.7809999999999999	1.0	0.0	0.937	99.949	185899	RAP
XLP6v8svQkJtn6PA	RAP	EN	0.8320000000000001	0.583	7.0	0.0	0.386	81.484	121665	RAP
quGCY8GXevYbY7CI	RAP	EN	0.638	0.6	1.0	0.0	0.0399	101.981	245604	RAP
W8PrNEO4PNiBFcat	RAP	EN	0.852	0.693	1.0	1.0	0.66	95.967	233787	RAP
d3aQlD9eyXSIDM3p	RAP	EN	0.499	0.66	1.0	1.0	0.643	160.00799999999995	195320	RAP
2rQIR1r8AU6TuVif	RAP	EN	0.552	0.687	1.0	1.0	0.341	180.12599999999995	287440	RAP
aF1M58YvvIHB6uOf	RAP	EN	0.619	0.87	2.0	1.0	0.94	188.772	219773	RAP
4GSrif3dvV3xFXQR	RAP	EN	0.932	0.481	1.0	0.0	0.197	142.078	175775	RAP
RsZ2Yq9x0s01TnkN	RAP	EN	0.936	0.7040000000000001	5.0	0.0	0.5660000000000001	130.02200000000002	214376	RAP
ioaadRQq4KYdSE2h	RAP	EN	0.617	0.4920000000000001	10.0	0.0	0.208	141.953	218674	RAP
8wu8INYkAx0b8LiM	RAP,HOUSE,ALTERNATIVE DANCE	EN	0.6970000000000001	0.6829999999999999	8.0	1.0	0.178	109.95	231498	RAP
CICSOtsKTr1Fo6Cd	RAP	EN	0.978	0.24	5.0	1.0	0.236	112.047	205949	RAP
FY3MoJmodRm4FZIw	RAP	EN	0.708	0.84	7.0	1.0	0.895	151.715	193108	RAP
M0wzzWZFYVEZwkav	RAP	EN	0.6890000000000001	0.901	5.0	0.0	0.618	121.996	168098	RAP
j0WIhrK42JwAMpAZ	EMO,RAP,EMO RAP	EN	0.4	0.6809999999999999	0.0	1.0	0.0695	180.107	174743	RAP
obXKn68thqrnzLXU	RAP,EXPERIMENTAL	EN	0.765	0.62	10.0	0.0	0.218	109.904	131350	RAP
8NwQgivFs60UIivu	RAP	EN	0.6509999999999999	0.654	4.0	0.0	0.392	81.53699999999998	205302	RAP
q2PgRs1Q3qxWpP1j	RAP	EN	0.833	0.6459999999999999	10.0	0.0	0.295	115.005	152348	RAP
5ON3bRQEp1L9NKPk	RAP	EN	0.8079999999999999	0.72	6.0	0.0	0.541	101.988	191856	RAP
1xuLwX9MYAAZhB5G	RAP	EN	0.8909999999999999	0.536	6.0	1.0	0.27	127.934	195067	RAP
bl2ScGPZW2fmfAft	RAP,RAP	EN	0.883	0.731	2.0	1.0	0.396	134.987	170667	RAP
9P3YHMQf6IzalPcE	RAP	EN	0.5710000000000001	0.613	1.0	1.0	0.583	83.31700000000002	230613	RAP
x7HkTkmgCnmfFvuu	RAP,UNDERGROUND RAP	EN	0.645	0.833	11.0	1.0	0.721	83.53399999999998	212701	RAP
2RCiXlqfzBgsPjRp	RAP	EN	0.777	0.711	0.0	1.0	0.293	139.97299999999998	153685	RAP
MzXgckgKmUmUd2o8	RAP	EN	0.732	0.738	2.0	1.0	0.343	138.99	167293	RAP
eqeHaAhwEC6vrbPW	GOSPEL,RAP	EN	0.596	0.393	8.0	1.0	0.36	107.425	320680	RAP
uUalriubDuJAjUQG	RAP	EN	0.253	0.711	5.0	1.0	0.319	85.361	43400	RAP
dQdduzaByz9vHYtH	RAP,METAL,EMO	EN	0.831	0.8140000000000001	2.0	1.0	0.389	156.985	124539	RAP
yK4T0V5Ud558KTrC	GRIME,GRIME,RAP	EN	0.5770000000000001	0.7340000000000001	1.0	1.0	0.343	90.725	142041	RAP
8OWXB9w9iyau8g1o	RAP,EMO	EN	0.537	0.614	2.0	1.0	0.198	75.041	181267	RAP
6a5biGEKES5rUMJe	RAP	EN	0.635	0.727	4.0	0.0	0.28	127.536	224519	RAP
e1Xw4Vt9FQIajrwi	RAP,PHONK	EN	0.672	0.893	1.0	0.0	0.401	95.124	49096	RAP
3a2PK7WYpwnVdofa	RAP	EN	0.841	0.47	0.0	1.0	0.423	133.026	168713	RAP
oVVG50fgksi7TvY7	RAP	EN	0.424	0.828	1.0	0.0	0.3	167.46900000000005	216900	RAP
57rZkl1awqXeIuOn	RAP,UNDERGROUND RAP	EN	0.4370000000000001	0.8009999999999999	7.0	1.0	0.624	189.316	157691	RAP
MsaAApxHhoYDgVxh	RAP	EN	0.66	0.775	2.0	1.0	0.635	157.036	157643	RAP
UTAtseD2WORE0pXx	RAP	EN	0.674	0.636	9.0	0.0	0.5379999999999999	142.989	124250	RAP
KSFP0J0NHBNb5Fis	RAP	EN	0.87	0.4270000000000001	4.0	1.0	0.634	138.013	184400	RAP
7qdMz3lobvDHC4Jx	SOUL,RAP,EXPERIMENTAL	EN	0.4	0.253	11.0	1.0	0.135	139.751	140696	RAP
AslhT7HVUd7KOt4q	RAP	EN	0.884	0.346	8.0	0.0	0.376	75.016	220307	RAP
DnmDTxWfY2zou6mj	RAP,CRUNK	EN	0.764	0.711	4.0	0.0	0.774	90.076	112667	RAP
IssS4hoy5jr8BVzG	FOLK,RAP	EN	0.7490000000000001	0.8370000000000001	7.0	1.0	0.927	103.483	220413	RAP
g0q6D0ytWQGpiD9a	RAP	EN	0.6729999999999999	0.957	1.0	1.0	0.399	174.021	221067	RAP
Eqy6Q1kQtEG6Bwsg	RAP	EN	0.805	0.778	9.0	1.0	0.969	139.828	102979	RAP
4gMuVWDrTgZsGrlR	RAP	EN	0.774	0.8170000000000001	7.0	1.0	0.8340000000000001	93.011	203667	RAP
VEv9y1Ry9Kuj4ath	RAP,EMO	EN	0.315	0.607	5.0	1.0	0.282	147.77700000000004	208200	RAP
YE7kmhY5oHfzCHsl	RAP,EMO	EN	0.769	0.156	11.0	0.0	0.527	105.95	144733	RAP
cku3J0n735P1KwB8	UNDERGROUND RAP,EMO RAP,RAP	EN	0.691	0.684	4.0	0.0	0.336	100.955	152137	RAP
51I0DcoRVfkiRDeR	RAP	EN	0.745	0.8340000000000001	8.0	1.0	0.482	157.05700000000004	159104	RAP
IC3AMRdFGbAPSuJT	RAP,EMO	EN	0.921	0.537	9.0	0.0	0.711	128.009	135090	RAP
3GGg4XLPiJgFZdEW	RAP	EN	0.6990000000000001	0.748	11.0	0.0	0.863	93.878	229547	RAP
tYsgnaCDzlO1kBxy	RAP,COMEDY	EN	0.716	0.498	7.0	1.0	0.438	78.585	122293	RAP
Zlgq1J3vGUDCv9fW	RAP	EN	0.642	0.79	2.0	1.0	0.765	116.315	227693	RAP
uQzn7hEznM7Rll8X	RAP	EN	0.955	0.691	1.0	1.0	0.7440000000000001	129.988	191213	RAP
DLxu4Y8ISmd6NI9c	RAP,RAP	EN	0.828	0.6659999999999999	2.0	1.0	0.252	125.999	187253	RAP
qFfkm2fatv3RpotF	RAP,EMO,EMO RAP	EN	0.802	0.532	1.0	0.0	0.722	144.984	165517	RAP
pA1Lm7PJdWgcH6AQ	RAP,CRUNK	EN	0.797	0.586	4.0	0.0	0.768	157.151	207587	RAP
V1FM9vznmKg6ULgC	RAP	EN	0.728	0.628	1.0	1.0	0.393	160.94	189428	RAP
GTQ6gRTalzUi6LI5	RAP	EN	0.701	0.76	9.0	1.0	0.301	91.986	248560	RAP
AT0nPgtUneEvRI3e	RAP	EN	0.7190000000000001	0.7929999999999999	1.0	0.0	0.6459999999999999	110.033	202440	RAP
pfbZuYk5eygVYcBs	RAP	EN	0.647	0.943	1.0	1.0	0.68	119.893	237347	RAP
BkHrtiYX1FjKb9Vu	RAP	EN	0.804	0.5489999999999999	10.0	0.0	0.605	95.002	293933	RAP
DjgwnCCXsSgExZ6S	DRAMA,RAP	EN	0.6920000000000001	0.206	4.0	1.0	0.474	81.896	210707	RAP
5i9Rj9XyqhEfSegl	RAP	EN	0.917	0.6890000000000001	6.0	1.0	0.443	102.414	191700	RAP
oULCJUmsDqvwNPFo	RAP,RAP	EN	0.978	0.608	1.0	1.0	0.643	114.996	119000	RAP
SGdBZN7YdHYovtvU	RAP,WEST COAST RAP	EN	0.921	0.843	7.0	1.0	0.589	95.193	312627	RAP
B0AiFGYnKd4iXT94	RAP,PHONK	EN	0.603	0.000243	1.0	1.0	0.6659999999999999	214.126	446102	RAP
jlO0Xb5U5pE8bUgY	RAP	EN	0.89	0.607	9.0	0.0	0.224	134.02200000000002	233040	RAP
jGYaDfq7ZwWcmQ56	RAP	EN	0.685	0.29	10.0	1.0	0.634	82.598	41067	RAP
3Ba8xp9dbzsLscPF	RAP	EN	0.66	0.544	11.0	0.0	0.313	140.10299999999998	164624	RAP
4Ir47GrkeKdjsEe0	RAP	EN	0.642	0.438	7.0	1.0	0.103	85.896	67030	RAP
ar5wWQPVWasoHI9C	RAP	EN	0.677	0.421	2.0	0.0	0.609	85.33200000000002	210080	RAP
1TyXGrSJgtrKPlJb	RAP,RAP	EN	0.779	0.604	1.0	1.0	0.733	135.055	145814	RAP
k3L3TfEqqA5inwfS	RAP	EN	0.591	0.201	3.0	1.0	0.0763	109.328	220495	RAP
IxdTUTLBQYrDZjAr	EMO RAP,RAP	EN	0.399	0.591	6.0	0.0	0.175	79.892	192760	RAP
IgsSTVd6MeqsNiRZ	RAP,RAP	EN	0.763	0.8740000000000001	0.0	0.0	0.755	131.03799999999998	194773	RAP
UHHKMge2HF1VMuzy	RAP	EN	0.7140000000000001	0.528	7.0	1.0	0.369	133.842	186227	RAP
aH0vIGZ8Y9uP9mlm	RAP	EN	0.55	0.6809999999999999	5.0	1.0	0.114	96.07	275000	RAP
xMMEW8nhRa8wn0Ey	SOUL,FUNK,JAZZ,RAP	EN	0.625	0.6940000000000001	1.0	0.0	0.546	135.01	266650	RAP
kyhuipEl2CeQHAYu	RAP,EMO	EN	0.628	0.573	1.0	1.0	0.0387	115.503	132702	RAP
xSKeyX85mgNLVhmi	RAP,DRILL	EN	0.77	0.421	0.0	0.0	0.214	131.935	246213	RAP
3Yt2E7nr9xzr1HnA	RAP	EN	0.8	0.794	10.0	0.0	0.438	92.05	176797	RAP
3sbVEIWr43nEsLjG	RAP	EN	0.7	0.825	1.0	1.0	0.115	130.019	247731	RAP
Y6pbi6GGdB4WymcG	RAP	EN	0.8	0.491	10.0	0.0	0.425	135.00799999999998	187654	RAP
3fZp4ygs3d0ILKh8	RAP	EN	0.6609999999999999	0.745	8.0	1.0	0.887	81.339	247040	RAP
Je2pIf8q7jl0NkF7	RAP	EN	0.7290000000000001	0.8370000000000001	1.0	1.0	0.511	139.019	186475	RAP
btxFhAJuwKD1b6Tu	RAP	EN	0.8370000000000001	0.636	1.0	1.0	0.274	145.972	288624	RAP
SL0vTNJ4rV56MyDH	RAP	EN	0.901	0.725	10.0	0.0	0.364	141.985	215213	RAP
jZlPV4zISCPeKbZO	RAP	EN	0.753	0.667	1.0	0.0	0.807	56.385	53573	RAP
vqMHpkKWWyYvtvHS	RAP	EN	0.715	0.522	1.0	1.0	0.233	158.023	271154	RAP
IJ5c0hiHBy0qOpkU	RAP	EN	0.911	0.721	0.0	1.0	0.15	120.012	182000	RAP
R2T9zz1v1wC7l3gF	RAP	EN	0.477	0.6	4.0	1.0	0.486	159.972	206311	RAP
XbTYRwpx1FLCvGfP	RAP	EN	0.754	0.518	0.0	1.0	0.423	114.18	135361	RAP
gE39Ms4AoMKpJNGi	RAP	EN	0.523	0.84	10.0	0.0	0.659	176.47299999999996	278533	RAP
ndQ2yaLHVtcOhEVb	RAP	EN	0.805	0.537	0.0	1.0	0.535	144.045	186720	RAP
H2kqTonhWBBdAUTZ	RAP	EN	0.518	0.792	1.0	1.0	0.625	78.885	183864	RAP
s5lIMHbLDxK1ufKZ	RAP	EN	0.7709999999999999	0.718	9.0	0.0	0.232	130.088	200259	RAP
cNeygay0bNzKFWC7	RAP	EN	0.394	0.594	8.0	1.0	0.297	79.544	248573	RAP
eloWKRhRP9jAnclI	RAP	EN	0.644	0.6970000000000001	0.0	0.0	0.244	120.044	240440	RAP
574uGj2NoOriKFjv	RAP	EN	0.732	0.828	1.0	1.0	0.401	166.125	138072	RAP
PbJAajOvwmSVQHyA	RAP	EN	0.779	0.455	1.0	1.0	0.197	140.181	153429	RAP
XxmI2x13IsCDxGgS	RAP,RAP	EN	0.69	0.85	1.0	1.0	0.8140000000000001	79.923	222987	RAP
qFaUN9LpZkPjjUud	RAP	EN	0.443	0.816	11.0	1.0	0.348	92.627	125968	RAP
cJdYH3HI2Vzbstfs	NU METAL,REMIX,RAP	EN	0.66	0.943	1.0	0.0	0.599	93.696	210733	RAP
2usboyvZ9wRqKaKQ	SOUL,RAP	EN	0.765	0.29	4.0	0.0	0.506	92.409	298773	RAP
CM4pRodE4oYfhMhC	ELECTRO,ELECTRO,RAP	EN	0.5720000000000001	0.682	1.0	0.0	0.313	146.905	182924	RAP
WooUCtc5fA9BEIQk	RAP,SOUL	EN	0.706	0.456	7.0	1.0	0.157	132.115	132263	RAP
fe7ecXDIulghG1JD	RAP	EN	0.635	0.843	5.0	1.0	0.657	91.634	385880	RAP
AXOUuRRMJMWvYcOv	RAP	EN	0.741	0.6579999999999999	7.0	1.0	0.746	142.05700000000004	246013	RAP
A0FhjqfCbVjmcUSF	RAP,DANCEHALL	EN	0.6809999999999999	0.5670000000000001	8.0	1.0	0.698	73.009	207714	RAP
77eJu9yh2pCko9FL	RAP,SINGER-SONGWRITER,EXPERIMENTAL,GLITCH	EN	0.853	0.81	9.0	0.0	0.885	145.028	199959	RAP
vmptAejl1JBm4OrW	RAP	EN	0.61	0.5539999999999999	0.0	1.0	0.244	159.85	221787	RAP
G3FMX2lULrET5JZV	RAP	EN	0.946	0.88	8.0	0.0	0.917	135.014	150944	RAP
5iwqTicdZjaKDNs1	RAP	EN	0.667	0.919	11.0	1.0	0.517	178.674	225400	RAP
l85Yn7fJIREglBj8	RAP,PHONK	EN	0.763	0.513	1.0	1.0	0.0795	105.306	116579	RAP
B0OmvhP7Fui22iRf	RAP	EN	0.7879999999999999	0.601	5.0	1.0	0.242	139.92600000000002	261703	RAP
xpMdzSrvrMFN9ex4	DRILL,RAP	EN	0.75	0.5660000000000001	1.0	1.0	0.458	157.028	148288	RAP
0TanEa2QCnKAedsL	RAP	EN	0.745	0.7440000000000001	9.0	1.0	0.451	162.965	184964	RAP
JAwCXh6VR5z1RAoF	RAP	EN	0.828	0.456	1.0	1.0	0.282	83.969	217169	RAP
TraiwzgD5wiMUYRb	RAP	EN	0.8	0.603	1.0	0.0	0.51	114.977	145972	RAP
BJVVaudyB9SyL2jF	EMO RAP	EN	0.379	0.511	6.0	1.0	0.0738	126.55	234501	RAP
P01OAOH23kjHb7Sj	RAP,EMO	EN	0.4920000000000001	0.88	9.0	0.0	0.296	136.934	229920	RAP
GVMKOtrICPFzkM6A	RAP	EN	0.743	0.848	1.0	1.0	0.378	82.555	157091	RAP
dHRzV8exrOlyjrOF	RAP	EN	0.599	0.8420000000000001	2.0	1.0	0.595	160.1	232500	RAP
nv6HmHEhkiV8vgCh	RAP	EN	0.421	0.963	4.0	0.0	0.494	180.336	300427	RAP
NYW0qQoVWKqVnhRh	RAP	EN	0.695	0.708	0.0	1.0	0.337	156.06799999999996	197722	RAP
rKM2OXAbTm8aP4QH	RAP	EN	0.84	0.493	0.0	1.0	0.289	140.028	205740	RAP
o0RXZhWtQpIn7vzd	RAP	EN	0.636	0.57	1.0	1.0	0.0883	168.202	190893	RAP
JjBvjSPCrAiRnfl6	RAP	EN	0.351	0.622	8.0	0.0	0.457	83.375	253387	RAP
UTmkxY1tT8bu8oSr	RAP,PHONK,RAP	EN	0.893	0.907	11.0	1.0	0.302	99.971	121979	RAP
vAnXzFTUUg4WZzkz	RAP	EN	0.825	0.763	11.0	1.0	0.517	134.989	86178	RAP
6zKE7jF5R6kuB1pK	GRIME,DUBSTEP,RAP	EN	0.649	0.885	11.0	0.0	0.616	67.775	194051	RAP
LJtbrelncNtjfPFq	RAP	EN	0.95	0.743	10.0	0.0	0.62	136.98	257546	RAP
k0aIqi3nSGHYDDbF	RAP	EN	0.742	0.711	10.0	1.0	0.294	175.903	212240	RAP
V9zuQlSSPbtcEuBs	RAP,HOUSE	EN	0.974	0.6859999999999999	11.0	1.0	0.974	121.976	199180	RAP
vE0b392RpHjeHJyy	RAP	EN	0.858	0.731	2.0	1.0	0.431	164.054	199390	RAP
UyYF2Q4d8hR12miw	RAP	EN	0.757	0.915	1.0	0.0	0.8220000000000001	96.026	184973	RAP
MqpLNH3ikvkZxk7n	RAP,COMEDY	EN	0.713	0.7829999999999999	7.0	1.0	0.918	92.545	68947	RAP
8IZA0EGeh4S3uo8N	RAP	EN	0.544	0.524	8.0	1.0	0.117	81.98200000000001	129429	RAP
xre8J3jqeWggwmNm	RAP	EN	0.662	0.416	8.0	1.0	0.426	141.125	173691	RAP
TJ3aRsiuyl9eDIJW	RAP	EN	0.642	0.847	0.0	1.0	0.614	173.843	202773	RAP
ci1CVPXPnP55AHvh	RAP	EN	0.916	0.625	2.0	1.0	0.46	128.094	152693	RAP
iHLRrx99cgM8Lh6C	RAP	EN	0.873	0.696	4.0	0.0	0.7709999999999999	160.036	168009	RAP
iovM1BawBG5xqSDD	RAP	EN	0.828	0.5770000000000001	6.0	0.0	0.5870000000000001	86.339	163493	RAP
bDhjAFcwtixhAaMm	RAP	EN	0.669	0.853	3.0	1.0	0.216	132.035	155000	RAP
zSMInQcAo5ya1nfa	SOUNDTRACK,RAP	EN	0.898	0.5429999999999999	1.0	1.0	0.736	103.723	310707	RAP
0MoamEqbnVbXrm5u	RAP	EN	0.7140000000000001	0.6	6.0	1.0	0.504	82.01700000000002	205840	RAP
ZRqF61EwFYavAWme	RAP	EN	0.7440000000000001	0.8270000000000001	7.0	1.0	0.735	145.972	252960	RAP
Rt9YSs2TB7RleVWx	RAP	EN	0.529	0.601	2.0	1.0	0.283	158.164	209827	RAP
mT1eBmNxHz71pBBQ	RAP	EN	0.7	0.556	7.0	1.0	0.351	77.943	135419	RAP
FSrOaCcuNzLbrXEw	RAP,SOUL	EN	0.417	0.58	9.0	1.0	0.139	68.58	246773	RAP
Wx8eSmDiDSKBzJvY	RAP	EN	0.738	0.929	0.0	1.0	0.667	129.984	179613	RAP
gwlkuusQLHneCZMj	RAP	EN	0.693	0.544	0.0	0.0	0.613	120.188	283493	RAP
Ec5cVr2IDDwaCY9T	RAP	EN	0.878	0.452	2.0	1.0	0.425	154.035	132165	RAP
iVkSkVkSDCHOTES0	RAP	EN	0.608	0.544	11.0	0.0	0.381	68.862	183173	RAP
llOzihE461e6YPN2	RAP	EN	0.738	0.5489999999999999	7.0	1.0	0.111	129.968	195923	RAP
sRspjIICsrN7H7Te	RAP	EN	0.8	0.693	11.0	1.0	0.373	141.991	153066	RAP
BPj1uORyW6QDZOQt	RAP,PHONK	EN	0.7559999999999999	0.535	11.0	1.0	0.0698	109.927	163159	RAP
mqgC02zknKOSq66o	RAP	EN	0.506	0.505	8.0	1.0	0.0788	76.016	170227	RAP
FzBcsis4poTYbdeW	RAP,EMO	EN	0.753	0.335	8.0	1.0	0.107	122.329	251112	RAP
k8t1Rv1t9cj997Cf	RAP	EN	0.759	0.809	2.0	1.0	0.326	109.953	109192	RAP
c5mlytyYv7kKpy1b	RAP,SINGER-SONGWRITER,EXPERIMENTAL,GLITCH	EN	0.753	0.843	10.0	0.0	0.45	105.03	187681	RAP
6yTtAz3GaPM1a8MK	RAP,AFRIKAANS	EN	0.682	0.486	0.0	0.0	0.357	168.135	256972	RAP
MCJf69pUb6EncpIp	RAP,HOUSE	EN	0.974	0.6859999999999999	11.0	1.0	0.974	121.976	199180	RAP
lPMxyf3LxkLT4Y1H	RAP	EN	0.6829999999999999	0.5820000000000001	2.0	1.0	0.339	140.036	221920	RAP
myagFGeGKot4egpU	RAP,RAP	EN	0.8859999999999999	0.742	1.0	1.0	0.463	130.0	112500	RAP
kw0cdtbMSLHElves	RAP	EN	0.84	0.444	3.0	0.0	0.376	131.999	145636	RAP
xKu6RKKJbitAMayi	RAP	EN	0.973	0.446	3.0	0.0	0.265	115.039	135340	RAP
IVTUPdtsN4nX7Cvq	EMO,EMO RAP,RAP	EN	0.647	0.688	1.0	0.0	0.225	160.02100000000004	174013	RAP
MOai8AsE5NZCRENm	RAP,NERDCORE	EN	0.906	0.33	11.0	1.0	0.263	143.028	174602	RAP
zsZgtG8dPge4taHw	RAP,RAP	EN	0.5329999999999999	0.8220000000000001	5.0	0.0	0.5760000000000001	109.711	293800	RAP
A9ihY5XGgH5MxQOH	RAP	EN	0.877	0.696	9.0	0.0	0.747	102.055	222333	RAP
hwLm4Hooxv6Z1CnR	SOUL,RAP	EN	0.461	0.407	6.0	0.0	0.223	103.686	207640	RAP
ACn0nagC5lgA1qlA	RAP,UNDERGROUND RAP	EN	0.5720000000000001	0.943	4.0	1.0	0.731	148.059	191596	RAP
r0CNaVQTG7Kpn4lS	RAP	EN	0.785	0.684	8.0	1.0	0.251	148.026	194595	RAP
rjDNyrjtNWtT0K16	RAP,RAP	EN	0.755	0.738	2.0	1.0	0.73	132.017	188973	RAP
9hlXwryun2T1D5lq	RAP,RAP	EN	0.462	0.7190000000000001	4.0	0.0	0.4270000000000001	81.66	304907	RAP
3a18NPCxnMZMxkJh	EMO RAP	EN	0.595	0.757	11.0	0.0	0.0775	172.99	178264	RAP
7FduD6Fnj99gk9k5	RAP	EN	0.833	0.596	1.0	1.0	0.489	125.954	147321	RAP
YFytF9pMq1Sx9CfR	RAP	EN	0.815	0.438	5.0	1.0	0.144	151.02100000000004	295487	RAP
o9CWLZnBpKPRZYfl	INDUSTRIAL,RAP,PHONK,RAP	EN	0.6659999999999999	0.7	0.0	1.0	0.294	145.046	79271	RAP
bh015Iz4RVf1KBWQ	RAP,EXPERIMENTAL	EN	0.581	0.746	10.0	0.0	0.455	101.881	189703	RAP
S9JHcn2WhnL2G3rr	RAP	EN	0.328	0.836	7.0	1.0	0.451	98.59	192072	RAP
mBpFOlIOU3VPvjjE	RAP,EMO	EN	0.728	0.662	7.0	1.0	0.146	134.90200000000002	145582	RAP
NWfTfxzNIhxXY92Y	RAP	EN	0.773	0.752	5.0	1.0	0.665	125.003	130638	RAP
bX5M3qUMGBUjjMqT	RAP	EN	0.866	0.438	0.0	0.0	0.373	83.992	125681	RAP
6RatnqsMZ1fhyMOd	BROADWAY,RAP,RAP	EN	0.8290000000000001	0.649	8.0	1.0	0.569	90.936	333154	RAP
zhIam6YBJJh4Jjpr	RAP	EN	0.664	0.8320000000000001	10.0	0.0	0.498	164.144	156621	RAP
Yet2h3g5KbGtgn4q	RAP	EN	0.546	0.787	6.0	0.0	0.266	130.113	114471	RAP
H8Tmat6Mw5fLMhfO	PHONK,RAP	EN	0.809	0.466	1.0	1.0	0.195	110.005	135993	RAP
lIOQtj76LEoworJz	RAP	EN	0.845	0.618	8.0	1.0	0.366	119.944	207267	RAP
LXgfULOunYXu4ULj	RAP,EMO	EN	0.763	0.381	6.0	1.0	0.0976	130.968	184324	RAP
n2M9PoXN9RSlFo7U	RAP	EN	0.6970000000000001	0.451	6.0	1.0	0.245	169.946	184213	RAP
LRExPfsdQzkD6JsI	RAP	EN	0.736	0.643	5.0	1.0	0.599	156.002	215385	RAP
gwxTAYYmgiX8Cyqu	RAP	EN	0.79	0.674	1.0	1.0	0.199	101.996	207640	RAP
FB19oWhrdCnauc5x	RAP	EN	0.931	0.522	5.0	1.0	0.252	134.941	131616	RAP
GRJQTSVVjLRlbHig	RAP	EN	0.604	0.401	5.0	0.0	0.138	140.006	164570	RAP
01gyRHLquwXDlhkO	RAP	EN	0.488	0.905	8.0	1.0	0.674	82.385	266733	RAP
FbW5QQiixGpdUgi7	RAP,PHONK	EN	0.7609999999999999	0.583	5.0	0.0	0.318	134.951	206472	RAP
YooXxq5A4lD1gYuZ	RAP	EN	0.899	0.496	7.0	1.0	0.145	127.046	227044	RAP
wt9kI5EyQKyUq3uI	RAP	EN	0.8340000000000001	0.526	10.0	0.0	0.259	179.945	149347	RAP
KHku7oThHnsOP3pY	RAP	EN	0.83	0.797	7.0	1.0	0.8859999999999999	90.229	269973	RAP
uBBqfJpB7DvyEw50	GRIME,RAP	EN	0.339	0.922	8.0	1.0	0.478	142.797	219156	RAP
2fwmmHiKaZqDUlY0	RAP	EN	0.87	0.645	1.0	1.0	0.746	94.998	281600	RAP
QolCFgn0lRVqdc9N	RAP,SOUNDTRACK	EN	0.698	0.732	2.0	1.0	0.0689	171.43099999999995	326467	RAP
sJ0LLWgQki6QFRFS	RAP	EN	0.693	0.899	0.0	1.0	0.319	86.04799999999999	298893	RAP
iTjUw2sRiRrg8S2T	RAP	EN	0.6859999999999999	0.83	0.0	0.0	0.758	162.149	139134	RAP
muOGkG0bSl7qaS1Z	RAP,PHONK	EN	0.753	0.679	5.0	0.0	0.19	105.977	145078	RAP
87ygfhIwkCh1agZV	RAP	EN	0.877	0.514	2.0	0.0	0.272	119.998	162053	RAP
JFUwIuYYo0iGgr1K	RAP,RAP	EN	0.527	0.605	2.0	1.0	0.552	172.206	78367	RAP
608RAorKOvSj4T7t	RAP	EN	0.8370000000000001	0.758	11.0	0.0	0.43	88.00299999999999	309777	RAP
eO7ZGDbN1xGPfJXl	RAP	EN	0.894	0.284	11.0	0.0	0.413	138.944	216520	RAP
MOZWohpsJob00kvE	RAP	EN	0.589	0.745	2.0	1.0	0.328	131.22	190640	RAP
ZyCBkmfntiMuWJ43	RAP,RAP	EN	0.7809999999999999	0.597	10.0	0.0	0.544	158.043	149949	RAP
U17Rii4cXDInPri6	EMO,EMO RAP,RAP,EMO	EN	0.328	0.619	0.0	1.0	0.405	67.153	180600	RAP
4BHY1Hg5QlrqTaJ2	RAP	EN	0.44	0.6709999999999999	3.0	0.0	0.479	83.07799999999997	234387	RAP
y47jVdXGyv0iBRcS	RAP	EN	0.6759999999999999	0.618	2.0	0.0	0.466	79.79899999999998	255373	RAP
8Nhq9B5Dur6YALHx	RAP	EN	0.601	0.6759999999999999	9.0	0.0	0.672	85.815	210282	RAP
bDnRWF7axOaTocRV	RAP,RAP	EN	0.341	0.938	11.0	1.0	0.536	76.202	272729	RAP
rLCKyRKpuFuAqM0V	RAP	EN	0.8740000000000001	0.54	10.0	1.0	0.723	156.941	190747	RAP
X0JNhHFDnIrtnbns	RAP	EN	0.546	0.695	7.0	1.0	0.182	79.932	219840	RAP
HOU5VNruNYj1WboR	RAP	EN	0.541	0.399	11.0	1.0	0.392	203.893	197721	RAP
B4lswxqUXmsJeejN	RAP	EN	0.589	0.821	11.0	1.0	0.424	77.472	286973	RAP
3BLMuKJuyoYjilDV	COMEDY,RAP	EN	0.622	0.872	0.0	1.0	0.643	149.959	156267	RAP
XfM2iQyW0ZqTN4rI	FUNK,RAP	EN	0.0	0.11	0.0	1.0	0.0	0.0	40520	RAP
6ORfN6MoG89BBNm7	RAP	EN	0.933	0.728	7.0	1.0	0.898	108.994	206400	RAP
DIaQtZb21ZTkOZFZ	RAP,RAP	EN	0.85	0.797	10.0	0.0	0.63	99.615	260307	RAP
h6qEdNl68CXF9cZn	RAP	EN	0.716	0.618	2.0	1.0	0.584	162.957	135547	RAP
EYRYj6axzBtPctHS	RAP,GRIME	EN	0.77	0.541	5.0	1.0	0.129	102.026	240000	RAP
yhJqGU8wEFIGs23Q	RAP	EN	0.826	0.5529999999999999	5.0	1.0	0.542	82.001	204173	RAP
ka4OaKoEROEtJDhB	RAP	EN	0.607	0.7829999999999999	2.0	1.0	0.326	146.92700000000005	205833	RAP
LDmSwTdUxlG6SG8S	RAP	EN	0.6779999999999999	0.76	1.0	1.0	0.24	96.044	213402	RAP
fv11jrtn15u40Ofy	RAP,EMO,EMO RAP	EN	0.407	0.614	0.0	1.0	0.57	159.842	149064	RAP
ZKXR3hlDENsj8LvX	RAP,RHYTHM AND BLUES	EN	0.851	0.665	7.0	1.0	0.916	84.87299999999998	239373	RAP
FmWaMz4fypa9iLUL	RAP	EN	0.645	0.779	6.0	0.0	0.368	98.405	163106	RAP
L3FERpTzYjOMNNhs	RAP	EN	0.804	0.5670000000000001	1.0	1.0	0.191	128.17	105048	RAP
vcFCcYkAzq9fzOlK	RAP	EN	0.504	0.86	9.0	1.0	0.521	179.047	166903	RAP
EuFKcEtJ08PSZ3eH	RAP	EN	0.813	0.544	4.0	1.0	0.6990000000000001	146.07299999999995	324173	RAP
He5by0MOAT5n4A0s	RAP,UNDERGROUND RAP	EN	0.519	0.894	6.0	0.0	0.584	180.02	179587	RAP
7lfWuF3dZT4vNcPp	RAP	EN	0.857	0.764	1.0	1.0	0.579	93.071	261267	RAP
1BLzOSJbooOR7oN9	RAP,RAP	EN	0.855	0.562	9.0	0.0	0.193	164.053	133691	RAP
LkkXphoTZ3P7ZS46	RAP	EN	0.821	0.941	5.0	0.0	0.908	132.046	216870	RAP
8ppvbO9fr66qIong	RAP	EN	0.799	0.795	6.0	0.0	0.696	107.804	235507	RAP
e4WHfUEKcR80w3NX	RAP,RAP	EN	0.8009999999999999	0.815	11.0	1.0	0.37	90.01700000000002	202920	RAP
uU35tOTnmANnJEhR	RAP,PHONK	EN	0.782	0.459	11.0	1.0	0.428	118.076	211592	RAP
uS7o8pR51ymrsVHs	RAP	EN	0.846	0.981	0.0	1.0	0.313	109.999	122000	RAP
86ULlkqPPplrJYz1	RAP	EN	0.346	0.568	7.0	1.0	0.228	81.98200000000001	156004	RAP
7wfj1RYJxB0K5GnC	RAP	EN	0.914	0.754	1.0	1.0	0.8809999999999999	120.062	83080	RAP
RQv63ECDURN0oOyA	RAP	EN	0.6459999999999999	0.64	3.0	0.0	0.882	134.03	216041	RAP
8AgOGLKIJZ1LgKzl	RAP	EN	0.7959999999999999	0.484	10.0	0.0	0.158	137.901	178987	RAP
Lr2XYHCpQj8Mvgzh	RAP	EN	0.643	0.7659999999999999	0.0	0.0	0.54	131.001	275298	RAP
oVxmlOPr6W8miu6z	RAP,EMO	EN	0.743	0.569	0.0	0.0	0.384	145.905	156034	RAP
n20f2I52EoxFLanB	RAP	EN	0.8170000000000001	0.563	1.0	1.0	0.619	149.942	123776	RAP
carLoQGKt5SlMsVw	RAP	EN	0.809	0.845	10.0	0.0	0.67	90.015	176990	RAP
KxTDeX99TzJmEEYy	RAP	EN	0.914	0.324	4.0	1.0	0.186	120.154	245342	RAP
3ErV85kWuvu7qcD5	RAP,RAP	EN	0.645	0.657	9.0	0.0	0.136	104.931	228227	RAP
q1r0ljiyiYN9o4CL	RAP,EMO	EN	0.738	0.7490000000000001	1.0	0.0	0.583	113.027	153783	RAP
OmQcmF5CgKDwHBOP	RAP	EN	0.892	0.6509999999999999	0.0	0.0	0.599	105.814	253580	RAP
Vp63zcrzSDzUc3kk	EMO,EMO RAP,RAP,EMO	EN	0.546	0.835	0.0	1.0	0.423	133.986	182893	RAP
Rcn6e1C3CaB4tMDP	RAP	EN	0.643	0.902	11.0	1.0	0.485	130.019	219960	RAP
ZXwVk7hNZboebPcj	RAP	EN	0.655	0.662	7.0	1.0	0.516	149.25799999999995	234973	RAP
ASV7ZlJlusibHFL1	RAP,EMO	EN	0.696	0.503	7.0	1.0	0.125	129.974	235231	RAP
V14PF5wBkcCxLij1	RAP	EN	0.472	0.86	4.0	0.0	0.366	144.07299999999995	211773	RAP
9p2dKEgyfJJPZll3	RAP	EN	0.713	0.909	9.0	0.0	0.73	184.032	316400	RAP
7hKdh85WgKXmGXhW	RAP,EDM	EN	0.763	0.731	1.0	1.0	0.623	135.994	156716	RAP
6Pqz6EiSPFD4XS8x	RAP,EMO,NEW WAVE	EN	0.821	0.434	10.0	0.0	0.241	120.012	187173	RAP
k9BvDYo1CGgKMxiY	RAP	EN	0.569	0.573	6.0	0.0	0.326	150.295	246907	RAP
9yqcwWJcf5nd7ONf	RAP	EN	0.539	0.6990000000000001	8.0	0.0	0.244	166.01	200133	RAP
pDHYTME2wzoAoR6B	RAP	EN	0.8	0.672	11.0	0.0	0.871	76.023	139279	RAP
dV7xIuU5Jn69oqRT	RAP	EN	0.747	0.52	10.0	0.0	0.601	92.869	232773	RAP
8SPcuXJukUAGC5yT	RAP	EN	0.7829999999999999	0.726	7.0	1.0	0.784	148.062	201480	RAP
1wfIkdvGunMCtin2	RAP,RAP	EN	0.5	0.6679999999999999	9.0	1.0	0.463	90.014	269333	RAP
TAobe0AY8BSNHAza	RAP	EN	0.473	0.772	10.0	0.0	0.303	130.32	307905	RAP
5GgAsfbpJyOXT3qy	RAP	EN	0.711	0.6829999999999999	0.0	0.0	0.647	139.945	190213	RAP
1fx9bFZFLU7L3vb7	RAP,SOUNDTRACK	EN	0.568	0.904	0.0	1.0	0.799	109.331	270733	RAP
Nsxuuu8qAp8pBG8z	RAP	EN	0.677	0.941	10.0	0.0	0.617	73.558	204251	RAP
euUmE2v0quB8lQFp	RAP	EN	0.7859999999999999	0.665	1.0	1.0	0.542	156.024	178559	RAP
qVDR0URJvt4r4B88	RAP	EN	0.82	0.7240000000000001	5.0	1.0	0.279	154.965	288024	RAP
xlhXEjmsaPvFKSAu	RAP,RAP	EN	0.6679999999999999	0.828	1.0	1.0	0.357	134.942	248213	RAP
KUoNV2BZViShPDj6	RAP,SOUNDTRACK	EN	0.899	0.675	7.0	1.0	0.54	85.007	237987	RAP
K2YEr0czHqO0pvp7	RAP	EN	0.52	0.807	2.0	1.0	0.628	178.012	168591	RAP
bn2v1XZjvZ4DCVgm	RAP	EN	0.851	0.629	1.0	1.0	0.789	125.984	237640	RAP
e7TnTmQxAQ92WX1n	RAP	EN	0.718	0.862	11.0	1.0	0.305	138.97	273000	RAP
13Lxfyct16V0j6C1	RAP,BASS MUSIC	EN	0.688	0.6579999999999999	1.0	1.0	0.28	75.615	226397	RAP
fZWUgTQ45U9wDx2X	CRUNK,RAP	EN	0.732	0.7240000000000001	0.0	1.0	0.8079999999999999	140.13	221933	RAP
j4PtxdMUI3zEHOFH	RAP	EN	0.757	0.7090000000000001	8.0	1.0	0.38	97.023	266907	RAP
38PtCqCFeC5xdX8R	RAP	EN	0.816	0.625	1.0	1.0	0.253	162.032	165926	RAP
bbYEtZ4EYn7g145n	EMO,RAP	EN	0.451	0.7709999999999999	5.0	0.0	0.204	139.93200000000002	248187	RAP
s6xjph3T4DLYSccJ	RAP	EN	0.799	0.6679999999999999	8.0	1.0	0.153	134.005	264819	RAP
FqkVkLcTLEr8YKDd	RAP	EN	0.778	0.521	10.0	0.0	0.542	141.023	156596	RAP
LShWnd6UKFrqp9Cr	RAP,COMEDY,RAP,COMEDY	EN	0.8	0.6559999999999999	5.0	0.0	0.436	119.921	285894	RAP
ZigR5rn9j15ifRfQ	RAP,RAP	EN	0.774	0.716	8.0	0.0	0.579	150.037	193618	RAP
sZyBgXmbJZgXtcak	RAP,SINGER-SONGWRITER,EXPERIMENTAL,GLITCH	EN	0.79	0.825	7.0	0.0	0.64	97.993	195918	RAP
GJQJpzySUd3TtRTk	EMO RAP	EN	0.659	0.614	9.0	0.0	0.26	119.405	143969	RAP
V2G9txyvNH9OFKNi	JAZZ,JAZZ RAP	EN	0.482	0.638	10.0	0.0	0.62	79.934	438520	RAP
UJZzgrVhyZqaG4D7	RAP,RAP	EN	0.398	0.743	10.0	0.0	0.522	87.94	190141	RAP
tGXke5GZ9PtVfucq	RAP	EN	0.772	0.49	10.0	1.0	0.727	78.48100000000002	135627	RAP
JXK0vKMx6RHPNrDk	RAP	EN	0.7170000000000001	0.41	1.0	0.0	0.119	125.95	124720	RAP
BYQVgfxHs23QiLta	RAP,RAP	EN	0.6509999999999999	0.629	11.0	0.0	0.317	135.88299999999998	197721	RAP
3Q4O1XZOkiVr7iw5	RAP	EN	0.928	0.355	8.0	1.0	0.0715	120.042	105131	RAP
cfa1O9W6VdSgQyhw	RAP	EN	0.639	0.312	0.0	1.0	0.347	103.369	150769	RAP
AMf65XxWqQKsZIzc	RAP	EN	0.417	0.58	9.0	1.0	0.139	68.58	246773	RAP
IelG7rFQAgBjpzk8	RAP	EN	0.54	0.64	9.0	0.0	0.389	81.65100000000002	232615	RAP
GiE3tCIAW1EpYFSN	RAP	EN	0.69	0.6	8.0	1.0	0.7609999999999999	160.08	156744	RAP
Pea4G3Ad3GYrRwXf	GRIME,GRIME,RAP	EN	0.8009999999999999	0.765	2.0	1.0	0.405	150.002	200080	RAP
8GABsiRNLJ9k8uTT	RAP	EN	0.823	0.53	9.0	0.0	0.351	101.109	203806	RAP
0rYt4Pks3wZM7axD	RAP	EN	0.825	0.597	4.0	0.0	0.648	78.059	202760	RAP
wtzYLNe8zFcJ5D26	RAP,SOUNDTRACK	EN	0.659	0.727	10.0	0.0	0.4320000000000001	101.987	261987	RAP
icGM98vLlCPFCfeL	RAP	EN	0.8270000000000001	0.635	11.0	0.0	0.7659999999999999	88.87	275640	RAP
F197N9ohugnevOrV	RAP	EN	0.599	0.6579999999999999	0.0	0.0	0.426	140.031	172147	RAP
iAl3TxCLdBma2unH	RAP	EN	0.696	0.503	7.0	1.0	0.125	129.974	235231	RAP
bP3tqw3lLuphwtKR	RAP	EN	0.629	0.625	7.0	0.0	0.363	173.995	204893	RAP
P2oOtxpcpamhbUxZ	RAP	EN	0.7170000000000001	0.333	5.0	1.0	0.287	70.304	89174	RAP
2ua2QeZmz3kBTLdO	RAP,EXPERIMENTAL	EN	0.614	0.618	6.0	1.0	0.269	107.674	251857	RAP
qCw5UDycGtIVP3rZ	RAP	EN	0.431	0.894	5.0	0.0	0.604	162.19299999999996	258760	RAP
C0dp6XBEZEGgdgLN	RAP	EN	0.934	0.28	10.0	0.0	0.21	96.011	193480	RAP
oMebJeWt9oOdIlVs	RAP	EN	0.65	0.29	0.0	1.0	0.238	76.778	102093	RAP
b6odPHzGx4F1gp8H	RAP	EN	0.479	0.845	10.0	0.0	0.471	170.093	173073	RAP
kqfdI9bYpJPeMZZ5	RAP	EN	0.897	0.583	8.0	1.0	0.314	120.051	152000	RAP
xeMpG8eGoCeauW2h	RAP	EN	0.508	0.417	10.0	0.0	0.337	96.96	126380	RAP
CCwtoSBa9TvL5YQS	RAP,RAP	EN	0.7170000000000001	0.5870000000000001	7.0	1.0	0.336	112.44	196173	RAP
B7KGt1Gg3AZ6mVr7	ROCK	EN	0.503	0.458	9.0	0.0	0.243	127.629	323933	ROCK
NvWNwHDQz5rs7psZ	POST-HARDCORE,SCREAMO,ROCK	EN	0.465	0.951	6.0	1.0	0.496	105.012	210120	ROCK
cbio3wXvN52hhZGQ	CLASSIC ROCK,ROCK	EN	0.423	0.91	5.0	1.0	0.373	132.464	342494	ROCK
HWanNT0ZqeO74fN8	ALTERNATIVE ROCK	EN	0.39	0.735	11.0	1.0	0.454	172.074	264733	ROCK
GXRs8PIzL8ckAN5L	HARD ROCK,ROCK,CLASSIC ROCK,HARD ROCK,CLASSIC ROCK,ROCK	EN	0.2	0.434	9.0	0.0	0.37	83.876	310933	ROCK
MetQ6pb0VvifAja9	ROCK,METAL,GOTHIC METAL,GOTHIC ROCK,GLAM ROCK	EN	0.368	0.987	7.0	1.0	0.301	160.026	286798	ROCK
DABLmBvQfoSTFSJJ	SINGER-SONGWRITER,ROCK,CLASSIC ROCK	EN	0.598	0.0625	4.0	0.0	0.328	141.765	233653	ROCK
2lcXlPSSWy11FDDI	ROCK	EN	0.6920000000000001	0.708	11.0	1.0	0.96	126.086	163493	ROCK
EeK8RGT57AXJii2A	SHOEGAZE,POST-ROCK,EMO,PUNK,POST-METAL	EN	0.27	0.93	4.0	1.0	0.443	155.731	223482	ROCK
dS8OlnXdTl7atrar	ROCK,POP,POP ROCK,POP,ROCK,POP ROCK	EN	0.5660000000000001	0.8190000000000001	1.0	1.0	0.708	164.00400000000005	270733	ROCK
Z5tx2JCP45KQVjak	EXPERIMENTAL,ROCK,AVANT-GARDE,EXPERIMENTAL ROCK	EN	0.483	0.512	5.0	0.0	0.715	153.393	317733	ROCK
7YaM7rV8r75G9CfH	ROCK,INDIE ROCK	EN	0.331	0.245	0.0	1.0	0.469	107.182	173360	ROCK
YhB2FEwlQ2FeNc8l	INDIE ROCK	EN	0.7390000000000001	0.453	5.0	0.0	0.636	139.91899999999998	248382	ROCK
hculIF5VdJACpdwb	POP,ROCK	EN	0.459	0.733	10.0	1.0	0.5379999999999999	118.243	322240	ROCK
uGCn2F4lbc5D9xCH	INDIE POP,INDIE ROCK	EN	0.5820000000000001	0.942	2.0	1.0	0.551	109.471	169573	ROCK
AooXqPPSAfFxbJ8C	CLASSIC ROCK,ROCK,FOLK ROCK	EN	0.669	0.446	2.0	1.0	0.5870000000000001	81.558	281000	ROCK
O9y6hhVaj5oovlOx	POP,POP ROCK,POP	EN	0.639	0.919	7.0	1.0	0.585	101.994	205000	ROCK
84RnKksKoEAaNH2C	GOTHIC ROCK	EN	0.412	0.782	0.0	0.0	0.149	131.79	455853	ROCK
o7Vz3y5rxkMlzSWU	ROCK,SOUTHERN ROCK,CLASSIC ROCK	EN	0.584	0.521	4.0	1.0	0.317	160.058	329400	ROCK
dw7fkZxsL7kzLS5L	HARD ROCK,ALTERNATIVE ROCK,ROCK	EN	0.292	0.847	7.0	0.0	0.213	117.384	258676	ROCK
JPt3d6I02o8NZlOl	ROCK,ALTERNATIVE ROCK	EN	0.423	0.922	3.0	1.0	0.5670000000000001	156.063	204853	ROCK
L5kel9ii1NItXG7F	INDIE ROCK	EN	0.599	0.949	3.0	1.0	0.768	111.995	177413	ROCK
rqF8jSdhE245JogR	EMO,ROCK	EN	0.389	0.8109999999999999	9.0	1.0	0.706	99.242	150667	ROCK
HlsNEWLkPD9vbx6U	ALTERNATIVE ROCK,JANGLE POP,ROCK	EN	0.501	0.634	0.0	1.0	0.711	155.745	197507	ROCK
l8nIgHbFTCThObcR	POP,POP,POP ROCK	EN	0.493	0.288	9.0	0.0	0.369	71.967	244160	ROCK
QyUuRNnZyLvttQ07	EMO,INDIE ROCK	EN	0.101	0.971	11.0	0.0	0.199	162.609	224169	ROCK
fsDIJN6Mdq416gjb	PUNK,ROCK	EN	0.5	0.921	6.0	1.0	0.8909999999999999	90.861	127533	ROCK
qIxtdw8j4Gq4alal	POP,ROCK,POP,SOUL	EN	0.435	0.92	4.0	0.0	0.45	188.899	245960	ROCK
tAeXn0bgJc1kwhOx	CLASSIC ROCK,ROCK,METAL	EN	0.343	0.0213	7.0	0.0	0.54	111.372	301648	ROCK
IeXzoy1GBDX8FOG5	ROCK	EN	0.5589999999999999	0.907	0.0	0.0	0.321	109.05	234594	ROCK
6F6dOdM6jDsI5kzR	ROCK,BRITPOP	EN	0.24	0.539	2.0	1.0	0.147	78.544	226267	ROCK
MEsj7WJcYWtrrQRU	SHOEGAZE,INDIE ROCK	EN	0.221	0.597	4.0	1.0	0.589	83.853	270240	ROCK
GlkmfIGTmkmWIGW8	HARD ROCK	EN	0.298	0.612	3.0	0.0	0.343	156.727	262200	ROCK
Gb5HL3tc3oBZ06nO	INDIE ROCK,GARAGE ROCK,INDIE ROCK	EN	0.677	0.6	2.0	0.0	0.599	130.043	293392	ROCK
7XPNBlkIsGVoF4MN	CLASSIC ROCK,ROCK	EN	0.428	0.244	2.0	1.0	0.39	100.495	179773	ROCK
MXNKRosvMPJxzgGA	HARD ROCK	EN	0.313	0.895	1.0	1.0	0.609	127.442	243200	ROCK
xXyAWYtBwmJrLYcy	PUNK,ROCK	EN	0.531	0.757	2.0	1.0	0.942	118.797	115693	ROCK
lgpskzKOGGevxDBL	ROCK	EN	0.484	0.802	11.0	1.0	0.424	128.06799999999998	230640	ROCK
QlXbJIK7hQ4gVW9z	ROCK	EN	0.5379999999999999	0.507	9.0	1.0	0.705	88.68299999999998	216612	ROCK
TD35EkzmeYhcTOzK	ROCK,CLASSIC ROCK	EN	0.527	0.189	2.0	1.0	0.209	94.642	257366	ROCK
Xv49LbvOrcPsFLPr	CLASSIC ROCK,ROCK,BLUES	EN	0.476	0.787	0.0	1.0	0.904	118.579	163467	ROCK
TdRKIwdb04WCDLNE	CLASSIC ROCK,SOFT ROCK,SINGER-SONGWRITER,ROCK	EN	0.674	0.7709999999999999	7.0	1.0	0.718	109.618	333720	ROCK
q5ciXWRZhC97sUzP	CLASSIC ROCK,HARD ROCK,METAL	EN	0.479	0.574	7.0	1.0	0.351	110.737	188775	ROCK
q9C2bGnbFhFG8Xsc	ROCK,POP,SINGER-SONGWRITER	EN	0.489	0.7290000000000001	10.0	1.0	0.339	144.041	273893	ROCK
WiovE3iEVlcgASzF	PROGRESSIVE ROCK,HARD ROCK,ROCK	EN	0.343	0.951	0.0	1.0	0.479	190.096	288027	ROCK
37n76pxi3iDekuEM	ROCK,HARD ROCK,CLASSIC ROCK	EN	0.536	0.8440000000000001	6.0	0.0	0.185	117.652	310333	ROCK
R3Qsod3NOQeZX97F	ROCK	EN	0.7559999999999999	0.7040000000000001	4.0	0.0	0.301	129.99	268466	ROCK
V9HVYlU2kekOQ4Bk	INDIE ROCK	EN	0.461	0.0709	7.0	1.0	0.161	76.987	170653	ROCK
uUpcDj25nSn74EJ2	ALTERNATIVE ROCK,ROCK	EN	0.461	0.959	9.0	0.0	0.083	132.632	256453	ROCK
ptRZofJt6xiBHrmi	ROCK,POP,COUNTRY	EN	0.518	0.438	1.0	1.0	0.365	138.26	295427	ROCK
Jbi4LP9Ita4veuzL	ROCK,POP	EN	0.443	0.8170000000000001	5.0	1.0	0.242	117.514	230800	ROCK
4nl4bD8mUDpjhwq5	ALTERNATIVE ROCK,ROCK,ALTERNATIVE ROCK,ROCK	EN	0.6	0.523	7.0	1.0	0.738	120.8	122440	ROCK
EMKi2uT6eNoitXsE	ROCK,SOUNDTRACK	EN	0.493	0.885	1.0	1.0	0.496	81.781	198360	ROCK
pBnq5rzvKrk3NGFL	METAL,HARD ROCK,NU METAL,ROCK	EN	0.5529999999999999	0.991	8.0	1.0	0.324	114.92	287067	ROCK
VYmwnlxusCKqZkO4	FOLK,ROCK	EN	0.394	0.555	9.0	0.0	0.231	146.687	180837	ROCK
XRcAuFRuLwpJCqqN	ROCK	EN	0.295	0.968	4.0	1.0	0.326	182.67	202587	ROCK
Se9KDiwbDwmSEBKh	FOLK,SINGER-SONGWRITER,CLASSIC ROCK,ROCK	EN	0.4370000000000001	0.284	10.0	1.0	0.322	91.719	158773	ROCK
5ne8VF84wA1KgHyy	CLASSIC ROCK,ROCK	EN	0.358	0.19	5.0	1.0	0.269	77.756	217400	ROCK
23yuRcbGK0IcWN5y	GRUNGE,ROCK	EN	0.611	0.453	2.0	1.0	0.278	126.756	231760	ROCK
KVeUK82exHU1qwBH	ROCK,CLASSIC ROCK	EN	0.453	0.836	9.0	0.0	0.5870000000000001	144.079	225440	ROCK
dNNpRDMfokMseN4j	ROCK,PUNK	EN	0.37	0.959	3.0	1.0	0.5670000000000001	117.221	229733	ROCK
p4fBFpOaAKgZSy3Q	ROCK,INDIE ROCK	EN	0.536	0.73	2.0	0.0	0.438	97.206	292547	ROCK
Tisy21VW1CE1zVI5	ALTERNATIVE ROCK	EN	0.5670000000000001	0.852	9.0	0.0	0.552	132.946	212267	ROCK
6CLhAItze5KngG73	ROCK,HARD ROCK,CLASSIC ROCK,HARD ROCK,ROCK,GOTHIC ROCK	EN	0.55	0.765	7.0	1.0	0.417	139.453	252533	ROCK
oWFWydgbnWZdNU5X	CLASSIC ROCK,ROCK,PROGRESSIVE ROCK	EN	0.39	0.277	9.0	1.0	0.204	98.043	239960	ROCK
OlrrKbgPcbWuZSqL	BRITPOP,ROCK	EN	0.405	0.76	1.0	1.0	0.316	145.035	304280	ROCK
7KWv05tDShhDLVEm	INDIE ROCK	EN	0.6559999999999999	0.8320000000000001	0.0	1.0	0.581	101.022	241973	ROCK
hgc5gbgG1DhDQBxx	INDIE POP,INDIE ROCK	EN	0.6409999999999999	0.527	0.0	1.0	0.485	130.018	216880	ROCK
srlLmQtmplQwvJeO	CLASSIC ROCK,SOFT ROCK,ROCK,FOLK ROCK	EN	0.6459999999999999	0.531	7.0	1.0	0.655	172.02	209867	ROCK
dM8l2VQ2mcGBLbs8	ROCK,POST-PUNK,NEW WAVE,NEW WAVE,POST-PUNK	EN	0.706	0.679	1.0	1.0	0.5479999999999999	115.377	257200	ROCK
sPpSQMjCZeMJ4BzU	SOUNDTRACK,ROCK,POP	EN	0.5870000000000001	0.389	2.0	1.0	0.351	90.761	208827	ROCK
Vd9rr52A27xBsZJx	ROCK,PUNK,EMO,ALTERNATIVE ROCK	EN	0.59	0.912	10.0	0.0	0.535	120.008	165653	ROCK
tu7gs5phtu8bC3m4	ROCK,NEW WAVE,POST-PUNK	EN	0.138	0.961	1.0	0.0	0.184	166.56099999999995	162573	ROCK
gHIRYSZcPH8ZZgmQ	POST-PUNK,ROCK,NEW WAVE	EN	0.406	0.4370000000000001	9.0	1.0	0.489	131.481	215640	ROCK
XRlaifTytAxc37eI	ROCK	EN	0.602	0.355	6.0	1.0	0.281	99.271	292600	ROCK
KR83umFx9lfbCT1E	MODERN ROCK	EN	0.5710000000000001	0.396	3.0	0.0	0.0981	106.973	278333	ROCK
WUsug1buSAV1fUSq	PUNK,POST-PUNK,RIOT GRRRL,GARAGE ROCK	EN	0.309	0.655	0.0	1.0	0.693	180.534	166293	ROCK
Zzp1h5jKbSftOe56	ROCK,ALTERNATIVE ROCK	EN	0.388	0.8240000000000001	9.0	1.0	0.306	158.64	330267	ROCK
WjVTbCVNOO69M3j5	INDIE ROCK	EN	0.481	0.632	11.0	1.0	0.156	103.323	670667	ROCK
pBrBJPl3YDyeIK7i	ALTERNATIVE ROCK,FUNK ROCK,ROCK	EN	0.468	0.6609999999999999	2.0	0.0	0.394	84.615	239640	ROCK
J188n583RR0IJdpI	ROCK	EN	0.5379999999999999	0.495	0.0	1.0	0.337	148.013	221013	ROCK
SZgEOvW0uXB6uAdh	CHRISTIAN ROCK,CHRISTIAN ROCK,ROCK,ALTERNATIVE ROCK	EN	0.6559999999999999	0.942	1.0	1.0	0.965	123.003	226107	ROCK
4MEI0l6SbQz1dfDo	PROGRESSIVE METAL,PROGRESSIVE ROCK	EN	0.396	0.8909999999999999	4.0	0.0	0.381	200.011	235973	ROCK
YaVUlm2FpCOL6b2f	ROCK,ROCKABILLY,DRAMA	EN	0.547	0.434	2.0	1.0	0.57	152.91299999999995	174453	ROCK
46uXCalLXvESAupO	SINGER-SONGWRITER,ROCK	EN	0.431	0.94	9.0	0.0	0.374	162.181	132733	ROCK
jYZozjIWRSGCqBgY	POP,ELECTRONIC,ROCK	EN	0.525	0.7340000000000001	0.0	0.0	0.388	145.939	213391	ROCK
OrbiSTPLquIdFcrx	POP PUNK,ROCK	EN	0.5870000000000001	0.57	6.0	1.0	0.389	135.016	236253	ROCK
lA0uwAAEHwRGUgoc	POST-HARDCORE,PUNK,ALTERNATIVE ROCK,INDIE ROCK	EN	0.387	0.875	4.0	0.0	0.77	133.35	207093	ROCK
3NGUd9wLIolZv0sD	ROCK,ALTERNATIVE ROCK,ROCK,PUNK	EN	0.47	0.644	8.0	1.0	0.521	75.597	242453	ROCK
awu3Sk6GcajXpgKo	ROCK,NEW WAVE,POP	EN	0.539	0.816	9.0	1.0	0.742	159.689	245701	ROCK
uP2Lypf6N8jiFOaG	ROCK,POP,CLASSIC ROCK	EN	0.42	0.504	7.0	1.0	0.27	84.735	206413	ROCK
f87VuyyZBMlzKCEu	NEW WAVE,POP,ROCK	EN	0.542	0.7929999999999999	8.0	1.0	0.708	173.93099999999995	256520	ROCK
m5dVikNV1ctSQYuI	SOUL,ROCK	EN	0.268	0.389	5.0	1.0	0.207	170.05599999999995	284507	ROCK
lhpyhqfGb06OaiaT	INDIE ROCK,POST-PUNK	EN	0.387	0.835	11.0	0.0	0.546	140.108	239827	ROCK
pQHQDmhzfpxoPw0H	PROGRESSIVE ROCK,CLASSIC ROCK,ROCK	EN	0.381	0.529	0.0	1.0	0.457	114.794	408640	ROCK
DJleeiA6F0jtZcI1	POP PUNK,ROCK,POP,PUNK	EN	0.498	0.873	4.0	1.0	0.38	135.00799999999998	191813	ROCK
9XuHsLPy8AFx5Ify	ROCK,POST-PUNK	EN	0.377	0.7759999999999999	3.0	0.0	0.419	141.168	262453	ROCK
kfJ3gg4HMnZPBXo4	SPACE ROCK,SHOEGAZE	EN	0.521	0.209	7.0	1.0	0.247	136.143	392227	ROCK
nwgpEcq5O0fJCYHv	PROGRESSIVE ROCK,SYMPHONIC ROCK,PROGRESSIVE ROCK,CLASSIC ROCK,ROCK	EN	0.434	0.128	4.0	1.0	0.221	75.435	169560	ROCK
cDNCmGhKAX485cZ4	ROCK,POP,NEW WAVE	EN	0.628	0.855	9.0	0.0	0.408	129.785	196924	ROCK
eGknBGO1THRx0Kgk	INDIE ROCK,ROCK,INDIE ROCK	EN	0.66	0.459	2.0	1.0	0.358	98.077	242587	ROCK
rc7UN97RibQUxTHj	ROCK,PUNK,EMO	EN	0.252	0.993	4.0	0.0	0.118	183.773	138840	ROCK
qUddLc81EXWor24G	ROCK,BRITPOP,ALTERNATIVE ROCK,ROCK,BRITPOP,ALTERNATIVE ROCK	EN	0.504	0.659	2.0	0.0	0.304	95.685	369760	ROCK
95P7yKTZPR3Gl4sO	ROCK,PROGRESSIVE ROCK	EN	0.414	0.127	10.0	1.0	0.185	125.389	159120	ROCK
OdDwFY4sLdzD4ZJY	GARAGE ROCK,LO-FI,ROCK	EN	0.322	0.8640000000000001	7.0	1.0	0.268	79.093	180853	ROCK
lmXXr7jSwbubdvMJ	PIANO ROCK,INDIE POP,INDIETRONICA	EN	0.627	0.884	4.0	1.0	0.415	98.01	228375	ROCK
dKmIPffu7MWIQVJl	POST-PUNK,PUNK,ROCK	EN	0.346	0.8640000000000001	9.0	1.0	0.662	98.481	125827	ROCK
dKZS5hhjbx9OA0gI	ROCK,POP,ALTERNATIVE ROCK	EN	0.618	0.8959999999999999	2.0	1.0	0.711	113.961	300773	ROCK
faiHXnS2nyPUHuUo	POST-ROCK,SHOEGAZE	EN	0.454	0.349	7.0	1.0	0.442	109.143	193678	ROCK
ze9k1eU3VVoWXlvL	ROCK,BRITPOP,BRITPOP,ROCK	EN	0.286	0.8440000000000001	0.0	1.0	0.684	163.738	154627	ROCK
nc5HsdmA65fFzE81	ROCK,ALTERNATIVE ROCK,HARD ROCK	EN	0.446	0.764	10.0	1.0	0.5429999999999999	172.09400000000005	223840	ROCK
5VF58lQeNLglGS3v	ROCK	EN	0.715	0.903	11.0	0.0	0.77	121.008	220693	ROCK
ZVqoyW2v7p1L6sJp	ALTERNATIVE ROCK	EN	0.386	0.931	2.0	0.0	0.339	77.119	239253	ROCK
jhQ6rKM5bJUC0kyg	CLASSIC ROCK,ROCK,CLASSIC ROCK,ROCK	EN	0.5429999999999999	0.647	2.0	1.0	0.476	123.487	181667	ROCK
y7a74mZu8VNp2j9X	BRITPOP,INDIE ROCK,ROCK	EN	0.5820000000000001	0.166	5.0	1.0	0.159	100.222	226840	ROCK
RUKwYhPR67Nh3omi	ROCK,ALTERNATIVE ROCK	EN	0.649	0.8029999999999999	10.0	1.0	0.628	130.759	163493	ROCK
TMZ2Gxl1HVz4pQpg	ALTERNATIVE ROCK,ROCK,ALTERNATIVE METAL	EN	0.476	0.902	8.0	0.0	0.8190000000000001	142.77100000000004	175413	ROCK
lzgQLpXrGUArelxV	INDIE POP,POP ROCK	EN	0.653	0.872	7.0	1.0	0.458	99.014	197093	ROCK
pYsldVk7yryurFdp	LO-FI,INDIE ROCK,EXPERIMENTAL	EN	0.144	0.0295	10.0	0.0	0.0969	99.56	98453	ROCK
E1cPmZAsGBN1Kjp6	FOLK ROCK,CLASSIC ROCK,FOLK	EN	0.416	0.315	5.0	1.0	0.148	70.215	238240	ROCK
LPprTpur7wlD9hGq	PROGRESSIVE ROCK,ROCK	EN	0.352	0.635	5.0	0.0	0.105	126.434	296240	ROCK
2Rv3k8EDt2qaeyQ6	ROCK,ALTERNATIVE ROCK,INDIE ROCK	EN	0.4920000000000001	0.838	6.0	0.0	0.711	112.798	184253	ROCK
PEeGnNss0SVOpNkN	ROCK,CLASSIC ROCK,HARD ROCK	EN	0.5589999999999999	0.855	5.0	1.0	0.605	156.311	209413	ROCK
3qyQ24VV9RVxqvSH	GRUNGE,ROCK,ALTERNATIVE ROCK	EN	0.462	0.838	6.0	0.0	0.335	95.807	289880	ROCK
2TI0HXx7Y2yIJBMj	LO-FI,INDIE ROCK	EN	0.391	0.31	9.0	1.0	0.312	127.787	312000	ROCK
5U6m90U1Qf6OCgRZ	GRUNGE,ROCK,ALTERNATIVE ROCK	EN	0.389	0.925	0.0	1.0	0.318	150.893	251867	ROCK
gdDSYNOUn75EqCrd	ALTERNATIVE ROCK,ROCK,ALTERNATIVE METAL	EN	0.7	0.921	11.0	1.0	0.8290000000000001	129.939	228267	ROCK
SbSWtusPY4NzadKD	PROGRESSIVE ROCK,ROCK,CLASSIC ROCK	EN	0.562	0.6709999999999999	2.0	1.0	0.595	106.002	243413	ROCK
rqhj5Yi27cKn2JMX	ROCK,ALTERNATIVE ROCK,POST-GRUNGE	EN	0.512	0.984	3.0	0.0	0.475	123.974	246147	ROCK
LrUg8AxEqwUiELnU	ROCK	EN	0.565	0.634	11.0	1.0	0.339	128.001	262240	ROCK
WYKJzKmb9e5eKNiA	GRUNGE,ROCK,ALTERNATIVE ROCK,HARD ROCK	EN	0.462	0.866	7.0	1.0	0.722	139.453	231893	ROCK
NcsDCgRsoE4IguEQ	GRUNGE,ROCK,ALTERNATIVE ROCK,GRUNGE,ALTERNATIVE ROCK	EN	0.331	0.856	2.0	1.0	0.282	131.847	242147	ROCK
VDhvqsjG56T7t8jr	CLASSIC ROCK,POP,ROCK,CLASSIC ROCK,ROCK	EN	0.759	0.645	0.0	1.0	0.954	117.254	320733	ROCK
83QFETIVZb6103cZ	REGGAE,ROCK,POP	EN	0.73	0.835	9.0	1.0	0.79	100.033	203413	ROCK
slCJeKb2ruNh2LLg	METAL,ROCK	EN	0.417	0.888	7.0	0.0	0.433	169.952	246627	ROCK
yoj9NP0lSWFSLlJY	INDIE ROCK	EN	0.552	0.607	4.0	1.0	0.118	170.96400000000003	208200	ROCK
GYpzrG9NDVVuyUUu	CLASSIC ROCK,ROCK,SOFT ROCK	EN	0.306	0.722	0.0	1.0	0.41	174.732	200293	ROCK
9YW4JrQ95J8oyOa7	INDIE ROCK,ROCK,PIANO ROCK	EN	0.501	0.743	5.0	0.0	0.224	91.01	242093	ROCK
e8UWB66GL37DAAeT	HARD ROCK,CLASSIC ROCK	EN	0.386	0.679	7.0	1.0	0.474	95.103	326001	ROCK
AfQ6cGF9mxHmmI2r	EMO,ROCK,INDIE ROCK	EN	0.465	0.912	0.0	1.0	0.588	126.993	286225	ROCK
JEYsiEF9paTViatd	INDIE POP,ROCK,BLUES,POP	EN	0.547	0.688	5.0	1.0	0.462	175.90900000000005	214627	ROCK
qCDALGXH9gbgflm6	ROCK	EN	0.517	0.279	4.0	1.0	0.13	125.013	265429	ROCK
gEI38vTuvNnxWFxf	GARAGE ROCK,ROCK	EN	0.461	0.95	5.0	1.0	0.8370000000000001	148.30200000000005	120707	ROCK
iN2no83pWqEUgX2k	POP,ROCK	EN	0.409	0.718	3.0	1.0	0.647	111.462	229738	ROCK
8CvQMNNPmZrfsxdQ	PUNK,ALTERNATIVE ROCK	EN	0.402	0.94	0.0	1.0	0.417	162.96	195047	ROCK
6U7JkeeMbKGL1GLH	ROCK,SOUL,FUNK ROCK	EN	0.802	0.731	8.0	0.0	0.8959999999999999	106.444	239898	ROCK
dL4ARDdfn2JZlyiH	NOISE ROCK,NOISE	EN	0.385	0.995	9.0	1.0	0.353	134.594	134827	ROCK
CHfEXgVnhqnjphMU	PROGRESSIVE ROCK,CLASSIC ROCK,ROCK	EN	0.645	0.828	0.0	1.0	0.774	121.217	191667	ROCK
JXRY7AgRkZYWDEhp	ROCK,CLASSIC ROCK,POP	EN	0.5479999999999999	0.981	3.0	1.0	0.7	141.037	158507	ROCK
iNIuxUldCrj9Zmpg	GARAGE ROCK,ROCK,INDIE ROCK	EN	0.202	0.938	9.0	0.0	0.361	157.26	144347	ROCK
cmWyZS1YoDtGh61w	ALTERNATIVE ROCK,POP ROCK	EN	0.504	0.795	9.0	1.0	0.381	141.966	281387	ROCK
k9eHI1haS8BKMfJW	ALTERNATIVE ROCK,PROGRESSIVE ROCK,ROCK	EN	0.524	0.904	6.0	0.0	0.393	154.855	208147	ROCK
AgCsyJfoEGxqV6I8	METAL,ROCK,ROCKABILLY,HARD ROCK	EN	0.374	0.903	10.0	1.0	0.429	109.118	263080	ROCK
iUf3RelehyuvxeQi	PROGRESSIVE METAL,PROGRESSIVE ROCK	EN	0.274	0.501	10.0	1.0	0.0565	128.984	486680	ROCK
hOoXw3AKyyAIaIxE	MELODIC HARDCORE,ROCK,HARDCORE,PUNK	EN	0.19	0.965	3.0	0.0	0.229	177.32299999999995	242427	ROCK
j09HIxv0r1Wu3DTK	PROGRESSIVE ROCK,ROCK,CLASSIC ROCK	EN	0.337	0.464	7.0	1.0	0.0929	73.749	337467	ROCK
yyeB2wV3z5wkMm6V	HARD ROCK,METAL	EN	0.406	0.967	6.0	1.0	0.552	102.221	215573	ROCK
mmiALoXwrp3Yp3dG	ROCK,POP,FOLK	EN	0.423	0.524	3.0	0.0	0.42	120.035	182307	ROCK
Bq7BImkDQGyyvYvI	INDIE ROCK,EMO,ROCK	EN	0.586	0.493	2.0	1.0	0.245	105.525	273533	ROCK
80JNPqKZN9isTTfQ	ROCK,POETRY,POST-PUNK,ROCK	EN	0.526	0.452	5.0	0.0	0.442	94.366	294240	ROCK
yxuCa2jFflIP7iBV	ROCK,INDIE ROCK,INDIE POP	EN	0.425	0.913	5.0	1.0	0.451	90.105	146653	ROCK
fOfSlSZzwKfbnh6n	ALTERNATIVE ROCK,ROCK,ALTERNATIVE ROCK,ROCK	EN	0.505	0.944	7.0	0.0	0.339	127.005	224723	ROCK
eneUt3VCgx6dqxgd	ROCK,SOFT ROCK,POP ROCK,CLASSIC ROCK,ROCK,CLASSIC ROCK	EN	0.5770000000000001	0.807	11.0	0.0	0.496	130.305	265400	ROCK
U3lFdoBlSbLBfVZp	HARD ROCK,ROCK,CLASSIC ROCK	EN	0.63	0.6559999999999999	3.0	1.0	0.0848	125.966	210760	ROCK
QUtTL7JwQb1KqRVh	ALTERNATIVE ROCK,GRUNGE,ROCK,PROGRESSIVE ROCK	EN	0.483	0.7559999999999999	4.0	0.0	0.295	119.905	224573	ROCK
FmQBKwnlZKun5AIf	FOLK,SINGER-SONGWRITER,LO-FI,INDIE ROCK	EN	0.5670000000000001	0.57	7.0	1.0	0.718	140.018	174693	ROCK
Lc9cs8nhV7t3HTij	ROCK,SOUL,POP,ELECTRONIC	EN	0.552	0.569	2.0	1.0	0.384	85.00200000000002	189510	ROCK
g5PcNnTQiBEPI24X	INDIE ROCK	EN	0.278	0.991	9.0	1.0	0.263	92.37	165080	ROCK
QFnyiBatHMPJzScX	POP ROCK,ALTERNATIVE ROCK,ROCK	EN	0.385	0.573	6.0	0.0	0.339	91.684	302667	ROCK
FHtPTEVuM0aMpfRi	POP,ROCK,GRUNGE	EN	0.836	0.22	2.0	1.0	0.359	58.483	130133	ROCK
UhgPm0SuH3M3ZiSp	ROCK,INDIE POP,INDIE ROCK,POP ROCK	EN	0.516	0.8340000000000001	5.0	1.0	0.484	177.641	234706	ROCK
VCU8eVrafwnFnWh5	ALTERNATIVE ROCK,INDIE ROCK,GARAGE ROCK	EN	0.802	0.705	7.0	1.0	0.972	160.178	188947	ROCK
aBtQ04HLd3A79ne3	J-ROCK	EN	0.569	0.952	6.0	1.0	0.324	110.01	245947	ROCK
njrur7XzQt6i53Vh	GARAGE ROCK,ROCK,PUNK	EN	0.408	0.982	2.0	1.0	0.797	179.076	124147	ROCK
6jTNLP3p3mpmEJyL	GOTHIC ROCK	EN	0.55	0.883	1.0	0.0	0.362	132.083	229467	ROCK
xMc4WVrW4BVrVM3B	ROCK,PUNK	EN	0.254	0.995	1.0	1.0	0.843	159.336	90227	ROCK
DHZyC4WBZ7itccDx	EMO,INDIE ROCK	EN	0.455	0.398	4.0	0.0	0.21	128.25	231827	ROCK
hT6za3dQbUTaJROB	ALTERNATIVE ROCK,SPACE ROCK	EN	0.475	0.6970000000000001	11.0	1.0	0.296	131.618	263200	ROCK
btimk6htX0btLLgn	HARD ROCK,HARDCORE,ELECTRONIC,EMO	EN	0.379	0.986	2.0	1.0	0.0833	184.996	187105	ROCK
b8sR46dJr1i5rWwZ	POP,POP,ROCK	EN	0.478	0.5710000000000001	8.0	0.0	0.292	140.007	305407	ROCK
87zZEj7Rx99ArKnP	ALTERNATIVE ROCK,ROCK,ALTERNATIVE ROCK,ROCK	EN	0.573	0.909	10.0	0.0	0.517	108.27	241467	ROCK
S1rroi8TiRqPNWDX	ROCK,ALTERNATIVE ROCK	EN	0.41	0.879	2.0	1.0	0.677	120.953	354600	ROCK
YUTITrNCu5ScZ0KV	POP,POP ROCK	EN	0.637	0.723	0.0	1.0	0.7559999999999999	88.619	200867	ROCK
ee9Z5s3iLUXvlFbG	STONER ROCK	EN	0.623	0.957	1.0	0.0	0.467	101.977	306067	ROCK
wTWRQr1QvUHMgVmG	ROCK	EN	0.446	0.962	7.0	1.0	0.331	135.03	203880	ROCK
kCIl4xZsLSLC9rym	FOLK,SINGER-SONGWRITER,INDIE ROCK	EN	0.625	0.321	9.0	1.0	0.241	112.392	184400	ROCK
ACSZNR2HtqVtSVLa	METALCORE,POST-HARDCORE,POST-HARDCORE,METALCORE,SOUTHERN ROCK	EN	0.294	0.974	3.0	0.0	0.131	143.842	203560	ROCK
CkYybhteLNSBZ1yv	METAL,CLASSIC ROCK,ROCK	EN	0.28	0.7140000000000001	11.0	0.0	0.539	174.088	409800	ROCK
uJMJ5zurUZPN8QRf	POST-ROCK,SHOEGAZE,EXPERIMENTAL	EN	0.253	0.8320000000000001	6.0	1.0	0.102	113.068	279893	ROCK
EOr7HUsjlzw96I5V	ROCK,ALTERNATIVE ROCK	EN	0.56	0.966	2.0	1.0	0.468	130.968	210661	ROCK
5nL5vCE8IHj9emsA	HARD ROCK,ROCK,CLASSIC ROCK	EN	0.459	0.649	9.0	1.0	0.37	130.173	251267	ROCK
5uu1vspw7LFPSksS	NU METAL,METAL,HARD ROCK,ALTERNATIVE METAL,ROCK	EN	0.539	0.952	10.0	0.0	0.342	104.97	256573	ROCK
9c6VvrYXQWZkBpx7	ROCK,HARD ROCK	EN	0.305	0.847	2.0	0.0	0.14	148.109	255960	ROCK
WqSCiO9y0NIBKmGd	POP,ROCK,SINGER-SONGWRITER	EN	0.6679999999999999	0.7390000000000001	4.0	1.0	0.5710000000000001	131.918	231467	ROCK
FKHkXF4w4ZDyXphc	POWER POP,ROCK,CLASSIC ROCK	EN	0.373	0.85	4.0	1.0	0.629	114.029	168067	ROCK
KgNF61oNwoYWFXR7	GLAM ROCK,ROCK,CLASSIC ROCK	EN	0.468	0.637	2.0	0.0	0.5539999999999999	117.203	207400	ROCK
9VIAXjVUFHwYYtKz	INDIE ROCK	EN	0.6990000000000001	0.631	11.0	0.0	0.91	99.028	172453	ROCK
TIDAYplHydmOIiMl	POP,ROCK	EN	0.7190000000000001	0.935	7.0	1.0	0.738	120.022	224227	ROCK
rEJMvplDjqWI1cBm	ROCK,NEW WAVE,POP	EN	0.32	0.884	4.0	1.0	0.4	124.399	202230	ROCK
dnTAieYW7wwzRv6o	EXPERIMENTAL,ELECTRONIC,POST-ROCK	EN	0.586	0.7829999999999999	6.0	0.0	0.925	89.061	233960	ROCK
HpUwVl2JQjPGMpJh	ROCK,GARAGE ROCK,ALTERNATIVE ROCK,INDIE ROCK	EN	0.517	0.509	0.0	1.0	0.385	114.971	249200	ROCK
aJKazDWkBw3hCtdY	EASY LISTENING,CLASSIC ROCK	EN	0.341	0.4920000000000001	9.0	0.0	0.276	83.36399999999998	193373	ROCK
FBlVS90EuXY8muuO	ROCK,POP PUNK,PUNK	EN	0.4370000000000001	0.988	4.0	1.0	0.625	175.976	183147	ROCK
pfi3owBWIJFeuDPP	NEW WAVE,ROCK	EN	0.628	0.927	0.0	1.0	0.948	120.043	225827	ROCK
Kw8qCcjfCenEQxTc	GARAGE ROCK,PSYCHEDELIC ROCK	EN	0.595	0.923	9.0	1.0	0.473	131.891	258276	ROCK
dYITHjasigPnkIRF	INDIE ROCK	EN	0.585	0.743	1.0	1.0	0.376	142.025	260467	ROCK
wCcf81T9YluwUvdz	INDIE ROCK,ROCK	EN	0.551	0.491	9.0	1.0	0.262	114.833	208119	ROCK
O8pJHLGSlFbNkXSD	ROCK,GARAGE ROCK,ALTERNATIVE ROCK,HARD ROCK,GARAGE ROCK,ROCK	EN	0.557	0.815	0.0	1.0	0.445	88.929	226853	ROCK
2reTAz0NP2hVHRna	PSYCHEDELIC ROCK,ROCK	EN	0.2	0.94	3.0	1.0	0.347	130.011	186640	ROCK
U7MYogdKlaynRn3V	HARD ROCK,CHRISTIAN ROCK	EN	0.446	0.4320000000000001	3.0	1.0	0.129	79.85600000000002	247600	ROCK
2XE25xNPvSdQc1KM	POP,ROCK,SINGER-SONGWRITER	EN	0.621	0.8590000000000001	9.0	1.0	0.423	110.896	214813	ROCK
TELfB1LQ1PMiN0Oy	SHOEGAZE,INDIE ROCK	EN	0.431	0.947	11.0	0.0	0.23	122.97	204800	ROCK
228ZbxcKIj7uE1ol	POP,ROCK	EN	0.5870000000000001	0.34	3.0	1.0	0.526	90.523	141040	ROCK
sk4wu1gVpQSLDQjS	EMO,SCREAMO,ROCK,POST-HARDCORE	EN	0.46	0.915	1.0	1.0	0.484	147.10299999999995	185250	ROCK
oHQig7vU3umC1Y7K	POST-HARDCORE,ROCK,SCREAMO,POST-HARDCORE,EMO,SCREAMO	EN	0.346	0.441	6.0	1.0	0.0954	79.968	808040	ROCK
HH3iYoE9TNT8ci6O	ALTERNATIVE ROCK,POST-GRUNGE,ROCK,ALTERNATIVE ROCK	EN	0.544	0.621	2.0	0.0	0.225	125.908	293680	ROCK
tf3wHJZ2UoB2rhl3	EXPERIMENTAL,ROCK	EN	0.72	0.912	4.0	1.0	0.973	122.782	126947	ROCK
LqeJ6YtImxR8UnlT	POP,ROCK	EN	0.638	0.924	7.0	1.0	0.529	111.995	263787	ROCK
jxTvlA1HrdowkMYR	INDIE ROCK	EN	0.382	0.976	7.0	1.0	0.963	164.937	152000	ROCK
K6qx6AHu6FsvN02I	SINGER-SONGWRITER,ROCK	EN	0.6629999999999999	0.348	6.0	1.0	0.468	93.961	198093	ROCK
q60eYGM0HXfDdRgR	ROCK,POP,ALTERNATIVE ROCK,POP,ROCK,POP ROCK	EN	0.614	0.509	11.0	0.0	0.593	98.137	276787	ROCK
YBbhEI1lKKbe0feb	ROCK	EN	0.637	0.348	8.0	1.0	0.657	86.116	176760	ROCK
5ByeagXfg3Yw7my1	HARD ROCK,CLASSIC ROCK,PROGRESSIVE ROCK,ROCK	EN	0.29	0.352	8.0	1.0	0.511	87.022	175427	ROCK
iiJ52pwJWflvDvUB	BRITPOP,ROCK,BRITPOP,ROCK	EN	0.551	0.565	0.0	1.0	0.429	76.973	292035	ROCK
6LFE74SYkKKcIEmj	ROCK,ALTERNATIVE ROCK,FUNK,FUNK ROCK	EN	0.611	0.732	9.0	0.0	0.475	113.451	257693	ROCK
ENGkCrOt0si6naLA	POP,ROCK	EN	0.6940000000000001	0.743	7.0	1.0	0.667	107.05	262533	ROCK
rNQqvh0GeRGKWxiq	POP PUNK,ROCK,POP PUNK,ROCK	EN	0.483	0.917	9.0	1.0	0.895	140.032	159544	ROCK
Y5tKh9bwRA4eVlJ6	CLASSIC ROCK	EN	0.614	0.947	7.0	1.0	0.846	108.036	173173	ROCK
yT3VzYdLxEyT7WAO	INDIE ROCK,AMBIENT,EMO	EN	0.4920000000000001	0.601	2.0	0.0	0.362	110.017	221827	ROCK
VX88nUprwVSTLn24	HARD ROCK,METAL,ROCK	EN	0.284	0.92	3.0	0.0	0.524	161.753	182133	ROCK
SnNEgkiH7fKArQDG	PUNK,ROCK	EN	0.495	0.73	7.0	1.0	0.918	162.321	107813	ROCK
Eh2fBFEGRBQScEiw	ALTERNATIVE ROCK,ROCK,ROCK,ALTERNATIVE ROCK,FUNK ROCK	EN	0.495	0.516	2.0	1.0	0.126	78.531	259627	ROCK
kKhAYQE2H3SJHM4J	POP PUNK,ROCK,EMO	EN	0.513	0.947	9.0	1.0	0.496	129.803	217413	ROCK
NWpBMdkhaN4SX2DB	NEW WAVE,POST-PUNK,ROCK	EN	0.8290000000000001	0.7340000000000001	7.0	1.0	0.728	122.457	183867	ROCK
MBq75OpPB3753eKC	ALTERNATIVE ROCK,ROCK,HARD ROCK	EN	0.468	0.883	8.0	1.0	0.119	98.147	292013	ROCK
z9e1MlGCjuIIG8a4	INDIE ROCK,ALTERNATIVE ROCK,EXPERIMENTAL	EN	0.231	0.7490000000000001	2.0	1.0	0.171	178.4	195048	ROCK
KDRaUOj0EXlGbZny	POP PUNK,ROCK,EASYCORE	EN	0.461	0.947	0.0	1.0	0.693	162.047	172597	ROCK
LNz20W3npgeBSPNJ	CLASSIC ROCK,ROCK,BLUES,POP	EN	0.828	0.4920000000000001	0.0	1.0	0.789	120.151	257800	ROCK
AvPO2IGlCy8F2Lhg	INDIE ROCK,SINGER-SONGWRITER	EN	0.6629999999999999	0.7809999999999999	0.0	1.0	0.341	122.893	272987	ROCK
s8aQeg3Ncr225zHQ	ROCK	EN	0.737	0.657	4.0	0.0	0.76	131.02200000000002	280693	ROCK
5W7ljKgcDsfBf7xY	HARD ROCK,METAL	EN	0.458	0.774	3.0	0.0	0.604	79.633	242813	ROCK
6FSM3jcUOvPY8oga	ROCK,CLASSIC ROCK	EN	0.449	0.897	9.0	1.0	0.84	91.067	279387	ROCK
7kuhYPJtTInDvGjE	POST-ROCK,SHOEGAZE,EXPERIMENTAL	EN	0.425	0.8420000000000001	7.0	1.0	0.0723	149.737	277880	ROCK
0AJzNGBCKi2IphZ8	ROCK,INDIE ROCK	EN	0.7440000000000001	0.8440000000000001	11.0	0.0	0.929	150.505	223600	ROCK
RYVe3W02M4Dogfey	ROCK,BRITPOP,ALTERNATIVE ROCK	EN	0.602	0.612	0.0	1.0	0.453	122.062	136867	ROCK
tRh29I2qv9UbF7TH	CLASSIC ROCK	EN	0.388	0.504	10.0	1.0	0.28	122.644	247773	ROCK
c2OHwRvaBXuIbAgZ	NEW WAVE,SYNTHPOP,ROCK	EN	0.611	0.888	11.0	0.0	0.461	102.013	434467	ROCK
zn6GFjAlwx9H6VXl	PROGRESSIVE ROCK,ROCK,CLASSIC ROCK	EN	0.5579999999999999	0.3229999999999999	11.0	0.0	0.327	109.431	394533	ROCK
TOFpFkUpIG9K6pwx	EMO,PUNK,SCREAMO,ROCK,POST-HARDCORE	EN	0.356	0.962	0.0	0.0	0.396	198.745	209227	ROCK
mY2ljTlP7tbg9FP1	PROGRESSIVE ROCK,ROCK	EN	0.409	0.7390000000000001	11.0	0.0	0.111	81.92299999999999	246960	ROCK
G416WgomXihu98Hs	EMO,INDIE ROCK	EN	0.251	0.7290000000000001	1.0	1.0	0.353	165.362	210255	ROCK
NwGDPOe9sXBCOqQb	ROCK,CLASSIC ROCK	EN	0.586	0.883	5.0	1.0	0.6779999999999999	107.257	280933	ROCK
VYCE7lS7fxOj3Oyp	SOUTHERN ROCK,ROCK,HARD ROCK	EN	0.482	0.627	2.0	1.0	0.17	95.903	233347	ROCK
bi2k2Jfd23RpNscW	ROCK,FUNK	EN	0.499	0.594	9.0	0.0	0.171	78.995	295067	ROCK
lviPnxYQLpIGywrm	POP PUNK,ROCK,EMO	EN	0.499	0.8240000000000001	7.0	1.0	0.6990000000000001	161.977	229093	ROCK
Hj4l46dhvB8LJzEW	CLASSIC ROCK	EN	0.574	0.659	9.0	1.0	0.504	58.864	177480	ROCK
6UuiKAWUsl0Ckxrn	POST-ROCK,SHOEGAZE,EXPERIMENTAL	EN	0.149	0.404	0.0	1.0	0.117	144.02200000000005	204000	ROCK
eGWZPaUdIEPFQ8Nc	GARAGE ROCK,PSYCHEDELIC ROCK	EN	0.609	0.8440000000000001	9.0	1.0	0.687	127.188	296117	ROCK
pELbQYVBlEb4pzwN	INDIE ROCK,ALTERNATIVE ROCK	EN	0.46	0.964	7.0	1.0	0.392	142.024	238187	ROCK
0js0MOhRNVHtvW7f	CLASSIC ROCK	EN	0.556	0.675	4.0	1.0	0.7859999999999999	116.448	138400	ROCK
p533gRL33oU0H0A2	HARD ROCK,ROCK	EN	0.317	0.845	5.0	1.0	0.272	170.23	446000	ROCK
L1Ak9YeGJfHmdeYu	ROCK,PUNK	EN	0.595	0.907	7.0	1.0	0.657	118.008	152600	ROCK
0OEYaBcpIlnxBfiA	INDIE ROCK,BRITPOP,ROCK	EN	0.37	0.909	10.0	1.0	0.86	82.446	185435	ROCK
7mV00HS35dj0l8hH	SINGER-SONGWRITER,FOLK,INDIE ROCK	EN	0.42	0.474	0.0	1.0	0.318	145.045	254867	ROCK
XhQfMPbqdUGJ639s	ROCK,ALTERNATIVE ROCK,FUNK ROCK	EN	0.4320000000000001	0.895	11.0	1.0	0.625	104.458	335067	ROCK
oVSVYiuSwX7Z1Djr	INDIE ROCK,ALTERNATIVE ROCK,GARAGE ROCK,INDIE ROCK,ROCK	EN	0.516	0.959	2.0	1.0	0.474	109.91	191600	ROCK
MC2Br9jqQErNYE88	PROGRESSIVE METAL,PROGRESSIVE ROCK,ROCK	EN	0.593	0.324	7.0	1.0	0.156	114.141	329267	ROCK
phL12CBijBqwQ9qB	POP,CLASSIC ROCK,ROCK,POP,CLASSIC ROCK,ROCK	EN	0.602	0.536	4.0	1.0	0.506	124.558	228933	ROCK
tHSNf3iqKVOu9jUh	ALTERNATIVE ROCK,ROCK	EN	0.498	0.647	1.0	1.0	0.257	163.87	258573	ROCK
qKEp9FZfY0924g4M	CLASSIC ROCK,HARD ROCK	EN	0.368	0.601	7.0	1.0	0.893	107.268	204107	ROCK
NpWofTrro0JK9uYo	ROCK,FUNK,ROCK,FUNK	EN	0.6	0.768	5.0	1.0	0.37	114.127	290827	ROCK
qVWUgol8KtIB8lGX	INDIE ROCK	EN	0.5760000000000001	0.653	5.0	1.0	0.258	139.991	275067	ROCK
dDMkNBwfUSCrn95S	CLASSIC ROCK,ROCK,PSYCHEDELIC ROCK	EN	0.6990000000000001	0.635	0.0	1.0	0.945	159.57299999999995	291342	ROCK
eFiDqPw5j44OxxdF	ROCK,NEW WAVE,PUNK,CLASSIC ROCK	EN	0.33	0.723	9.0	1.0	0.59	83.43299999999998	298280	ROCK
RfHzpLRMoEU9Wd4G	REGGAE,DANCEHALL,LOVERS ROCK	EN	0.8109999999999999	0.428	7.0	1.0	0.653	80.962	277893	ROCK
NGLXdPupM21Ow3NV	INDIE ROCK,ROCK	EN	0.386	0.954	0.0	1.0	0.779	164.75	163400	ROCK
jFZcUwHMlj18uxrl	CLASSIC ROCK,HARD ROCK,ROCK	EN	0.525	0.929	9.0	0.0	0.556	163.503	262748	ROCK
SEKWAadQkV8v3i49	NU METAL,ROCK,ALTERNATIVE METAL	EN	0.478	0.928	9.0	1.0	0.4	173.704	278400	ROCK
93bh0klE1bEWDqJT	ALTERNATIVE ROCK,POP ROCK	EN	0.5379999999999999	0.8109999999999999	5.0	1.0	0.127	116.023	279520	ROCK
0fM6TcjNqmdQu0zZ	CLASSIC ROCK,ROCK,HARD ROCK	EN	0.425	0.965	8.0	1.0	0.481	102.88	288747	ROCK
2SMMgMwakRQrJ6fm	HARD ROCK,CLASSIC ROCK	EN	0.606	0.598	0.0	1.0	0.645	128.067	221493	ROCK
JgPHGh5dz3ah6M4l	MATH ROCK,MATH ROCK,POST-ROCK	EN	0.337	0.716	9.0	1.0	0.461	128.922	296827	ROCK
aHJDhcSy2JblpsUQ	CLASSIC ROCK,ROCK	EN	0.605	0.574	2.0	1.0	0.5429999999999999	129.44899999999998	350267	ROCK
bE3TPt0JOACpobE7	SYNTHPOP,ALTERNATIVE ROCK,INDUSTRIAL METAL,INDUSTRIAL,INDUSTRIAL ROCK	EN	0.619	0.446	1.0	1.0	0.4270000000000001	149.988	315680	ROCK
NYRbM5iEphFwqjSj	INDIE ROCK,ELECTRONIC	EN	0.185	0.5920000000000001	7.0	1.0	0.0389	96.696	302160	ROCK
iG97f71i4IsxLNLI	ROCK,SHOEGAZE,DREAM POP	EN	0.289	0.637	0.0	0.0	0.04	119.873	164867	ROCK
MACFuKOrKBONLJo7	EMO,SCREAMO,POP PUNK,POST-HARDCORE,ROCK	EN	0.439	0.8079999999999999	2.0	1.0	0.416	156.757	174653	ROCK
iiTi1qwkGOOczE87	POP,ROCK,DISNEY,POP ROCK	EN	0.562	0.502	6.0	1.0	0.28	110.963	200787	ROCK
0tzYEg8KodbJHl8p	PROGRESSIVE ROCK,PSYCHEDELIC ROCK,CLASSIC ROCK,ROCK	EN	0.368	0.204	0.0	1.0	0.2	72.667	323733	ROCK
ufjCvDCjlr6dc5dY	ROCK,PUNK,POP PUNK,ROCK,PUNK	EN	0.163	0.993	3.0	1.0	0.16	175.122	178107	ROCK
w8CBBQTEtqcIW1sx	INDIE FOLK,INDIE ROCK	EN	0.44	0.716	2.0	1.0	0.39	90.01299999999998	264667	ROCK
L2PMzVkCfwku97LT	ALTERNATIVE ROCK,ROCK	EN	0.5539999999999999	0.677	9.0	0.0	0.198	106.202	265347	ROCK
pMSxN0vd2uOkSYqk	FOLK,FOLK ROCK	EN	0.664	0.439	9.0	1.0	0.532	101.215	293733	ROCK
u9JSr8zbOGJoz8pV	ROCK,ALTERNATIVE ROCK,ALTERNATIVE ROCK,ROCK	EN	0.529	0.866	11.0	1.0	0.759	107.544	221187	ROCK
LMIgBOnCCTK8OtHu	ALTERNATIVE ROCK	EN	0.5479999999999999	0.898	6.0	0.0	0.412	116.505	213960	ROCK
rZC1sJR9PtU6cnn1	ROCK,INDIE ROCK,SINGER-SONGWRITER	EN	0.7	0.7859999999999999	8.0	1.0	0.721	96.003	221840	ROCK
9zXUDmUblKKAgYpS	INDIE ROCK,SHOEGAZE	EN	0.463	0.82	2.0	1.0	0.313	142.94799999999995	311576	ROCK
tZ52sCA1sen7dnxo	PROGRESSIVE ROCK,EXPERIMENTAL,POST-HARDCORE	EN	0.502	0.95	11.0	0.0	0.8370000000000001	92.292	197293	ROCK
ej6MyphgBoWY9ZSX	CHRISTIAN ROCK,ROCK,ALTERNATIVE ROCK	EN	0.383	0.722	2.0	1.0	0.227	152.017	221267	ROCK
iYvmwsqhBPJj3VqC	PROGRESSIVE ROCK,HARD ROCK,CLASSIC ROCK	EN	0.368	0.383	5.0	1.0	0.352	151.125	298147	ROCK
d9gqQrTy6u3fml8j	SHOEGAZE,SPACE ROCK	EN	0.154	0.67	9.0	1.0	0.298	134.004	318173	ROCK
deLh18YqY2DdQA3F	POP,POP ROCK	EN	0.629	0.613	2.0	1.0	0.5429999999999999	84.887	235333	ROCK
LDbgoCzcdtdrryNq	BLUES,SOUL,ROCK	EN	0.481	0.83	5.0	1.0	0.597	87.84299999999998	266973	ROCK
2PJ46eLYkpOvQSl5	SHOEGAZE,NOISE ROCK	EN	0.282	0.941	4.0	0.0	0.406	159.221	206533	ROCK
9BRPFWhSRCiGKaV8	HARD ROCK,PROGRESSIVE ROCK	EN	0.518	0.6	4.0	0.0	0.225	109.913	337559	ROCK
TEkhMGa0ru6tyvP8	STONER METAL,STONER ROCK,HARD ROCK	EN	0.45	0.95	7.0	1.0	0.456	141.636	251627	ROCK
TNy40cABQ2jre6eh	INDIE ROCK,ROCK	EN	0.448	0.667	7.0	0.0	0.44	105.126	311520	ROCK
mIvjYfnIFKeUN1st	POST-PUNK,SHOEGAZE,ROCK	EN	0.507	0.682	4.0	0.0	0.184	140.015	344560	ROCK
0MMDu3QYnVUgnX2L	FOLK ROCK,CLASSIC ROCK	EN	0.366	0.361	2.0	1.0	0.405	115.99	150400	ROCK
6Hbh6ELVYeGmHfpv	CLASSIC ROCK,ROCK	EN	0.452	0.6679999999999999	2.0	1.0	0.5760000000000001	117.498	205760	ROCK
QzO1p70sFIu5wwLg	PROGRESSIVE ROCK,CLASSIC ROCK	EN	0.482	0.479	9.0	1.0	0.494	88.20200000000001	256373	ROCK
1YpZWYlnuOND5RSo	POST-PUNK,PUNK,POST-HARDCORE,NOISE ROCK	EN	0.38	0.95	6.0	1.0	0.461	108.716	148401	ROCK
ryQkrS2ZVpw7obTb	INDIE ROCK,ROCK,ALTERNATIVE ROCK,GARAGE ROCK	EN	0.452	0.889	4.0	1.0	0.591	145.056	153133	ROCK
pZM8RuNONXrFdISv	NU METAL,ROCK,ALTERNATIVE ROCK,METAL	EN	0.604	0.97	11.0	0.0	0.486	109.944	191667	ROCK
Wzpbe9Avanm6hmeI	ROCK,EXPERIMENTAL,ALTERNATIVE ROCK	EN	0.292	0.0956	7.0	0.0	0.113	155.84	243227	ROCK
sJr4cZmO3VWndTRp	ROCK,METAL,GOTHIC ROCK	EN	0.513	0.875	9.0	1.0	0.523	120.39	233013	ROCK
ordJURFOyYq3s4S9	ROCKABILLY	EN	0.5589999999999999	0.78	9.0	1.0	0.964	98.661	139280	ROCK
0dOKpvL82xFoDkuj	POP,POP ROCK	EN	0.8079999999999999	0.865	9.0	0.0	0.763	117.418	231707	ROCK
gw8dAm49sanK7fTq	PIANO ROCK,ROCK,EMO,ALTERNATIVE ROCK	EN	0.257	0.493	10.0	1.0	0.116	79.336	576747	ROCK
PBkMvpCDsYndD6Nx	ROCK,ALTERNATIVE ROCK,GRUNGE	EN	0.596	0.557	0.0	1.0	0.314	124.023	244960	ROCK
FPOD0IPwrHzyhsTQ	ROCK,PUNK	EN	0.3	0.929	1.0	1.0	0.59	147.116	548253	ROCK
bICdQOxlx9MC4IeU	INDIE POP,INDIE ROCK	EN	0.7140000000000001	0.5670000000000001	6.0	1.0	0.953	127.972	72187	ROCK
yNGf5aDIdrGx7ZBC	ROCK,POP	EN	0.649	0.516	0.0	1.0	0.383	126.157	270573	ROCK
7LCcIFV50YEX9OTw	POP PUNK,GARAGE ROCK	EN	0.639	0.784	9.0	0.0	0.691	148.845	174131	ROCK
cs1IPzEraVwekB8o	PROGRESSIVE ROCK,CLASSIC ROCK,ROCK,PSYCHEDELIC ROCK,PROGRESSIVE ROCK,PSYCHEDELIC ROCK,CLASSIC ROCK	EN	0.307	0.0742	9.0	0.0	0.0394	118.591	161595	ROCK
4optb6ZNsTkzhzr8	CLASSIC ROCK,HARD ROCK,ROCK,PROGRESSIVE ROCK	EN	0.345	0.88	2.0	1.0	0.609	110.979	634013	ROCK
NfZ24YKijB6ENKEV	ALTERNATIVE ROCK,ROCK,ALTERNATIVE ROCK,ROCK	EN	0.355	0.901	1.0	1.0	0.6920000000000001	176.7	215760	ROCK
cGU8JbkzmkbQoL4H	INDIE ROCK,SHOEGAZE,DREAM POP	EN	0.326	0.861	5.0	0.0	0.138	154.965	257453	ROCK
IF0X3GfxmyXpWlGl	CLASSIC ROCK,SYMPHONIC ROCK,ROCK	EN	0.276	0.628	4.0	0.0	0.136	91.142	366493	ROCK
njnzFJ35SGTlZO91	HARD ROCK,GLAM METAL	EN	0.617	0.923	0.0	1.0	0.536	140.095	230600	ROCK
Bpy4kvM3vQGJwrSN	ROCK,CLASSIC ROCK,POP	EN	0.695	0.53	2.0	1.0	0.825	129.506	150040	ROCK
9aaDUrIw4MktBkln	SHOEGAZE,INDIE ROCK,ROCK,SHOEGAZE,EXPERIMENTAL	EN	0.6579999999999999	0.619	7.0	1.0	0.36	108.379	194560	ROCK
Erwdp7RQ4ZrwlwHf	NEW WAVE,POP,ROCK	EN	0.5720000000000001	0.913	0.0	1.0	0.561	103.265	289453	ROCK
UOywzBM8E9VB2Aec	ALTERNATIVE ROCK,POST-GRUNGE	EN	0.584	0.7709999999999999	2.0	1.0	0.275	115.023	202560	ROCK
NoKlPOXqOPPcPRsG	POP,POP ROCK	EN	0.608	0.8190000000000001	0.0	1.0	0.215	107.045	272613	ROCK
j6kb8yutXFl5x3kN	PROGRESSIVE ROCK,EXPERIMENTAL,ALTERNATIVE ROCK,INDIE ROCK	EN	0.522	0.861	10.0	0.0	0.48	137.09	247407	ROCK
kmOFj8S5ovfcQvZu	ROCK,ALTERNATIVE ROCK,EXPERIMENTAL,ROCK	EN	0.328	0.732	4.0	1.0	0.502	153.976	370373	ROCK
4zSGFF1mVVIT4X0l	HARD ROCK,ROCK,GLAM ROCK,CLASSIC ROCK	EN	0.329	0.974	5.0	1.0	0.41	152.123	166080	ROCK
G33jgJjzSX2AgiGj	PROGRESSIVE ROCK,ALTERNATIVE METAL,ALTERNATIVE ROCK	EN	0.424	0.525	11.0	0.0	0.352	119.572	389757	ROCK
AHNwB8bLWjXJurv5	POP PUNK,ROCK,PUNK	EN	0.343	0.977	11.0	1.0	0.564	123.284	229373	ROCK
cwHcuvHyeUm8w3bL	ROCK,PIANO ROCK,EMO,POP PUNK	EN	0.527	0.897	7.0	1.0	0.4	130.092	231733	ROCK
XYivSoFfW0AiMqr3	CHRISTIAN ROCK	EN	0.684	0.8220000000000001	10.0	0.0	0.88	98.04	202213	ROCK
Afgpa0SpeG2mQTfq	CLASSIC ROCK,ROCK,CLASSIC ROCK,PSYCHEDELIC ROCK,ROCK	EN	0.687	0.659	9.0	1.0	0.93	146.256	280382	ROCK
2sWmmlN4gzP9MnFh	JAZZ,ALTERNATIVE ROCK,EXPERIMENTAL,ROCK	EN	0.168	0.397	7.0	0.0	0.0497	84.39299999999999	276693	ROCK
xMmhrgVS36ECWLvE	CLASSIC ROCK,ROCK	EN	0.355	0.887	11.0	0.0	0.556	139.10399999999998	145307	ROCK
sbmntBfGFEkPSzQz	ROCK,CLASSIC ROCK,HARD ROCK,CLASSIC ROCK,ROCK,HARD ROCK	EN	0.747	0.68	1.0	0.0	0.5529999999999999	132.97899999999998	230787	ROCK
K2RPxbMwfDlu5neK	ROCK,ALTERNATIVE ROCK,ALTERNATIVE ROCK,ROCK	EN	0.428	0.429	0.0	1.0	0.182	127.173	228147	ROCK
kmYheGIWdIJk8idW	POP,ALTERNATIVE ROCK	EN	0.631	0.856	7.0	1.0	0.66	109.966	186893	ROCK
VZe6udsRlAxHj1dD	ROCK	EN	0.296	0.617	7.0	1.0	0.156	144.045	273827	ROCK
BBvtYhRNpNeA94qS	HARD ROCK,ROCK,METAL	EN	0.464	0.994	2.0	1.0	0.446	163.956	262693	ROCK
edoUU5QBMS0Qfp8u	BLUES,SOUL,ROCK	EN	0.418	0.96	0.0	1.0	0.444	97.326	184080	ROCK
Jxh3OJyi0LZLaJQa	PUNK,ROCK,LO-FI	EN	0.6559999999999999	0.499	11.0	0.0	0.377	108.952	70000	ROCK
GGafOEsmDRTOPhCG	POP,BRITPOP,ROCK	EN	0.52	0.545	10.0	1.0	0.7759999999999999	171.929	288733	ROCK
4PKbJVHyaH0F01WS	GRUNGE,ROCK,GRUNGE,ALTERNATIVE ROCK,ROCK	EN	0.26	0.725	4.0	0.0	0.4920000000000001	141.518	366200	ROCK
eYrqTU0B8EFaGK3Q	PSYCHEDELIC ROCK,STONER ROCK,DOOM METAL	EN	0.495	0.594	2.0	1.0	0.495	125.342	220545	ROCK
OSJBs88TVkse4lGr	ELECTRONIC,POP,ALTERNATIVE ROCK,ELECTRONICA	EN	0.495	0.8640000000000001	5.0	1.0	0.379	130.039	254543	ROCK
iwZaMZRjQrGrVCFk	SOFT ROCK,EASY LISTENING,CLASSIC ROCK,POP	EN	0.5660000000000001	0.466	11.0	1.0	0.588	101.739	181893	ROCK
UT0Wm2G32eN8NYvu	ROCK,STONER ROCK	EN	0.698	0.723	9.0	0.0	0.276	102.981	270200	ROCK
ouduuauYPOwUBTii	HARD ROCK,METAL	EN	0.481	0.928	5.0	1.0	0.8190000000000001	126.609	238000	ROCK
FHuF6v8DVsoTq3tG	ALTERNATIVE ROCK,ROCK,PROGRESSIVE ROCK,ALTERNATIVE ROCK,ROCK	EN	0.25	0.356	7.0	0.0	0.124	144.265	274427	ROCK
A05vPpWfmwX0im14	PROGRESSIVE ROCK,HARD ROCK	EN	0.5539999999999999	0.795	7.0	1.0	0.5770000000000001	111.719	384427	ROCK
JUvEbBI6OZIYleOq	INDIE ROCK,ROCK	EN	0.383	0.738	9.0	0.0	0.138	97.218	140800	ROCK
7WCzT2gCk8Qq50AH	PUNK,ROCK	EN	0.218	0.989	3.0	1.0	0.464	199.711	180528	ROCK
VYSiUkKY2B8ma7kn	ROCK	EN	0.481	0.8340000000000001	1.0	0.0	0.691	139.701	255507	ROCK
euhDvncd96kua8VL	ROCK,ALTERNATIVE ROCK,FUNK ROCK	EN	0.394	0.921	7.0	0.0	0.532	166.89700000000005	241120	ROCK
rHcF9w7DW4bLv9d2	ROCK,BRITPOP,INDIE ROCK	EN	0.624	0.575	2.0	1.0	0.318	125.797	230067	ROCK
rH9gbhn0Sz0c8Om5	POST-HARDCORE,INDIE ROCK	EN	0.473	0.867	11.0	0.0	0.4920000000000001	139.94799999999998	226347	ROCK
elLyfZK9RoJFJ0le	PROGRESSIVE ROCK,PSYCHEDELIC ROCK,CLASSIC ROCK,ROCK	EN	0.741	0.231	9.0	0.0	0.547	103.994	110826	ROCK
SayvW3Omv1e0LvsJ	ROCK,ALTERNATIVE ROCK	EN	0.728	0.94	4.0	1.0	0.967	113.76	237240	ROCK
eSWivo54fVVUa085	LO-FI,INDIE ROCK,SHOEGAZE,ALTERNATIVE ROCK,ROCK	EN	0.475	0.6970000000000001	9.0	1.0	0.546	133.014	215573	ROCK
yKuwmeHOpd3f5d2F	PROGRESSIVE ROCK,PROGRESSIVE ROCK,ART ROCK,CLASSIC ROCK	EN	0.736	0.103	7.0	1.0	0.626	109.251	233627	ROCK
yUa5uu5wFCGwl2PK	INDIE POP,ELECTRONIC,INDIE ROCK	EN	0.632	0.908	8.0	1.0	0.764	110.024	202467	ROCK
Ybh29UolYB7BFuhq	CLASSIC ROCK,ROCKABILLY	EN	0.529	0.768	8.0	1.0	0.871	165.225	151773	ROCK
zOfD4EjLgOQvOOyM	INDIE POP,PIANO ROCK	EN	0.624	0.928	3.0	1.0	0.6679999999999999	102.029	193838	ROCK
aFxxeamfoTnTOE1H	DREAM POP,GOTHIC ROCK	EN	0.454	0.802	10.0	1.0	0.225	104.014	259493	ROCK
IlHIGHzRMM5fXsmv	POP,POP ROCK	EN	0.472	0.92	7.0	1.0	0.498	135.91899999999998	212627	ROCK
AOkQsOIzbnu9V1aJ	CLASSIC ROCK,HARD ROCK,ROCK	EN	0.34	0.355	10.0	1.0	0.326	97.098	160065	ROCK
DjOzEeQ5ZunRA9dF	PROGRESSIVE METAL,DEATH METAL,METAL,PROGRESSIVE METAL,PROGRESSIVE ROCK	EN	0.132	0.92	5.0	1.0	0.0437	67.036	623493	ROCK
26Kj6Gqi4k09JjNn	PUNK,POP PUNK,ROCK	EN	0.508	0.972	7.0	1.0	0.5589999999999999	114.199	169360	ROCK
qH71FET8BC5pPtv8	POST-PUNK,INDIE ROCK,ROCK	EN	0.431	0.853	2.0	1.0	0.601	111.581	233893	ROCK
A4kQ0YNHoLojM7rW	ROCK,ALTERNATIVE ROCK,ELECTRONIC	EN	0.248	0.328	1.0	0.0	0.0398	114.243	323535	ROCK
H2BaxzXFJPFKKnP9	GRUNGE,ROCK,ALTERNATIVE ROCK	EN	0.186	0.939	11.0	0.0	0.369	169.963	180000	ROCK
R4b1gAFPttsDVrxY	ROCK,PUNK,POP PUNK	EN	0.5870000000000001	0.419	1.0	1.0	0.354	160.165	149387	ROCK
Vsu0aP9Dy3dy3uX7	PROGRESSIVE ROCK,EXPERIMENTAL	EN	0.308	0.584	2.0	1.0	0.378	80.03399999999998	460600	ROCK
S4GOfsD15eue5gzF	ROCK	EN	0.493	0.242	4.0	1.0	0.171	106.97	261160	ROCK
iAai07g9ew0zjh1F	ALTERNATIVE ROCK,ROCK	EN	0.591	0.718	8.0	1.0	0.468	117.995	208107	ROCK
hA2TDnCfDqTITIaU	EMO,INDIE ROCK,INDIE ROCK	EN	0.27	0.732	9.0	0.0	0.404	160.965	232453	ROCK
mYmt9yrZ8CoFOETY	NU METAL,ROCK,ALTERNATIVE ROCK,METAL	EN	0.425	0.453	5.0	1.0	0.191	108.113	287547	ROCK
u0219TIdG3jR6Kqv	ROCK,PUNK	EN	0.5710000000000001	0.8140000000000001	4.0	1.0	0.736	147.35399999999996	206000	ROCK
LsU4mqdB7sZuNBbx	INDIE ROCK,ROCK,BRITPOP	EN	0.654	0.778	11.0	1.0	0.486	108.354	475133	ROCK
uVsnbOqkePabdFvj	PSYCHEDELIC ROCK,INDIE ROCK,ROCK,SHOEGAZE	EN	0.308	0.665	11.0	0.0	0.328	78.782	356520	ROCK
5Wv2GSwBdQfdei32	POP,ROCK,POP ROCK	EN	0.514	0.91	7.0	0.0	0.472	145.907	217293	ROCK
EvKwtadHXz8ASHjy	BRITPOP,ALTERNATIVE ROCK	EN	0.679	0.944	9.0	0.0	0.926	129.996	293107	ROCK
Bxe5MiHRcyCWVFkM	ROCK,ALTERNATIVE ROCK,INDIE ROCK	EN	0.534	0.909	5.0	1.0	0.5770000000000001	138.976	208453	ROCK
hqC4tBInAIqjBPuH	POP,CLASSIC ROCK,SOFT ROCK	EN	0.344	0.243	0.0	0.0	0.339	94.662	225837	ROCK
nntp1AWlsH438V1v	SINGER-SONGWRITER,FOLK,ROCK,FOLK ROCK	EN	0.386	0.493	2.0	1.0	0.6509999999999999	183.87	110373	ROCK
MOaD5cZu3ESpDjvc	ALTERNATIVE METAL,ALTERNATIVE ROCK,METAL,ROCK	EN	0.255	0.958	8.0	1.0	0.122	119.004	242293	ROCK
pCVeSRwNsh2JAcJP	ALTERNATIVE ROCK,ROCK	EN	0.61	0.914	11.0	0.0	0.74	168.071	176920	ROCK
b1zUVHW2rTsC0niU	ROCK,NEW WAVE,CLASSIC ROCK	EN	0.8109999999999999	0.767	11.0	0.0	0.964	143.891	146667	ROCK
jKxlEW8EKiPyRbLW	ROCK,GLAM ROCK,HARD ROCK,CLASSIC ROCK	EN	0.442	0.846	4.0	1.0	0.622	128.235	217653	ROCK
2Spf61kL0sRWv7vt	POP,POP ROCK	EN	0.5660000000000001	0.92	4.0	1.0	0.693	126.994	187600	ROCK
nKjQqhgCOzleZaVP	POST-PUNK,INDIE ROCK,POST-PUNK	EN	0.445	0.862	4.0	0.0	0.735	166.051	129867	ROCK
MvqJtNOLca7n9eDY	POST-PUNK,POST-PUNK,ALTERNATIVE ROCK	EN	0.638	0.737	0.0	1.0	0.769	131.23	237746	ROCK
Oy5hq2gaEpiBvXiy	THRASH METAL,METAL,ROCK,HARD ROCK	EN	0.257	0.929	7.0	1.0	0.288	113.69	417227	ROCK
iJgrpJV2gwJ1fgAf	ELECTRONIC,POP,ROCK,ELECTRONIC	EN	0.6890000000000001	0.7390000000000001	2.0	1.0	0.578	120.423	233867	ROCK
SGNa3kLR3hIEve4g	CLASSIC ROCK,ROCK,CLASSIC ROCK,ROCK,SOUTHERN ROCK	EN	0.505	0.476	2.0	1.0	0.542	99.31	536227	ROCK
P0Xq4UFscUQ2bxUm	ROCK,POP,JAZZ	EN	0.6859999999999999	0.476	11.0	0.0	0.721	165.02200000000005	234707	ROCK
N44W4zzubqdzLhH9	ROCK,POWER POP	EN	0.457	0.755	7.0	1.0	0.531	122.485	240667	ROCK
nMNPyD5eaSd4ZjyV	STONER ROCK,SLUDGE METAL	EN	0.424	0.615	5.0	1.0	0.6679999999999999	144.605	166267	ROCK
M1aGgogF0dGiRiXA	ROCK,CLASSIC ROCK,SOFT ROCK,SOUL	EN	0.7509999999999999	0.469	5.0	1.0	0.95	118.147	258307	ROCK
lrZxL0bnPBJohrJi	BAROQUE POP,CLASSIC ROCK,POP	EN	0.5760000000000001	0.513	7.0	1.0	0.585	129.81	172507	ROCK
bA4TZpb6Vq8c3Lei	NEW WAVE,POP,ROCK	EN	0.7809999999999999	0.647	5.0	1.0	0.551	121.93	224773	ROCK
2w7d4rjZrfBxW6jY	ROCK,ALTERNATIVE ROCK,NOISE POP	EN	0.417	0.936	0.0	1.0	0.33	128.006	220387	ROCK
PZOf6AMNyRaKwmv9	PUNK,ROCK	EN	0.481	0.88	4.0	1.0	0.961	156.859	151960	ROCK
qWTFXMOhJASBAqMZ	PSYCHEDELIC ROCK	EN	0.321	0.856	2.0	1.0	0.503	101.223	134533	ROCK
39YioTJ43i0sh8xC	POP PUNK,PUNK,ROCK	EN	0.532	0.753	11.0	1.0	0.575	104.522	179333	ROCK
9iW73aof6koBPvhl	ROCK	EN	0.615	0.841	11.0	1.0	0.316	126.026	214573	ROCK
vqIHrTIjlrgUGZNo	INDIE ROCK,INDIE ROCK	EN	0.463	0.838	11.0	1.0	0.353	110.893	150987	ROCK
2XrQaQxjPjUa9K77	ROCK	EN	0.654	0.939	2.0	1.0	0.534	110.986	253213	ROCK
qjZxaY6lwvZpT9PI	MIDWEST EMO,EMO,INDIE ROCK,MATH ROCK	EN	0.404	0.949	6.0	1.0	0.4970000000000001	94.947	190358	ROCK
lHDOo5kBpb0Mq6i0	INDIE ROCK,MODERN ROCK	EN	0.602	0.755	2.0	1.0	0.6459999999999999	135.042	261560	ROCK
wMroyy1NUNqGqO7h	HARD ROCK	EN	0.452	0.995	1.0	1.0	0.237	100.043	185016	ROCK
J8Q6ebEDQ3W7wOCr	POWER POP,ROCK	EN	0.414	0.532	7.0	1.0	0.391	75.952	126360	ROCK
IvHhVfeLHHkXZkYy	INDIE ROCK,INDIE ROCK,BRITPOP	EN	0.245	0.7440000000000001	11.0	0.0	0.404	153.039	261587	ROCK
dpdFc5WvD3qG1PzV	PROGRESSIVE METAL,PROGRESSIVE ROCK,METAL	EN	0.309	0.967	1.0	0.0	0.278	106.174	531400	ROCK
dAAUhmAt9wR1y5TE	SHOEGAZE,ROCK	EN	0.218	0.69	4.0	0.0	0.0738	122.905	295013	ROCK
ts7IWz59MRtW2j5y	CLASSIC ROCK,ROCK	EN	0.61	0.737	2.0	1.0	0.857	127.88	147667	ROCK
NTc1YZcx5ae3npc8	INDIE ROCK,PUNK	EN	0.473	0.918	7.0	1.0	0.565	124.852	156907	ROCK
EEV676UKYmmGPYFu	INDIE ROCK,ROCK	EN	0.541	0.795	10.0	1.0	0.7	124.022	188080	ROCK
jOEL85ImTTwtWGYP	HARD ROCK,ROCK,CLASSIC ROCK	EN	0.433	0.455	11.0	0.0	0.391	121.888	246733	ROCK
vtXM8r1QFfgkFg6J	ROCKABILLY,BLUES	EN	0.727	0.665	1.0	1.0	0.912	114.979	150333	ROCK
CaR8UnowNJUR5Dib	POP,ROCK,CLASSIC ROCK,SOFT ROCK	EN	0.7140000000000001	0.935	5.0	1.0	0.725	121.232	263107	ROCK
WI2ObAlrtbddoqAR	ROCK,PUNK,POP PUNK	EN	0.457	0.83	5.0	1.0	0.602	99.93	182040	ROCK
eSnR3fvlNLZVzXbl	PUNK,ROCK	EN	0.139	0.87	9.0	1.0	0.633	194.666	99693	ROCK
ohNJ4dy046rVgAdO	ROCK,ALTERNATIVE ROCK,SINGER-SONGWRITER	EN	0.467	0.6759999999999999	11.0	1.0	0.54	131.484	269733	ROCK
0OtJDOaErH7yTmWJ	CLASSIC ROCK,ROCK,ROCK,CLASSIC ROCK	EN	0.404	0.343	7.0	1.0	0.383	145.132	203437	ROCK
ND8lWjmjIcRnPizH	GRUNGE,ROCK,ALTERNATIVE ROCK,GRUNGE,ROCK,ALTERNATIVE ROCK	EN	0.291	0.493	7.0	1.0	0.183	182.032	196187	ROCK
HXuLNd92c1jsop6Z	EMO,ALTERNATIVE ROCK,ROCK	EN	0.49	0.452	2.0	1.0	0.278	85.917	230507	ROCK
EIyfN95EqXZFcQIN	ROCK,POP	EN	0.422	0.413	4.0	1.0	0.257	130.362	172560	ROCK
iSad3oV9tVAOQvnF	COUNTRY,ROCK,COUNTRY,SINGER-SONGWRITER	EN	0.626	0.831	7.0	1.0	0.304	100.009	233827	ROCK
rA7TpbyCFstgU7eJ	OPERA,ROCK	EN	0.207	0.346	1.0	1.0	0.1669999999999999	79.837	364800	ROCK
HZarggufXTzp02lF	ROCK,EMO,ALTERNATIVE ROCK	EN	0.288	0.933	8.0	0.0	0.4970000000000001	98.918	231853	ROCK
9vbSPIfz9xnodpD1	ROCK,ALTERNATIVE ROCK,SINGER-SONGWRITER,EXPERIMENTAL	EN	0.545	0.816	7.0	0.0	0.584	104.084	215400	ROCK
ffwIOngPbHi85B2T	ROCK	EN	0.44	0.745	9.0	1.0	0.265	154.08100000000005	178973	ROCK
8iKJv9A9US9O0BGK	INDIE ROCK,POST-PUNK,ROCK	EN	0.597	0.865	9.0	0.0	0.6609999999999999	96.094	204800	ROCK
kJ1oyIEM2if8hWZG	ROCK,BRITPOP,ALTERNATIVE ROCK	EN	0.256	0.625	3.0	1.0	0.201	140.351	327467	ROCK
WPQ1MUnEsc4tJXTV	ROCK,POP,SINGER-SONGWRITER	EN	0.738	0.952	6.0	0.0	0.899	122.0	211293	ROCK
8SX4uIpOoc04eyuj	PROGRESSIVE ROCK,ROCK,EXPERIMENTAL,CLASSIC ROCK	EN	0.374	0.7859999999999999	4.0	0.0	0.8240000000000001	88.986	563400	ROCK
wINhCXmYLVWiMmik	PUNK,ROCK	EN	0.219	0.684	9.0	0.0	0.71	176.817	95973	ROCK
W9iLYGjwh6gBF7xd	POP,POP ROCK	EN	0.51	0.74	0.0	1.0	0.479	144.004	200947	ROCK
NwlC00dzR9GlfhBh	BLUES,ROCK	EN	0.4270000000000001	0.626	8.0	1.0	0.743	126.877	219587	ROCK
hWwLyENI8gJUq7uz	ROCK,ALTERNATIVE ROCK,ROCK,ALTERNATIVE ROCK	EN	0.319	0.211	0.0	1.0	0.4270000000000001	121.508	216333	ROCK
QCpu5STspC5qAEvk	FOLK ROCK,SINGER-SONGWRITER	EN	0.6509999999999999	0.721	1.0	1.0	0.483	141.983	242360	ROCK
nTf0GJjEh5a9Fp7G	POP,ROCK	EN	0.6629999999999999	0.9	6.0	0.0	0.897	96.992	216213	ROCK
EdgaJFwy2nOYWRVf	GOTHIC ROCK,ROCK	EN	0.485	0.8590000000000001	7.0	1.0	0.369	144.06	285627	ROCK
5W2mECRrOe3LUiDe	PUNK,ROCK	EN	0.348	0.911	2.0	1.0	0.435	147.733	223253	ROCK
HIvm2uf2Fs0PRKW7	CLASSIC ROCK,HARD ROCK,ROCK,HARD ROCK,CLASSIC ROCK,ROCK	EN	0.431	0.257	3.0	0.0	0.187	124.374	587800	ROCK
TFI6TUchWwWQLyNd	STONER ROCK,STONER METAL	EN	0.141	0.938	1.0	1.0	0.211	183.224	213293	ROCK
6sPsyoJpkAmZTfzL	GRUNGE,INDIE ROCK,ALTERNATIVE ROCK	EN	0.337	0.76	7.0	1.0	0.211	143.593	215987	ROCK
M69mBOK19hTuZD8j	ELECTRONIC,ROCK	EN	0.7509999999999999	0.596	6.0	1.0	0.561	93.213	193600	ROCK
ZXHpUA908h8XBiyC	ROCK	EN	0.474	0.84	3.0	1.0	0.0996	119.017	249227	ROCK
eGl8ZIxMYaG48z4I	POST-ROCK,INDIE POP,KRAUTROCK	EN	0.489	0.672	6.0	0.0	0.6990000000000001	94.905	286347	ROCK
PkDkL7FwoxgSihWF	CLASSIC ROCK,POP,ROCK	EN	0.414	0.428	0.0	1.0	0.282	145.075	377093	ROCK
78r8TalTgmZLkSUx	CLASSIC ROCK,ROCK,SOUTHERN ROCK	EN	0.777	0.948	7.0	1.0	0.973	142.359	231347	ROCK
sVeJtQmD4lIHs1Sz	INDIE ROCK,MATH ROCK	EN	0.602	0.6629999999999999	4.0	1.0	0.325	133.005	167707	ROCK
frxZfLSvKLVOa4iq	INDIE ROCK	EN	0.465	0.732	9.0	1.0	0.606	93.156	249253	ROCK
wdJJhU5LI907pEmC	POST-ROCK,AMBIENT	EN	0.146	0.00555	6.0	1.0	0.0632	101.312	403827	ROCK
nUjAwQi9nN6BNSGz	GRUNGE,ROCK,ALTERNATIVE ROCK	EN	0.236	0.8809999999999999	6.0	1.0	0.287	109.172	344160	ROCK
r4I0YRI3uYd0BSzN	PUNK,EMO,INDIE ROCK,PUNK,EMO,INDIE ROCK	EN	0.555	0.8079999999999999	9.0	1.0	0.546	131.994	170909	ROCK
PD8AnYrkAI5wGjOI	ROCK	EN	0.8690000000000001	0.5770000000000001	10.0	0.0	0.848	129.89	199427	ROCK
Rl8DQpVNvjrAIK7i	HARD ROCK,METAL,ROCK,NU METAL	EN	0.215	0.911	9.0	1.0	0.47	183.535	315453	ROCK
cTH8TKQbfLdmyrr3	ROCK,ALTERNATIVE ROCK,POP,ROCK,PIANO ROCK	EN	0.22	0.838	6.0	1.0	0.293	178.037	254507	ROCK
5NJOQmO3QzcaXIte	INDUSTRIAL,ELECTRONIC,INDUSTRIAL ROCK	EN	0.644	0.716	10.0	0.0	0.583	126.011	246718	ROCK
EWz974aaIzv8rglw	INDUSTRIAL,ALTERNATIVE ROCK,INDUSTRIAL ROCK,EXPERIMENTAL	EN	0.482	0.547	0.0	1.0	0.176	178.062	289307	ROCK
1WJ5uoVj9U3kZsz9	ROCK,INDIE ROCK,SOUTHERN ROCK	EN	0.601	0.867	2.0	1.0	0.546	120.021	238840	ROCK
DqjGSFNuJPQD9Zf0	INDIE ROCK,INDIE POP	EN	0.604	0.404	2.0	1.0	0.0775	119.965	207347	ROCK
65Mp5rxG0Bjd0Fpr	CLASSIC ROCK,ROCK,SOUTHERN ROCK,HARD ROCK	EN	0.655	0.6729999999999999	5.0	1.0	0.5579999999999999	123.913	236200	ROCK
eekDbmLZzS7aoTiU	CLASSIC ROCK,ROCK	EN	0.417	0.77	6.0	0.0	0.83	170.61900000000003	146707	ROCK
r8ycMUJVOsgcW23c	PROGRESSIVE METAL,PROGRESSIVE ROCK,DOOM METAL,DOOM METAL,PROGRESSIVE METAL	EN	0.352	0.917	1.0	1.0	0.313	160.02	391693	ROCK
uJ35g6Wqef3ncY00	ROCK,SINGER-SONGWRITER	EN	0.361	0.107	7.0	1.0	0.0735	112.896	272320	ROCK
P87oSfpAePIdQdQ5	INDIE ROCK,ROCK,LO-FI	EN	0.21	0.455	2.0	1.0	0.207	79.471	398733	ROCK
kksNmXqljA4cyN6Y	CLASSIC ROCK,ROCK,PSYCHEDELIC ROCK	EN	0.329	0.499	2.0	1.0	0.132	93.508	359680	ROCK
m5z4RjOnNT7qPZEY	ROCK,SINGER-SONGWRITER,ALTERNATIVE ROCK	EN	0.7040000000000001	0.363	6.0	0.0	0.344	100.424	251867	ROCK
f1lBONsKdeRks8LL	ROCK,SINGER-SONGWRITER,POP	EN	0.508	0.833	0.0	0.0	0.429	91.028	176320	ROCK
2FOgfkFr3NFtgGNX	POP,FUNK,POP ROCK	EN	0.755	0.769	10.0	0.0	0.642	114.966	186080	ROCK
bzW9r4mOxMRi13Fo	HARD ROCK	EN	0.506	0.838	4.0	0.0	0.484	117.688	260867	ROCK
XfNurIuPSNa8dQ6Q	ELECTRONIC,ROCK,POP,ELECTRONIC,ROCK	EN	0.4	0.7859999999999999	0.0	1.0	0.425	134.036	239800	ROCK
It2Fuj0H55jIZ70w	NOISE ROCK	EN	0.42	0.923	0.0	1.0	0.11	153.248	183787	ROCK
PZVW1IbNypbxdfwM	POP,ROCK,DISNEY,POP ROCK	EN	0.588	0.728	5.0	1.0	0.518	122.004	220440	ROCK
8YIf6yx2zgrACgHo	ROCK,ALTERNATIVE ROCK,POP	EN	0.442	0.952	3.0	1.0	0.505	130.68200000000002	203640	ROCK
aVLqMEdEMdDH88yO	STONER ROCK,STONER METAL	EN	0.18	0.914	2.0	0.0	0.269	206.909	393147	ROCK
9fMl0vOAqCN5Gw6N	FUNK METAL,ROCK,FUNK METAL,ALTERNATIVE ROCK	EN	0.5820000000000001	0.635	7.0	0.0	0.795	90.689	270107	ROCK
vqVpor8XKBk1UWlM	ROCK	EN	0.847	0.795	10.0	0.0	0.906	92.999	203147	ROCK
YLfBerCb1zATLU7j	ROCK,INDIE POP,SOUL	EN	0.394	0.352	1.0	0.0	0.0748	129.953	450147	ROCK
QfTyIT2mjY49GTCI	ELECTRONIC,SYNTHPOP,ALTERNATIVE ROCK	EN	0.54	0.615	0.0	1.0	0.332	116.999	211253	ROCK
2iTNj8IfvQ8BTatH	ROCK,ALTERNATIVE ROCK	EN	0.42	0.895	3.0	1.0	0.5770000000000001	108.832	189547	ROCK
V1BtFrgOawtVN2vK	FOLK,SINGER-SONGWRITER,CLASSIC ROCK,ROCK,FOLK,SINGER-SONGWRITER,CLASSIC ROCK	EN	0.421	0.6609999999999999	9.0	1.0	0.5539999999999999	100.965	341627	ROCK
jnfJsUEP1h2WegYy	ROCK	EN	0.584	0.809	9.0	0.0	0.393	140.086	158613	ROCK
v3sVgjaIrworTkxN	POP,POP ROCK	EN	0.67	0.598	2.0	1.0	0.752	143.72	264373	ROCK
f0iha7XNRr87FvpW	FOLK,FOLK ROCK	EN	0.523	0.423	2.0	0.0	0.328	131.07399999999998	215107	ROCK
IgpsKusx0x0bvO2U	POP PUNK,ROCK,ALTERNATIVE ROCK,EMO	EN	0.48	0.911	0.0	1.0	0.159	142.015	327640	ROCK
LSbtaNWBHzNKHa2D	DOOM METAL,STONER ROCK,PSYCHEDELIC ROCK	EN	0.245	0.628	11.0	0.0	0.192	73.843	309840	ROCK
9vU3nPP17a5iIENb	ROCK,ALTERNATIVE ROCK,INDIE ROCK	EN	0.565	0.733	9.0	0.0	0.283	83.956	223062	ROCK
SPQZx15quWp3uFSK	ROCK,POP	EN	0.636	0.6990000000000001	6.0	1.0	0.637	94.966	253307	ROCK
QAMXS4tATLH5EIHh	ALTERNATIVE ROCK,ROCK,SINGER-SONGWRITER	EN	0.366	0.462	9.0	0.0	0.133	156.105	299907	ROCK
OU6tx2QEMKBfFEa3	INDIE ROCK,ALTERNATIVE ROCK	EN	0.536	0.672	7.0	0.0	0.447	104.279	230995	ROCK
7XjW2T17hwlXP5Mw	FOLK,SINGER-SONGWRITER,CLASSIC ROCK	EN	0.39	0.31	5.0	1.0	0.584	177.515	330533	ROCK
uEQVh8s1jHftfo52	INDUSTRIAL,INDUSTRIAL METAL,METAL,ROCK,ALTERNATIVE ROCK,GLAM ROCK	EN	0.5589999999999999	0.696	4.0	0.0	0.382	134.952	226733	ROCK
NS1MEqhkwbp8HCSc	NOISE ROCK,ALTERNATIVE ROCK	EN	0.292	0.975	7.0	1.0	0.0381	88.945	184894	ROCK
TBFXR7ywTP0PVO6K	ROCK	EN	0.363	0.621	7.0	1.0	0.349	140.03	206507	ROCK
Q8sk8Rt2CCZ7E8IS	ROCK,GRUNGE,PROGRESSIVE ROCK	EN	0.4970000000000001	0.882	10.0	1.0	0.5870000000000001	140.019	225253	ROCK
CPXSa2MGLa3310EX	HARD ROCK,METAL	EN	0.447	0.607	9.0	1.0	0.258	141.66299999999995	276987	ROCK
s9VnrlcCkN2RtanJ	POP PUNK,ROCK	EN	0.416	0.333	9.0	1.0	0.0963	126.974	480640	ROCK
C20qIQ1clDTxVvBP	ROCK,HARDCORE,POST-HARDCORE,PUNK,POST-PUNK	EN	0.415	0.914	7.0	1.0	0.654	88.374	173373	ROCK
32akptv9i0XUdnsE	NU METAL,ROCK,ALTERNATIVE ROCK,METAL	EN	0.482	0.938	6.0	1.0	0.392	102.852	249893	ROCK
bkjl9EJnTJdJZvao	INDIE ROCK,POST-PUNK,NEW WAVE	EN	0.5	0.909	8.0	1.0	0.307	102.481	296520	ROCK
FzFPrfwDRt4MAer8	ROCK,GLAM ROCK,CLASSIC ROCK,ROCK,GLAM ROCK,CLASSIC ROCK	EN	0.325	0.594	0.0	1.0	0.5	174.07299999999995	221227	ROCK
w7hc7f7ld88zNrEt	SOFT ROCK,INDIE ROCK,POP ROCK	EN	0.595	0.643	7.0	1.0	0.447	164.967	194680	ROCK
o5UdfXFSiMWU6Ksi	INDIE ROCK,INDIE POP,ROCK,INDIE ROCK,INDIE POP	EN	0.482	0.5589999999999999	5.0	1.0	0.597	80.777	221600	ROCK
tKUAFc08wDmEwXJD	FOLK,ROCK	EN	0.42	0.294	5.0	1.0	0.0828	103.827	279058	ROCK
IOGsdEI1GMKwtjHU	NEW WAVE,POST-PUNK,ROCK	EN	0.364	0.984	11.0	1.0	0.376	127.753	127013	ROCK
rm9MESJvd1pqVlmv	SPACE ROCK,ROCK	EN	0.47	0.763	10.0	0.0	0.495	108.353	374973	ROCK
WcqvzBsJHLWVx1Vx	POP PUNK,POP PUNK,ROCK	EN	0.6859999999999999	0.84	1.0	1.0	0.7040000000000001	105.0	203027	ROCK
o5SKI88s9IPpwmnR	ROCK,GARAGE ROCK,STONER ROCK,ALTERNATIVE ROCK,STONER ROCK,GARAGE ROCK,ROCK	EN	0.5479999999999999	0.944	9.0	1.0	0.901	173.86900000000003	168920	ROCK
Qd8EzJRnGpRMbA4S	INDIE ROCK,INDIE FOLK,FOLK	EN	0.56	0.795	0.0	1.0	0.45	115.314	258933	ROCK
8wKC5FntWUa1dt8J	INDIE POP,INDIE ROCK,INDIE POP	EN	0.532	0.882	0.0	1.0	0.698	124.102	218187	ROCK
x4hcqm8WrBSEc3Mm	INDIE ROCK,ROCK	EN	0.314	0.767	1.0	0.0	0.219	202.045	205213	ROCK
qGGKn5a4l0kyz8LP	ROCK,PUNK	EN	0.1639999999999999	0.8590000000000001	4.0	1.0	0.128	175.118	291360	ROCK
44Xs42MM3cUEkzIy	ROCK,CLASSIC ROCK,CLASSIC ROCK,ROCK	EN	0.8109999999999999	0.565	7.0	1.0	0.8909999999999999	106.192	179507	ROCK
Ab2iTsTqykpUd23J	CLASSIC ROCK,ROCK,POP,CLASSIC ROCK,ROCK	EN	0.72	0.72	3.0	0.0	0.636	126.041	255653	ROCK
7z9iheIcuo5jvNpS	GRUNGE,ROCK,ALTERNATIVE ROCK,HARD ROCK	EN	0.347	0.81	2.0	1.0	0.217	135.45600000000002	297040	ROCK
lWjjhzD7MqxdWYeO	GRUNGE,ALTERNATIVE ROCK,ROCK	EN	0.314	0.916	9.0	1.0	0.273	119.14	223920	ROCK
Dimq71AweqKvt5YC	PROGRESSIVE ROCK,CLASSIC ROCK,ROCK	EN	0.468	0.561	9.0	0.0	0.581	105.516	187413	ROCK
5gdWWKmh1zdkknWj	INDUSTRIAL METAL,INDUSTRIAL,ROCK,METAL	EN	0.539	0.945	2.0	1.0	0.118	140.005	245000	ROCK
lDAnfyDH4CvnG5Zf	BRITPOP,ROCK	EN	0.322	0.952	9.0	1.0	0.257	161.79	136773	ROCK
iikCXlGeFkOkLghi	ALTERNATIVE POP,ALTERNATIVE ROCK	EN	0.613	0.5770000000000001	7.0	1.0	0.6940000000000001	121.225	180400	ROCK
Y6OBWqk5OykQDAB7	ALTERNATIVE ROCK,ROCK,FUNK METAL	EN	0.65	0.8440000000000001	7.0	1.0	0.7240000000000001	91.996	247173	ROCK
WA8KdmymPsk4pbwg	CLASSIC ROCK,ROCK,HARD ROCK	EN	0.439	0.737	2.0	1.0	0.5329999999999999	145.942	212893	ROCK
MT3WM9HNruBWKlRk	EMO,POP PUNK,ROCK	EN	0.257	0.936	2.0	1.0	0.376	197.929	189693	ROCK
SEhHCW8OnEKNrqdV	BLUES,ROCK	EN	0.248	0.672	6.0	1.0	0.479	185.875	294373	ROCK
u967s2NQreb13TDm	METAL,ROCK	EN	0.334	0.986	1.0	0.0	0.5429999999999999	111.831	297693	ROCK
BvXIfTZTc8YiwUaW	METAL,ALTERNATIVE METAL,HARD ROCK	EN	0.394	0.852	10.0	0.0	0.551	148.188	280293	ROCK
NvwO4rCO4kgijffa	FOLK,INDIE ROCK	EN	0.23	0.42	0.0	1.0	0.29	106.592	118186	ROCK
Yh13mIYh6qCVvGZM	ALTERNATIVE ROCK,ROCK,PROGRESSIVE ROCK	EN	0.487	0.279	6.0	0.0	0.162	139.362	237027	ROCK
TOlmmZkIzb90hTof	ROCK,CLASSIC ROCK,PUNK	EN	0.495	0.898	0.0	1.0	0.746	134.852	283360	ROCK
6Cg3gX1U71vpA82Z	INDIE ROCK	EN	0.244	0.877	2.0	1.0	0.269	129.17600000000002	333147	ROCK
xzLr48NkfFuFDG7O	ROCK,NU METAL,ALTERNATIVE ROCK,ROCK,NU METAL,ALTERNATIVE ROCK	EN	0.655	0.885	7.0	1.0	0.938	100.088	189293	ROCK
zoMVck6b8GC9jcu3	PROGRESSIVE ROCK	EN	0.267	0.387	4.0	0.0	0.0782	135.26	459600	ROCK
JtpeHN12dsXf641d	POST-ROCK,POST-METAL,PROGRESSIVE METAL	EN	0.386	0.165	11.0	0.0	0.0353	95.015	729787	ROCK
fr9TMPDX8oal4nzE	STONER ROCK	EN	0.234	0.977	8.0	1.0	0.183	165.454	177733	ROCK
xpUkhJZeC5yR2hSk	PROGRESSIVE ROCK,PROGRESSIVE METAL,DOOM METAL,ROCK,PROGRESSIVE ROCK,DOOM METAL,PROGRESSIVE METAL	EN	0.243	0.87	8.0	1.0	0.0875	81.696	322787	ROCK
vK9t8898GYZZufIK	POP,POP ROCK	EN	0.5710000000000001	0.584	4.0	1.0	0.345	90.06200000000003	253907	ROCK
qXQUycLOaWyYArL1	GRUNGE,ALTERNATIVE ROCK	EN	0.288	0.877	10.0	1.0	0.413	190.824	167467	ROCK
lgYNNvIGLVNgS7GI	PROGRESSIVE ROCK,ROCK,HARD ROCK	EN	0.519	0.889	7.0	1.0	0.309	120.076	288640	ROCK
8lhlPWt49G2nZ8Xq	POST-ROCK	EN	0.248	0.976	8.0	1.0	0.118	110.393	163713	ROCK
ooNdKYBUi1FK026F	CLASSIC ROCK,HARD ROCK,ROCK	EN	0.3670000000000001	0.752	6.0	0.0	0.401	205.47	336907	ROCK
gd0UVpr4DjdsGpRh	ROCK,POP	EN	0.5720000000000001	0.687	10.0	1.0	0.653	165.977	254293	ROCK
VoXdo9OjE84akEHs	INDIE ROCK,INDIE POP,ROCK,SINGER-SONGWRITER	EN	0.523	0.348	7.0	0.0	0.136	135.941	182147	ROCK
xmczZLFF8u1O5q7H	ROCK,ALTERNATIVE ROCK,FUNK ROCK,FUNK	EN	0.562	0.995	7.0	1.0	0.0392	152.108	71840	ROCK
WNxdYFKitkko5LqM	ROCK,ALTERNATIVE ROCK	EN	0.544	0.809	4.0	1.0	0.232	111.963	304307	ROCK
xVLnf3h6w2nIXWaL	CLASSIC ROCK,ROCK	EN	0.6970000000000001	0.383	1.0	1.0	0.77	119.597	58400	ROCK
SJTKS9aOWdBeKxKG	RIOT GRRRL,INDIE ROCK	EN	0.499	0.9	2.0	1.0	0.662	165.804	188600	ROCK
dppAElfglRl15qaj	HARD ROCK	EN	0.391	0.93	2.0	0.0	0.502	179.99	239780	ROCK
xiegEtkXpTB6mnEZ	HARD ROCK,ROCK	EN	0.296	0.454	2.0	1.0	0.16	89.98700000000002	210200	ROCK
pBlVFDPXQDtarZXq	POP,POP ROCK	EN	0.595	0.968	2.0	1.0	0.631	115.808	252360	ROCK
OtnzeR9RRBa9T6I0	INDUSTRIAL METAL,INDUSTRIAL,INDUSTRIAL ROCK	EN	0.499	0.952	7.0	1.0	0.456	98.988	249800	ROCK
Ja6sG7NsgUKEI63U	POP,ROCK,CLASSIC ROCK,SOFT ROCK	EN	0.506	0.6729999999999999	8.0	1.0	0.402	125.879	328933	ROCK
pDwKoIBe0RlloqzS	SPACE ROCK,AMBIENT	EN	0.426	0.38	6.0	1.0	0.277	81.48100000000002	375907	ROCK
DD6d5d6neEck7qEW	PROGRESSIVE ROCK,ROCK,CLASSIC ROCK	EN	0.46	0.66	11.0	1.0	0.507	135.774	703400	ROCK
3NoOJfqOQeH596kC	HARD ROCK,CLASSIC ROCK,PROGRESSIVE ROCK,PSYCHEDELIC ROCK	EN	0.599	0.271	11.0	0.0	0.216	129.173	211400	ROCK
6UHk2TM1i23DdSxo	POST-HARDCORE,HARDCORE,EMO,ALTERNATIVE ROCK	EN	0.359	0.978	3.0	1.0	0.219	121.902	167747	ROCK
ph0D69acp8AgdDyt	INDIE ROCK,ROCK,GARAGE ROCK	EN	0.5329999999999999	0.846	9.0	1.0	0.7190000000000001	92.632	68133	ROCK
5XCea0nAhX8mX35z	INDIE ROCK,ROCK	EN	0.445	0.7909999999999999	6.0	0.0	0.472	169.067	211945	ROCK
YzJG9SYuH0Ii81RR	PROGRESSIVE ROCK,ROCK,HARD ROCK,PROGRESSIVE ROCK,CLASSIC ROCK,HARD ROCK	EN	0.485	0.939	9.0	0.0	0.5870000000000001	143.964	266493	ROCK
l93o4zjNxXvyet9N	ROCK	EN	0.365	0.393	2.0	1.0	0.337	97.024	240000	ROCK
RekqxYgzQBSWZX71	PROGRESSIVE ROCK,ROCK,PROGRESSIVE ROCK,ROCK,CLASSIC ROCK	EN	0.465	0.711	11.0	0.0	0.408	140.644	315960	ROCK
CjJhdk4AzZGSBybO	ROCK,GRUNGE,PUNK	EN	0.479	0.7509999999999999	7.0	1.0	0.5379999999999999	160.007	214875	ROCK
QRy2BYzElKQwZ1eG	BLUES,SINGER-SONGWRITER,FOLK,ROCK	EN	0.539	0.296	0.0	1.0	0.545	85.62200000000001	233533	ROCK
NXu3ZOy3K8xJEj7j	PROGRESSIVE ROCK	EN	0.8079999999999999	0.199	8.0	1.0	0.278	118.219	271040	ROCK
dV75lFW22LL5ZJQY	PSYCHEDELIC ROCK,CLASSIC ROCK	EN	0.356	0.514	5.0	1.0	0.446	90.774	405360	ROCK
fz5OAGhGjNvtmszh	INDIE ROCK,ROCK	EN	0.522	0.889	1.0	1.0	0.852	144.499	141133	ROCK
Nd0lKEtczFUosvYQ	INDIE ROCK,EMO,COUNTRY	EN	0.337	0.945	0.0	1.0	0.489	165.234	159173	ROCK
aOhIZTFpMgepc17h	CLASSIC ROCK,ROCK,SOUNDTRACK	EN	0.242	0.948	7.0	1.0	0.319	150.881	185000	ROCK
a0y6rnQlRkhRh9Rj	ROCK,POP,POP ROCK,POP,ROCK,POP ROCK	EN	0.69	0.8	10.0	0.0	0.6629999999999999	146.14700000000005	181573	ROCK
NfRX4LUVL7w3C1kY	ROCK,BRITPOP	EN	0.408	0.928	8.0	1.0	0.1369999999999999	124.181	267680	ROCK
aIvttg0XLutEnEuu	INDIE ROCK,LO-FI,LO-FI,INDIE ROCK	EN	0.488	0.59	7.0	1.0	0.221	106.906	216067	ROCK
eJuX0ZQThjmGcDNT	SHOEGAZE,GRUNGE,PUNK,ALTERNATIVE ROCK,EMO	EN	0.398	0.989	1.0	1.0	0.246	143.991	238589	ROCK
QiWink8KscFRoEMJ	HARD ROCK,PSYCHEDELIC ROCK,METAL	EN	0.459	0.805	5.0	1.0	0.636	132.075	238813	ROCK
mBAqO6gW2OtJcK62	LO-FI,INDIE POP,INDIE ROCK	EN	0.352	0.525	1.0	1.0	0.0975	117.911	122625	ROCK
5I2lNeSIyTda3dh8	ROCK,ALTERNATIVE ROCK	EN	0.5479999999999999	0.877	8.0	1.0	0.746	147.997	153280	ROCK
plYqcg3KIT9AN3fi	ROCK,SOUNDTRACK	EN	0.54	0.7020000000000001	8.0	1.0	0.391	118.808	221933	ROCK
CHQcK4iEuvHj8HWK	ROCK	EN	0.5760000000000001	0.256	9.0	0.0	0.25	82.898	271093	ROCK
ukKS2F42fq2VDQUo	ROCK	EN	0.491	0.986	9.0	0.0	0.391	140.05	219960	ROCK
z5q1Oo5ZysrNCvlu	PROGRESSIVE ROCK	EN	0.354	0.241	11.0	0.0	0.206	126.155	385036	ROCK
3jfPmDWKyjbRp4zT	ROCK,PSYCHEDELIC ROCK	EN	0.627	0.633	10.0	0.0	0.763	85.999	194053	ROCK
7z0WyQ350kAwb8nX	ROCK,ALTERNATIVE ROCK	EN	0.441	0.628	1.0	1.0	0.292	133.952	141827	ROCK
FLw6IRMD5WZjDMhp	POP PUNK,POP ROCK,ALTERNATIVE ROCK,ROCK,POP	EN	0.537	0.624	0.0	1.0	0.468	135.987	247773	ROCK
GJqAAD1ntS6jDSZr	FOLK,FOLK ROCK,SINGER-SONGWRITER	EN	0.457	0.665	2.0	1.0	0.667	126.33	531160	ROCK
614nqNgeruFgyWJW	ROCK,BRITPOP,INDIE ROCK,BRITPOP	EN	0.509	0.962	6.0	0.0	0.845	134.572	243189	ROCK
c6eslYOFzowzrdxM	INDUSTRIAL,ELECTRONIC,INDUSTRIAL ROCK,INDUSTRIAL,INDUSTRIAL ROCK,ELECTRONIC	EN	0.547	0.962	1.0	1.0	0.416	141.96200000000005	330667	ROCK
9Lpg2ZDiCgU2c4b7	HARD ROCK,HARD ROCK,ROCK,CLASSIC ROCK	EN	0.402	0.875	3.0	1.0	0.342	144.166	265573	ROCK
rWsSizQS3qKYaJXy	ALTERNATIVE METAL,METAL,ALTERNATIVE ROCK,NU METAL	EN	0.428	0.932	9.0	1.0	0.239	124.99	238040	ROCK
xt2nAE54yRbaGetR	INDIE ROCK	EN	0.478	0.579	7.0	1.0	0.16	139.127	257293	ROCK
Xi5Bx1ly84QgCAXb	POP PUNK,EMO,PUNK,ROCK	EN	0.5660000000000001	0.922	3.0	1.0	0.667	129.938	249536	ROCK
8URFbJvh6yRV8tsp	POP,ROCK,POP ROCK	EN	0.4320000000000001	0.9	0.0	1.0	0.486	178.08599999999996	208680	ROCK
mQwiiryXir6fsErT	ALTERNATIVE ROCK,ROCK,FUNK,FUNK ROCK	EN	0.6709999999999999	0.7659999999999999	2.0	1.0	0.726	104.99	184200	ROCK
Mce8bbxlvGFLJqXP	ALTERNATIVE ROCK	EN	0.411	0.765	1.0	1.0	0.468	111.348	227974	ROCK
H0vKURWdVJ2DHmde	INDIE ROCK,MIDWEST EMO	EN	0.296	0.494	6.0	1.0	0.175	163.66899999999995	239598	ROCK
Pe2T3Anmz1Inrhvp	ALTERNATIVE ROCK,ROCK,PROGRESSIVE ROCK	EN	0.249	0.965	2.0	1.0	0.514	161.561	209000	ROCK
A7RKLqNZ6e7pYy9J	POST-HARDCORE,ALTERNATIVE ROCK,ELECTRONICORE,ELECTRONIC ROCK	EN	0.5479999999999999	0.94	10.0	0.0	0.336	135.046	262257	ROCK
owgNTOp52BmoLWAr	ALTERNATIVE ROCK,ELECTRONIC,ROCK,AMBIENT	EN	0.389	0.858	4.0	0.0	0.328	101.081	227467	ROCK
tsZIrAhZRmAyFlkc	HARD ROCK,CLASSIC ROCK,ROCK	EN	0.479	0.5820000000000001	11.0	0.0	0.618	87.40899999999998	209027	ROCK
5YVhBRyFthheI8dO	POP,POP,POP ROCK	EN	0.626	0.77	11.0	1.0	0.888	114.946	214027	ROCK
T2SwNxK670qjCEIR	METAL,HARD ROCK	EN	0.4370000000000001	0.948	4.0	0.0	0.361	96.72	222440	ROCK
OdcIMoksPm36lltm	PROGRESSIVE ROCK,CLASSIC ROCK,PSYCHEDELIC ROCK,ROCK	EN	0.471	0.0118	2.0	1.0	0.0701	102.881	73430	ROCK
to9EyVGKLTPaXyZf	POP,POP ROCK,ROCK	EN	0.622	0.852	1.0	0.0	0.464	133.977	218773	ROCK
gVx4m7AhQxFMWt9f	POP PUNK,ROCK,ELECTRONIC	EN	0.441	0.934	2.0	1.0	0.322	165.11700000000005	225347	ROCK
zcVRvGJJnzWa4O3y	INDIE ROCK	EN	0.517	0.404	6.0	0.0	0.735	96.157	257088	ROCK
5GJJXM3toU6ieQmK	POST-PUNK,NEW WAVE,GOTHIC ROCK	EN	0.353	0.861	4.0	0.0	0.742	158.196	170973	ROCK
iJT8r0ZZSZcpo9vZ	NEW WAVE,ROCK	EN	0.357	0.87	9.0	1.0	0.8009999999999999	177.262	159960	ROCK
8YfXZHGTaHIHPV7d	INDIE ROCK,ROCK,ALTERNATIVE ROCK	EN	0.48	0.452	7.0	1.0	0.104	80.012	314440	ROCK
KcFV0wWs4MWaujLx	CHRISTIAN ROCK,ROCK,ALTERNATIVE ROCK,ALTERNATIVE ROCK,CHRISTIAN ROCK,ROCK	EN	0.33	0.7759999999999999	0.0	1.0	0.391	157.951	202560	ROCK
sscOm87r8rBu1RHV	PROGRESSIVE METAL,ROCK,METAL,PROGRESSIVE METAL,PROGRESSIVE ROCK	EN	0.499	0.934	8.0	0.0	0.357	110.046	321573	ROCK
w8VactjZhLQizDGc	INDIE ROCK,PUNK,INDIE POP,POP PUNK	EN	0.503	0.687	9.0	1.0	0.961	125.361	84028	ROCK
jz8D6MZxjg7PmpbK	INDIE POP,INDIE ROCK	EN	0.433	0.654	6.0	1.0	0.451	94.047	201670	ROCK
heMr8wOgVKqbdYCF	METAL,NWOBHM,HARD ROCK	EN	0.313	0.981	2.0	1.0	0.631	140.56	211253	ROCK
MaurUwJInNSnmjPr	POP PUNK,ROCK,POP,POP PUNK,ROCK	EN	0.506	0.8740000000000001	4.0	1.0	0.415	128.077	223795	ROCK
j8opJSpPqL4Ue9OR	ROCK,INDIE ROCK	EN	0.402	0.687	0.0	1.0	0.158	81.811	281252	ROCK
pDMwL6cVVMdp0VaI	CLASSIC ROCK,BLUES,ROCK	EN	0.695	0.336	9.0	1.0	0.422	79.109	280000	ROCK
PXZufk3NRF8vrrhw	ROCK,CLASSIC ROCK	EN	0.469	0.8109999999999999	8.0	1.0	0.561	91.433	383000	ROCK
5U2lTTsocaMzS3IH	POST-HARDCORE,POP ROCK,SCREAMO	EN	0.374	0.7090000000000001	7.0	1.0	0.0802	178.582	250013	ROCK
RTmnJ1pW2UD05Xx2	ROCK,NEW WAVE,PUNK	EN	0.5720000000000001	0.8190000000000001	4.0	0.0	0.7190000000000001	140.977	295093	ROCK
ve2kXnsp3kOmiAzp	GOTHIC METAL,ROCK	EN	0.389	0.541	3.0	0.0	0.262	86.72399999999998	299067	ROCK
5V4XeFBBXfbz3mJv	ROCK,ROCK,ALTERNATIVE ROCK	EN	0.507	0.6829999999999999	7.0	1.0	0.901	95.732	310600	ROCK
lX6JIgVO6XVML0Jj	ROCK,CLASSIC ROCK	EN	0.856	0.3720000000000001	2.0	1.0	0.905	120.635	186853	ROCK
OQhQ7hyHCmJ9Jl2b	ROCK,FUNK	EN	0.647	0.71	0.0	1.0	0.268	110.059	217493	ROCK
DdpyQGxk1C3lUF4O	FUNK,POP,ROCK,SOUL	EN	0.738	0.79	2.0	1.0	0.573	135.148	178267	ROCK
frQNxRCMug7ZPkMx	POST-ROCK	EN	0.392	0.633	2.0	1.0	0.162	94.826	423967	ROCK
Buy4QIq38ULa2bVd	ROCK	EN	0.436	0.85	2.0	1.0	0.537	152.644	183093	ROCK
zV7mL3owfnTXQXxi	CLASSIC ROCK,ROCK	EN	0.556	0.5920000000000001	9.0	0.0	0.675	180.645	306453	ROCK
KWZJcRVzsBg8OmLi	WORSHIP,CHRISTIAN ROCK	EN	0.468	0.7859999999999999	9.0	1.0	0.461	84.992	219720	ROCK
864gXMnkMUcuRMVo	ROCK,POP PUNK	EN	0.545	0.979	4.0	1.0	0.8	115.003	137933	ROCK
JUWHRdg6KEa5VqqK	GRUNGE,ALTERNATIVE ROCK	EN	0.39	0.657	8.0	1.0	0.278	104.573	321352	ROCK
AzPqK9y29WlYxY7s	GRUNGE,ROCK,ALTERNATIVE ROCK	EN	0.514	0.845	6.0	1.0	0.176	119.672	321800	ROCK
YCjPqqs4kekH7MLY	ROCK,METAL,INDUSTRIAL,HARD ROCK,INDUSTRIAL METAL	EN	0.5870000000000001	0.949	9.0	0.0	0.26	133.019	302907	ROCK
O63ua1xbQfEGlUNS	ROCK,CLASSIC ROCK,POWER POP	EN	0.524	0.955	0.0	1.0	0.8690000000000001	133.849	253733	ROCK
oB5dgJjtqdB7JfMw	ROCK,ALTERNATIVE ROCK,HARD ROCK	EN	0.41	0.888	2.0	1.0	0.238	159.91899999999995	210093	ROCK
zUm8lyfj7YEH64z9	ROCK,PROGRESSIVE ROCK,POP,CLASSIC ROCK	EN	0.655	0.6940000000000001	1.0	1.0	0.431	96.458	313533	ROCK
xIZrcrdDTQPkstMa	POST-PUNK,SYNTHPOP,NEW WAVE,DREAM POP,GOTHIC ROCK	EN	0.275	0.872	0.0	0.0	0.473	119.671	263439	ROCK
L01RTMInswbMGwsA	GLAM ROCK	EN	0.447	0.691	7.0	1.0	0.603	150.615	281160	ROCK
Z98NC3G5UANd2wbm	ROCK,INDIE ROCK	EN	0.476	0.883	2.0	1.0	0.473	109.964	196507	ROCK
p24O0SZVlpo0nt8p	ROCK,HARD ROCK,BLUES	EN	0.5529999999999999	0.807	2.0	1.0	0.575	151.916	266933	ROCK
MEPwdxQK93Vs3nql	EXPERIMENTAL,ROCK,EMO,EXPERIMENTAL	EN	0.452	0.752	3.0	0.0	0.469	143.958	229670	ROCK
iVu85FXAQQ5yTPAg	POP,POP ROCK	EN	0.599	0.556	0.0	1.0	0.46	145.42700000000005	235987	ROCK
WC01S8G7tdam4z0K	ROCK,INDIE ROCK	EN	0.579	0.778	8.0	1.0	0.467	166.00599999999997	193372	ROCK
B730kt7WB6VyAnpL	INDIE POP,INDIE ROCK	EN	0.467	0.672	11.0	1.0	0.484	155.08	225445	ROCK
vfefjOjdzqYmj37l	ROCK,ALTERNATIVE ROCK,GRUNGE	EN	0.48	0.85	7.0	0.0	0.532	162.981	203053	ROCK
7XHoS0hQX4TNJrbH	POST-PUNK,INDIE ROCK	EN	0.363	0.963	11.0	0.0	0.282	140.984	216800	ROCK
man5sVzutoZFT7Y2	POP ROCK,POP,BAROQUE POP	EN	0.42	0.388	2.0	1.0	0.472	154.21	208573	ROCK
aoJru1rslrTxxAMe	ROCK,HARD ROCK	EN	0.519	0.969	6.0	0.0	0.48	77.01100000000002	242747	ROCK
fjqoS7lqsRrROtSd	NU METAL,ROCK	EN	0.637	0.7070000000000001	1.0	0.0	0.206	101.391	273440	ROCK
9yoPQ4HRChNlEltd	ROCK,CLASSIC ROCK,CLASSIC ROCK	EN	0.622	0.713	0.0	1.0	0.601	128.751	157533	ROCK
YUEZUauASnaaxsTX	ALTERNATIVE ROCK,ROCK	EN	0.436	0.37	9.0	0.0	0.0993	95.997	245820	ROCK
VFg8lg57EEbNveLo	ROCK,POP PUNK,EMO,ALTERNATIVE ROCK	EN	0.454	0.8370000000000001	3.0	1.0	0.494	77.186	173373	ROCK
BGc3sRuSD1HKwZAs	ROCK	EN	0.445	0.856	1.0	1.0	0.897	140.377	180067	ROCK
LoYWaXv5PTPVV2rq	ROCK,POP,CLASSIC ROCK,ROCK	EN	0.425	0.109	7.0	0.0	0.126	131.953	286293	ROCK
0At7AvzV5kHCJvIj	ROCK,INDIE ROCK	EN	0.62	0.867	4.0	1.0	0.706	134.93200000000002	192720	ROCK
JD0PvbywrB3yvKgx	GOTHIC METAL,GOTHIC ROCK,DOOM METAL	EN	0.362	0.6579999999999999	8.0	0.0	0.373	137.976	262560	ROCK
gd17W0WOlE96RHox	ROCK,ALTERNATIVE ROCK,METAL	EN	0.407	0.977	5.0	1.0	0.496	169.982	217893	ROCK
qIOjZui67CoslR7z	PSYCHEDELIC ROCK,DOOM METAL,HARD ROCK	EN	0.467	0.69	7.0	0.0	0.236	104.983	353333	ROCK
eCssmzYALH4x5vkP	INDIE ROCK,INDIE POP	EN	0.69	0.713	7.0	1.0	0.556	117.011	222000	ROCK
MMMekUPnzA0TuTy8	ALTERNATIVE METAL,ALTERNATIVE ROCK,HARD ROCK	EN	0.466	0.956	3.0	1.0	0.156	107.979	300778	ROCK
OlvBud9syocBDieB	CLASSIC ROCK,ROCK,BLUES	EN	0.7829999999999999	0.773	4.0	0.0	0.872	100.115	320893	ROCK
loQGYBG2BxHVUGvZ	ROCK,ALTERNATIVE ROCK	EN	0.405	0.75	2.0	1.0	0.611	157.01	270267	ROCK
BjUQ1uFD4FH7t9KP	ROCK,ROCK,CLASSIC ROCK	EN	0.535	0.7120000000000001	6.0	0.0	0.619	114.974	324013	ROCK
FnMXZVE2yQj6lrZu	INDUSTRIAL,INDUSTRIAL ROCK,ELECTRONIC	EN	0.677	0.755	0.0	0.0	0.403	110.025	271000	ROCK
q9NfwJPMGGrHnt1C	GRUNGE,ROCK	EN	0.324	0.916	11.0	0.0	0.194	132.83700000000002	223880	ROCK
VCA8QztEatmtxVpq	MATH ROCK,EXPERIMENTAL,POST-HARDCORE	EN	0.407	0.69	1.0	0.0	0.216	142.642	312840	ROCK
2trTm0N4lcUxBq63	NEW WAVE,ROCK,NEW WAVE,ROCK,SINGER-SONGWRITER	EN	0.443	0.627	4.0	1.0	0.534	100.328	162507	ROCK
HP98eSvtDiTt4YnS	CLASSIC ROCK,ROCK,HARD ROCK	EN	0.135	0.399	4.0	0.0	0.0383	87.476	295347	ROCK
0OGJEgk99UbQXobz	BLUES,CLASSIC ROCK	EN	0.393	0.913	8.0	1.0	0.6509999999999999	78.157	309533	ROCK
7LGd2bga52aOD4V0	SINGER-SONGWRITER,ROCK,INDIE ROCK	EN	0.589	0.902	9.0	1.0	0.674	114.011	296996	ROCK
RgyVvABSfX0n0IRY	POP ROCK,POP,ROCK,POP,POP ROCK,ROCK	EN	0.482	0.873	0.0	1.0	0.737	165.084	214320	ROCK
tRJ6mTLznKfzHygw	POP,SINGER-SONGWRITER,ROCK	EN	0.589	0.706	11.0	0.0	0.397	106.943	206893	ROCK
LupdAWLBwgPcR5vH	PROGRESSIVE ROCK	EN	0.609	0.387	0.0	1.0	0.039	99.947	263627	ROCK
F6adqnDjC0pkCDJA	EXPERIMENTAL,NOISE ROCK,NOISE,POST-PUNK	EN	0.562	0.621	7.0	0.0	0.155	120.023	205267	ROCK
ArJGMpFcEtEpVMe4	ROCK,CLASSIC ROCK,POP	EN	0.382	0.589	9.0	0.0	0.335	140.059	243360	ROCK
sH9iBZlxIXKy8FJW	INDIE ROCK,JANGLE POP	EN	0.377	0.925	5.0	0.0	0.623	88.88799999999998	124852	ROCK
z5W5PWEMUlRV40Vn	POST-HARDCORE,ALTERNATIVE ROCK	EN	0.344	0.937	2.0	0.0	0.269	162.07	207507	ROCK
wVcCllvZHLp0S7E0	POP,NEW WAVE,ROCK,POP	EN	0.565	0.7190000000000001	9.0	1.0	0.731	145.077	199280	ROCK
2Xdf7hbgYtckzeS7	POP,ROCK,SINGER-SONGWRITER,ALTERNATIVE ROCK	EN	0.563	0.74	9.0	1.0	0.385	108.057	247453	ROCK
nH9GzDD7dnLRO3BR	INDIE ROCK	EN	0.478	0.833	6.0	0.0	0.639	140.063	192187	ROCK
e5oUjkTbAZJiBrI9	GRUNGE,ROCK	EN	0.536	0.546	7.0	1.0	0.279	148.254	279653	ROCK
iYhuxPv07vjGHdzE	J-ROCK,VISUAL KEI	EN	0.504	0.937	6.0	1.0	0.342	145.014	205160	ROCK
L9OWTYnCTooeJcvR	PROGRESSIVE ROCK,CLASSIC ROCK,ROCK	EN	0.483	0.251	7.0	1.0	0.0954	127.717	194427	ROCK
DUPUJ5EBmDkDXQ4x	ROCK,ALTERNATIVE ROCK,POP	EN	0.22	0.769	11.0	1.0	0.495	170.773	258333	ROCK
FQ5by6eGYhVtc3mZ	EMO,INDIE ROCK	EN	0.422	0.92	1.0	0.0	0.393	76.196	245840	ROCK
DFYwnlyPwK8KvtcT	PROGRESSIVE ROCK,ROCK,CLASSIC ROCK	EN	0.301	0.6509999999999999	2.0	1.0	0.233	134.711	641320	ROCK
aUbNigtIO8yLeNfF	PROGRESSIVE ROCK,ALTERNATIVE ROCK	EN	0.596	0.5379999999999999	11.0	0.0	0.354	89.993	268907	ROCK
V0yBFiXdCVMPNJNE	POP PUNK,ROCK,POP PUNK,ROCK,EMO	EN	0.438	0.899	11.0	0.0	0.638	157.035	210000	ROCK
xJuXpwASeAugRmqj	PROGRESSIVE METAL,PROGRESSIVE ROCK	EN	0.611	0.278	4.0	0.0	0.313	93.822	227733	ROCK
FOegBsLO4eUucK8A	POP PUNK,ROCK,PUNK,POP PUNK	EN	0.43	0.895	0.0	1.0	0.591	169.938	197173	ROCK
oiOd1vYAcVd8IFkS	CLASSIC ROCK,PSYCHEDELIC ROCK	EN	0.581	0.368	9.0	1.0	0.5479999999999999	105.652	140147	ROCK
VzKbl3KHT5TORDva	POST-BLACK METAL,POST-ROCK,BLACK METAL,SHOEGAZE	EN	0.116	0.804	7.0	1.0	0.0957	82.211	554573	ROCK
TOyQmCNNpef3xAkf	SKA,SKA PUNK,ROCK	EN	0.322	0.922	4.0	1.0	0.524	186.7	186360	ROCK
4yZwz3moftFlyIGJ	NU METAL,ROCK	EN	0.185	0.8270000000000001	9.0	1.0	0.272	183.404	285573	ROCK
Y0nLRN9ZIRG0J9hI	ALTERNATIVE ROCK	EN	0.63	0.564	6.0	0.0	0.35	138.136	217027	ROCK
CfSqjA4bPBJKF6y5	HARD ROCK,CLASSIC ROCK,GLAM ROCK,ROCK	EN	0.518	0.888	11.0	0.0	0.586	111.03	206173	ROCK
OV8WX8NsxrZ280wV	INDIE ROCK,ROCK	EN	0.369	0.546	2.0	1.0	0.0518	170.13	308507	ROCK
IYZSS2Q4LKAnqtHF	PROGRESSIVE ROCK,CLASSIC ROCK,ROCK	EN	0.586	0.7759999999999999	5.0	1.0	0.634	117.043	316347	ROCK
0NYOybOH3K7w2I38	ALTERNATIVE ROCK,ROCK,PUNK,ROCK,ALTERNATIVE ROCK,HARD ROCK	EN	0.5	0.98	0.0	1.0	0.465	90.711	225653	ROCK
1wLyyu97sE2qxHdr	ROCK,INDIE ROCK,ALTERNATIVE ROCK,INDIE ROCK,ROCK	EN	0.422	0.85	8.0	0.0	0.339	162.003	180680	ROCK
tZKkzImqlwZ6DDcN	CLASSIC ROCK,ROCK,PSYCHEDELIC ROCK	EN	0.378	0.773	11.0	1.0	0.679	115.963	325800	ROCK
4RVuylMIojgJixYb	HARD ROCK,METAL,ROCK,HARD ROCK,METAL	EN	0.33	0.991	3.0	0.0	0.15	140.171	167160	ROCK
QgJuAcfJQ0p87cwc	PROGRESSIVE ROCK,CLASSIC ROCK,ROCK,SYMPHONIC ROCK	EN	0.7979999999999999	0.5429999999999999	8.0	1.0	0.8109999999999999	119.845	291973	ROCK
gfdRzL0b7AEnGbW2	ROCK,ALTERNATIVE ROCK	EN	0.425	0.878	9.0	0.0	0.252	148.002	282427	ROCK
Q6GWkznJe8iXjowu	POST-PUNK,GOTHIC ROCK	EN	0.54	0.551	11.0	0.0	0.7040000000000001	145.61700000000005	171333	ROCK
JQ0BjdDtuR9VTEvj	INDIE POP,INDIE ROCK	EN	0.4970000000000001	0.857	0.0	1.0	0.619	167.142	223813	ROCK
qVXlWjFcxa03adT4	MATH ROCK,EMO,INDIE ROCK	EN	0.794	0.187	7.0	0.0	0.124	110.032	128973	ROCK
dROcZmQLfwGR2wUJ	LO-FI,ALTERNATIVE ROCK,NOISE,INDIE ROCK	EN	0.355	0.232	1.0	1.0	0.154	120.074	343600	ROCK
erEW4z6SNL0J1AgE	ALTERNATIVE ROCK,GRUNGE,EXPERIMENTAL,POST-PUNK	EN	0.619	0.888	1.0	1.0	0.424	130.1	291333	ROCK
79QcdhpXxW25uSdA	POP,SINGER-SONGWRITER,ROCK,POP,SINGER-SONGWRITER	EN	0.499	0.583	7.0	1.0	0.194	151.999	246413	ROCK
BQXDFIG59nwcsYMY	MELODIC HARDCORE,ROCK	EN	0.407	0.975	1.0	1.0	0.564	154.486	234787	ROCK
xWj7UHhZisJiK1ND	GLAM ROCK,ART ROCK,AVANT-GARDE	EN	0.6609999999999999	0.7709999999999999	5.0	0.0	0.7120000000000001	78.365	560733	ROCK
9W5dx9juM1cHmOvc	INDIE ROCK	EN	0.211	0.838	5.0	1.0	0.318	158.806	209387	ROCK
k88tcVQ6FdFfRcQP	HARD ROCK	EN	0.383	0.89	9.0	1.0	0.228	79.014	375235	ROCK
38mNvmgJUzLn7Pf7	METAL,METALCORE,HARD ROCK,HARDCORE,ROCK	EN	0.345	0.974	2.0	0.0	0.5710000000000001	175.02700000000004	298813	ROCK
XvM5R6T0NLcImftz	INDIE ROCK,LO-FI	EN	0.334	0.304	9.0	1.0	0.0698	129.998	303680	ROCK
FzNp0GjB9bqoc8b4	PROGRESSIVE ROCK,ART ROCK	EN	0.302	0.5479999999999999	6.0	0.0	0.428	148.739	458693	ROCK
bfanjMOulJFMjqUO	SOFT ROCK,ROCK	EN	0.6659999999999999	0.6829999999999999	9.0	1.0	0.826	155.371	208200	ROCK
AymHw6aJMKOYfMgF	ROCK,SINGER-SONGWRITER,ROCK,CLASSIC ROCK	EN	0.337	0.191	5.0	1.0	0.246	144.69799999999995	287733	ROCK
4HGggyltc2DcUqYj	NU METAL,METAL,ALTERNATIVE METAL,ROCK	EN	0.26	0.924	6.0	1.0	0.545	188.077	211973	ROCK
JlfSEFOyxMZ8v1U5	PROGRESSIVE ROCK,CLASSIC ROCK,PSYCHEDELIC ROCK,ROCK,PROGRESSIVE ROCK,PSYCHEDELIC ROCK,CLASSIC ROCK	EN	0.588	0.301	0.0	1.0	0.19	112.458	278441	ROCK
fiu5ie5chQjtbO5k	INDIE ROCK	EN	0.39	0.706	7.0	1.0	0.115	110.246	227267	ROCK
IRmrHzmIEKCTMN38	GRUNGE,ALTERNATIVE ROCK	EN	0.601	0.515	9.0	1.0	0.327	95.02	250922	ROCK
2OinbnB1uk7dChpX	HARDCORE,ELECTRONIC,EMO,ALTERNATIVE ROCK,POST-HARDCORE,SCREAMO	EN	0.207	0.416	0.0	1.0	0.243	79.902	357920	ROCK
dqBfAb4IDkqjVIow	ROCK,SHOEGAZE,INDIE POP,INDIE ROCK	EN	0.564	0.903	6.0	0.0	0.531	117.016	245753	ROCK
QXVHDka2XilMo2wh	ROCK	EN	0.521	0.946	1.0	0.0	0.8029999999999999	130.04	222093	ROCK
nFzeAU0I6bHBoCYD	INDUSTRIAL,INDUSTRIAL METAL,INDUSTRIAL ROCK,METAL	EN	0.21	0.799	8.0	0.0	0.13	169.81400000000005	184867	ROCK
aGT3fAztG4gRUoTH	ROCK,CLASSIC ROCK,BLUES	EN	0.454	0.619	4.0	1.0	0.5489999999999999	109.229	193000	ROCK
D8d0OA1aKuM9Bt06	PROGRESSIVE METAL,PROGRESSIVE ROCK,POST-HARDCORE,MATH ROCK,ALTERNATIVE METAL,PROGRESSIVE METAL,PROGRESSIVE ROCK,POST-HARDCORE	EN	0.201	0.984	7.0	1.0	0.203	170.59400000000005	239373	ROCK
yWmBY174xl0EhtZj	INDIE ROCK,FOLK,INDIE ROCK	EN	0.677	0.871	11.0	0.0	0.518	115.138	195947	ROCK
gNpiGl9icC6FES21	ROCK,ALTERNATIVE ROCK	EN	0.531	0.925	8.0	1.0	0.515	119.994	191733	ROCK
TAeZ4dn4MHPjyWZp	BRITPOP,ROCK	EN	0.235	0.426	6.0	1.0	0.141	81.417	201827	ROCK
kANcWp7Qm1zldDkJ	POP,ROCK,POP,ROCK	EN	0.48	0.325	7.0	0.0	0.244	84.962	235800	ROCK
cfEv6QaVbldAUsgm	PSYCHEDELIC ROCK,PROGRESSIVE ROCK	EN	0.529	0.626	0.0	0.0	0.326	81.985	389827	ROCK
nmDm6iRBVE42b0vV	POP,ROCK	EN	0.456	0.562	11.0	0.0	0.298	173.764	292360	ROCK
4Bp05yx7nUb6FKJA	EXPERIMENTAL,ROCK,METAL	EN	0.3720000000000001	0.767	5.0	1.0	0.177	176.112	189150	ROCK
Jxw0Z9TKMfs9MESm	COUNTRY,SOUTHERN ROCK,COUNTRY ROCK	EN	0.748	0.72	9.0	1.0	0.86	128.69	168813	ROCK
EFhbHgHoITFPIFjq	HARD ROCK,ROCK,ALTERNATIVE ROCK,CHRISTIAN ROCK,ALTERNATIVE ROCK,ROCK	EN	0.47	0.919	7.0	1.0	0.377	136.976	174440	ROCK
CtC4ep7l8KcDdhPd	ROCK,POP ROCK,POP,ROCK	EN	0.743	0.239	8.0	1.0	0.236	93.881	194785	ROCK
IWWcIzyRpqAxNNB4	ROCK,CLASSIC ROCK,POP	EN	0.555	0.65	4.0	1.0	0.966	132.59	120493	ROCK
r8VGlQCrSFiORlCT	GLAM ROCK,ROCK	EN	0.334	0.8420000000000001	7.0	1.0	0.551	144.784	276813	ROCK
EcVWYyZ2nS2tnM9z	ROCK,NEW WAVE,POP	EN	0.6890000000000001	0.629	9.0	1.0	0.7440000000000001	131.536	318547	ROCK
YAYCRAf48YQzhugg	ROCK,SINGER-SONGWRITER,POP	EN	0.401	0.706	8.0	1.0	0.458	168.669	239640	ROCK
OaLpEFH11J6QSEPE	ROCK	EN	0.66	0.333	9.0	1.0	0.479	95.977	238187	ROCK
1BApQ3WM9Kq6YTzu	ROCK	EN	0.569	0.715	6.0	1.0	0.586	118.594	171133	ROCK
XMpSDAv1T4MkpRDP	BRITPOP,POP,ALTERNATIVE ROCK	EN	0.317	0.745	2.0	1.0	0.256	176.838	237893	ROCK
T9vQ6i8ijJXw3ziE	INDIE ROCK,NEW WAVE	EN	0.605	0.0159	11.0	0.0	0.248	104.696	430253	ROCK
kcQ9fuxMxtBSpG3q	CLASSIC ROCK,ROCK,POP	EN	0.464	0.503	9.0	1.0	0.488	144.642	265293	ROCK
ZWftWsnAG4LFfQCt	ROCK,HARD ROCK,ALTERNATIVE ROCK	EN	0.475	0.929	8.0	1.0	0.382	170.106	243840	ROCK
6UGeW7eBIJb4rTG0	INDIE ROCK,ROCK,ALTERNATIVE ROCK	EN	0.407	0.453	11.0	0.0	0.0706	127.959	411373	ROCK
DS18t0urt6EOMTOh	PROGRESSIVE ROCK,ALTERNATIVE ROCK,PROGRESSIVE ROCK,ROCK	EN	0.449	0.866	11.0	1.0	0.0875	119.979	208213	ROCK
FlDSMDaoMyo7wD9P	INDIE ROCK,ALTERNATIVE ROCK,ROCK,SOUTHERN ROCK	EN	0.309	0.879	11.0	0.0	0.735	79.171	184627	ROCK
4qoBrVCoC2oSEycG	GLAM ROCK,PUNK,ROCK	EN	0.441	0.9	7.0	1.0	0.777	155.615	221507	ROCK
SoRAENrsSJGFk88p	INDIE ROCK,ROCK,ALTERNATIVE ROCK	EN	0.6920000000000001	0.915	9.0	0.0	0.732	117.006	213773	ROCK
p7NWMZzre02XAGFr	PROGRESSIVE ROCK,CLASSIC ROCK,ROCK,PROGRESSIVE ROCK,CLASSIC ROCK,ROCK	EN	0.274	0.575	11.0	0.0	0.499	184.426	251013	ROCK
RgTFw88qaBc4FW3m	INDIE ROCK	EN	0.584	0.835	9.0	0.0	0.7809999999999999	142.2	212093	ROCK
jnPzjyqaXl7KSE1I	POP,POP ROCK	EN	0.659	0.911	4.0	1.0	0.5760000000000001	91.999	169866	ROCK
RuoRVkIzmPdDQdu2	ROCK,INDIE ROCK,POST-PUNK	EN	0.494	0.879	2.0	1.0	0.174	138.861	301760	ROCK
KhAwPAb5HxUxe2SJ	CLASSIC ROCK,ROCK,HARD ROCK,GLAM ROCK,CLASSIC ROCK,ROCK,HARD ROCK	EN	0.228	0.563	2.0	1.0	0.0713	111.7	268703	ROCK
z0PzOinYUixzCTGQ	INDIE ROCK,ROCK,INDIE ROCK	EN	0.55	0.574	7.0	1.0	0.346	122.579	212320	ROCK
cSI0CeKGGQPhipfM	SOFT ROCK,SINGER-SONGWRITER	EN	0.457	0.355	0.0	1.0	0.291	108.101	315733	ROCK
FWuktViQ0hdY2NlM	FOLK,FOLK ROCK	EN	0.524	0.733	0.0	1.0	0.518	144.037	218628	ROCK
xCRYDaB3odFOtfXx	INDIE ROCK	EN	0.411	0.89	11.0	1.0	0.0669	169.97	202054	ROCK
psRR1IwLoGEuVTeU	ALTERNATIVE ROCK	EN	0.434	0.487	0.0	1.0	0.074	100.548	278000	ROCK
bRi17UvAW9iBYIUp	INDIE ROCK	EN	0.491	0.7929999999999999	0.0	1.0	0.505	128.035	162987	ROCK
0pOn4YYVDVTg2A69	SKA,ROCK,SKA PUNK,PUNK	EN	0.264	0.95	2.0	1.0	0.544	138.918	183907	ROCK
MeMnOn8ChI1FT5Q7	GRUNGE,ROCK,ALTERNATIVE ROCK,GRUNGE,ALTERNATIVE ROCK,ROCK	EN	0.344	0.8440000000000001	0.0	1.0	0.384	161.47	144333	ROCK
m1Zb93zVIO4ROfZf	POST-PUNK,SHOEGAZE,GOTHIC ROCK	EN	0.472	0.877	7.0	1.0	0.406	155.974	231987	ROCK
J9Cy4faFT2SmkgZd	INDUSTRIAL ROCK,INDUSTRIAL,INDUSTRIAL,INDUSTRIAL ROCK,INDUSTRIAL METAL	EN	0.439	0.989	11.0	0.0	0.618	126.895	206253	ROCK
3o6kYfyLAduU78Mw	INDIE ROCK,SINGER-SONGWRITER,ALTERNATIVE ROCK	EN	0.242	0.5539999999999999	4.0	1.0	0.417	75.999	217560	ROCK
P5jEyaAYfQ4pAJFc	ROCK,ROCK	EN	0.816	0.72	5.0	1.0	0.938	111.386	212147	ROCK
6lniTCjo8TaYm1un	ROCK,CLASSIC ROCK,SINGER-SONGWRITER	EN	0.7859999999999999	0.695	7.0	1.0	0.8420000000000001	113.86	229400	ROCK
kKpv2xZzkwnd8X3O	INDIE ROCK,ROCK	EN	0.342	0.564	10.0	1.0	0.424	95.071	364840	ROCK
taV0UYnpmks0Me6j	ROCK,CLASSIC ROCK	EN	0.459	0.99	9.0	1.0	0.919	152.096	187440	ROCK
xEoWuXJbUd0HoV8N	FOLK ROCK	EN	0.621	0.872	7.0	1.0	0.647	99.968	208213	ROCK
wWGt8XN0nmiFZhDn	POST-PUNK,GOTHIC ROCK,POST-PUNK,GOTHIC ROCK	EN	0.551	0.586	5.0	1.0	0.962	157.086	174800	ROCK
kHNWYHtoSTiK4hG2	ROCK,ALTERNATIVE ROCK,INDIE ROCK	EN	0.498	0.943	9.0	1.0	0.569	152.216	178840	ROCK
i7Qnx34BZ28hekHE	GLAM ROCK,PUNK	EN	0.338	0.706	2.0	1.0	0.6990000000000001	124.908	260227	ROCK
ZS7cYFuaZpVPjcCa	POST-ROCK	EN	0.457	0.368	9.0	1.0	0.205	99.545	580240	ROCK
1f2gDqQBRaXH1CGz	LO-FI,INDIE ROCK	EN	0.539	0.7140000000000001	4.0	1.0	0.399	124.873	233560	ROCK
U7OSwfOM9sUQAJTO	HARD ROCK,CLASSIC ROCK,PROGRESSIVE ROCK,ROCK	EN	0.426	0.6759999999999999	2.0	1.0	0.733	90.621	206120	ROCK
vozjtyJXVCY5K7ji	EMO,ROCK,ALTERNATIVE ROCK,PUNK	EN	0.595	0.598	6.0	1.0	0.191	101.603	239307	ROCK
qdoSN9K7PlQKfzJo	EXPERIMENTAL,ROCK,INDIE ROCK,ALTERNATIVE ROCK	EN	0.178	0.94	9.0	0.0	0.26	166.24400000000003	190160	ROCK
LcX1nGx58YcSWjfc	CLASSIC ROCK,ROCK,PSYCHEDELIC ROCK	EN	0.344	0.81	11.0	1.0	0.667	153.80100000000004	160827	ROCK
9jlDWjTxMBDk22yP	ALTERNATIVE ROCK,ROCK,EMO	EN	0.309	0.912	4.0	0.0	0.302	183.035	231533	ROCK
kvZYXknSk2G2pbMf	BRITPOP,SYNTHPOP,ALTERNATIVE ROCK	EN	0.4920000000000001	0.757	8.0	1.0	0.207	123.926	223800	ROCK
17k1RrB2EpNtDDsg	ALTERNATIVE ROCK,PUNK,ROCK	EN	0.264	0.911	4.0	1.0	0.209	173.329	226027	ROCK
a5XTnawlfXwkhJnP	ALTERNATIVE ROCK,ROCK	EN	0.37	0.636	5.0	1.0	0.192	155.491	224560	ROCK
gVHXz9sY93BOPkHW	GLAM ROCK,CLASSIC ROCK,ROCK,ROCK,GLAM ROCK,CLASSIC ROCK	EN	0.188	0.58	5.0	1.0	0.306	203.463	270400	ROCK
U5jKejvKVQrJDQyS	GRUNGE,ROCK,ALTERNATIVE ROCK	EN	0.513	0.351	1.0	1.0	0.234	135.626	243640	ROCK
QI6tgOOeejI9pH6r	JAZZ,PROGRESSIVE ROCK,POP,JAZZ	EN	0.491	0.8190000000000001	5.0	0.0	0.805	97.511	206827	ROCK
guCJHlvNe8PPe8Dq	GOTHIC ROCK,ROCK	EN	0.485	0.8540000000000001	9.0	0.0	0.431	131.846	237854	ROCK
wHtVcIM6zx5Tu4zc	INDUSTRIAL,ELECTRONIC,INDUSTRIAL METAL,ELECTRONIC ROCK	EN	0.439	0.915	2.0	0.0	0.34	91.993	265435	ROCK
sUlYESTNOklM3x1J	ROCK,CLASSIC ROCK,NEW WAVE	EN	0.701	0.758	1.0	1.0	0.344	135.188	300213	ROCK
cBramiKqr1KiIfu1	CLASSIC ROCK,ROCK,HARD ROCK	EN	0.67	0.591	7.0	1.0	0.8	91.439	217525	ROCK
reeWrS1bwwQuWRgR	INDUSTRIAL ROCK,ELECTRONIC,INDUSTRIAL,SYNTHPOP	EN	0.271	0.833	3.0	1.0	0.174	112.132	186742	ROCK
GQrnenf9u2KgqChN	COUNTRY,FOLK,ROCKABILLY,COUNTRY,FOLK,SINGER-SONGWRITER	EN	0.632	0.5589999999999999	5.0	1.0	0.884	182.942	151427	ROCK
zv3ReqMBYHcJumQ6	EXPERIMENTAL,INDIE ROCK	EN	0.426	0.906	10.0	0.0	0.237	120.604	156613	ROCK
f16In5RT65kumIKM	ROCK,INDIE ROCK,GARAGE ROCK	EN	0.481	0.741	5.0	1.0	0.0497	112.458	267507	ROCK
EwfZSasw66JMr2EM	HARD ROCK,METAL,CLASSIC ROCK	EN	0.378	0.467	11.0	0.0	0.503	101.73	583800	ROCK
cVtZB9m3ywEoWBlU	ALTERNATIVE ROCK,ROCK,ALTERNATIVE ROCK,ROCK	EN	0.416	0.469	0.0	1.0	0.09	88.042	354890	ROCK
gJivcZRpkzeqsaBh	HARD ROCK,ROCK,NU METAL	EN	0.506	0.913	7.0	1.0	0.485	122.057	190120	ROCK
w8dxIt6aQtLnXvTh	POP,ROCK	EN	0.53	0.565	8.0	1.0	0.495	90.293	253267	ROCK
vW6nuyEX1n2SssM1	ALTERNATIVE ROCK,ROCK	EN	0.5	0.873	2.0	1.0	0.325	130.048	266093	ROCK
Vl4H1Ll16dD1TDlO	CLASSIC ROCK,ROCK	EN	0.523	0.8029999999999999	4.0	0.0	0.898	132.316	145293	ROCK
kFhyDN7D89i89itn	CLASSIC ROCK,HARD ROCK,PROGRESSIVE ROCK	EN	0.249	0.7709999999999999	10.0	0.0	0.385	165.06900000000005	351453	ROCK
Iji0qLelezpjUUOV	ALTERNATIVE ROCK,ROCK,HARD ROCK	EN	0.5529999999999999	0.853	8.0	1.0	0.506	122.023	231400	ROCK
J7DoQNIemXuTyv7Y	INDIE ROCK	EN	0.462	0.595	2.0	1.0	0.64	113.719	152613	ROCK
Yful25FrtqJQRjv4	POP PUNK,ROCK	EN	0.443	0.92	8.0	0.0	0.575	149.933	173840	ROCK
eWqKJmZpbxZKzQJy	BRITPOP,ROCK	EN	0.422	0.507	2.0	1.0	0.158	95.846	305787	ROCK
TpJOfln3Ix7vOjZU	ROCK	EN	0.302	0.42	7.0	1.0	0.338	111.577	305440	ROCK
ydLADICszvB61OtR	ROCK,POP PUNK	EN	0.542	0.932	0.0	1.0	0.216	127.031	224067	ROCK
L2Eqq4UFuySQrT0O	CLASSIC ROCK,ROCK,POP	EN	0.386	0.626	9.0	1.0	0.695	98.425	255707	ROCK
uX2IHV4hTzrVH9zb	INDIE ROCK,ROCK	EN	0.68	0.813	11.0	0.0	0.7909999999999999	91.982	245333	ROCK
TotL7aNf22YrXexy	ROCK,METAL,HARD ROCK	EN	0.188	0.838	2.0	0.0	0.0387	150.555	275907	ROCK
jN0Udh0JRsRjcolX	CLASSIC ROCK,ROCK,CLASSIC ROCK,ROCK	EN	0.7240000000000001	0.703	5.0	1.0	0.965	129.985	289893	ROCK
kvcLq2kow8lysxDs	ALTERNATIVE ROCK,ROCK,INDIE ROCK,GARAGE ROCK	EN	0.401	0.853	4.0	0.0	0.377	138.024	182227	ROCK
VG3pOJHD1N9LzDLw	J-ROCK,VISUAL KEI	EN	0.4	0.948	1.0	0.0	0.387	114.883	183933	ROCK
NsHtKm1xi1Do7CVp	ART ROCK	EN	0.7020000000000001	0.463	7.0	1.0	0.205	111.026	221000	ROCK
M2iFAe2mETkGC6l3	POP,ROCK,POP	EN	0.555	0.691	6.0	1.0	0.333	104.982	198293	ROCK
U3KiFNPvWCXhOuPm	ROCK	EN	0.32	0.8640000000000001	5.0	0.0	0.277	109.54	209092	ROCK
WNWODtw1NaUdwceM	ALTERNATIVE ROCK,ROCK,ROCK,ALTERNATIVE ROCK,POST-GRUNGE	EN	0.426	0.956	5.0	1.0	0.328	146.92	211627	ROCK
dAuK7p6jesgy405p	POP PUNK,ROCK	EN	0.285	0.952	6.0	1.0	0.555	184.094	174974	ROCK
CEPBRdpPondgmEX8	POST-ROCK,DREAM POP,ROCK	EN	0.452	0.763	9.0	1.0	0.451	150.017	219707	ROCK
l1mUyBwlNMAcPxd0	INDIE ROCK,ROCK	EN	0.552	0.948	9.0	1.0	0.6659999999999999	124.174	232160	ROCK
FXjQ1zoYGgxBvlj9	KRAUTROCK,PROGRESSIVE ROCK	EN	0.595	0.7290000000000001	1.0	1.0	0.8	111.257	184666	ROCK
bWGOTaJj09b17wi3	SOUTHERN ROCK,CLASSIC ROCK,ROCK	EN	0.371	0.644	4.0	1.0	0.926	184.833	297373	ROCK
68AfbH6aUVyu4NSy	ALTERNATIVE ROCK,ROCK	EN	0.502	0.948	6.0	1.0	0.102	139.97899999999998	273467	ROCK
0hfTaonRSy4Ji6Fx	ROCK,INDIE ROCK,GARAGE ROCK,ROCK,INDIE ROCK	EN	0.253	0.84	4.0	0.0	0.225	139.886	199587	ROCK
QgsFzaVfxEpJSBSW	ROCK,ALTERNATIVE ROCK,ROCK,ALTERNATIVE ROCK	EN	0.412	0.797	9.0	0.0	0.6759999999999999	87.29700000000003	228667	ROCK
2pPBhohqTlbeJxQp	ROCK,HARD ROCK,ALTERNATIVE ROCK	EN	0.449	0.831	9.0	1.0	0.657	144.987	371027	ROCK
JCjjnzObRD1Z5sda	ROCK,CLASSIC ROCK	EN	0.379	0.273	2.0	1.0	0.334	125.062	150680	ROCK
FOnJ0nU2OpBtnKTu	SINGER-SONGWRITER,ROCK	EN	0.445	0.71	4.0	1.0	0.468	148.011	263253	ROCK
I6GIwClrEQGcZ3Jg	HARD ROCK,METAL,ROCK	EN	0.337	0.882	4.0	0.0	0.4370000000000001	121.524	317947	ROCK
EwJboORtiFhw0m3v	PROGRESSIVE ROCK,CLASSIC ROCK,PSYCHEDELIC ROCK,ROCK	EN	0.469	0.537	9.0	1.0	0.7829999999999999	124.193	382834	ROCK
3lnABWO0KOkhvc4z	POST-PUNK,INDIE ROCK	EN	0.244	0.653	9.0	1.0	0.352	148.996	221187	ROCK
b4q016HhXJSia2yn	BLUES,CLASSIC ROCK	EN	0.4270000000000001	0.626	8.0	1.0	0.743	126.877	219587	ROCK
TVybdLizBXc9BH8T	EMO,INDIE ROCK	EN	0.38	0.805	7.0	1.0	0.557	138.935	204253	ROCK
AGbzkAUbO0rr1j0f	CLASSIC ROCK,ROCK	EN	0.524	0.755	2.0	1.0	0.785	142.543	227067	ROCK
hZHcugTdUp6jHIq4	ALTERNATIVE METAL,ROCK,MELODIC DEATH METAL,METAL,MELODIC DEATH METAL,METAL,DEATH METAL	EN	0.484	0.941	10.0	0.0	0.234	114.728	293547	ROCK
uDV7xOodg4DR3NcN	POP PUNK,PUNK,ROCK	EN	0.407	0.968	0.0	1.0	0.374	109.727	165373	ROCK
FdEaRmPxtj6GaDDz	ALTERNATIVE ROCK,ROCK	EN	0.325	0.565	7.0	1.0	0.0881	138.30200000000002	291733	ROCK
AcXSiXyimq5sCXqX	FOLK,CLASSIC ROCK	EN	0.488	0.354	11.0	0.0	0.297	119.939	254200	ROCK
0swQABJww95sHo85	INDIE ROCK,POST-PUNK	EN	0.595	0.489	2.0	0.0	0.196	132.35	311507	ROCK
8XVpRsgWPjK0SltI	STONER METAL,STONER ROCK	EN	0.183	0.8759999999999999	2.0	0.0	0.222	126.214	580238	ROCK
usqSEiMnwgYCXanG	ALTERNATIVE METAL,METAL,NU METAL,ROCK	EN	0.365	0.939	8.0	1.0	0.527	98.646	160493	ROCK
4DDoP1TewaXfjwOA	POST-PUNK,NEW WAVE,GOTHIC ROCK,POST-PUNK,GOTHIC ROCK	EN	0.395	0.773	9.0	0.0	0.4270000000000001	127.844	227840	ROCK
Atz9oxn8jzCs8jer	ROCK,ALTERNATIVE ROCK,ROCK,ALTERNATIVE ROCK	EN	0.172	0.887	4.0	1.0	0.485	177.93400000000003	270200	ROCK
gcQ6ogVTJ3f0jJo0	ROCK,CLASSIC ROCK,ROCK,CLASSIC ROCK	EN	0.595	0.902	7.0	1.0	0.669	120.536	196800	ROCK
kyjycL6nrtggEvoD	SOFT ROCK,SUNSHINE POP	EN	0.476	0.265	10.0	1.0	0.411	109.197	142160	ROCK
2gEq8ocry6T8fyFv	POP,POP ROCK,ROCK,POP,POP ROCK	EN	0.524	0.878	5.0	0.0	0.59	130.989	199187	ROCK
5O7FwgZCHwmnfcCX	ROCK,GARAGE ROCK,PUNK,ROCK,PUNK	EN	0.628	0.943	1.0	0.0	0.743	104.041	224947	ROCK
WzYDok8KBzFayUKM	ROCK,POP	EN	0.333	0.237	0.0	1.0	0.176	113.703	260400	ROCK
YOrKBHefYo2QOQ45	GRUNGE,ALTERNATIVE ROCK	EN	0.565	0.412	7.0	1.0	0.396	126.305	309760	ROCK
6iMdTWsNcwhYUbhe	POP,INDIE POP,INDIE POP,INDIE ROCK	EN	0.888	0.434	6.0	0.0	0.941	120.137	228067	ROCK
GnLqKmPFEkKib9Ni	INDIE ROCK	EN	0.348	0.963	2.0	1.0	0.138	148.25799999999995	206133	ROCK
VHVMEm6z8ns9SOdI	SOFT ROCK,POP	EN	0.7240000000000001	0.442	4.0	1.0	0.961	109.345	246293	ROCK
aSZaZvqS4dfnPVYp	THRASH METAL,METAL,ROCK	EN	0.469	0.91	4.0	1.0	0.439	125.951	272267	ROCK
XKjKVzsS1IKILdYm	INDIE ROCK,INDIE POP	EN	0.4970000000000001	0.529	9.0	1.0	0.297	77.518	278173	ROCK
vW39cAo66BOs8V9S	INDIE ROCK,POST-ROCK	EN	0.5	0.637	4.0	1.0	0.194	80.01899999999998	314080	ROCK
gMgRrLNvFHJ8K6By	HARD ROCK	EN	0.333	0.953	11.0	1.0	0.12	117.761	355093	ROCK
tqrUfrm68RKNiNxc	CLASSIC ROCK,HARD ROCK,ROCK	EN	0.476	0.7170000000000001	9.0	1.0	0.753	93.584	166267	ROCK
8ZqqgbCYM2p2AuL0	CLASSIC ROCK,ROCK,HARD ROCK	EN	0.653	0.73	5.0	1.0	0.894	108.705	220400	ROCK
45XWGfbUrNobu9Up	FOLK,INDIE ROCK	EN	0.581	0.72	9.0	1.0	0.494	146.031	278520	ROCK
8UMmucynYE7nfi2S	ROCK,ALTERNATIVE ROCK,FUNK ROCK,FUNK,ROCK,ALTERNATIVE ROCK,FUNK ROCK	EN	0.488	0.977	9.0	1.0	0.48	117.067	273933	ROCK
Jao7A2P5Ss2Rohuf	ROCK,ALTERNATIVE ROCK,INDIE ROCK,GARAGE ROCK	EN	0.55	0.893	10.0	1.0	0.677	111.003	550827	ROCK
bbmDhIFiO7SlRvzY	ROCK,ALTERNATIVE ROCK	EN	0.4320000000000001	0.679	7.0	1.0	0.414	132.678	316427	ROCK
PXUvfv69ewk9erIS	ROCK,INDIE ROCK	EN	0.503	0.7829999999999999	2.0	1.0	0.122	128.57299999999998	216129	ROCK
8BxAPNxg5Dhamq5R	PROGRESSIVE ROCK,DOOM METAL,PROGRESSIVE METAL	EN	0.241	0.6509999999999999	11.0	0.0	0.0398	124.021	375000	ROCK
d93QcP3cY3oPnizK	INDIE ROCK,ROCK	EN	0.6659999999999999	0.8809999999999999	6.0	1.0	0.81	91.97	188599	ROCK
zmEHGnxaIDFotsMX	NEW RAVE,INDIE ROCK,ELECTRONIC	EN	0.306	0.961	5.0	0.0	0.232	152.359	210200	ROCK
ZMejxA64ecLUTQjo	POST-PUNK,ROCK,ALTERNATIVE ROCK	EN	0.606	0.522	0.0	1.0	0.722	164.25400000000005	233640	ROCK
CvD4RX0sy7r5Yh2U	ROCK,ALTERNATIVE ROCK,INDIE ROCK	EN	0.488	0.802	7.0	1.0	0.7490000000000001	145.614	165000	ROCK
SZilYySL84XY8Ppv	INDUSTRIAL,INDUSTRIAL ROCK,ELECTRONIC,ROCK	EN	0.352	0.895	7.0	1.0	0.636	163.44299999999996	229667	ROCK
EJyEhGcZTTemZbCT	SPACE ROCK	EN	0.477	0.81	2.0	1.0	0.851	126.103	232333	ROCK
Q0PIFyUSa4v5ckzY	ALTERNATIVE ROCK,ROCK	EN	0.515	0.5579999999999999	11.0	0.0	0.198	153.809	235880	ROCK
oTjpzErLIEWfXT3J	FUNK,POP,INDIE POP,INDIE ROCK	EN	0.6809999999999999	0.8220000000000001	9.0	0.0	0.878	105.0	221947	ROCK
gvqv3VQhP116WUkE	GLAM ROCK,PUNK	EN	0.417	0.847	4.0	1.0	0.853	149.796	183333	ROCK
lUEe1bAmzyswYRKq	BRITPOP,ROCK	EN	0.518	0.54	8.0	0.0	0.173	117.878	269468	ROCK
q0TXEc8WAWsaWHvs	ROCK,ROCK	EN	0.6	0.81	9.0	1.0	0.715	88.072	337853	ROCK
VGtXYuSSDRsXWsah	ALTERNATIVE ROCK,ROCK,FUNK ROCK	EN	0.283	0.982	0.0	1.0	0.438	124.149	231333	ROCK
63pJCoIKcE3pgCl4	ROCK	EN	0.335	0.825	8.0	1.0	0.682	177.15599999999995	224973	ROCK
JP6T1EGCfXwS6qHA	SOUTHERN ROCK,FOLK,COUNTRY,FOLK ROCK	EN	0.371	0.238	4.0	0.0	0.132	138.096	236333	ROCK
svGzYRPdWWRUMWek	ALTERNATIVE METAL,METAL,MELODIC METALCORE,ROCK	EN	0.356	0.97	9.0	0.0	0.142	149.937	268040	ROCK
4G49uurnVmbRuO6q	GOTHIC ROCK,ROCK	EN	0.424	0.884	0.0	0.0	0.349	133.99200000000002	270133	ROCK
kkCXmFwlAhoyXMJG	NEW WAVE,POST-PUNK,ALTERNATIVE ROCK,ROCK	EN	0.467	0.6779999999999999	4.0	0.0	0.345	111.106	460067	ROCK
10uLpQmkfjUNIR2P	ALTERNATIVE ROCK	EN	0.526	0.6459999999999999	8.0	1.0	0.424	121.956	290707	ROCK
dpZho6KQRzuLQ65c	HARD ROCK,ROCK,CLASSIC ROCK,HARD ROCK,CLASSIC ROCK,ROCK	EN	0.537	0.926	5.0	0.0	0.486	127.147	187360	ROCK
rqwTHLni7ulf6SqR	POP,POP ROCK,POP,POP ROCK	EN	0.523	0.7090000000000001	9.0	1.0	0.317	86.03299999999999	175107	ROCK
iv195U3bk4rqWXGP	SINGER-SONGWRITER,FOLK,FOLK ROCK	EN	0.525	0.807	8.0	1.0	0.411	107.807	246533	ROCK
eKnLF3Mtz3WXXzQ7	INDIE ROCK,ROCK,NOISE POP	EN	0.236	0.5870000000000001	4.0	1.0	0.219	77.241	201000	ROCK
g5zUN6DH6DuT5db3	ROCK,INDIE ROCK	EN	0.28	0.416	10.0	1.0	0.287	181.037	315467	ROCK
8kQ5f0rJXvkbzmlb	EXPERIMENTAL,NOISE ROCK,NOISE,POST-PUNK,ELECTROPOP	EN	0.644	0.578	2.0	1.0	0.1369999999999999	117.003	152107	ROCK
RvDK4hG04YQSxQF9	SINGER-SONGWRITER,ROCK	EN	0.476	0.502	4.0	1.0	0.475	140.982	207180	ROCK
cWJrDbT2y0N6g8Jx	ROCK,CLASSIC ROCK,NEW WAVE,POP	EN	0.5770000000000001	0.8079999999999999	1.0	0.0	0.8690000000000001	151.00799999999995	290280	ROCK
QRGCFUepeaetTQdb	ALTERNATIVE METAL,ALTERNATIVE ROCK	EN	0.376	0.8590000000000001	3.0	0.0	0.279	106.75	232787	ROCK
hgz3dkw5j3psgdfJ	ROCK,CLASSIC ROCK,POP	EN	0.509	0.974	2.0	1.0	0.8	120.124	153173	ROCK
OKTVVn4MrieEF7JC	PROGRESSIVE ROCK,EXPERIMENTAL ROCK	EN	0.325	0.507	4.0	1.0	0.146	128.007	810322	ROCK
SRX27mDIhR6e8D3W	PSYCHEDELIC ROCK,METAL,STONER METAL,DOOM METAL	EN	0.103	0.8740000000000001	0.0	0.0	0.358	77.05	576853	ROCK
kVpcbbeTCgW8B3Ko	EXPERIMENTAL,POST-PUNK,ROCK,NOISE ROCK	EN	0.24	0.698	0.0	1.0	0.0528	128.467	462227	ROCK
7BcozJ0epw9QNXcd	ALTERNATIVE ROCK,ROCK,PROGRESSIVE ROCK	EN	0.447	0.8	0.0	0.0	0.251	127.956	251147	ROCK
HYmH2PMgy3IgPgVr	BRITPOP,ROCK	EN	0.151	0.967	4.0	1.0	0.0399	105.205	498334	ROCK
vCVUNdmhuXYC7wGZ	CLASSIC ROCK	EN	0.288	0.158	7.0	1.0	0.191	136.984	350947	ROCK
KYCkDEy0XZI3bjix	CLASSIC ROCK,ROCK	EN	0.6809999999999999	0.593	7.0	1.0	0.8079999999999999	119.501	129779	ROCK
y7yhoFLD9xa8MSmT	POST-PUNK,PSYCHEDELIC ROCK	EN	0.325	0.222	0.0	1.0	0.0326	164.975	356427	ROCK
NlE6greyN9xK2Goq	INDIE ROCK,DREAM POP,INDIE POP	EN	0.652	0.435	1.0	1.0	0.473	120.006	137024	ROCK
O4ooBlXwrwug0a6p	PUNK,ROCK	EN	0.863	0.728	11.0	1.0	0.8740000000000001	108.958	213107	ROCK
buc9gx614dHYwsuo	GRUNGE,ALTERNATIVE ROCK,ROCK,GRUNGE,ALTERNATIVE ROCK,ROCK	EN	0.369	0.7290000000000001	2.0	1.0	0.8740000000000001	159.786	250533	ROCK
sWnMhXYXwQ7WWlgV	ROCK	EN	0.305	0.449	9.0	1.0	0.3720000000000001	104.562	236933	ROCK
FgrR1JNIxivl8gcV	NOISE ROCK,EXPERIMENTAL,LO-FI	EN	0.393	0.865	10.0	1.0	0.3720000000000001	92.322	188363	ROCK
yeUFxN4SUgAo9xuz	POWER POP,SINGER-SONGWRITER,POP ROCK,SINGER-SONGWRITER,FOLK,BAROQUE POP	EN	0.309	0.52	8.0	1.0	0.605	179.11900000000003	146680	ROCK
KFl1UaQWKchPyQyN	GARAGE ROCK,GARAGE ROCK,PUNK	EN	0.42	0.936	9.0	0.0	0.8079999999999999	150.624	219320	ROCK
GTQaTSnXfVEEbRnL	ROCK,POP	EN	0.7390000000000001	0.5539999999999999	7.0	1.0	0.978	137.013	156933	ROCK
LZ0FxlMsPjFYmVZY	CLASSIC ROCK,ROCK,JAM BAND	EN	0.51	0.557	9.0	1.0	0.7140000000000001	127.688	389373	ROCK
9WLLkBaxO0uRD9je	ROCK,CLASSIC ROCK	EN	0.705	0.743	1.0	1.0	0.374	118.552	324423	ROCK
NSsvmYGBlLFpEUAL	CLASSIC ROCK,ROCK,POP	EN	0.593	0.804	7.0	1.0	0.962	148.959	138360	ROCK
COVQ2n4cSoyr3eQS	BRITPOP,ROCK	EN	0.439	0.413	10.0	1.0	0.413	119.837	187320	ROCK
ToYqCxXISeuTO7qu	CHRISTIAN ROCK,ROCK,ALTERNATIVE ROCK,HARD ROCK	EN	0.259	0.7759999999999999	2.0	0.0	0.18	84.87	266973	ROCK
OSYk4If1ZPMBLVKt	INDUSTRIAL METAL,INDUSTRIAL,ROCK,INDUSTRIAL METAL,INDUSTRIAL,METAL	EN	0.4320000000000001	0.5760000000000001	0.0	1.0	0.322	180.062	284107	ROCK
tfpdY2somKjalWte	INDIE ROCK	EN	0.631	0.813	0.0	1.0	0.972	129.987	175533	ROCK
ukWPTeIBW1HLqv5Z	ROCK,GARAGE ROCK,SOUNDTRACK	EN	0.495	0.905	8.0	1.0	0.215	97.106	235653	ROCK
9SLEBErmisxSGi5T	SOUL,ALTERNATIVE ROCK	EN	0.443	0.5329999999999999	7.0	1.0	0.596	183.791	222813	ROCK
5CnBh0fLso79stnz	POST-HARDCORE,SCREAMO,EMOCORE,HARD ROCK	EN	0.394	0.946	8.0	1.0	0.513	187.928	213027	ROCK
KGG5CrZVp4BHD3Wg	MATH ROCK,INDIE ROCK,ELECTRONIC,INDIE ROCK,MATH ROCK	EN	0.8490000000000001	0.574	7.0	1.0	0.161	122.002	504347	ROCK
1fatojg4wiGp89io	INDUSTRIAL METAL,METAL,INDUSTRIAL,HARD ROCK	EN	0.527	0.924	6.0	1.0	0.324	102.037	251200	ROCK
jbo7ae2f0Qal2xox	GOTHIC METAL,DOOM METAL,GOTHIC ROCK,METAL	EN	0.256	0.746	6.0	1.0	0.107	115.308	456600	ROCK
lCddtFQwiy3xE9cO	BRITPOP,INDIE ROCK,ROCK	EN	0.537	0.642	0.0	1.0	0.705	176.06799999999996	207440	ROCK
mr9o6mAoagJYsEsr	ROCK,SKA,ALTERNATIVE ROCK	EN	0.6779999999999999	0.52	7.0	0.0	0.356	126.996	275480	ROCK
FSpcaNAOGRexv2nQ	ALTERNATIVE ROCK,ROCK	EN	0.0993	0.955	2.0	1.0	0.166	161.034	277200	ROCK
DBzvjgYY5T9GibCX	PROGRESSIVE ROCK,ROCK	EN	0.458	0.433	4.0	1.0	0.313	142.267	253120	ROCK
wCCDrEFKNPlPLlmo	BLUES,ROCK	EN	0.769	0.344	4.0	0.0	0.422	70.064	265547	ROCK
cTKycnG91soC0EQP	ROCK,CLASSIC ROCK,POP,SINGER-SONGWRITER	EN	0.521	0.474	9.0	1.0	0.413	134.266	273733	ROCK
MDzFr3RFxu3OxPHT	INDIE ROCK	EN	0.547	0.561	5.0	1.0	0.511	125.959	151867	ROCK
oZXBv6o8ZQc6d60x	ALTERNATIVE ROCK,ROCK	EN	0.51	0.741	5.0	0.0	0.287	135.309	259547	ROCK
oMwMItMFB0OthJg6	POP PUNK,POP PUNK,ROCK	EN	0.7240000000000001	0.852	11.0	1.0	0.88	98.056	157360	ROCK
g1LGlq2WQw1KZ4pl	SINGER-SONGWRITER,ROCK	EN	0.384	0.7140000000000001	7.0	1.0	0.54	139.67600000000002	319893	ROCK
Q6oHk9lc1ajb8hQi	PROGRESSIVE ROCK,ALTERNATIVE ROCK	EN	0.516	0.75	2.0	1.0	0.272	132.013	281458	ROCK
iOIsHvKY1zPsGl6O	ROCK	EN	0.48	0.6709999999999999	7.0	0.0	0.116	148.055	277560	ROCK
vPnvUOjy1sMlI54U	ALTERNATIVE ROCK,POP PUNK,ROCK	EN	0.4320000000000001	0.971	9.0	0.0	0.485	170.033	272793	ROCK
mabTJKwEixwMBfzK	SOUNDTRACK,EASY LISTENING,POP,ROCK,POP	EN	0.635	0.395	4.0	1.0	0.334	117.096	219533	ROCK
K14eALIcdBbOWyBB	POP,ROCK,SINGER-SONGWRITER,ALTERNATIVE ROCK	EN	0.526	0.8690000000000001	0.0	1.0	0.171	138.007	228400	ROCK
vSPYW0Qasv2Y3mie	ROCK,CLASSIC ROCK,PROGRESSIVE ROCK,EXPERIMENTAL ROCK	EN	0.213	0.033	10.0	1.0	0.112	94.452	105933	ROCK
R7cTKkx7yx0VGNGs	POP,ROCK	EN	0.6859999999999999	0.7829999999999999	4.0	1.0	0.8140000000000001	99.978	200467	ROCK
LRCUw5nXAQwOhfOA	FOLK,CLASSIC ROCK,ROCK,SINGER-SONGWRITER	EN	0.485	0.38	3.0	1.0	0.531	92.933	149613	ROCK
8keAhBJumHlc8qe9	INDIE ROCK,ROCK,ALTERNATIVE ROCK,INDIE ROCK,ROCK	EN	0.486	0.6659999999999999	9.0	1.0	0.741	157.99200000000005	219754	ROCK
zCKpLoOq9C7LGjV3	ROCK,EMO,PUNK	EN	0.217	0.905	2.0	1.0	0.236	96.95	311107	ROCK
Cux8RPfzAmaHRtnv	HARD ROCK,SLEAZE ROCK,GLAM ROCK,ROCK	EN	0.444	0.981	0.0	0.0	0.4	124.019	245573	ROCK
JyMlKHY9RjcJKjQh	ROCK	EN	0.5820000000000001	0.6970000000000001	0.0	1.0	0.252	135.911	245733	ROCK
GKv0rlQgvg4vilio	POST-METAL,POST-ROCK,AMBIENT	EN	0.0639	0.309	5.0	0.0	0.0361	71.324	543662	ROCK
TNDg7YWbnbMRL3GS	ROCK	EN	0.5760000000000001	0.8	5.0	1.0	0.502	80.87899999999998	172072	ROCK
vgWdwQ9OozZ5XsPR	ELECTRONIC,EXPERIMENTAL,PSYCHEDELIC ROCK	EN	0.385	0.775	5.0	1.0	0.631	120.993	153480	ROCK
kvPeYaKtubp43yOw	ROCK,PUNK	EN	0.51	0.595	2.0	1.0	0.64	131.761	294093	ROCK
1iq00023bxdyO3h8	ALTERNATIVE ROCK,ROCK	EN	0.223	0.851	6.0	1.0	0.435	156.727	257693	ROCK
D1zJwrr3z1feMntO	POST-HARDCORE,ALTERNATIVE ROCK	EN	0.477	0.545	5.0	0.0	0.049	135.085	259897	ROCK
0qGincsD7bukbKRz	ROCK,ALTERNATIVE ROCK	EN	0.598	0.273	4.0	1.0	0.347	160.118	143427	ROCK
odaiCyEKerGZY3Uo	ROCK,INDIE ROCK,ALTERNATIVE ROCK	EN	0.349	0.662	11.0	1.0	0.5539999999999999	169.926	191427	ROCK
iPwlfM8JgRDQK6Zm	INDIE ROCK	EN	0.7040000000000001	0.836	0.0	1.0	0.521	119.731	268533	ROCK
LnL9qt6EC4VA0lGS	INDIE POP,INDIE ROCK	EN	0.649	0.8859999999999999	11.0	0.0	0.476	109.998	210400	ROCK
Qq0BNBj4q9Fc141o	ROCK	EN	0.5720000000000001	0.912	7.0	1.0	0.606	156.07299999999995	187187	ROCK
vyygTs6F7zOsD4Gq	ELECTRONIC ROCK,SHOEGAZE,ALTERNATIVE ROCK,NU GAZE	EN	0.589	0.809	2.0	1.0	0.393	100.007	276853	ROCK
P6Xmo0BpReMogWYW	ALTERNATIVE ROCK,ROCK	EN	0.514	0.8290000000000001	1.0	0.0	0.262	118.182	215000	ROCK
EwsCvXMpON8Mc66i	PSYCHEDELIC ROCK,DRONE	EN	0.364	0.7490000000000001	11.0	0.0	0.474	149.954	240469	ROCK
oOvoPaRkPq9m0UJ2	MATH ROCK,NOISE ROCK,POST-HARDCORE,NOISE ROCK,MATH ROCK,POST-PUNK	EN	0.565	0.339	9.0	1.0	0.0757	159.929	222373	ROCK
MJtYxJkPD375vtlJ	PSYCHEDELIC ROCK,STONER ROCK,DOOM METAL	EN	0.426	0.337	6.0	0.0	0.198	143.796	559658	ROCK
AijxzJXCRWkOeLRR	PROGRESSIVE ROCK,CLASSIC ROCK,ROCK	EN	0.419	0.736	5.0	1.0	0.68	82.86	238347	ROCK
b69dVZ70JP2lEAdk	INDIE ROCK,ROCK,BRITPOP	EN	0.826	0.494	7.0	1.0	0.81	104.081	231173	ROCK
lGnlngA8qGj7x6kB	ALTERNATIVE ROCK	EN	0.598	0.394	2.0	1.0	0.209	130.013	225747	ROCK
2stXFidphRiURvYm	SHOEGAZE,ALTERNATIVE ROCK,SHOEGAZE,INDIE ROCK	EN	0.186	0.72	2.0	0.0	0.394	87.93	709707	ROCK
HOwyvixCjkNUgOym	INDIE ROCK,ROCK	EN	0.419	0.6409999999999999	11.0	1.0	0.252	140.178	233827	ROCK
LpAQZZJZVyyZqCmB	J-ROCK,ANIME,SOUNDTRACK,ROCK	EN	0.327	0.767	3.0	1.0	0.2	182.133	261773	ROCK
zk3oKwVzF9RD5asc	ALTERNATIVE ROCK,GRUNGE,POST-GRUNGE,ALTERNATIVE ROCK,GRUNGE,POST-GRUNGE	EN	0.3720000000000001	0.805	7.0	1.0	0.6809999999999999	155.07	164013	ROCK
Vjz6VVzTcXRLPDeM	ALTERNATIVE ROCK,ROCK,GRUNGE	EN	0.348	0.917	7.0	1.0	0.296	163.82399999999996	298000	ROCK
yxSNcNJsh9zdDdy5	ROCK,CLASSIC ROCK,POP	EN	0.695	0.715	2.0	1.0	0.8	132.50799999999998	301227	ROCK
HEVpPanNiNxRSCeA	ALTERNATIVE ROCK,ROCK,POP	EN	0.535	0.883	9.0	1.0	0.253	108.02	281987	ROCK
Ch8DFXLsdSVTVMb6	POP,INDIE ROCK,BLUES,INDIE POP	EN	0.732	0.8440000000000001	5.0	1.0	0.757	100.009	205027	ROCK
WowtK7oHZieCrF5a	ROCK,ALTERNATIVE ROCK	EN	0.603	0.79	0.0	1.0	0.47	136.975	246707	ROCK
vOoKd6fbYUzi5B6M	POP,FOLK ROCK,SINGER-SONGWRITER	EN	0.523	0.7170000000000001	8.0	1.0	0.969	92.593	250227	ROCK
ZBuiZEZyyzqjPHA3	ALTERNATIVE ROCK	EN	0.392	0.8909999999999999	6.0	0.0	0.348	191.717	256640	ROCK
5oX0ZKKgsP7wSfU6	METAL,HARD ROCK	EN	0.444	0.97	2.0	1.0	0.0923	101.99	238000	ROCK
SKjLXRFJ1zQWd2rC	INDIE ROCK,SHOEGAZE	EN	0.345	0.914	2.0	0.0	0.392	122.199	253600	ROCK
RmskLTIhewzeUQQD	ROCK,SINGER-SONGWRITER	EN	0.526	0.672	9.0	1.0	0.388	134.332	359240	ROCK
Mbrg3d9gJXTpptSQ	PROGRESSIVE ROCK,FOLK ROCK,CLASSIC ROCK,ROCK	EN	0.506	0.49	9.0	1.0	0.715	129.583	311240	ROCK
HeFn6nss3qGSpYkQ	PUNK,INDIE ROCK,RIOT GRRRL,INDIE ROCK	EN	0.364	0.867	11.0	1.0	0.531	136.019	210760	ROCK
2jzvVa4Z2B41UeGT	HARD ROCK,CLASSIC ROCK	EN	0.454	0.66	8.0	0.0	0.914	140.54	138973	ROCK
BowEKP5LpKdaas3B	INDIE ROCK,ROCK	EN	0.747	0.802	7.0	1.0	0.585	117.012	262507	ROCK
76OvNnTKbugs8vXS	ROCK,CLASSIC ROCK	EN	0.8140000000000001	0.511	7.0	1.0	0.929	128.425	152027	ROCK
DLluI6PyZ09CPOoa	POP,POP ROCK,ROCK	EN	0.439	0.5720000000000001	7.0	1.0	0.212	147.588	240147	ROCK
51dl77T03HHRvrAJ	FOLK,SINGER-SONGWRITER,CLASSIC ROCK,ROCK	EN	0.774	0.4970000000000001	11.0	1.0	0.769	115.995	177400	ROCK
Cv2HXQ4T4QxlzcGz	SOUL	EN	0.8190000000000001	0.363	0.0	1.0	0.55	96.001	251433	SOUL
F1Lla25peHLMvH1H	SOUL	EN	0.456	0.342	11.0	0.0	0.224	84.087	252653	SOUL
iMY0q8qMqQxbiXYJ	SOUL	EN	0.733	0.245	5.0	1.0	0.7140000000000001	141.882	245973	SOUL
ZBOUo2hoZEvpshgr	SOUL	EN	0.4370000000000001	0.525	8.0	1.0	0.478	152.469	196682	SOUL
pjWbmJke1Iz9eQ7g	SOUL,SOUNDTRACK	EN	0.55	0.444	7.0	1.0	0.0438	120.179	320667	SOUL
J8Pmbkp0l09EZ2Aa	MOTOWN,SOUL	EN	0.604	0.8270000000000001	2.0	0.0	0.857	129.343	176907	SOUL
OBRZXFBTeYO4W8Iw	SOUL	EN	0.621	0.306	9.0	0.0	0.526	78.74600000000002	260200	SOUL
CYGQH8iCXwsIqQ7M	SOUL,REGGAE	EN	0.794	0.799	10.0	0.0	0.6829999999999999	170.02	234027	SOUL
4ZeG20f847LVWn00	SOUL	EN	0.598	0.58	9.0	1.0	0.735	74.855	262080	SOUL
CPQENqshwcIMkBzT	SOUL,MOTOWN,SOUL,FUNK	EN	0.469	0.313	6.0	1.0	0.596	173.63	404133	SOUL
xVaXEAFxREUa9t3v	SOUL	EN	0.61	0.8029999999999999	11.0	0.0	0.682	125.918	159000	SOUL
5KWCX1af46BNnneo	SOUL	EN	0.258	0.805	11.0	0.0	0.292	203.894	241027	SOUL
ojl88C6GatkYvRcY	SOUL	EN	0.57	0.389	11.0	0.0	0.433	76.51	212053	SOUL
IZ5Yq1CKJjfqICQ5	SOUL	EN	0.458	0.741	5.0	1.0	0.124	142.69899999999996	183436	SOUL
ribJVVcyjMZwrjtl	MOTOWN,SOUL	EN	0.64	0.381	9.0	0.0	0.677	118.229	192133	SOUL
EEUyNTGImbICd70G	FOLK,SINGER-SONGWRITER,INDIE FOLK,SINGER-SONGWRITER,SOUL	EN	0.588	0.271	1.0	1.0	0.113	135.122	250067	SOUL
7wvyc1bpLKm2p3Y1	SOUL	EN	0.711	0.737	8.0	0.0	0.85	114.881	179200	SOUL
zpSlAX6KMveMipG8	SOUL	EN	0.467	0.6459999999999999	4.0	0.0	0.267	80.14699999999998	205790	SOUL
x9rUGprCc2jBzGrp	SOUL	EN	0.483	0.635	0.0	1.0	0.411	85.13799999999998	133825	SOUL
1Pfvty4majWz07HO	FUNK,SOUL	EN	0.878	0.535	2.0	1.0	0.958	102.495	328893	SOUL
LdTk4mJOlg3PlXMz	SOUL	EN	0.7709999999999999	0.74	7.0	1.0	0.573	84.994	262307	SOUL
XW6BIR1y7hQ9MzNd	SOUL	EN	0.328	0.5710000000000001	8.0	1.0	0.215	83.27600000000002	301360	SOUL
gr2rvsdmqHAsggqg	SOUL	EN	0.324	0.789	6.0	0.0	0.525	180.062	165000	SOUL
nQGbsQab0xYxRs7H	SOUL,FUNK	EN	0.768	0.4970000000000001	7.0	1.0	0.778	113.83	203760	SOUL
AyuewI5e653opHon	SOUL	EN	0.231	0.383	4.0	1.0	0.291	78.755	150800	SOUL
RE238oliR8oZG96Y	SOUL,FUNK	EN	0.495	0.6809999999999999	7.0	1.0	0.684	93.773	247240	SOUL
VQmxl1NTHa69h1jO	SOUL	EN	0.496	0.5539999999999999	3.0	1.0	0.252	77.045	262880	SOUL
ce7QtzXZ8QzUYUOE	SOUL,SOUL	EN	0.598	0.405	5.0	0.0	0.244	122.144	230240	SOUL
svDNNIAwlvLAn6BI	SOUL,SOUL	EN	0.568	0.143	2.0	1.0	0.153	79.994	186347	SOUL
B4M5Gmg5qxcUqnyP	SOUL	EN	0.621	0.458	8.0	1.0	0.611	78.827	272907	SOUL
4Kyw75YUAXgtKHgV	SOUL	EN	0.505	0.5429999999999999	11.0	1.0	0.542	79.64	234033	SOUL
gdaXlocrVDqmuMhL	SOUL,QUIET STORM	EN	0.62	0.732	7.0	0.0	0.61	160.002	223467	SOUL
TKQUHVQ8PGbZvhsA	SOUL	EN	0.342	0.598	4.0	0.0	0.512	135.585	203360	SOUL
P19dYT2x7btO1lYe	SOUL,SOUL	EN	0.657	0.6859999999999999	1.0	1.0	0.69	115.132	202613	SOUL
NKrHCwW6FlqKvxbi	SOUL	EN	0.649	0.357	11.0	1.0	0.241	129.798	263667	SOUL
Q049ZTY57ChDs81O	SOUL,DRAMA	EN	0.593	0.735	6.0	1.0	0.556	132.81	219173	SOUL
sVY73YpNZe5uoA4w	SOUL	EN	0.856	0.436	5.0	1.0	0.944	107.967	151907	SOUL
kSvsBjmWe16NTGko	SOUL	EN	0.315	0.484	8.0	1.0	0.364	171.15599999999995	230627	SOUL
LQR7TPMPlVA2Amta	SOUL,MOTOWN	EN	0.352	0.545	1.0	0.0	0.459	189.498	224987	SOUL
Rv4yol8R4i7FdX8x	SOUL	EN	0.602	0.583	6.0	0.0	0.369	144.029	314538	SOUL
jK95Pfd61XIM4Gwk	SOUL	EN	0.6559999999999999	0.578	7.0	0.0	0.556	94.514	256733	SOUL
6A4wrMMR7KpQZY2K	DRAMA,SOUL	EN	0.596	0.841	9.0	1.0	0.528	127.436	310040	SOUL
AnOdZ5pDIL2LhtCb	QUIET STORM,SOUL	EN	0.643	0.486	4.0	0.0	0.146	138.151	264507	SOUL
DoRm4FKJHv2pqgAp	SOUL,GOSPEL	EN	0.516	0.494	10.0	1.0	0.6759999999999999	101.126	122093	SOUL
Xtxq4qK0cSwXdApu	SOUL,DRAMA	EN	0.691	0.41	7.0	1.0	0.545	75.044	211187	SOUL
EVH64kU7fIppKBE2	SOUL	EN	0.7609999999999999	0.404	1.0	1.0	0.509	124.524	375707	SOUL
hyqJUw01T4rZ2Haf	SOUL,FUNK	EN	0.5770000000000001	0.597	1.0	0.0	0.957	144.74200000000005	73601	SOUL
pXSDEEZlozM82We5	SOUL	EN	0.616	0.552	1.0	0.0	0.774	86.29899999999998	284760	SOUL
4hcTaWS2ENotitxM	SOUL	EN	0.7290000000000001	0.534	6.0	1.0	0.9	143.60399999999996	310267	SOUL
pJXSgNuMEYDhAzNF	SOUL,QUIET STORM	EN	0.408	0.441	2.0	1.0	0.117	115.829	197640	SOUL
6Ckx3D1NVNvX0jio	SOUL,PHILLY SOUL	EN	0.467	0.371	11.0	1.0	0.478	93.681	205573	SOUL
gR7TjCO9xJTOmCnJ	SOUL	EN	0.696	0.49	6.0	0.0	0.557	179.825	288840	SOUL
msWHUXewzDlnrOkq	GOSPEL,SOUL	EN	0.332	0.8079999999999999	5.0	1.0	0.61	174.035	368333	SOUL
13B0TjFKTPI6AMGI	SOUL,SINGER-SONGWRITER	EN	0.508	0.7290000000000001	11.0	0.0	0.412	91.906	236880	SOUL
ShdXjWN7p26yTqqE	MOTOWN,SOUL	EN	0.565	0.6679999999999999	5.0	1.0	0.799	110.161	212773	SOUL
L0gZhiNQgc4Z0aKJ	SOUL,EASY LISTENING	EN	0.454	0.131	9.0	1.0	0.225	141.106	357107	SOUL
exfOAJqJ2cUpjWkS	SOUL,FUNK,NEO SOUL	EN	0.402	0.482	7.0	1.0	0.66	190.032	299680	SOUL
C5C0uFn1rXAohB64	SOUL	EN	0.315	0.227	5.0	0.0	0.199	140.071	312115	SOUL
Tw81eKMmuF3cVNMN	SOUL	EN	0.578	0.813	8.0	1.0	0.722	129.882	237076	SOUL
X1skTNKZ8HuwEDwC	SOUL	EN	0.7240000000000001	0.292	8.0	1.0	0.524	81.40899999999998	175733	SOUL
597hTePyNRvclm7x	NEO SOUL	EN	0.863	0.625	8.0	1.0	0.456	83.98	111227	SOUL
haNhGOkbBaVf8zRb	TRIP HOP,SOUL	EN	0.581	0.5760000000000001	4.0	0.0	0.142	124.445	263313	SOUL
6E0wc9rhZF7CXB31	SOUL,GOSPEL	EN	0.583	0.404	11.0	1.0	0.635	197.873	175493	SOUL
OJdiOrXSqrJ5vLA4	FUNK,DISCO,SOUL	EN	0.8079999999999999	0.85	5.0	1.0	0.7170000000000001	106.855	186533	SOUL
gEPmEqMZQo7Q37Md	SOUL,FOLK	EN	0.568	0.565	0.0	1.0	0.789	114.989	180000	SOUL
VtM6gzgmdCqv814M	SOUL,SMOOTH SOUL	EN	0.8220000000000001	0.457	6.0	1.0	0.73	99.16	307063	SOUL
wMEdDa81Frtwx0T7	SOUL	EN	0.27	0.599	0.0	1.0	0.7	136.16899999999998	151560	SOUL
jpk0rpeAuoUn0LUb	SOUL,SOUL	EN	0.216	0.597	7.0	1.0	0.136	129.98	222090	SOUL
49dkOvFVqM7lzPtc	SOUL	EN	0.73	0.68	4.0	0.0	0.452	109.576	221560	SOUL
HvpoIpkhK8n1jVe8	DISCO,FUNK,SOUL	EN	0.6990000000000001	0.604	9.0	0.0	0.96	114.226	413587	SOUL
VZgoaa25SluqJ70u	DISCO,SOUL	EN	0.784	0.713	0.0	1.0	0.97	115.443	220560	SOUL
kBde9499QM5lBtTN	SOUL,HOUSE	EN	0.7609999999999999	0.85	8.0	0.0	0.932	119.997	192055	SOUL
opxNfsWLpwSQNZnN	SOUL	EN	0.486	0.797	9.0	0.0	0.745	87.445	339867	SOUL
NoywtR5g66pmxswM	SOUL,SINGER-SONGWRITER	EN	0.486	0.586	0.0	1.0	0.684	117.33	163560	SOUL
Nw0Y93hp5XoDqWvU	SOUL	EN	0.531	0.825	7.0	0.0	0.8240000000000001	156.071	171520	SOUL
QfIbSdOIxAT7tubQ	SOUL	EN	0.754	0.531	11.0	0.0	0.212	151.10299999999995	139794	SOUL
0hi5FGoizAXxin1K	SOUL	EN	0.5770000000000001	0.525	7.0	1.0	0.331	97.068	197147	SOUL
3NdJpZysfRyZHepB	SOUL	EN	0.6679999999999999	0.502	11.0	0.0	0.413	87.012	265867	SOUL
T5RtPd7xxJxBa7L9	SOUL,GOSPEL	EN	0.733	0.858	1.0	1.0	0.8270000000000001	104.31	318533	SOUL
tybbKmO9dMkwBGcg	SOUL,MOTOWN	EN	0.8190000000000001	0.585	8.0	0.0	0.917	106.978	314133	SOUL
BJjsThrv8cHmx9ng	SOUL	EN	0.578	0.706	1.0	0.0	0.397	93.924	250587	SOUL
UY9Kzf9dUTNORd4F	SOUL	EN	0.655	0.51	6.0	0.0	0.425	129.77100000000002	258573	SOUL
rBNxd5jL7WmHeKCJ	SOUL,FUNK	EN	0.701	0.706	5.0	0.0	0.7140000000000001	122.111	239773	SOUL
iIC8ESuA2acNNONJ	EASY LISTENING,SOUL	EN	0.521	0.349	5.0	1.0	0.267	131.76	195133	SOUL
lRacsL9RjSbPkHSe	SOUL	EN	0.422	0.171	1.0	0.0	0.363	187.002	179413	SOUL
PylawiyWThGRjBud	FUNK,SOUL	EN	0.8740000000000001	0.578	11.0	1.0	0.98	132.786	222560	SOUL
dDJjF3RwBnhQA5Lz	SOUL,FUNK	EN	0.574	0.441	6.0	0.0	0.911	92.158	303133	SOUL
iZ47o3mKwAebUSnh	SOUL	EN	0.8079999999999999	0.728	5.0	0.0	0.685	135.925	253330	SOUL
2hUNruuxnKGrUtAP	SOUL	EN	0.7390000000000001	0.54	1.0	1.0	0.468	89.00299999999999	182053	SOUL
IJUPHOKOE2VPF9rS	SOUL,CLASSIC SOUL	EN	0.741	0.234	7.0	1.0	0.393	77.80199999999998	255493	SOUL
c7stpOhZ4DMp4JYO	SOUL	EN	0.406	0.515	0.0	1.0	0.132	71.08	220227	SOUL
n1Z7axc3LrhUKzRz	SOUL	EN	0.463	0.519	6.0	0.0	0.325	108.363	240040	SOUL
mkZMjWVvydJtj0Nw	SOUL	EN	0.799	0.715	4.0	1.0	0.551	124.04	293133	SOUL
FPvXGz96cAuP1P6B	SOUL	EN	0.383	0.459	5.0	1.0	0.313	85.554	282173	SOUL
yEV6FN4Cf4uWYie0	SOUL	EN	0.652	0.621	9.0	0.0	0.6609999999999999	169.983	249960	SOUL
j5pFrMuj9ZQvEPqC	SOUL	EN	0.6890000000000001	0.39	11.0	1.0	0.5770000000000001	127.849	264733	SOUL
pV12lMEuFHCYbeKD	SOUL	EN	0.777	0.452	1.0	0.0	0.441	93.964	262640	SOUL
zlkBKEEmCSCjCfh3	SOUL,FOLK	EN	0.45	0.0735	9.0	0.0	0.162	120.238	247000	SOUL
Yt5SsMd0HhEIXiaN	SOUL	EN	0.905	0.5920000000000001	3.0	0.0	0.597	119.997	253533	SOUL
5Vz7F3olmjdumvrJ	SOUL	EN	0.691	0.8029999999999999	7.0	1.0	0.579	92.464	213613	SOUL
GIulzruib5wXbWjk	SOUL	EN	0.505	0.00114	1.0	1.0	0.973	57.29600000000001	228173	SOUL
HgfQSdEdxq1JJyW6	SOUL,REGGAE	EN	0.855	0.522	9.0	1.0	0.483	130.033	296986	SOUL
obEZBUX1sEt3Lmpj	SOUL,SOUL,FUNK	EN	0.458	0.421	4.0	1.0	0.368	146.59799999999996	383503	SOUL
fIl5VxqIP8xsn9hA	SOUL	EN	0.595	0.511	5.0	0.0	0.426	95.453	348573	SOUL
6vJat79SyALWyx7O	SOUL,SOUL	EN	0.418	0.8240000000000001	1.0	1.0	0.446	190.451	214627	SOUL
x6CBGmp7IVBZt8CF	SOUL	EN	0.735	0.346	9.0	1.0	0.409	161.895	161533	SOUL
AEZ8pZyxWgEmocj5	SOUL	EN	0.64	0.852	1.0	1.0	0.6890000000000001	127.954	184581	SOUL
2Pw2YaoPJkuYR6kZ	SOUL	EN	0.399	0.226	0.0	0.0	0.165	119.903	431923	SOUL
2TJS3a7dU5ohrwMl	SOUL	EN	0.483	0.0838	5.0	1.0	0.162	75.458	172000	SOUL
XsOCZpikL62diRsj	DISCO,SOUL,FUNK	EN	0.6609999999999999	0.846	5.0	1.0	0.911	101.068	266827	SOUL
U9nDhpFzeMTHLtUX	SOUL	EN	0.415	0.634	1.0	1.0	0.794	167.25099999999995	210040	SOUL
Fs9vPLhzWw62nMH3	SOUL	EN	0.459	0.488	8.0	0.0	0.132	125.614	262933	SOUL
ielz7KjzAq4SzJEi	SOUL	EN	0.778	0.535	4.0	0.0	0.377	112.063	224000	SOUL
wbJWFlmrHkax5pzp	SOUL	EN	0.378	0.362	5.0	1.0	0.208	134.844	239653	SOUL
ydUpbrLSk9cwt97V	SOUL	EN	0.7240000000000001	0.6890000000000001	2.0	0.0	0.693	146.496	246333	SOUL
AxBxvF8JEgOVQ60X	SOUL,EASY LISTENING	EN	0.7	0.33	5.0	1.0	0.524	98.605	178333	SOUL
uTOq0JUwVbgfxHll	SOUL	EN	0.4920000000000001	0.85	7.0	1.0	0.343	119.469	302440	SOUL
JhqrOqTz7CPduexH	SOUL	EN	0.8	0.4270000000000001	6.0	1.0	0.218	113.975	287228	SOUL
gMPBZluEUBf0SHsi	SOUL	EN	0.647	0.478	8.0	1.0	0.333	135.877	232907	SOUL
F8JrHvreghPsdZuD	SOUL,SOUL	EN	0.496	0.82	5.0	1.0	0.5489999999999999	110.977	249013	SOUL
cHKYJyuJ64KiSMBO	SOUL	EN	0.617	0.5720000000000001	9.0	0.0	0.659	83.76799999999999	212987	SOUL
RPBegKdjnEeekYLz	SOUL	EN	0.812	0.338	9.0	1.0	0.698	140.89	162600	SOUL
Bejrs2zLjFOaSJo6	SOUL,SOUTHERN SOUL	EN	0.522	0.397	7.0	1.0	0.356	75.572	153987	SOUL
QgCSYJwimIpcmd75	SOUL,SOUL	EN	0.774	0.5670000000000001	6.0	0.0	0.526	98.001	255933	SOUL
sVzL22IsMsnNVlqv	SOUL,SOUL	EN	0.674	0.8590000000000001	9.0	0.0	0.222	92.97	209013	SOUL
culbPWDrAFZ79ftH	SOUL,FUNK	EN	0.6990000000000001	0.96	1.0	0.0	0.57	117.427	348333	SOUL
APFEI5NbMxqUUAB6	SOUL,FUNK	EN	0.797	0.574	6.0	0.0	0.8079999999999999	86.742	220760	SOUL
76qenAf8gYlH4pfq	FUNK,SOUL	EN	0.7040000000000001	0.627	9.0	0.0	0.851	107.543	242200	SOUL
yi1AhE79OtuPKrVi	SOUL	EN	0.382	0.379	7.0	1.0	0.148	175.515	221596	SOUL
7F6QGxqEKkgANC7a	SOUL,MOTOWN	EN	0.545	0.642	8.0	0.0	0.511	121.654	192813	SOUL
THFIvK1wwdhpG426	SOUL	EN	0.293	0.514	9.0	1.0	0.355	154.217	323493	SOUL
bElPmXAHlvwGbgNu	SOUL,FUNK	EN	0.48	0.498	10.0	0.0	0.745	84.05	245283	SOUL
6PyWgmdaJTUjuBNn	SOUL	EN	0.278	0.218	9.0	0.0	0.204	83.961	229067	SOUL
IFMJtMfl8NhLciTl	SOUL	EN	0.266	0.6779999999999999	1.0	1.0	0.201	83.434	564166	SOUL
GiiOAaU8O3Zdk0Sr	SOUL,EASY LISTENING,SINGER-SONGWRITER	EN	0.342	0.359	9.0	1.0	0.685	128.156	158880	SOUL
AzdUdHQdmvKzuHR4	SOUL	EN	0.4970000000000001	0.301	7.0	1.0	0.424	96.636	149693	SOUL
RskAO4RS8WtAxqfs	EXPERIMENTAL,SOUL,VIOLIN	EN	0.621	0.514	6.0	1.0	0.415	140.333	168000	SOUL
cUVeTJt6l8bM4jOc	SOUL	EN	0.883	0.464	10.0	1.0	0.925	111.548	172333	SOUL
SHxKXEiz7ALK7L91	SOUL	EN	0.897	0.6659999999999999	11.0	0.0	0.537	113.014	218000	SOUL
dNI2CSX4P6PcJE9V	FUNK,SOUL,DISCO	EN	0.6659999999999999	0.7140000000000001	4.0	0.0	0.69	89.01799999999999	226213	SOUL
EqqVCd0z3Iza1MFi	FUNK,SOUL	EN	0.3720000000000001	0.448	4.0	0.0	0.281	135.838	575960	SOUL
xNkL3C8wSdWXITy5	SOUL	EN	0.679	0.344	7.0	1.0	0.186	87.03399999999998	360476	SOUL
qLzjYA0sy0PjXasA	SOUL	EN	0.632	0.608	10.0	0.0	0.815	139.954	249640	SOUL
sq23u4G5V5oOKmuh	SOUL,SINGER-SONGWRITER	EN	0.504	0.15	2.0	1.0	0.301	147.859	242200	SOUL
5DSfoG4QyhaKEzYb	SOUL	EN	0.682	0.5479999999999999	3.0	0.0	0.286	109.963	187627	SOUL
k6A8BJIjUlNiJj5Z	NORTHERN SOUL	EN	0.764	0.573	9.0	0.0	0.8059999999999999	123.328	201533	SOUL
JiBkAgSq5m24TzVI	SOUL	EN	0.665	0.8270000000000001	5.0	0.0	0.705	100.657	239907	SOUL
VRfhtzSBNoou3R9A	SOUL	EN	0.594	0.13	1.0	1.0	0.336	118.362	175747	SOUL
FSnoxfleTtREAY7R	SOUL	EN	0.621	0.481	11.0	1.0	0.679	65.00399999999999	256133	SOUL
AikQLDJce2IbQqNX	SOUL	EN	0.534	0.643	0.0	0.0	0.313	192.003	209341	SOUL
78qfr1MoqwXmWSMB	SOUL	EN	0.684	0.56	4.0	0.0	0.149	140.02100000000002	230117	SOUL
Fq6893EVCjO2JGfu	SOUL,MOTOWN,FUNK	EN	0.633	0.6	11.0	1.0	0.687	94.096	331960	SOUL
AHMPcG1FMwX4cy57	SOUL	EN	0.736	0.5539999999999999	7.0	1.0	0.435	98.989	243663	SOUL
NXVIvJK9nQ6LK9ja	SOUL,FUNK	EN	0.703	0.755	0.0	1.0	0.893	111.243	261200	SOUL
o5C3Zi8GpvxtFxaG	SOUL,SOUNDTRACK,SOUL	EN	0.346	0.284	10.0	1.0	0.123	92.603	351520	SOUL
KHw3zy3EtbQWGGrw	SOUL,FOLK,SOUL,FOLK	EN	0.483	0.329	9.0	0.0	0.312	128.459	264973	SOUL
18vv9maSyDLb16H9	SOUL,SOUL	EN	0.4320000000000001	0.63	0.0	1.0	0.462	78.83	197587	SOUL
YHeh8ZTEv3Q86BVb	SOUL	EN	0.7959999999999999	0.477	1.0	1.0	0.685	119.928	231933	SOUL
YJQ5x5epKUL2G7FQ	SOUL	EN	0.5920000000000001	0.562	10.0	0.0	0.208	90.16	250173	SOUL
rnMsLWVK5Z9tWE5V	FUNK,SOUL,FUNK,SOUL	EN	0.6809999999999999	0.6509999999999999	2.0	0.0	0.96	86.604	160987	SOUL
9IFdr2h15pdvLlSb	SOUL	EN	0.675	0.856	8.0	1.0	0.804	100.054	289467	SOUL
Fk3izSw24U4N2HtJ	DISCO,FUNK,SOUL	EN	0.8009999999999999	0.388	1.0	1.0	0.5770000000000001	112.367	223293	SOUL
9rvoWUrdiqVQwBUB	DISCO,FUNK,SOUL	EN	0.802	0.7559999999999999	2.0	0.0	0.963	131.715	288293	SOUL
t817JyHFyhz31Z3O	SOUL	EN	0.459	0.687	0.0	0.0	0.314	119.892	285387	SOUL
GV4MbmUbjQS3flH9	SOUL	EN	0.685	0.351	10.0	1.0	0.511	109.771	240800	SOUL
FamtAOCFLgkEm5X0	SOUL	EN	0.608	0.5	0.0	1.0	0.352	133.719	190227	SOUL
umMyWe0aeGJq7S43	EASY LISTENING,SOUL	EN	0.6759999999999999	0.339	1.0	1.0	0.7559999999999999	136.882	174840	SOUL
sAgcnaHIOTo6Qhrq	SOUL	EN	0.473	0.514	1.0	1.0	0.3720000000000001	117.353	199480	SOUL
pTRVoxHBpAGrxv77	SOUL	EN	0.276	0.289	7.0	0.0	0.0842	170.03900000000004	387827	SOUL
GG0D6FMQVlQZseZr	SOUL,FUNK	EN	0.7709999999999999	0.889	7.0	1.0	0.882	108.015	197964	SOUL
gSsfZ80kJSABKT4f	SOUL,SOUL	EN	0.631	0.486	0.0	1.0	0.243	105.045	226800	SOUL
I10nHQknUC6wWByK	SOUL	EN	0.584	0.975	11.0	0.0	0.8759999999999999	138.341	535333	SOUL
BA2kj4LXWExFnIDS	SOUL,SOUNDTRACK	EN	0.464	0.735	5.0	0.0	0.336	123.068	305373	SOUL
GzI2EaDUtKorQ4zk	SOUL	EN	0.62	0.669	6.0	0.0	0.552	154.227	209158	SOUL
f2tGa2kADrdE7XJX	SOUL	EN	0.363	0.321	7.0	1.0	0.374	110.973	171978	SOUL
U8gQsH7bnzYmvXnF	SINGER-SONGWRITER,SOUL,FUNK	EN	0.736	0.584	0.0	0.0	0.225	111.908	222333	SOUL
Hh0DnH3M5K0lzPXW	SOUL	EN	0.387	0.462	10.0	1.0	0.319	141.19899999999996	307627	SOUL
sa0O3DP1byShtOnh	SOUL	EN	0.626	0.441	9.0	0.0	0.563	78.094	291400	SOUL
F8n71X7Iah62AKBA	SOUL	EN	0.331	0.32	2.0	1.0	0.294	179.114	327867	SOUL
KKtaaMLI8UX57zPv	SOUL	EN	0.42	0.482	0.0	1.0	0.288	80.158	261293	SOUL
YBpLqDWGVHDqkWgY	SOUL,FUNK	EN	0.631	0.7929999999999999	8.0	0.0	0.826	175.81400000000005	266667	SOUL
dwtre3PBlQu4B2Nu	DISCO,SOUL,FUNK	EN	0.726	0.815	11.0	0.0	0.94	103.023	375067	SOUL
Ea44KTs7IJ9JNyYm	QUIET STORM,SOUL	EN	0.594	0.521	0.0	1.0	0.789	167.56900000000005	328240	SOUL
640jirJoET8tVzXw	SOUL,SOUL	EN	0.586	0.337	7.0	1.0	0.5429999999999999	133.22899999999998	251520	SOUL
RwSuCo7XiW90ad6C	DISCO,FUNK,SOUL,DISCO,FUNK,SOUL	EN	0.784	0.893	7.0	0.0	0.8190000000000001	118.738	216733	SOUL
PvSDglNYSUvFxhBr	DISCO,FUNK,SOUL	EN	0.737	0.868	10.0	1.0	0.77	105.026	389332	SOUL
KzLtJgZa0QEPDUGO	GOSPEL,SOUL,NEO SOUL	EN	0.6409999999999999	0.403	6.0	1.0	0.599	169.59599999999998	148098	SOUL
c1xqLwSSvtIn5hl3	SOUL	EN	0.48	0.748	2.0	1.0	0.802	79.532	156587	SOUL
1n3apSaoCwmQ5aEt	GOSPEL,SOUL	EN	0.321	0.462	8.0	1.0	0.457	116.782	308600	SOUL
6tENy9fZ6ZsFBUdI	SOUL,BEATS	EN	0.644	0.736	9.0	0.0	0.672	82.80799999999998	243293	SOUL
wQpVzKIPWcpTZsDR	SOUL	EN	0.42	0.359	6.0	0.0	0.181	121.091	158093	SOUL
zDJheSwyuy4euMpX	SOUL	EN	0.249	0.4920000000000001	2.0	0.0	0.34	54.13399999999999	262320	SOUL
1uMJ0GyPzLFnp4ki	SOUL,FUNK	EN	0.579	0.778	0.0	1.0	0.805	140.012	226333	SOUL
5v65NUC7KmO6pDGf	FUNK,SOUL,DISCO,SOUL,FUNK	EN	0.772	0.463	1.0	0.0	0.804	109.76	401333	SOUL
XFPKcYcK7GnmmVBR	SOUL	EN	0.866	0.757	8.0	0.0	0.6940000000000001	123.989	466787	SOUL
hnUo04T41ahzYUaP	NEO SOUL	EN	0.449	0.307	6.0	1.0	0.346	116.901	203636	SOUL
vHKtwYIHtGcMMJZa	SOUL,PHILLY SOUL	EN	0.373	0.505	3.0	1.0	0.438	141.14600000000004	198987	SOUL
YMCh4CTvt5t1gGUJ	SOUL	EN	0.753	0.471	0.0	1.0	0.778	96.038	346133	SOUL
BEJVk0qHBXOFv8W0	SOUL	EN	0.599	0.565	11.0	0.0	0.5760000000000001	82.251	237493	SOUL
abYcacgA2sm0daCN	SOUL	EN	0.701	0.609	1.0	0.0	0.758	82.523	228333	SOUL
d2U0qbfRLaYzKnKz	SOUL	EN	0.531	0.498	11.0	1.0	0.0791	117.702	233942	SOUL
Fl1hRfRoejLxVyYS	SOUL	EN	0.69	0.8190000000000001	6.0	0.0	0.841	107.762	237560	SOUL
AVPBhHKtPunxi4I5	SOUL	EN	0.705	0.354	6.0	1.0	0.376	119.789	242520	SOUL
sQqi4JqXF7qMjs1Q	SOUL	EN	0.486	0.4370000000000001	5.0	1.0	0.27	141.076	265680	SOUL
3uOUIL1idGSzYJ7n	SOUL,SOUL	EN	0.564	0.594	5.0	0.0	0.545	88.501	189293	SOUL
Jn2FJAob7OrjIAnv	SOUL,MOTOWN	EN	0.52	0.516	9.0	1.0	0.657	149.959	353453	SOUL
q9qy4x1DrcC2beZb	SOUL	EN	0.652	0.599	11.0	1.0	0.584	168.03	218467	SOUL
lFW0j1ZNN8MmAMAR	SOUL	EN	0.6809999999999999	0.261	0.0	1.0	0.795	91.357	159107	SOUL
7NuKY2LKqeUDuxcq	SOUL,NORTHERN SOUL	EN	0.563	0.655	6.0	1.0	0.866	117.794	178653	SOUL
wnUXMSqR8X4Pwdq9	SOUL	EN	0.518	0.349	2.0	0.0	0.142	134.064	267747	SOUL
HJQeeV65ZT8A06en	SOUL	EN	0.456	0.0279	0.0	1.0	0.444	136.037	170613	SOUL
agbuDoUse74BlaX7	DISCO,FUNK,FUNK,DISCO,SOUL	EN	0.963	0.742	4.0	0.0	0.6940000000000001	114.689	217667	SOUL
asRLjHAKLk6uY2cp	SOUL	EN	0.56	0.71	0.0	1.0	0.498	87.00399999999998	217467	SOUL
1DVZvc7QmcB6mmMG	SOUL,SOUL	EN	0.5720000000000001	0.585	11.0	0.0	0.411	136.003	224427	SOUL
stNq5JctpqdYktvh	SOUL,SOUL	EN	0.6890000000000001	0.601	2.0	1.0	0.547	91.012	315333	SOUL
OrB6T97hILXDoy6A	SOUL	EN	0.469	0.326	2.0	1.0	0.617	97.38	175813	SOUL
AxyPon4qZI6QB21I	FUNK,SOUL	EN	0.84	0.398	10.0	1.0	0.466	97.979	311000	SOUL
YLOJwDbvKWyCjX9r	SOUL	EN	0.634	0.645	5.0	1.0	0.677	93.05	231173	SOUL
RyEXOvEJ4VKjn5Mq	SOUL	EN	0.458	0.25	1.0	1.0	0.412	121.074	209080	SOUL
PL1rlGHxa6kuH4LU	FUNK,SOUL,DISCO	EN	0.472	0.5710000000000001	9.0	0.0	0.654	139.996	469173	SOUL
UkLwyKaOvBhJ3npL	SOUL,SINGER-SONGWRITER,SINGER-SONGWRITER,FOLK	EN	0.322	0.7709999999999999	0.0	0.0	0.244	92.03	236400	SOUL
wxC03mQZsTdIlLfZ	SOUL	EN	0.583	0.7979999999999999	2.0	0.0	0.96	85.323	280280	SOUL
a16I5QVfD7aRXYKc	SOUL,REMIX	EN	0.362	0.629	1.0	1.0	0.412	117.07	212240	SOUL
1h1qGhIthM0kluFU	SOUL,MOTOWN	EN	0.521	0.404	0.0	0.0	0.602	147.29399999999995	356000	SOUL
pTwPBNHq96AbhnBn	AMBIENT,SOUL	EN	0.655	0.263	0.0	0.0	0.416	156.102	262200	SOUL
VxHTSQJWAacdWLq6	SOUL	EN	0.6	0.601	9.0	1.0	0.2	141.958	282667	SOUL
i1w1JMzewmDU117G	SOUL,SOUL	EN	0.454	0.53	6.0	0.0	0.47	87.495	169077	SOUL
rfOH2VhnFNSRkotW	SOUL	EN	0.794	0.5870000000000001	5.0	0.0	0.134	97.992	203267	SOUL
DKL92mOy5RzrjIlQ	SOUL	EN	0.516	0.534	5.0	0.0	0.234	171.658	207849	SOUL
BX4cSwryt167mDtR	SOUL	EN	0.604	0.386	6.0	0.0	0.38	77.92699999999998	275227	SOUL
QXHNGHQiYbVe8pHl	SOUL	EN	0.594	0.772	4.0	0.0	0.899	156.142	207889	SOUL
KPXISMyOXu6BaCxO	SOUL	EN	0.631	0.494	11.0	0.0	0.542	88.559	244867	SOUL
KJXnSDR0UWRfRg2A	FUNK,DISCO,SOUL	EN	0.816	0.5529999999999999	6.0	0.0	0.8370000000000001	97.153	593960	SOUL
9mnFTDH1BRSHOhUu	SOUL	EN	0.622	0.446	1.0	1.0	0.157	86.8	340862	SOUL
9EELz97lEZTULjYq	SOUL	EN	0.599	0.5579999999999999	1.0	0.0	0.726	149.963	137000	SOUL
lu8GBxfOou0yOe5x	SOUL	EN	0.643	0.535	0.0	0.0	0.564	82.193	289720	SOUL
AtUmjPGYyIemLuKt	SOUL	EN	0.613	0.831	1.0	0.0	0.535	92.616	205933	SOUL
FQpRMvgepbCcHXuw	SOUL	EN	0.645	0.42	10.0	1.0	0.583	129.084	266733	SOUL
OiEktqxTnnZk26HV	AMBIENT,SOUL,AMBIENT	EN	0.52	0.453	4.0	0.0	0.0379	117.883	287827	SOUL
vJboy3lxhM9CMaca	SOUL	EN	0.5489999999999999	0.7559999999999999	5.0	0.0	0.318	129.205	260093	SOUL
oPgzFpvzzX6J5wkl	SOUL,MOTOWN,FUNK	EN	0.598	0.6459999999999999	6.0	1.0	0.929	133.287	174400	SOUL
Ta3R9mtlMKI0SpYb	SOUL,SOUL	EN	0.381	0.581	6.0	0.0	0.45	85.82799999999997	137446	SOUL
1ltAp8lN1prwUs6s	FUNK,SOUL,DISCO	EN	0.762	0.726	11.0	0.0	0.8640000000000001	116.209	252307	SOUL
mIOKkAko2h9ZyCrH	SOUL	EN	0.672	0.259	9.0	1.0	0.189	119.914	219200	SOUL
KXZc5eA1skviag6R	SOUL	EN	0.682	0.831	10.0	0.0	0.823	95.113	246200	SOUL
yXqaVIapj8Aft3uX	SOUL,REGGAE	EN	0.775	0.612	9.0	0.0	0.381	104.96	212062	SOUL
i2DvGPtMbLM3EViJ	SOUL	EN	0.8059999999999999	0.604	10.0	0.0	0.604	85.00200000000002	195467	SOUL
BkerWL3jQBqxFmMd	FUNK,SOUL	EN	0.857	0.5920000000000001	0.0	1.0	0.882	128.033	174693	SOUL
96vdZ20ngTpnabY6	SOUL,GOSPEL	EN	0.426	0.347	5.0	1.0	0.18	113.15	298453	SOUL
U9WtgljR87B69PMn	FUNK,SOUL	EN	0.838	0.526	1.0	1.0	0.892	93.726	231044	SOUL
eVrJ3xgCHzfwGqc8	SOUL	EN	0.539	0.363	10.0	0.0	0.5489999999999999	136.422	350533	SOUL
wGX3xBgeGfFwZZQW	SOUL	EN	0.338	0.348	9.0	1.0	0.366	183.777	224427	SOUL
JBOkoOPq0Hqtzxkp	SOUNDTRACK,SOUL	EN	0.6459999999999999	0.787	1.0	1.0	0.784	141.946	217013	SOUL
ZqtucrAibpxSJbVF	SOUL,FUNK,SOUNDTRACK	EN	0.645	0.375	3.0	0.0	0.534	81.027	176413	SOUL
XIhGDcp3zyKa94gg	SOUL	EN	0.54	0.523	8.0	0.0	0.556	147.322	268173	SOUL
HcH3WwlKHpFFAE2U	SOUL	EN	0.501	0.584	7.0	1.0	0.0845	125.1	204960	SOUL
QLE6idrSNRsf6N12	SOUL	EN	0.296	0.201	9.0	0.0	0.396	128.201	46600	SOUL
qHYlKIZlF1Z61LNa	PHILLY SOUL,SOUL	EN	0.489	0.418	0.0	1.0	0.526	132.77700000000002	177480	SOUL
VUWeGRwo6iHuBGU5	SOUL	EN	0.67	0.488	1.0	0.0	0.373	80.079	274533	SOUL
2IZZqaSF59v2Cpu1	SOUL	EN	0.485	0.6409999999999999	3.0	1.0	0.855	168.645	202253	SOUL
oM82hSsW3aA2MkRd	SOUL	EN	0.322	0.53	6.0	1.0	0.175	104.729	356884	SOUL
2ffuFgi5DXDSSGRD	SOUL	EN	0.659	0.7170000000000001	0.0	1.0	0.785	112.592	141227	SOUL
TwtFpQa2IRpriRlK	SOUL	EN	0.727	0.649	0.0	1.0	0.669	129.99200000000002	254533	SOUL
hHEonm0lia20zcDT	SOUL	EN	0.595	0.557	10.0	1.0	0.415	90.177	246907	SOUL
pYXsKZTi6rXoYNeM	SOUL,QUIET STORM	EN	0.698	0.464	0.0	0.0	0.787	100.814	331867	SOUL
fONHafks8mpuPYA1	SOUL,REGGAE	EN	0.629	0.8320000000000001	7.0	1.0	0.741	145.101	203392	SOUL
WAaVWD5ECrPtN872	MOTOWN,SOUL	EN	0.344	0.745	8.0	1.0	0.8320000000000001	172.12400000000005	169867	SOUL
YsUEwqICVRKS195v	SOUL,MOTOWN,SOUL,MOTOWN,FUNK	EN	0.5429999999999999	0.62	8.0	1.0	0.607	167.141	290960	SOUL
xsk4Eo8jSHj0SRvu	SOUL	EN	0.753	0.516	6.0	1.0	0.826	122.019	257787	SOUL
aL0XSH5GM55YJhCx	SOUL,SOUTHERN SOUL	EN	0.573	0.7070000000000001	6.0	0.0	0.961	152.467	169707	SOUL
oNKTZis6foo6Zpai	SOUL,DOWNTEMPO	EN	0.409	0.467	6.0	0.0	0.274	81.27600000000002	225000	SOUL
UGzrq6SO6qxVbyNq	SOUL	EN	0.606	0.436	5.0	0.0	0.376	82.44	185337	SOUL
Ixfh8syUrJqOj70H	SOUL	EN	0.605	0.5529999999999999	10.0	0.0	0.62	152.076	185617	SOUL
KYdxE60hTkfNCst9	SOUL	EN	0.608	0.655	6.0	0.0	0.564	72.882	214143	SOUL
0ShtmfqyvW1hKjw7	SOUL	EN	0.614	0.667	7.0	0.0	0.298	120.151	219267	SOUL
tQR2oxqcKMNgxIYq	SOUL	EN	0.604	0.916	10.0	0.0	0.519	87.15	209293	SOUL
YJ1NxRckwYwLwixz	SOUL,FUNK,SOUL,FUNK	EN	0.6659999999999999	0.652	7.0	0.0	0.7	171.918	249767	SOUL
KgUhj34HMgy415Ge	SOUL,SOUL	EN	0.482	0.453	0.0	1.0	0.17	134.799	200338	SOUL
kzyyG6MIqx28Ag1c	SOUL	EN	0.546	0.404	7.0	1.0	0.0395	92.07	266087	SOUL
H7dhyrE2IpdLFFTp	SOUL	EN	0.583	0.677	4.0	0.0	0.495	176.11900000000003	226906	SOUL
22JDgutxkjEvsRIv	SOUL,SOUL	EN	0.496	0.465	8.0	0.0	0.268	188.15	187680	SOUL
wj9sGIFs9p6WLhy8	SOUL,GOSPEL	EN	0.662	0.312	5.0	1.0	0.7929999999999999	84.351	68133	SOUL
siXQmuBNLJ3DdIli	SOUL,SINGER-SONGWRITER	EN	0.807	0.514	7.0	1.0	0.37	116.0	262013	SOUL
qQODzMmQXeHlEXFT	SOUL	EN	0.7340000000000001	0.436	9.0	1.0	0.6659999999999999	117.411	149080	SOUL
R8DYebOMfwhzsS1t	SOUL,FUNK	EN	0.6709999999999999	0.69	8.0	0.0	0.875	116.133	194493	SOUL
zacHZNdhrKXGVZ0f	FUNK,SOUL,FUNK,SOUL	EN	0.526	0.8190000000000001	1.0	1.0	0.664	146.231	231907	SOUL
454ig2ufBn55PgIv	SOUL	EN	0.395	0.746	7.0	1.0	0.6709999999999999	188.267	140133	SOUL
8XrjPZJCJhgW5eKr	SOUL,MOTOWN,SOUL,MOTOWN,FUNK	EN	0.523	0.48	3.0	1.0	0.81	151.4	177667	SOUL
gXNjgcQrLSxe4tQF	FUNK,SOUL	EN	0.767	0.755	1.0	0.0	0.956	139.10299999999998	247587	SOUL
uJsas5bp59tVw9jd	SOUL,NEO SOUL	EN	0.43	0.349	2.0	0.0	0.5329999999999999	85.54	314960	SOUL
ufwKv8g2ZGpM2ky1	SOUL	EN	0.415	0.264	4.0	1.0	0.357	92.879	188377	SOUL
Gdm3HTWQOFEKQKnW	EXPERIMENTAL,EXPERIMENTAL,SOUL,VIOLIN	EN	0.757	0.502	11.0	0.0	0.399	139.998	219690	SOUL
ECwbdztY7Wwduw74	SOUL	EN	0.731	0.355	8.0	1.0	0.529	175.72	258467	SOUL
QmTHS9ej20u4OIAA	SOUL	EN	0.589	0.575	9.0	0.0	0.445	97.134	234653	SOUL
zlbTPHMwzJVlR2Kn	SOUL	EN	0.715	0.5479999999999999	11.0	0.0	0.332	121.859	269493	SOUL
VxBgFhLNHCI2Uklr	SOUL	EN	0.522	0.5920000000000001	8.0	0.0	0.256	135.88	210564	SOUL
wXCntxDOb37N6Hq6	SOUL	EN	0.659	0.547	9.0	1.0	0.6940000000000001	94.266	208680	SOUL
rpOPz50u9jFLCwdr	FUNK,SOUL	EN	0.418	0.527	0.0	1.0	0.384	130.329	276066	SOUL
RnVBZT5mSSU5NiAH	SOUL,FUNK	EN	0.736	0.462	4.0	1.0	0.8590000000000001	115.845	142773	SOUL
npgIICcEovP8eisu	SOUL	EN	0.521	0.92	10.0	0.0	0.6970000000000001	144.05100000000004	211227	SOUL
lXiNoM6upktOwoQJ	SOUL	EN	0.6	0.778	1.0	1.0	0.809	115.161	270791	SOUL
5YHoaN1EC7ae8oNW	SOUL	EN	0.705	0.8009999999999999	1.0	1.0	0.703	76.682	237787	SOUL
pVCbyzM7iUluG7Ju	SOUL,MOTOWN	EN	0.7859999999999999	0.7829999999999999	2.0	1.0	0.968	121.451	148040	SOUL
3PecKgc5evvXANts	SOUL	EN	0.262	0.25	6.0	0.0	0.0728	138.58100000000002	223240	SOUL
0diSaWOZL45lxPZC	SOUL	EN	0.583	0.378	2.0	1.0	0.331	94.938	201267	SOUL
rZ19lYZO8YgBA6sc	SOUL	EN	0.732	0.721	5.0	0.0	0.718	111.043	210320	SOUL
Iig9h1kUlcF3elTF	SOUL	EN	0.715	0.585	10.0	0.0	0.721	101.478	179147	SOUL
wbr68V4mdAUFgLCo	SOUL	EN	0.285	0.257	0.0	1.0	0.373	169.32299999999995	195640	SOUL
lvUCEz4afS6nqvh8	SOUL,FUNK	EN	0.579	0.397	5.0	1.0	0.778	169.486	179107	SOUL
4d8BVLDCU0EbfwY4	SOUL,NEO SOUL	EN	0.67	0.603	5.0	0.0	0.6809999999999999	148.985	280733	SOUL
736fBZtxfWbFXt6N	SOUL	EN	0.344	0.515	0.0	1.0	0.279	97.03	271293	SOUL
9By4LZsItBwm8mNp	SOUL	EN	0.7959999999999999	0.562	10.0	1.0	0.8340000000000001	112.495	130267	SOUL
pxrN6KRAqtPhhims	SOUL	EN	0.265	0.324	7.0	1.0	0.3229999999999999	58.434	298160	SOUL
YMo67OPU3yrNRZm4	SOUL	EN	0.575	0.357	2.0	0.0	0.534	157.444	161400	SOUL
X9NvUpUIYY54KQn2	SOUL,MOTOWN,FUNK	EN	0.847	0.599	5.0	0.0	0.873	119.997	432893	SOUL
oAeWeUD8gzs7QYYH	LO-FI,SOUL	EN	0.7340000000000001	0.222	5.0	1.0	0.62	106.946	142028	SOUL
3JKd3B55HUasdT4h	FUNK,DISCO,SOUL	EN	0.6940000000000001	0.831	9.0	1.0	0.98	125.901	215080	SOUL
HzuGmM64XFxNMPsY	SOUL,MOTOWN,FUNK	EN	0.792	0.391	10.0	0.0	0.889	119.003	830400	SOUL
5bOBsgpjtbM8vwVO	SOUL	EN	0.813	0.747	1.0	1.0	0.82	97.987	217333	SOUL
7VjQjZxYqKpvvSsf	SOUL	EN	0.242	0.0692	5.0	1.0	0.128	182.616	238640	SOUL
C4temePSdaF0Cq3g	FUNK,SOUL	EN	0.463	0.693	11.0	0.0	0.735	100.965	235827	SOUL
8Ky7gD0ltCLDG7kH	SOUL,DISCO	EN	0.752	0.36	9.0	0.0	0.636	110.768	279800	SOUL
SpPQ9ahxcIJTX0XZ	SINGER-SONGWRITER,SOUL	EN	0.384	0.443	5.0	1.0	0.7120000000000001	175.671	227000	SOUL
vITJdtyrDLqfyLsd	SOUL	EN	0.266	0.354	5.0	0.0	0.134	106.3	282920	SOUL
4HTa2pVaWHBiLdU1	SOUL	EN	0.652	0.5760000000000001	1.0	0.0	0.414	126.011	240467	SOUL
dNAiNjvdqjA56Ufi	SOUL,QUIET STORM,MOTOWN,SOUL,MOTOWN	EN	0.495	0.361	2.0	1.0	0.425	139.156	289240	SOUL
L6JXtLRe7ZV73D7C	SOUL	EN	0.6629999999999999	0.612	2.0	1.0	0.501	154.006	396493	SOUL
yOl3B8QINFqQFs29	SOUL,NEO SOUL	EN	0.466	0.257	10.0	0.0	0.245	117.962	259760	SOUL
4R2KjucLOV7kdbDw	SOUL	EN	0.918	0.489	9.0	0.0	0.962	100.406	122344	SOUL
8phLwm8BBhFiImA8	SOUL,NEO SOUL,SOUL	EN	0.6859999999999999	0.924	1.0	1.0	0.701	128.036	244829	SOUL
JWiboczg0QXk6xuY	SOUL,SOUL,FUNK,MOTOWN	EN	0.602	0.448	10.0	1.0	0.701	104.843	183640	SOUL
k2kGxVAFnVBywxwj	SOUL	EN	0.677	0.63	6.0	1.0	0.625	72.954	288600	SOUL
iVqQerYWSwRyGw9n	SOUL	EN	0.436	0.6	8.0	1.0	0.228	88.81299999999997	245216	SOUL
7IB5IAWAdPBBBu1U	SOUL	EN	0.45	0.242	8.0	0.0	0.229	125.415	153627	SOUL
msK7IHv0IjHnvD88	SOUL,FUNK	EN	0.537	0.24	7.0	1.0	0.295	104.817	462000	SOUL
iOShiAtIxSsAacXU	SOUL,MOTOWN,FUNK	EN	0.551	0.461	11.0	1.0	0.7390000000000001	105.155	198547	SOUL
g8k9Nx37I8wMQPBF	SOUL	EN	0.557	0.752	9.0	1.0	0.687	74.108	275800	SOUL
si71Ib3E3MAVNFyA	SOUL	EN	0.517	0.391	5.0	1.0	0.342	139.764	180320	SOUL
LO073CwlsT9RZsRa	FUNK,SOUL,DISCO	EN	0.637	0.634	10.0	1.0	0.911	120.557	269760	SOUL
pKdLFL5c7Jnxpgae	SOUL	EN	0.38	0.39	0.0	1.0	0.22	139.56799999999998	287573	SOUL
uNZqatvMrxZMTrEs	DISCO,FUNK,SOUL	EN	0.728	0.669	1.0	0.0	0.8220000000000001	97.962	315853	SOUL
4Ktg0oEpvRsrNYRM	SOUL	EN	0.272	0.405	2.0	0.0	0.0388	79.585	360960	SOUL
tlPXHP9LoDCTGKzr	SINGER-SONGWRITER,FOLK,SOUL	EN	0.8029999999999999	0.539	0.0	1.0	0.892	149.953	266319	SOUL
qOgHh3SDqV3FEQkc	SOUL	EN	0.83	0.495	11.0	1.0	0.7829999999999999	105.175	221133	SOUL
jzLTWXmHJnoWDrq1	SOUL	EN	0.408	0.344	4.0	0.0	0.159	150.03	214227	SOUL
jHUKNBy6lArzgVcN	SOUL	EN	0.5920000000000001	0.7340000000000001	7.0	1.0	0.184	125.213	205027	SOUL
XpnFRcY2XsfjHcq1	SOUL	EN	0.86	0.498	3.0	1.0	0.963	105.693	210280	SOUL
CMjhzYpUEBuwWQSv	SOUL	EN	0.467	0.423	7.0	1.0	0.277	174.09	257484	SOUL
qUE9u0Hwgx9dbTlL	SOUL	EN	0.214	0.156	6.0	0.0	0.132	75.654	240067	SOUL
v6rwQmhOGNBx5iJu	SOUL,FUNK	EN	0.6659999999999999	0.7190000000000001	2.0	1.0	0.907	105.715	209280	SOUL
jirD8ggT40EGo9gv	SOUL	EN	0.391	0.629	3.0	0.0	0.546	141.342	253320	SOUL
AmmSXwYhd1RGmwu3	SOUL	EN	0.708	0.753	6.0	1.0	0.586	91.039	275293	SOUL
ekdRHPAMi57OShR1	SOUL	EN	0.565	0.49	1.0	1.0	0.434	100.588	393560	SOUL
rQpQlwAYQRm0DYhq	SOUL	EN	0.741	0.6579999999999999	0.0	1.0	0.856	160.001	164165	SOUL
A98emTet64nvBOfZ	SOUL	EN	0.7440000000000001	0.342	0.0	1.0	0.278	114.034	307851	SOUL
cu2vKswYnWcnBxz0	SOUL	EN	0.6559999999999999	0.7170000000000001	0.0	1.0	0.416	85.007	234423	SOUL
u7JmQcNffOtwsdkQ	SOUL	EN	0.5589999999999999	0.157	1.0	1.0	0.348	130.877	190430	SOUL
McZSdhh2b3OdkpEl	NORTHERN SOUL,SOUL	EN	0.598	0.765	2.0	1.0	0.847	157.076	135267	SOUL
GmHtDyGi0xpq65YU	SOUL	EN	0.698	0.48	7.0	1.0	0.345	125.343	270893	SOUL
tsMu0q95n5nrRGRd	DISCO,FUNK,FUNK,SOUL,DISCO	EN	0.607	0.812	1.0	1.0	0.894	124.901	312333	SOUL
CUsdYNrDAHBBsPRC	SOUL	EN	0.7340000000000001	0.7759999999999999	2.0	1.0	0.843	78.542	269173	SOUL
xCZOHIhlViHn3jjx	SOUL	EN	0.505	0.5429999999999999	11.0	1.0	0.542	79.64	234033	SOUL
Gl9x0lC2PeBJv2or	SOUL	EN	0.399	0.51	11.0	0.0	0.319	114.849	487667	SOUL
tCXayjFMD8S34ciD	SOUL	EN	0.544	0.552	9.0	1.0	0.5539999999999999	159.738	184516	SOUL
TDKSY5sQvFbJ70OE	SOUL,SOUL	EN	0.536	0.72	1.0	0.0	0.494	73.915	211404	SOUL
4z2KKrekq4ihi6Jt	SOUL	EN	0.439	0.317	7.0	1.0	0.468	130.986	237640	SOUL
4CAJxMqR2YEgRDud	SOUL	EN	0.662	0.45	0.0	0.0	0.128	100.137	254613	SOUL
YRToqW8dKLB2S17u	SOUL,SOUL	EN	0.546	0.698	0.0	1.0	0.616	72.417	234759	SOUL
2yq6NJuecRaHpyU9	SOUL,FUNK	EN	0.873	0.611	6.0	0.0	0.779	108.674	311013	SOUL
6wkqDBUn8coXAZeF	DISCO,DISCO,SOUL	EN	0.794	0.387	8.0	1.0	0.8190000000000001	165.725	498267	SOUL
hHXLTbO0VASTxhEM	NEW JACK SWING,SOUL,SOUL,NEW JACK SWING	EN	0.691	0.664	1.0	1.0	0.688	96.951	281333	SOUL
TWT89xGGRF5VNwwy	SOUL,FOLK	EN	0.415	0.11	1.0	1.0	0.234	81.876	240147	SOUL
vNTYAyxqSXy8Hw46	SOUL,FUNK,QUIET STORM	EN	0.7190000000000001	0.377	9.0	0.0	0.575	83.919	340013	SOUL
XpLiPdRr59XJodt3	SOUL	EN	0.532	0.614	7.0	1.0	0.638	124.813	148760	SOUL
hpLoxs9H8DbKzytn	SOUL	EN	0.787	0.457	2.0	1.0	0.47	129.947	234232	SOUL
6jlQtcbxZy8j36Q1	SOUL	EN	0.711	0.4920000000000001	3.0	1.0	0.868	107.917	195293	SOUL
yHeCiiIHO1xVjHGj	SOUL,SOUL	EN	0.655	0.417	5.0	1.0	0.279	143.674	296267	SOUL
Fi8zHSLIVTgFfLjh	SOUL,FUNK	EN	0.5429999999999999	0.8370000000000001	5.0	1.0	0.893	170.265	177147	SOUL
Oj9PfEUmgVH0oAol	FUNK,SOUL,BIG BAND	EN	0.807	0.4970000000000001	7.0	1.0	0.765	114.523	141507	SOUL
mnzE3UEAWfUzxzS7	SOUL,SINGER-SONGWRITER,SOUL,SINGER-SONGWRITER	EN	0.524	0.396	1.0	1.0	0.106	98.494	191400	SOUL
hhi50pME43AHVpg5	SOUL	EN	0.59	0.355	9.0	1.0	0.499	133.03	216773	SOUL
LfXSHxBXnHVwUwdd	SOUL	EN	0.6	0.368	9.0	1.0	0.547	119.096	358693	SOUL
Lz7Tb1CjVhI66I3b	FUNK,SOUL	EN	0.7829999999999999	0.55	7.0	1.0	0.593	97.735	174493	SOUL
i7O1MXqGItc1peRD	SOUL	EN	0.622	0.503	8.0	1.0	0.58	93.984	220853	SOUL
GiYQuPMcMHpOLuaP	SOUL	EN	0.6990000000000001	0.5920000000000001	6.0	1.0	0.589	94.933	207187	SOUL
a2pp0LDPUShAPQi9	SOUL	EN	0.633	0.444	5.0	1.0	0.237	94.086	298467	SOUL
PNBOOlzLcI7nQXZx	SOUL	EN	0.6759999999999999	0.245	0.0	1.0	0.532	86.338	173893	SOUL
YxyhYfpt2y4JVHPK	FUNK,DISCO,SOUL	EN	0.7959999999999999	0.622	2.0	1.0	0.795	126.464	312907	SOUL
6zmgo7C9XPQGh763	SOUL	EN	0.436	0.229	9.0	1.0	0.376	86.404	243560	SOUL
mPQx97tCVDFBSl6m	SOUL,DISCO	EN	0.585	0.848	7.0	1.0	0.643	96.173	233720	SOUL
DIenz1hGgjltkjQF	SOUL	EN	0.5660000000000001	0.664	4.0	0.0	0.4370000000000001	128.945	241693	SOUL
3ywIVnFvUyqSUyYg	SOUL	EN	0.547	0.8059999999999999	5.0	1.0	0.971	141.78	194640	SOUL
QfxRIhKD9KCyXoHW	FUNK,SOUL,DISCO	EN	0.722	0.918	3.0	0.0	0.8440000000000001	100.16	241960	SOUL
hUPQklZzzaLjPTOt	SOUL	EN	0.7959999999999999	0.448	4.0	1.0	0.923	175.15	209623	SOUL
shzoYapH9NNRwtDM	SOUL	EN	0.618	0.413	5.0	0.0	0.462	87.412	337573	SOUL
ifgfWxyGQX4aZFDb	NORTHERN SOUL	EN	0.429	0.925	8.0	0.0	0.8370000000000001	79.66199999999998	145600	SOUL
bUZ2zVomWvGAewAX	SOUL,SOUL,FUNK	EN	0.65	0.458	2.0	0.0	0.485	160.283	220383	SOUL
WzY9Z2K6dEVJfCfE	SOUL,FUNK,NEO SOUL	EN	0.685	0.545	7.0	1.0	0.506	94.061	312360	SOUL
xcsDze7h2GGsBO77	SOUL	EN	0.594	0.762	2.0	0.0	0.319	129.92600000000002	244013	SOUL
jemgQblvgywuEY9I	SOUL,FUNK	EN	0.89	0.377	5.0	1.0	0.907	106.979	181253	SOUL
eQI2vyQRvuUrbP6G	SOUL	EN	0.406	0.6	5.0	0.0	0.165	121.507	221947	SOUL
oXpdQJTpASLJfFvM	SOUL	EN	0.809	0.474	11.0	0.0	0.669	101.819	253560	SOUL
coQ4KwJ9y5Cwtv6q	SOUL	EN	0.54	0.787	8.0	0.0	0.344	145.955	268907	SOUL
Dfh7vvQY3dwcc4f5	SOUL	EN	0.679	0.626	11.0	0.0	0.501	129.879	232707	SOUL
5XpUa35gFKMIsbMG	FUNK,SOUL,DEEP FUNK	EN	0.565	0.621	7.0	1.0	0.403	150.036	268040	SOUL
AWGoJYAEBeVsl3z7	SOUL	EN	0.706	0.557	0.0	1.0	0.205	132.98	248827	SOUL
Dk08BS3ASyHgDU1V	FUNK,SOUL	EN	0.7140000000000001	0.5579999999999999	7.0	1.0	0.237	103.0	247253	SOUL
ckmCvufz5fsQcdaS	SOUL	EN	0.669	0.451	8.0	0.0	0.425	111.934	241067	SOUL
gpmkyzRPOxBfN7Qj	MOTOWN,SOUL	EN	0.502	0.333	7.0	1.0	0.7290000000000001	96.982	174360	SOUL
DkY0wa4Gtz6zNkMl	SOUL,MOTOWN	EN	0.74	0.322	0.0	1.0	0.629	102.889	175853	SOUL
ZpxSiZG6djfShZ5o	SOUL	EN	0.635	0.215	5.0	1.0	0.317	77.517	232840	SOUL
8EnAJsIIg58aw21y	SOUL	EN	0.7170000000000001	0.63	4.0	1.0	0.8390000000000001	119.846	208027	SOUL
Bbb1wS0iP5IYVxQf	SOUL,FUNK	EN	0.755	0.672	7.0	1.0	0.464	90.998	269333	SOUL
9UuZw1IuFnK9zB1T	SOUL,FUNK	EN	0.675	0.45	11.0	0.0	0.634	76.195	284133	SOUL
Khmgjbk4UutY3j5G	SOUL	EN	0.523	0.4970000000000001	5.0	0.0	0.299	124.499	189337	SOUL
Yo5GjEgSNlccbK5A	SOUL,SOUL	EN	0.757	0.361	10.0	0.0	0.505	78.083	326040	SOUL
q0T4PgwaRaCyAwo2	SOUL	EN	0.845	0.561	0.0	1.0	0.889	129.983	225120	SOUL
7HYqPWo77NZdnDUu	SOUL	EN	0.449	0.494	8.0	1.0	0.3670000000000001	144.17	173627	SOUL
be8N4fmdvD5gqw6Z	MOTOWN,SOUL,SOUNDTRACK	EN	0.615	0.7959999999999999	5.0	1.0	0.76	150.464	172400	SOUL
5nBFRTRwkjnAYwoT	SOUL	EN	0.479	0.565	11.0	1.0	0.378	75.085	163584	SOUL
2TCC3g6wYTXsdfql	SOUL	EN	0.564	0.342	8.0	0.0	0.519	117.834	245573	SOUL
c9YNd83VgXQDmiG0	SOUL	EN	0.792	0.7290000000000001	10.0	0.0	0.7090000000000001	99.987	277573	SOUL
6u1vDfGv6NgRLTnc	SOUL,EXPERIMENTAL	EN	0.438	0.529	2.0	0.0	0.294	79.929	160136	SOUL
8wNOQyGjF6m3f1LY	SOUL,MINIMAL WAVE	EN	0.541	0.721	5.0	1.0	0.178	103.436	236860	SOUL
X1RmnNQYGnQ9lrLm	SOUL	EN	0.8	0.361	6.0	0.0	0.887	93.059	236067	SOUL
WRa0eesExIjbcs50	SOUL,FUNK	EN	0.516	0.892	1.0	1.0	0.961	184.194	139920	SOUL
dq17OjiDsec8TDiC	SOUL	EN	0.691	0.878	11.0	0.0	0.546	108.014	210087	SOUL
c1h1hR9YAIJ6dh30	SOUL	EN	0.526	0.6559999999999999	11.0	1.0	0.192	177.773	249693	SOUL
UDR1Y2ydymrQ4C0J	SOUL,SOUL	EN	0.588	0.65	9.0	1.0	0.375	129.092	202320	SOUL
SNegSuQYsmlgIXg9	SOUL	EN	0.509	0.425	10.0	1.0	0.207	70.956	195587	SOUL
CR9YeNEatxRgCI0T	SOUL	EN	0.516	0.5589999999999999	2.0	0.0	0.685	142.207	177093	SOUL
kU8zk2nribAcsKo4	SOUL	EN	0.522	0.35	6.0	1.0	0.313	161.838	276860	SOUL
3CWWBrtacOXnTjB9	MOTOWN,SOUL,SOUL,MOTOWN	EN	0.716	0.604	4.0	0.0	0.799	128.579	160200	SOUL
s9OhDZmkbZmmXoey	SOUL,FUNK	EN	0.652	0.642	6.0	1.0	0.764	89.39299999999999	224133	SOUL
4RKGJI4gu9KRsoNL	SOUL	EN	0.429	0.439	4.0	1.0	0.469	89.788	224053	SOUL
VmuTs5431yNhxVek	SOUL	EN	0.173	0.58	2.0	1.0	0.314	173.55900000000003	155507	SOUL
CNzqWPfto5YPElHM	SOUL	EN	0.5870000000000001	0.624	0.0	1.0	0.251	93.428	262813	SOUL
bn3dGynUVE98a6Wv	SOUL,SOUL	EN	0.7659999999999999	0.454	8.0	1.0	0.263	143.985	229027	SOUL
HT4BjRzTFXbOL32H	SOUL	EN	0.368	0.0453	10.0	0.0	0.04	131.525	182067	SOUL
ZUAd05n8T6RWYE7V	SOUL	EN	0.7240000000000001	0.872	8.0	0.0	0.7829999999999999	95.09	216960	SOUL
edLRCwd1qwB0wQaW	SOUL,NORTHERN SOUL	EN	0.631	0.746	7.0	1.0	0.93	108.875	182533	SOUL
iC1C67pPXgk2cYiz	SOUL	EN	0.6890000000000001	0.401	10.0	0.0	0.387	114.083	318933	SOUL
L80VulKEsRM2FHZH	NEW JACK SWING,SOUL	EN	0.615	0.72	9.0	0.0	0.696	94.002	226947	SOUL
1dPwPPQb4cxfiUZp	SOUL	EN	0.98	0.531	7.0	1.0	0.644	115.018	232400	SOUL
maPYFFu0SEtg21bg	SOUL	EN	0.44	0.421	1.0	1.0	0.365	116.536	251093	SOUL
8usgzoSn0G4IDep3	SOUL	EN	0.33	0.282	2.0	1.0	0.4	108.192	46636	SOUL
u80MRLJbzxSK78b8	FUNK,SOUL	EN	0.703	0.88	11.0	0.0	0.743	114.763	369960	SOUL
ONBhO4IaHLKTd6Mk	SOUNDTRACK,SOUL	EN	0.614	0.589	1.0	1.0	0.894	111.879	196467	SOUL
VuinSHwADsuXw41t	SOUL	EN	0.6679999999999999	0.6809999999999999	7.0	0.0	0.797	179.976	267733	SOUL
fW2WBoZ49R2A9ZhJ	SOUL	EN	0.5329999999999999	0.575	0.0	1.0	0.623	183.946	186080	SOUL
THtczQxHgtXpnea3	SOUL,NEO SOUL	EN	0.179	0.362	0.0	1.0	0.306	173.202	336067	SOUL
hMoLbFgENhtFTrS7	SOUL,FUNK	EN	0.74	0.644	8.0	0.0	0.8809999999999999	81.741	240467	SOUL
xkjcuYdbAc1oFVeO	SOUL	EN	0.6709999999999999	0.2	7.0	0.0	0.389	123.998	209480	SOUL
19OiVL1Z3bWapeTg	SOUL	EN	0.639	0.313	11.0	1.0	0.45	73.257	257933	SOUL
wy2mO4br53nqlXzQ	SOUL,DOWNTEMPO	EN	0.787	0.489	0.0	1.0	0.911	97.713	179973	SOUL
qxC0r64bmUG6KGuS	SOUL,DOO-WOP,SOUL	EN	0.5670000000000001	0.51	6.0	0.0	0.481	83.501	202726	SOUL
KFMxI6xAZA99CDOi	SOUL	EN	0.6579999999999999	0.334	3.0	0.0	0.647	90.173	267733	SOUL
NLVQmrZJMJuhqV85	SMOOTH SOUL	EN	0.782	0.613	0.0	1.0	0.7140000000000001	90.351	270253	SOUL
i6o9MqibS28LLSeN	SOUL	EN	0.628	0.593	8.0	1.0	0.104	125.026	197267	SOUL
5KX35pIrOBfquEaW	SOUL,FUNK	EN	0.621	0.972	8.0	1.0	0.866	155.115	244160	SOUL
wkBpP418wK4Ki1OG	SOUL	EN	0.534	0.782	2.0	0.0	0.305	160.035	314416	SOUL
rSnVz3U3qImLWQPV	SOUL	EN	0.62	0.48	5.0	0.0	0.568	100.004	379973	SOUL
uCKG2cQLppg709SL	SOUL,EXPERIMENTAL	EN	0.655	0.5539999999999999	7.0	1.0	0.696	176.12900000000005	269283	SOUL
0cQdObcXUyY1tLkj	SOUL	EN	0.476	0.604	0.0	0.0	0.583	87.304	395373	SOUL
uDFeJ6ybHRI83w9u	SOUL,REGGAE	EN	0.748	0.622	11.0	0.0	0.838	79.95	303227	SOUL
SGH6fiezWnlNcfKW	SOUL,FUNK	EN	0.657	0.376	9.0	1.0	0.575	84.905	236794	SOUL
oDEh4xN2oYiyYzNo	SOUL,SOUL	EN	0.565	0.7170000000000001	11.0	0.0	0.421	83.916	252013	SOUL
5E7KSO1JoYrl1Z2z	SOUL	EN	0.733	0.557	8.0	1.0	0.346	92.027	243093	SOUL
aUmHE949KXbrFdwv	SOUL,FOLK,SOUL,FOLK	EN	0.44	0.349	4.0	0.0	0.426	164.10299999999995	217360	SOUL
gtzH1cgS9WmmrfQv	FUNK,SOUL,FUNK,SOUL,DISCO	EN	0.701	0.765	4.0	0.0	0.797	121.361	458507	SOUL
JPAgO6kvMLHxkdyl	SOUL,MOTOWN	EN	0.682	0.609	0.0	1.0	0.6859999999999999	99.969	186049	SOUL
bQp6QPA5dQiE6v6f	SOUL,SOUL,MOTOWN	EN	0.382	0.727	9.0	0.0	0.826	207.265	249733	SOUL
lOceSXtperFq8K1z	NEO SOUL	EN	0.611	0.453	4.0	1.0	0.4	130.925	222122	SOUL
wzYyZFKZHaRUKc29	SOUL,SOUL	EN	0.7170000000000001	0.483	9.0	0.0	0.352	109.961	249507	SOUL
suE7TU15cmifXyUj	SOUL,EXPERIMENTAL,AVANT-GARDE	EN	0.8440000000000001	0.39	9.0	1.0	0.963	110.834	170400	SOUL
qmQU48axM5ulYjAX	SOUL	EN	0.852	0.563	10.0	0.0	0.893	92.112	267440	SOUL
hwbGUxZCMCzflyaD	SOUL,MOTOWN	EN	0.631	0.69	2.0	1.0	0.938	94.574	181067	SOUL
j9n1cyvPhXyiodJ0	SOUL	EN	0.617	0.679	5.0	1.0	0.545	89.036	303539	SOUL
rpe25Atcmi1eAVRj	SOUL,MOTOWN	EN	0.5329999999999999	0.49	5.0	0.0	0.8059999999999999	107.962	286467	SOUL
DHNrXANgW5f2GspO	SOUL	EN	0.691	0.758	2.0	1.0	0.6579999999999999	79.016	209867	SOUL
XUOD8AE5NpsT7vRC	SOUL	EN	0.424	0.419	1.0	1.0	0.119	86.5	272340	SOUL
WN70lCj3bOVdDtFt	SOUL,REGGAE	EN	0.696	0.688	0.0	1.0	0.61	92.074	185969	SOUL
NFXAreZ01cTaSGHq	SOUL,NEO SOUL	EN	0.691	0.6809999999999999	0.0	1.0	0.37	101.013	178002	SOUL
SWtKxpxBo87gIcn3	SOUL,SOUL	EN	0.618	0.688	5.0	0.0	0.561	78.311	291880	SOUL
96g2oVIxMEqCfFcF	SOUL	EN	0.527	0.223	9.0	0.0	0.479	145.253	251569	SOUL
QmDnja1N1Q7feob5	SOUL	EN	0.765	0.403	11.0	0.0	0.295	80.38600000000002	226133	SOUL
8tUUOUHWyVgoZOat	SOUL,DISCO,FUNK	EN	0.8270000000000001	0.578	6.0	0.0	0.968	111.447	269640	SOUL
mHiIhYAiXxNFdpSV	SOUL	EN	0.382	0.238	2.0	1.0	0.282	179.875	258067	SOUL
w87msRoJ00eime6K	SOUL	EN	0.512	0.512	4.0	0.0	0.434	95.11	201609	SOUL
5AQGePDtJ6Gy9Uu3	SOUL	EN	0.517	0.375	7.0	1.0	0.306	118.391	237067	SOUL
Z5ib65o9UfEIzLgl	SOUL,BOSSA NOVA,SAMBA	EN	0.879	0.419	3.0	1.0	0.847	148.993	165267	SOUL
IvmaHEehs315xpqj	SOUL	EN	0.343	0.385	11.0	1.0	0.0389	100.735	259640	SOUL
qaBSNkS3e9FY87y4	SOUL	EN	0.502	0.435	9.0	0.0	0.512	90.225	163573	SOUL
7K0zBNDLjFEV483r	SINGER-SONGWRITER,EASY LISTENING,SINGER-SONGWRITER,SOUL	EN	0.495	0.124	7.0	1.0	0.165	124.344	186640	SOUL
7VeP1tFEbGG0RG88	SOUL	EN	0.784	0.778	11.0	0.0	0.953	108.979	281973	SOUL
OGQ58EnYlNUBEyiE	SOUL	EN	0.534	0.579	11.0	1.0	0.436	81.01100000000002	272267	SOUL
NCt9JMdh23cDItWc	SOUL	EN	0.672	0.5539999999999999	10.0	0.0	0.591	165.997	276667	SOUL
aGxA6dOCuZYbRP78	NEW JACK SWING,SOUL	EN	0.637	0.8440000000000001	11.0	1.0	0.481	97.07	308240	SOUL
2sQMHa1qHq6yTlUm	SOUL	EN	0.701	0.44	9.0	1.0	0.487	83.538	214831	SOUL
5LblDvPTzCKqsKMb	SOUL,QUIET STORM	EN	0.625	0.5760000000000001	11.0	0.0	0.235	179.063	193147	SOUL
xr4vtkitBCFS3OLI	SOUL,SOUL	EN	0.8809999999999999	0.579	10.0	0.0	0.8590000000000001	118.973	209293	SOUL
bmw6gxrclAAfJUcU	SOUL	EN	0.679	0.763	9.0	0.0	0.747	157.959	195541	SOUL
nxtqo0wdXHhApyjs	SOUL,NEO SOUL	EN	0.6890000000000001	0.763	6.0	0.0	0.725	172.513	279720	SOUL
5jxzKZJbH00U8XRO	SOUL,FUNK,SOUL,FUNK	EN	0.664	0.586	4.0	0.0	0.727	102.991	174520	SOUL
Qt2K4v72FoqrtJng	FUNK,SOUL	EN	0.813	0.619	7.0	1.0	0.774	114.58	139507	SOUL
yAVqGuz3Sz2FLh7s	SOUL,NEW JACK SWING	EN	0.615	0.514	11.0	1.0	0.8220000000000001	175.84900000000005	260667	SOUL
YNhLoTF1v0KtHB5d	SOUL,REGGAE	EN	0.6559999999999999	0.669	5.0	0.0	0.763	175.94799999999995	204391	SOUL
oS9yRQAJbpFcOKbf	SOUL	EN	0.573	0.679	3.0	0.0	0.648	66.215	380533	SOUL
EpDDU1bN4pGVaCqB	SOUL	EN	0.6970000000000001	0.536	10.0	0.0	0.7340000000000001	99.972	205693	SOUL
z5aAyzoiPu0h9jER	SOUL	EN	0.7440000000000001	0.561	11.0	0.0	0.416	99.0	267133	SOUL
GHiijFFRFqKDNICH	SOUL	EN	0.604	0.82	8.0	1.0	0.27	174.002	237293	SOUL
SlOiOf4FJv2NkKVK	SOUL	EN	0.604	0.0772	6.0	1.0	0.298	63.953	107027	SOUL
YppHvVoBEoQxmkHt	SOUL,DISCO,PHILLY SOUL	EN	0.55	0.682	2.0	0.0	0.5710000000000001	83.479	180427	SOUL
Xa2PpLdYLizqPwFB	SOUL	EN	0.772	0.256	7.0	0.0	0.357	118.902	210240	SOUL
0Gj4pqFby71rvq08	SOUL	EN	0.8490000000000001	0.583	6.0	0.0	0.6659999999999999	98.011	207133	SOUL
guuwNfByu7bqWf7K	SOUL	EN	0.451	0.332	0.0	1.0	0.259	87.484	222333	SOUL
DQmrJGAg3u2n0o7x	SOUL	EN	0.8690000000000001	0.394	11.0	1.0	0.606	115.936	521693	SOUL
AJ7SVDjlJ8Oxz4fM	FUNK,SOUL	EN	0.792	0.51	6.0	1.0	0.84	98.864	376640	SOUL
zu435IwGtNr9JjMF	SOUL,SOUL,PHILLY SOUL	EN	0.615	0.405	4.0	0.0	0.645	118.531	354627	SOUL
r7pNtSJoJAHUrYPm	SOUL,MOTOWN	EN	0.594	0.38	10.0	0.0	0.446	92.004	279333	SOUL
nnxad8rXiojcpFCy	SOUL	EN	0.565	0.652	1.0	1.0	0.267	145.893	235213	SOUL
FXojmZWtBcO0No6e	SOUL,FUNK	EN	0.715	0.5760000000000001	7.0	1.0	0.795	129.156	391400	SOUL
Dm32vPgEMe2zr3IH	MOTOWN,SOUL	EN	0.64	0.381	9.0	0.0	0.677	118.229	192133	SOUL
Fw7FUBx5oyDzFMOF	SOUL	EN	0.753	0.647	6.0	0.0	0.274	119.994	331040	SOUL
Gd1kg2dvge7YuvLL	MOTOWN,SOUL	EN	0.5820000000000001	0.636	0.0	1.0	0.715	135.769	158040	SOUL
9m5NtEigocs6wPvu	SOUL	EN	0.794	0.611	0.0	1.0	0.581	93.082	210587	SOUL
J2BUrMR4uP2NU1u4	SOUL	EN	0.698	0.5329999999999999	2.0	1.0	0.275	134.001	273440	SOUL
b5K2e944Q9xBqjAw	SOUL,FUNK	EN	0.685	0.542	7.0	0.0	0.726	101.463	278840	SOUL
DmL6Jrhlg4DeJDgR	SOUL,SWING	EN	0.6459999999999999	0.911	6.0	1.0	0.8959999999999999	133.018	199073	SOUL
daWAeCeWmdyYJNeB	FUNK,SOUL	EN	0.7020000000000001	0.735	7.0	0.0	0.687	105.177	346667	SOUL
kFOZox4AAlGfbqrl	FUNK,DISCO,DISCO,FUNK,SOUL	EN	0.855	0.826	0.0	1.0	0.7979999999999999	125.013	217849	SOUL
qqenQFCYW5s92daC	NEO SOUL	EN	0.507	0.466	1.0	1.0	0.11	157.013	194253	SOUL
qPfL8d4VEMBLRdqG	SOUL,DISCO	EN	0.6859999999999999	0.561	0.0	1.0	0.933	102.09	209827	SOUL
M8qzYcPgUjhRKyFm	SOUL	EN	0.72	0.434	6.0	1.0	0.7559999999999999	94.421	243360	SOUL
HEnVL3YlIMwD9T1C	SOUL,MOTOWN	EN	0.301	0.309	4.0	0.0	0.384	75.165	233573	SOUL
Z6vTzMAP1JzctSiq	SOUL,FUNK	EN	0.684	0.502	8.0	0.0	0.664	95.889	205813	SOUL
QJI61lHeeC7AVmCK	SOUL	EN	0.6409999999999999	0.511	1.0	0.0	0.217	78.007	255200	SOUL
09zRPbUiTrBZJoi2	AMBIENT,SOUL	EN	0.473	0.512	8.0	1.0	0.194	130.25	327707	SOUL
7l1aqSxKYBye8fUp	SOUL	EN	0.464	0.6659999999999999	6.0	1.0	0.471	130.181	358173	SOUL
r2kFVQg5yytbeCcj	FUNK,FUNK,SOUL	EN	0.698	0.805	5.0	0.0	0.926	95.85	225173	SOUL
AtbzoXJTSfmk0P1w	FUNK,SOUL	EN	0.596	0.871	2.0	0.0	0.961	80.939	175773	SOUL
2cUzl7OewyyHIDlO	SOUL	EN	0.6970000000000001	0.5660000000000001	8.0	1.0	0.615	120.054	257973	SOUL
g7VJhfOQIC6x72lS	SOUL	EN	0.769	0.7809999999999999	0.0	1.0	0.826	95.02	269973	SOUL
36CuI2BqccsbuKTd	FUNK,SOUL	EN	0.763	0.901	6.0	1.0	0.762	119.968	192507	SOUL
ZhFxcn7myuByUHk5	SOUL,REGGAE	EN	0.619	0.623	0.0	0.0	0.758	94.675	159813	SOUL
IX3ZQODDjAsrn5wT	NORTHERN SOUL,SOUL	EN	0.7979999999999999	0.542	6.0	1.0	0.8809999999999999	151.594	149787	SOUL
W1KQe9A1SdbULx79	COUNTRY,SOUL,COUNTRY	EN	0.552	0.402	11.0	1.0	0.382	103.313	193200	SOUL
zYLPylpOxSkbP3dS	SOUL,SOUL	EN	0.884	0.59	8.0	1.0	0.797	103.03	250373	SOUL
2pfMUbYjXMMH4Xg0	FUNK,SOUL	EN	0.657	0.4920000000000001	8.0	0.0	0.966	166.646	249227	SOUL
djJhZPBrS6E7CurH	SOUL	EN	0.7829999999999999	0.552	9.0	0.0	0.884	122.701	227067	SOUL
vaw43bvFmszYaCW1	SOUL	EN	0.598	0.638	4.0	0.0	0.422	79.956	210400	SOUL
t618k21pj0kt3R9W	SOUL	EN	0.698	0.7759999999999999	1.0	0.0	0.92	104.001	192960	SOUL
cxAcK7ZKnaWLRyme	NEO SOUL	EN	0.73	0.623	9.0	0.0	0.873	96.067	209867	SOUL
aHuO9YbF80pTCVLY	FUNK,DISCO,SOUL	EN	0.912	0.534	6.0	0.0	0.963	114.681	275813	SOUL
PoZY981UqDMOOj7a	SOUL,SOUL	EN	0.502	0.404	0.0	1.0	0.0624	69.785	178347	SOUL
irbjz6TVDioI2bfK	SOUL	EN	0.6970000000000001	0.422	0.0	1.0	0.159	132.016	259067	SOUL
wDoUgbOw7CVl8TlY	SOUL	EN	0.552	0.531	8.0	1.0	0.324	91.573	275320	SOUL
ZBiSTPeQfVsTfplM	SOUL	EN	0.534	0.6920000000000001	0.0	0.0	0.342	106.062	274053	SOUL
EQTvrAwd5WIW2S5n	SOUL	EN	0.335	0.226	0.0	1.0	0.234	56.582	163427	SOUL
2K1SfANKQR6RJHNN	SOUL	EN	0.7659999999999999	0.439	2.0	0.0	0.967	105.611	184133	SOUL
q156lBqgpVAFseEZ	SOUL	EN	0.599	0.442	3.0	0.0	0.415	96.213	255720	SOUL
xfLmhSFGUiuR84bB	SOUL	EN	0.688	0.638	11.0	1.0	0.75	92.04	255187	SOUL
apZmuQsjfccwSBP7	SOUL	EN	0.726	0.604	10.0	0.0	0.386	82.52799999999998	244364	SOUL
PNaNIRplNy5Jevqp	SOUL	EN	0.685	0.769	4.0	0.0	0.7709999999999999	119.383	216467	SOUL
dr1tTyiyVmyjekYi	SOUL,SINGER-SONGWRITER	EN	0.5920000000000001	0.431	10.0	1.0	0.266	123.784	205413	SOUL
M1a6CoW3VMks6ELR	SOUL	EN	0.764	0.625	1.0	1.0	0.232	125.984	177480	SOUL
ECpbuyhLeRiJNty1	SOUL	EN	0.607	0.919	5.0	1.0	0.664	151.42600000000004	246133	SOUL
dcZa8bCLDiHn1CRg	SOUL	EN	0.7390000000000001	0.341	10.0	1.0	0.231	80.958	266000	SOUL
CumUPx9Vr61C5YQ3	SOUL	EN	0.476	0.667	3.0	0.0	0.825	97.089	313827	SOUL
TmfxRNJKr0UO8iGI	SOUL,SOUL	EN	0.568	0.682	8.0	1.0	0.366	92.99	217947	SOUL
tl1NkiYEmR0IBDFF	SOUL	EN	0.586	0.411	6.0	0.0	0.31	90.005	226253	SOUL
ZBcAh3NNceyAKJT9	SOUL,SOUL	EN	0.478	0.552	1.0	1.0	0.659	180.97	232587	SOUL
M9b8NwWu2JR9qoXS	SOUL,DISCO	EN	0.605	0.7979999999999999	9.0	1.0	0.669	120.725	204333	SOUL
1s99t9M0gGzbcgm0	SOUL	EN	0.451	0.654	3.0	0.0	0.523	81.187	172813	SOUL
1bxQYkB7yTMnMfLV	SOUL	EN	0.523	0.539	5.0	1.0	0.415	84.266	469831	SOUL
bh1AqIHFjN2MIOGf	DISCO,SOUL	EN	0.6990000000000001	0.669	5.0	0.0	0.947	110.951	380173	SOUL
ipLYIkefWVTPGHEX	SINGER-SONGWRITER,SOUL	EN	0.785	0.394	4.0	1.0	0.131	100.002	258747	SOUL
sYrDMOHe3OwX2y7r	SOUL	EN	0.588	0.479	1.0	1.0	0.434	150.414	460573	SOUL
XNpTQcgVbBOBmShc	SOUL,FUNK	EN	0.835	0.741	8.0	1.0	0.612	111.963	182066	SOUL
QJdV0mBSlbs6Kf4H	SOUL,CLASSIC SOUL	EN	0.711	0.44	7.0	0.0	0.5770000000000001	107.603	199067	SOUL
ow8WJsYDI0g0hJRp	SOUL,FUNK	EN	0.8059999999999999	0.708	9.0	0.0	0.921	102.762	157667	SOUL
YolR0Dlk8YnpeRen	SOUL	EN	0.6609999999999999	0.604	11.0	0.0	0.721	95.971	277600	SOUL
adIzR84E3lNBqTTk	SOUL	EN	0.4320000000000001	0.202	0.0	1.0	0.6409999999999999	100.082	140533	SOUL
H3pFIPVEqFZTRN4u	SOUL	EN	0.6559999999999999	0.536	2.0	0.0	0.22	120.034	252400	SOUL
50znAjnlp7SvIttR	SOUL	EN	0.705	0.458	1.0	1.0	0.8270000000000001	145.01	225124	SOUL
KhxXZv4yjGjC2q4Y	SOUL	EN	0.599	0.5529999999999999	7.0	0.0	0.585	81.377	261333	SOUL
vGa970o7Hj0hiIyJ	SOUL	EN	0.621	0.6829999999999999	0.0	0.0	0.552	88.81299999999997	215360	SOUL
Ebp9KsTWQF13qUn3	SOUL,SOUL	EN	0.64	0.4270000000000001	8.0	0.0	0.341	130.006	386612	SOUL
9c0fLWLOQrRNqzuU	MOTOWN,SOUL	EN	0.691	0.581	10.0	1.0	0.91	126.615	174440	SOUL
Dpal7if8lDQd0DgD	SOUL,MOTOWN	EN	0.5720000000000001	0.418	0.0	1.0	0.6940000000000001	104.566	165000	SOUL
gY8y3O7UtphzLNzr	FUNK,SOUL	EN	0.6779999999999999	0.392	0.0	1.0	0.706	171.274	199640	SOUL
PKmbzmOjlsjpEFcf	SOUL	EN	0.6990000000000001	0.545	6.0	0.0	0.5660000000000001	109.058	249493	SOUL
4kIWaMN0cxg46CQ8	SOUL,SINGER-SONGWRITER	EN	0.4320000000000001	0.78	2.0	1.0	0.48	76.251	236027	SOUL
EjmorMihxefuQpHm	SOUL	EN	0.583	0.471	7.0	0.0	0.7959999999999999	163.364	161480	SOUL
UFfhGsatH9it7XFI	SOUL,DISCO	EN	0.489	0.6579999999999999	10.0	0.0	0.6659999999999999	80.764	186253	SOUL
FHHxaRIERHkKkJh4	SOUL	EN	0.703	0.392	7.0	1.0	0.423	95.009	258300	SOUL
DXrdGxGw8Scbs4m4	SOUL	EN	0.5760000000000001	0.642	1.0	0.0	0.84	185.95	291027	SOUL
7XJGd6mLuhGnA3Ts	SOUL	EN	0.422	0.375	11.0	1.0	0.13	133.996	284347	SOUL
V7C6wvXr38FHbztY	FUNK,DISCO,SOUL	EN	0.823	0.51	0.0	1.0	0.7979999999999999	114.83	335067	SOUL
1ZDeLHmbKM5AZCQR	SOUL	EN	0.287	0.415	1.0	0.0	0.174	70.422	332788	SOUL
XUmmEYy9mEUCUyFn	FUNK,SOUL	EN	0.6970000000000001	0.868	10.0	0.0	0.8640000000000001	119.105	205323	SOUL
Fv0V9LcJVsfsw9Mr	FUNK,SOUL,FUNK,SOUL,DISCO	EN	0.565	0.695	0.0	1.0	0.951	97.246	279760	SOUL
57smtw3MnhkzxhvA	SOUL,NEO SOUL	EN	0.358	0.225	9.0	1.0	0.487	69.569	255400	SOUL
jynG2xgzdY4GOUrK	SOUL	EN	0.5	0.388	11.0	0.0	0.513	151.874	261250	SOUL
u7UmVUPmAYo1DSJj	SOUL	EN	0.727	0.79	1.0	1.0	0.967	91.707	196280	SOUL
l2h2rsf0r84l1N5O	DOWNTEMPO,SOUL,TRIP HOP	EN	0.563	0.609	7.0	0.0	0.208	110.96	180440	SOUL
3xt2YmhPZfFi5a67	SOUL	EN	0.5489999999999999	0.441	4.0	1.0	0.7040000000000001	95.605	317787	SOUL
plhonaNvEWTGKSvE	SOUL	EN	0.509	0.884	0.0	1.0	0.321	98.038	212740	SOUL
qe7V2y8H6MUe89Mz	SOUL	EN	0.481	0.448	8.0	0.0	0.218	74.012	204667	SOUL
GVs1Ty1JUb6qBliI	SOUL	EN	0.58	0.6970000000000001	1.0	0.0	0.598	142.01	223664	SOUL
6JQx1r3MLhuiqebM	SOUL,SOUNDTRACK	EN	0.502	0.333	7.0	1.0	0.7290000000000001	96.982	174360	SOUL
xLSp3vQqnzEcam1c	SOUL	EN	0.463	0.273	0.0	0.0	0.293	146.42600000000004	239960	SOUL
pMv2Vw6uTRleODCX	SOUL,QUIET STORM	EN	0.8079999999999999	0.715	1.0	0.0	0.825	100.034	161800	SOUL
owIbTeWxPxLNqQeW	SOUL	EN	0.725	0.514	11.0	0.0	0.79	105.249	212387	SOUL
jSRVeznFvJ5TBmoR	SOUL	EN	0.494	0.0644	7.0	1.0	0.0958	115.089	251000	SOUL
huzcgbMERpg9pwjm	SOUL,FUNK	EN	0.7959999999999999	0.475	1.0	1.0	0.595	101.361	253573	SOUL
0aTr8HKBZUuxwexW	SOUL	EN	0.657	0.405	0.0	0.0	0.0673	133.895	196360	SOUL
Vyw5Q4e3d6EQFVDf	SOUL	EN	0.627	0.5670000000000001	0.0	1.0	0.29	122.201	291253	SOUL
KthR2EQhKMfmUfhh	SOUL	EN	0.698	0.669	10.0	0.0	0.8640000000000001	100.3	195947	SOUL
9jLdAj65rZUHdIaa	SOUL	EN	0.69	0.544	11.0	0.0	0.225	73.987	238333	SOUL
DsbSSHs07B3IccN5	SOUL	EN	0.595	0.507	7.0	1.0	0.337	86.09899999999998	249240	SOUL
dMr8rmXKYmQpOO1S	FOLK,SINGER-SONGWRITER,SOUL	EN	0.705	0.7190000000000001	2.0	0.0	0.815	80.03399999999998	177960	SOUL
iro2tEZzNER2Zusk	SOUL	EN	0.528	0.508	2.0	1.0	0.528	83.17	261600	SOUL
2IOWPybcxMMYTWYl	SOUL	EN	0.472	0.5710000000000001	9.0	0.0	0.654	139.996	469173	SOUL
Rbsuf3yES3kDlUjo	SOUL,FUNK	EN	0.82	0.569	1.0	1.0	0.727	99.843	296720	SOUL
S9ppCfJiyWLpqDpD	SOUL	EN	0.634	0.4920000000000001	7.0	1.0	0.101	137.981	202360	SOUL
wElp3gwsz8YPvqEz	SOUL	EN	0.753	0.7659999999999999	11.0	1.0	0.735	124.949	191173	SOUL
6cf2gkrUT2coxHEF	SOUL,MOTOWN	EN	0.593	0.7909999999999999	8.0	0.0	0.63	112.295	188800	SOUL
diHwetZnvY7N5B4t	SOUL	EN	0.374	0.1369999999999999	10.0	0.0	0.312	181.256	177080	SOUL
OKl31Myy8GMPDSlZ	SOUL,FUNK	EN	0.782	0.494	0.0	1.0	0.401	65.832	127273	SOUL
MpWAD392ceP4AxHa	SOUL,FUNK	EN	0.875	0.83	8.0	1.0	0.67	114.024	178051	SOUL
hNg1CC0WFbSJiTAU	NEW JACK SWING,NEW JACK SWING,SOUL	EN	0.7879999999999999	0.745	6.0	1.0	0.688	110.133	303707	SOUL
MsP4rOJuGAlL4yR8	SOUL	EN	0.736	0.449	1.0	0.0	0.326	80.126	219080	SOUL
yjo9RiyzrQBIlvuo	SOUL	EN	0.573	0.416	0.0	0.0	0.498	130.29399999999998	372959	SOUL
AvAzxWdNlRUjubX3	SOUL,FUNK	EN	0.508	0.755	6.0	0.0	0.813	84.132	206853	SOUL
QPWmvneLexPbb6gx	DISCO,FUNK,SOUL	EN	0.7	0.816	7.0	0.0	0.838	113.244	375400	SOUL
giggjHlusqieNE8L	SOUL	EN	0.745	0.7390000000000001	1.0	0.0	0.481	100.002	201213	SOUL
r7ZqgRuTjBFd0VHZ	SOUL,MOTOWN,FUNK	EN	0.45	0.81	1.0	1.0	0.86	101.568	479413	SOUL
BYGEzspqV3EiSOhc	SOUL	EN	0.757	0.499	11.0	0.0	0.588	102.459	285707	SOUL
23sYNJRnrWJupZOj	SOUL,CLASSIC SOUL	EN	0.6829999999999999	0.526	8.0	1.0	0.679	120.585	314227	SOUL
0jkSMHuh3vlWT3os	SOUL	EN	0.677	0.634	5.0	1.0	0.86	116.764	151200	SOUL
M1VDOtLhyHnOlIiI	SOUL	EN	0.789	0.541	2.0	0.0	0.7	81.82600000000002	311640	SOUL
pVckU3ZRRlAmMe1M	FUNK,SOUL	EN	0.926	0.7140000000000001	9.0	1.0	0.887	107.564	183680	SOUL
xUsrGbjirGDzbtdB	SOUL	EN	0.521	0.349	5.0	1.0	0.267	131.76	195133	SOUL
9iRJtjMJFIapl5EW	SOUL	EN	0.593	0.619	3.0	0.0	0.6679999999999999	80.02	326533	SOUL
jpqe0ypC223vVqTD	SOUL	EN	0.741	0.5920000000000001	6.0	0.0	0.8220000000000001	111.984	310133	SOUL
UPKqTWS3ef65CZYQ	SOUL	EN	0.58	0.636	1.0	1.0	0.253	104.853	176688	SOUL
YXtliKFV0cYVXZ37	DISCO,SOUL	EN	0.7390000000000001	0.8959999999999999	7.0	1.0	0.8540000000000001	124.011	413707	SOUL
7TSgGaIDIvZYU9cu	SOUL	EN	0.66	0.489	0.0	1.0	0.675	168.171	262373	SOUL
59IQw8qQLHhdnVmD	SOUL	EN	0.481	0.216	9.0	1.0	0.255	78.768	148413	SOUL
uyhpfyVGtU89tq5y	MOTOWN,SOUL	EN	0.5660000000000001	0.44	3.0	1.0	0.706	89.475	162707	SOUL
c0HqFUqvGXrSuCkW	SOUL	EN	0.578	0.58	2.0	0.0	0.249	145.868	226000	SOUL
zIKj7s5fOdvD85CW	NORTHERN SOUL,NORTHERN SOUL,SOUL	EN	0.691	0.468	10.0	1.0	0.775	131.086	157547	SOUL
u6qEtYf5G8Pe820P	SOUL	EN	0.675	0.386	11.0	0.0	0.336	135.954	219488	SOUL
KdjcOXqXZ7acQcr6	REGGAE,SOUL	EN	0.845	0.326	0.0	1.0	0.368	88.988	273093	SOUL
HLEqyf1gdKMUBJbd	SOUL	EN	0.309	0.446	2.0	1.0	0.233	79.73	219133	SOUL
mYalYoqiamKOzjUB	MOTOWN,SOUL	EN	0.638	0.677	5.0	1.0	0.7809999999999999	119.475	140960	SOUL
LNWaUJsY0B8rQnlf	SOUL	EN	0.774	0.524	5.0	0.0	0.329	120.05	228000	SOUL
ycn6HnRF1UE3pkTV	SOUL,PHILLY SOUL	EN	0.6729999999999999	0.823	0.0	0.0	0.7170000000000001	99.909	303080	SOUL
CTRWzwnNfAb9VXnl	SOUL,EASY LISTENING	EN	0.73	0.511	8.0	1.0	0.873	80.016	177653	SOUL
XYqrW3njmoWS58SZ	SOUL	EN	0.546	0.495	8.0	1.0	0.357	133.976	323360	SOUL
6oS7S9hIGfTCr9Ki	SOUL	EN	0.312	0.6609999999999999	0.0	0.0	0.443	82.39	197575	SOUL
sHqmoUfCp8jOxAnJ	SOUL,FUNK	EN	0.8170000000000001	0.405	10.0	0.0	0.898	121.467	419640	SOUL
5MFYmEucqWZqwMmB	SOUL,QUIET STORM	EN	0.615	0.373	8.0	1.0	0.736	143.22299999999996	297707	SOUL
O0RApPfIhvDT1B7w	SOUL	EN	0.573	0.462	1.0	0.0	0.399	112.682	252547	SOUL
EuJtWF2wpgVYCQ5x	SOUL	EN	0.802	0.552	5.0	0.0	0.601	105.481	214560	SOUL
APda3TcQuchaKb0m	SOUL	EN	0.364	0.245	0.0	1.0	0.163	176.968	412813	SOUL
HSERm6X50jIh2Bgn	SOUL	EN	0.51	0.627	7.0	1.0	0.234	110.992	239213	SOUL
Zq9UVqMR5jNVn7Oz	SOUL,FUNK	EN	0.8059999999999999	0.494	4.0	0.0	0.502	91.439	207117	SOUL
FETbb3Eiew75ciy8	GOSPEL,SOUL,NEO SOUL	EN	0.424	0.484	11.0	1.0	0.523	92.514	210133	SOUL
nv00pislrfOkUfpE	SOUL	EN	0.65	0.39	0.0	0.0	0.24	94.826	260160	SOUL
MKarCWKWz6qLwekA	SOUL	EN	0.74	0.363	10.0	1.0	0.805	79.858	304240	SOUL
Qcv0uE3veFH8KBvt	SOUL,MOTOWN,FUNK	EN	0.523	0.7929999999999999	1.0	0.0	0.795	100.697	274400	SOUL
ZfWPF6FkOponzfio	SOUL	EN	0.473	0.241	5.0	1.0	0.404	115.163	357360	SOUL
HAvw6eIas2yvwAN9	SOUL,SOUL	EN	0.583	0.37	8.0	1.0	0.122	123.919	381853	SOUL
qebIf4mDDd09ba13	SOUL	EN	0.586	0.349	11.0	1.0	0.418	77.642	279267	SOUL
BErb0WZfxvyJymL7	NEW JACK SWING,SOUL	EN	0.755	0.848	2.0	1.0	0.77	114.134	235227	SOUL
NeiQXDjkqQXiLxcR	SOUL,NEO SOUL	EN	0.664	0.459	11.0	1.0	0.356	99.765	222413	SOUL
pVSInWBxOsfCvTSy	SOUL,FUNK,DISCO	EN	0.625	0.8690000000000001	2.0	0.0	0.89	114.223	219440	SOUL
QVB7AU15xYsNQYJh	SOUL	EN	0.304	0.4320000000000001	2.0	1.0	0.329	72.447	197267	SOUL
b8qdr9JEkvClBKB7	SOUL	EN	0.682	0.5429999999999999	0.0	0.0	0.478	71.582	218467	SOUL
RCsf8tGhwJ5CjNyH	SOUL	EN	0.733	0.415	0.0	0.0	0.652	92.023	254305	SOUL
SjAd4TlMcKB5X4lq	MOTOWN,SOUL,MOTOWN,SOUL	EN	0.5429999999999999	0.856	0.0	0.0	0.852	82.946	169533	SOUL
14aU4oKeYHFMyNnk	DISCO,SOUL	EN	0.925	0.875	7.0	0.0	0.973	132.8	208000	SOUL
rlI0JfjOblN9TW4x	SOUL	EN	0.63	0.682	6.0	1.0	0.391	112.077	360107	SOUL
IeGZ9vCOAir0YoxN	SOUL,MOTOWN,SOUL,MOTOWN	EN	0.6609999999999999	0.748	0.0	1.0	0.8759999999999999	134.171	150760	SOUL
7EWBXXC8S6KicQYR	SOUL	EN	0.431	0.434	9.0	1.0	0.143	97.929	252533	SOUL
PMxyGMrC3u1bM0Qg	SOUL	EN	0.358	0.541	2.0	0.0	0.409	85.595	327693	SOUL
FGdQtWRXYxG1Z1l3	SOUL	EN	0.606	0.408	5.0	1.0	0.535	92.103	290840	SOUL
oEuMJpIYqVZzAIuN	SOUL,SINGER-SONGWRITER	EN	0.5720000000000001	0.629	11.0	1.0	0.478	120.037	256813	SOUL
SkR4grgAOvbX5bJ3	SOUL	EN	0.414	0.557	7.0	0.0	0.43	187.699	220656	SOUL
vFzcCaIb4EYtP1qg	SOUL	EN	0.687	0.583	7.0	1.0	0.21	95.137	303903	SOUL
oi4mKGA9VVcftqyg	SOUL	EN	0.5329999999999999	0.7490000000000001	3.0	0.0	0.569	89.98899999999998	290907	SOUL
dfHiLJCoCPdURReM	SOUL	EN	0.624	0.488	4.0	0.0	0.273	84.21799999999998	230853	SOUL
AzhOTHhueTjjJxVh	SOUL	EN	0.636	0.564	3.0	1.0	0.648	134.00799999999998	156867	SOUL
p3beK4QRoDHaR18a	SOUL	EN	0.8270000000000001	0.7	0.0	1.0	0.961	117.366	235733	SOUL
cz9LGmaW0nrNoPl9	SOUL,NEO SOUL	EN	0.581	0.855	7.0	1.0	0.535	82.19	241453	SOUL
9y7pBOBI7bZKlI8w	SOUL	EN	0.782	0.3670000000000001	1.0	0.0	0.425	99.004	303030	SOUL
McbdEnPT81BwiO6u	DISCO,SOUL,DISCO,SOUL	EN	0.649	0.7	5.0	0.0	0.972	122.697	243240	SOUL
DoiTJE7pECi6WYed	SOUL	EN	0.479	0.446	11.0	1.0	0.118	130.63	200620	SOUL
0jP2q4c51hZRm8eK	SOUL,FUNK,SOUNDTRACK	EN	0.84	0.856	8.0	1.0	0.763	93.41	148813	SOUL
WUdsLeEFr7kr1iqN	FOLK,SINGER-SONGWRITER,SOUL	EN	0.816	0.144	7.0	1.0	0.523	99.678	169013	SOUL
dPWzzDjrbZZZgqbT	QUIET STORM,SOUL	EN	0.733	0.5660000000000001	8.0	0.0	0.775	141.94	275827	SOUL
s4F0L1mhX9uZaneF	NEO SOUL	EN	0.63	0.456	4.0	1.0	0.362	107.809	159924	SOUL
SnzOS9ZblK0kOyqU	SOUL	EN	0.426	0.8140000000000001	1.0	0.0	0.488	165.71	286520	SOUL
oeLHJHBGVbkNSouT	SOUL	EN	0.69	0.5720000000000001	7.0	1.0	0.375	111.919	235667	SOUL
d1bKoUtmyuTXpWko	SOUL	EN	0.5589999999999999	0.601	3.0	1.0	0.604	114.08	126133	SOUL
sbiJGVRJGtfYciE7	SOUL	EN	0.615	0.597	5.0	1.0	0.825	77.032	193547	SOUL
j6NFnqnGJw9TFHTa	SOUL	EN	0.612	0.605	5.0	0.0	0.318	185.971	301787	SOUL
JJoLhrBjLBIAwifY	SOUL	EN	0.342	0.435	10.0	1.0	0.16	82.302	264907	SOUL
wOLwAc0LPkOFRHQm	SOUL	EN	0.613	0.67	11.0	1.0	0.628	144.947	252505	SOUL
8bzrYDQomAOvz0aN	SOUL	EN	0.764	0.635	4.0	0.0	0.619	100.544	249733	SOUL
EajValefiGiPTnk4	SOUL	EN	0.718	0.282	0.0	0.0	0.5720000000000001	97.866	167360	SOUL
wNRZbOVOrRNXdwb2	FUNK,DISCO,SOUL,FUNK,DISCO,SOUL	EN	0.7120000000000001	0.757	2.0	1.0	0.7290000000000001	120.165	262507	SOUL
HMUvA06ToE99akCc	SOUL	EN	0.621	0.363	11.0	0.0	0.134	82.057	241667	SOUL
m56JEXCsWAvVOcGf	SOUL,MOTOWN	EN	0.3	0.838	3.0	1.0	0.6940000000000001	181.868	184200	SOUL
Raj00rC9sWbeCSUI	SOUL,FUNK,CLASSIC SOUL	EN	0.627	0.733	5.0	1.0	0.8220000000000001	90.506	134480	SOUL
8u5ehLaNe6QHxv5F	SOUL,QUIET STORM	EN	0.569	0.205	9.0	1.0	0.327	115.705	333093	SOUL
2OG7fqjV1NOdRpeP	SOUL	EN	0.6709999999999999	0.82	2.0	0.0	0.5720000000000001	91.775	242733	SOUL
oMYkekDEeLw9ezHc	SOUL	EN	0.68	0.54	2.0	1.0	0.718	94.548	206213	SOUL
oLzwSU4pMrfA90j6	SOUL	EN	0.446	0.5429999999999999	10.0	1.0	0.8759999999999999	173.226	184400	SOUL
Sp5wQ86ChzF8GEMW	SOUL	EN	0.629	0.58	2.0	1.0	0.213	87.12899999999998	253080	SOUL
SrTsckVQkMALKDCf	MOTOWN,SOUL	EN	0.5579999999999999	0.6859999999999999	7.0	1.0	0.8859999999999999	132.075	170760	SOUL
6RHLOKbCV6BT3s1o	SOUL,QUIET STORM	EN	0.721	0.289	0.0	0.0	0.508	119.873	272560	SOUL
d9pRpLrnwWFU3JrE	DISCO,SOUL	EN	0.8640000000000001	0.614	0.0	0.0	0.772	113.884	329107	SOUL
KJQJ2bjVe7c4ezjz	SOUL	EN	0.5720000000000001	0.209	8.0	1.0	0.446	80.069	249668	SOUL
niEffBEGRADgYdQN	SOUL	EN	0.545	0.584	6.0	0.0	0.534	144.153	390533	SOUL
ErsbnnE7dVGwRJIF	SOUL	EN	0.8009999999999999	0.38	11.0	0.0	0.6920000000000001	112.262	203689	SOUL
hi55ZssVLj8GEppY	SOUL,NEO SOUL	EN	0.512	0.459	3.0	0.0	0.12	111.913	276400	SOUL
gwqWiixNQrMCgy7R	SOUL	EN	0.5579999999999999	0.508	6.0	0.0	0.209	99.336	266227	SOUL
mvJudGv0j8zz1Sln	SOUL	EN	0.453	0.72	10.0	0.0	0.586	86.988	261773	SOUL
jrMf3Z7lD5dnb0uX	SOUL	EN	0.487	0.774	11.0	1.0	0.415	80.928	229333	SOUL
vXPRqrocKoOoMJS8	FUNK,SOUL,HALLOWEEN	EN	0.8	0.603	4.0	0.0	0.92	103.984	170453	SOUL
fqvEgwapRUre9ldH	SOUL	EN	0.612	0.605	5.0	1.0	0.201	94.964	239027	SOUL
7LCtt1hoMmHg6m7F	SOUL,NEO SOUL	EN	0.698	0.6859999999999999	1.0	0.0	0.62	139.968	251067	SOUL
O40vfooNbfdhQCbP	SOUL	EN	0.588	0.254	4.0	0.0	0.418	119.32	182000	SOUL
qhm1SUfvjT51IYbd	SOUL,QUIET STORM	EN	0.564	0.772	2.0	1.0	0.483	82.992	222067	SOUL
SZfmJ3sPkfNCdfzg	SOUL	EN	0.895	0.8759999999999999	1.0	0.0	0.927	109.724	138427	SOUL
aiIuZAkmMBDyWjBJ	SOUL	EN	0.825	0.5920000000000001	11.0	1.0	0.487	117.018	310810	SOUL
7kY3WMJTP9n4NOT8	SOUL	EN	0.451	0.573	6.0	0.0	0.087	85.921	340333	SOUL
mC0HJm7s7bQ37iNK	FUNK,SOUL	EN	0.7879999999999999	0.852	4.0	0.0	0.8690000000000001	122.375	449640	SOUL
BN2hjyHNK7Dst84z	SOUL	EN	0.332	0.371	4.0	1.0	0.375	173.273	249093	SOUL
FVAkrRqcPyOiGizW	SOUL	EN	0.616	0.364	2.0	0.0	0.377	179.987	238867	SOUL
4CR3IKpVVJDrWZ5n	SOUL,SINGER-SONGWRITER	EN	0.557	0.501	1.0	0.0	0.321	77.565	247742	SOUL
vFCbb3TgeTysiDLM	SOUL	EN	0.691	0.718	2.0	1.0	0.934	110.621	266200	SOUL
TRoD4iRNca730tgF	SOUL	EN	0.664	0.486	7.0	0.0	0.404	128.32299999999998	234240	SOUL
0tPlvWF1RO08o2P0	FUNK,AFROBEAT,SOUL	EN	0.546	0.54	6.0	0.0	0.453	87.96700000000001	200600	SOUL
3CBiim1GHezC7xMq	SOUL	EN	0.487	0.179	0.0	0.0	0.381	67.555	281867	SOUL
kzcUWQF9Hi1VkD23	SOUL	EN	0.6729999999999999	0.785	0.0	0.0	0.684	113.918	222122	SOUL
9zd0kRfleuLbFKXf	SOUL,NEO SOUL	EN	0.569	0.813	4.0	0.0	0.333	108.003	206187	SOUL
TQsgajoeotNyGbw5	SOUL,REGGAE,MOTOWN,FUNK	EN	0.8590000000000001	0.424	10.0	0.0	0.969	131.077	307933	SOUL
OgjsoXkFDMr2IEWm	FUNK,SOUL,DISCO	EN	0.602	0.816	6.0	0.0	0.759	127.728	341930	SOUL
0xIicRjRs4fwP6iP	SOUL	EN	0.516	0.703	3.0	1.0	0.911	186.5	189400	SOUL
BeM9jQopehpqBkTM	SOUL,EXPERIMENTAL	EN	0.404	0.27	10.0	1.0	0.39	168.977	173210	SOUL
YrLlxzw1QeYCPPHj	FUNK,SOUL	EN	0.743	0.347	1.0	1.0	0.5720000000000001	160.143	326933	SOUL
MTRHF9Nso5JPm3Ef	SOUL	EN	0.789	0.605	10.0	1.0	0.163	127.997	249827	SOUL
8JTgILdJUh8UTZ7M	SOUL	EN	0.745	0.718	7.0	1.0	0.6809999999999999	93.916	235600	SOUL
dmTbGFLdNWfi9w2P	SOUL	EN	0.8170000000000001	0.485	7.0	1.0	0.672	100.978	228267	SOUL
4fNOkOQVsp2lkBen	SOUL	EN	0.653	0.609	11.0	0.0	0.482	95.982	210200	SOUL
wFZiHErqiQ1e0ECp	SOUL	EN	0.5870000000000001	0.624	0.0	1.0	0.251	93.428	262813	SOUL
wlzCYtmV2GDLI1ne	SOUL	EN	0.39	0.901	6.0	0.0	0.774	177.762	187749	SOUL
GP7FRok7N4gPhyO2	SOUL	EN	0.445	0.34	0.0	0.0	0.177	116.826	250093	SOUL
8CGCYfd1aPEgh3aC	SOUL,FUNK	EN	0.6609999999999999	0.763	2.0	1.0	0.706	126.38	257373	SOUL
mvGTHZNsgByQmw6Q	SOUL	EN	0.405	0.846	6.0	1.0	0.602	82.23200000000001	248337	SOUL
6avDvC82LLM2yije	SOUL	EN	0.703	0.469	11.0	0.0	0.6609999999999999	86.038	291667	SOUL
XlGSM0HwNl30F8Jw	FUNK,SOUL	EN	0.476	0.736	7.0	0.0	0.616	91.614	373240	SOUL
odcL1mFXpPHR4OXT	SOUL	EN	0.705	0.513	4.0	1.0	0.649	168.05599999999995	213293	SOUL
F4AeaQZMukOuIE1E	SOUL	EN	0.8029999999999999	0.384	5.0	0.0	0.675	144.05100000000004	252307	SOUL
p9GktZaehjFKT4rE	SOUL	EN	0.629	0.81	5.0	0.0	0.853	99.923	253320	SOUL
kJGlPU5fshL3hnOM	SOUL,SOUL	EN	0.634	0.412	5.0	0.0	0.6729999999999999	121.714	282107	SOUL
qKAADsa4DO6cY8Fl	SOUL	EN	0.41	0.601	7.0	1.0	0.516	173.273	369293	SOUL
M6QMtegWRgeTrfqx	SOUL	EN	0.485	0.236	0.0	1.0	0.5489999999999999	86.896	187013	SOUL
oCKOoWo1k2OpPn0f	SOUL	EN	0.506	0.7440000000000001	8.0	1.0	0.7140000000000001	131.165	392240	SOUL
jzmkPb4SbKETulDI	SOUL	EN	0.925	0.56	8.0	0.0	0.966	92.895	265867	SOUL
XOxfXB4VqH0sV7hi	SINGER-SONGWRITER,SOUL	EN	0.54	0.525	4.0	1.0	0.446	129.863	228400	SOUL
XvxWzy9IBiG4LuJA	SOUL,FUNK	EN	0.328	0.703	8.0	1.0	0.5579999999999999	175.392	295040	SOUL
NHc64JOnXl6KAJ5l	SOUL,SOUNDTRACK	EN	0.6709999999999999	0.727	7.0	1.0	0.8009999999999999	102.358	243493	SOUL
Z1d4O37oizXLsx5i	SOUL	EN	0.732	0.789	5.0	0.0	0.607	107.978	160760	SOUL
xepD5AOHskkc2SYZ	SOUL	EN	0.565	0.383	3.0	1.0	0.614	141.653	145600	SOUL
ef7sg5B2Mn9hIv2h	SOUL	EN	0.623	0.657	7.0	1.0	0.6859999999999999	166.925	247653	SOUL
EuRYOsxvF05UssUs	SOUL	EN	0.515	0.151	4.0	0.0	0.2	121.804	268800	SOUL
fcnay0eaPecTdT7S	SOUL	EN	0.601	0.635	4.0	1.0	0.6890000000000001	170.924	159651	SOUL
rdVgJLrE26nUSqkO	SOUL	EN	0.7020000000000001	0.68	0.0	1.0	0.351	120.032	277774	SOUL
tw9kynec54tI5rwO	SOUL	EN	0.777	0.472	0.0	0.0	0.509	109.246	226387	SOUL
aJ2Xvb3pKb2E3IBX	SOUL	EN	0.551	0.561	2.0	1.0	0.334	79.922	268080	SOUL
LYI9XeSFLENiFcgk	SOUL	EN	0.7759999999999999	0.374	10.0	1.0	0.388	93.999	211915	SOUL
Nol3SZzkGNYNzoQe	SOUL	EN	0.445	0.353	10.0	1.0	0.823	160.797	159507	SOUL
OHrogBmUgqVBGrZJ	SOUL	EN	0.647	0.354	11.0	0.0	0.557	119.876	181079	SOUL
1GzLOjunlSMMpHTQ	SOUL	EN	0.518	0.064	2.0	1.0	0.154	108.141	254813	SOUL
JxYEyPOjmuJ0SdSH	SOUL	EN	0.569	0.589	8.0	1.0	0.409	130.865	286693	SOUL
XWKDPMmalFei6xYX	SOUL	EN	0.8540000000000001	0.468	2.0	1.0	0.723	92.125	254200	SOUL
qgGPYrbs7qwFgAmW	SOUL,MOTOWN	EN	0.482	0.0766	8.0	1.0	0.136	75.722	217427	SOUL
Z6lAjH8zFAyvDdms	MOTOWN,SOUL,FUNK	EN	0.535	0.774	5.0	1.0	0.865	79.5	241493	SOUL
DBuZt4TEjkPa9w9H	SOUL,FUNK,MOTOWN	EN	0.81	0.536	10.0	1.0	0.957	97.311	215109	SOUL
JFGAXLqtwUS13msg	SOUL	EN	0.616	0.624	4.0	0.0	0.304	87.99	269053	SOUL
uZ95ZuwsQ5lKVoPk	SOUL	EN	0.47	0.385	6.0	0.0	0.6940000000000001	112.377	200973	SOUL
bLfk3DbXCTR5G1PS	SOUL	EN	0.315	0.22	5.0	1.0	0.0723	88.045	325947	SOUL
cLRzHBGVKmWVJCpe	MOTOWN,SOUL	EN	0.738	0.737	0.0	1.0	0.978	129.045	155713	SOUL
zRt76UAh9sisjmdq	SOUL,SOUL,FUNK,DISCO	EN	0.7290000000000001	0.78	5.0	1.0	0.795	111.833	274000	SOUL
9AwpGifIAWQwGWZG	SOUL,SOUL,FUNK	EN	0.5589999999999999	0.386	7.0	1.0	0.226	121.232	270387	SOUL
odeQRlc0TC4x3fbE	SOUL,FUNK	EN	0.563	0.402	9.0	1.0	0.2	115.561	310520	SOUL
aLduQIGA0E7LPkdE	SOUL	EN	0.263	0.6629999999999999	9.0	1.0	0.25	167.271	366733	SOUL
pxP4T4EMbGMXGkax	SOUL	EN	0.589	0.4370000000000001	6.0	0.0	0.731	83.26299999999998	250867	SOUL
VYG3sSn07saUsNMo	SOUL	EN	0.705	0.467	0.0	1.0	0.522	119.938	259693	SOUL
xHnTwTI6R3PwrQiC	POST-HARDCORE,SOUL,EMO	EN	0.459	0.845	7.0	0.0	0.423	124.005	231187	SOUL
FBJw614QnznZrLz8	SOUL	EN	0.509	0.708	9.0	1.0	0.34	95.017	253187	SOUL
ORIG4PHJYyl6sf1X	SOUL	EN	0.414	0.706	0.0	1.0	0.54	158.692	173871	SOUL
JtzU5U8BHUaMmJpe	SOUL	EN	0.738	0.356	1.0	1.0	0.862	108.577	181213	SOUL
vrf7VUDpivfU70RP	SOUL,DISCO	EN	0.629	0.7	5.0	1.0	0.912	131.007	212987	SOUL
OAi36CkSTy5Vyudu	SOUL	EN	0.608	0.326	2.0	1.0	0.5429999999999999	109.396	184987	SOUL
3nnhfUjRmdY9HwKt	SOUL	EN	0.685	0.72	0.0	1.0	0.7929999999999999	95.014	175929	SOUL
t2ob7g5pUixJvZHW	SOUL	EN	0.478	0.7809999999999999	5.0	1.0	0.527	95.087	186133	SOUL
lyvHJS9TxSNdlAGS	SOUL,MOTOWN	EN	0.848	0.485	11.0	1.0	0.88	117.213	306667	SOUL
Xb2Fw8Hrfo3XmYeX	FUNK,SOUL	EN	0.784	0.718	6.0	1.0	0.8240000000000001	101.84	218307	SOUL
msNF5JCURwVLF92E	SOUL	EN	0.347	0.428	0.0	1.0	0.12	145.303	207054	SOUL
WooU99RX5gylSgty	REGGAE,SOUL	EN	0.6409999999999999	0.529	4.0	0.0	0.636	80.513	254591	SOUL
7nKpAx7CImwQNNpS	SOUL	EN	0.675	0.764	10.0	0.0	0.603	95.622	238453	SOUL
Lmf6WOqPA2LOd7Qm	SOUL	EN	0.624	0.453	6.0	0.0	0.272	84.815	242036	SOUL
oymZD1UDdne1Y69G	SOUL	EN	0.404	0.552	5.0	1.0	0.148	78.984	255600	SOUL
Sazd8G63L2f8mHk7	SOUL	EN	0.625	0.643	1.0	0.0	0.593	140.135	288267	SOUL
o47Doa0bvshJMKF1	SOUL,SOUL	EN	0.8079999999999999	0.545	0.0	0.0	0.8220000000000001	109.96	266840	SOUL
PzH2gcYvOMTX79Ml	SOUL	EN	0.6920000000000001	0.562	6.0	0.0	0.504	122.937	196373	SOUL
NFLAaR1xdfK58di2	SOUL	EN	0.813	0.5	9.0	1.0	0.973	111.604	179427	SOUL
uO2RTsMq8nBLpTrK	SOUL,FOLK,SOUL,FOLK	EN	0.647	0.562	10.0	0.0	0.495	92.2	316304	SOUL
e6Htz13iLInQhiFF	SOUL	EN	0.7829999999999999	0.64	4.0	0.0	0.968	100.001	175961	SOUL
8ZPFIri8hompwi4U	NEO SOUL,SOUL	EN	0.584	0.498	6.0	0.0	0.257	81.979	256720	SOUL
gmH9mWqnlTQrU5ZF	SOUL	EN	0.6809999999999999	0.461	9.0	1.0	0.453	121.907	253680	SOUL
A242uF3pxSFrSI2y	FUNK,SOUL	EN	0.622	0.904	5.0	0.0	0.64	119.93	286667	SOUL
FEI4yctSyeux0vOb	SOUL	EN	0.5670000000000001	0.388	9.0	0.0	0.452	116.362	249191	SOUL
Hz0y9DubjPMuTfnL	FUNK,SOUL	EN	0.9	0.7090000000000001	9.0	1.0	0.897	105.822	291320	SOUL
z222UomCwNJL7jaV	SOUL	EN	0.544	0.422	2.0	1.0	0.192	136.024	250493	SOUL
Xx0S6ti9jtoamJhF	SOUL	EN	0.464	0.727	10.0	1.0	0.877	136.131	140667	SOUL
7Aph5a0xkADGa11l	SOUL	EN	0.504	0.502	7.0	1.0	0.301	168.218	294667	SOUL
fs2iIILqLPUIgF3O	SOUL,FUNK,MOTOWN	EN	0.774	0.8109999999999999	5.0	1.0	0.963	123.351	155400	SOUL
XJAms8Ne9UNFXkKx	SOUL,SINGER-SONGWRITER,SOUL	EN	0.6609999999999999	0.7959999999999999	7.0	1.0	0.657	87.98200000000001	210867	SOUL
UPl6EfxEJcm21Hrx	SOUL	EN	0.7290000000000001	0.6579999999999999	10.0	0.0	0.551	140.043	250667	SOUL
wisPCJoVDpdASmsG	SOUL	EN	0.633	0.544	8.0	1.0	0.481	104.976	231493	SOUL
3X4ZCC18KHVAgKYU	SOUL,SOUNDTRACK	EN	0.546	0.561	4.0	1.0	0.222	82.075	218533	SOUL
vxtJB6fWaoKKpcdX	DISCO,SOUL,FUNK	EN	0.8140000000000001	0.8190000000000001	0.0	0.0	0.807	108.338	274960	SOUL
02io0Qj0jV8AFKAF	SOUL,CLASSIC SOUL	EN	0.608	0.314	8.0	1.0	0.431	124.202	238000	SOUL
UpVO698Jdbgh2VlM	SOUL	EN	0.743	0.415	6.0	1.0	0.268	109.823	210707	SOUL
F2paxACHEkbCw8NX	NEW JACK SWING,SOUL	EN	0.609	0.715	6.0	0.0	0.705	166.048	312573	SOUL
lKi2TsYTx04mfMZe	SOUL,MOTOWN,EASY LISTENING,SOUL,FUNK	EN	0.598	0.353	10.0	0.0	0.342	132.457	256427	SOUL
8Vqwdcykk7kAnnjV	SOUL	EN	0.78	0.481	0.0	0.0	0.618	116.17	273707	SOUL
92VocarnNXYUQZUl	SOUL,FUNK	EN	0.6940000000000001	0.349	4.0	0.0	0.4320000000000001	62.514	199547	SOUL
6YXH5JUMVY9z3R3o	SOUL	EN	0.665	0.414	9.0	1.0	0.284	103.927	352627	SOUL
9bqCHHf6mUMRV5cb	SOUL	EN	0.6	0.282	5.0	1.0	0.228	109.959	248867	SOUL
vMbCUylpNP7LVb6s	SOUL	EN	0.759	0.599	6.0	1.0	0.217	91.97	147100	SOUL
r12YaC766KCjZTB1	SOUL	EN	0.622	0.5720000000000001	1.0	1.0	0.342	96.073	278067	SOUL
B7FK1Zv9GSojw4ZG	SOUL,SOUL	EN	0.638	0.8029999999999999	9.0	1.0	0.684	76.943	203000	SOUL
6eV6nQPeOHkaOhlF	SOUL,RETRO SOUL	EN	0.418	0.7290000000000001	1.0	1.0	0.6859999999999999	152.211	232691	SOUL
pIMSLZakGWownLqa	SOUL	EN	0.501	0.236	7.0	1.0	0.266	101.33	181053	SOUL
rSkf2srcZ30Idp3n	SOUL	EN	0.684	0.603	11.0	0.0	0.504	81.0	195373	SOUL
61DR82y95ylmm68D	FUNK,SOUL	EN	0.843	0.48	11.0	0.0	0.762	101.993	180493	SOUL
P5BL9uVYvhXNgK4K	SOUL	EN	0.402	0.234	11.0	0.0	0.205	96.386	276880	SOUL
RjUJ1g7kqmOMJGa5	SOUL	EN	0.657	0.33	0.0	0.0	0.272	99.268	247533	SOUL
VqdDJn2Xn6KXdJrt	SOUL	EN	0.677	0.866	4.0	1.0	0.84	122.928	218280	SOUL
THEMvbMiLslZpbLF	SOUL	EN	0.346	0.179	7.0	1.0	0.173	83.397	172867	SOUL
yiUttIk2s5WZDKW1	SOUL	EN	0.684	0.687	0.0	1.0	0.752	91.201	286720	SOUL
x7JXGEHZv7dYCPxZ	SOUL,LOUNGE	EN	0.455	0.299	2.0	1.0	0.0968	175.02200000000005	233320	SOUL
Fcz2WoAlAVTXhXvS	SOUL,DISCO	EN	0.599	0.6970000000000001	10.0	0.0	0.823	102.594	245827	SOUL
AVeE9oeewaVqOicV	SOUL	EN	0.516	0.618	8.0	1.0	0.64	142.446	270867	SOUL
6hQ4JK2sevNuUL2F	SOUL	EN	0.728	0.636	11.0	0.0	0.821	96.512	280880	SOUL
pVkgJxVHk8s2lu8v	SOUL	EN	0.466	0.101	4.0	1.0	0.3	79.806	161293	SOUL
KBoMgcyeTA72znEZ	SOUL,FUNK	EN	0.857	0.645	3.0	0.0	0.961	103.847	177800	SOUL
TTxm1opOsP7c607W	SOUL	EN	0.557	0.8140000000000001	10.0	0.0	0.616	127.969	234053	SOUL
68x5eRBGjbyhU4Ji	SOUL	EN	0.7040000000000001	0.322	8.0	1.0	0.249	90.372	46693	SOUL
ATrmydyUmV5d4n27	FUNK,SOUL	EN	0.743	0.879	1.0	1.0	0.262	106.955	243440	SOUL
cdnyztmtlV6DijQK	SOUL	EN	0.561	0.7070000000000001	0.0	1.0	0.605	109.077	196467	SOUL
jlXNWzisnNKpTk8L	SOUL	EN	0.647	0.701	7.0	0.0	0.672	86.51	300413	SOUL
tC1MaNLE62mkbTfG	SOUL,FUNK	EN	0.8640000000000001	0.927	10.0	0.0	0.6859999999999999	109.303	169187	SOUL
7aQ7MWzXwiHqmVRB	DISCO,SOUL	EN	0.8320000000000001	0.7959999999999999	11.0	0.0	0.925	110.181	446013	SOUL
sIh5HLwPc61YRyE0	SOUL	EN	0.5770000000000001	0.435	5.0	0.0	0.289	74.14399999999998	230680	SOUL
myvZWmqvvHN5LqFl	SOUL,SINGER-SONGWRITER,FOLK	EN	0.421	0.338	3.0	1.0	0.85	154.578	144200	SOUL
Aplztb3WD6mKsZ0k	SOUL,SOUL	EN	0.654	0.595	4.0	1.0	0.349	115.953	310693	SOUL
xvAlsAP5fAN5QHEu	SOUL	EN	0.607	0.647	3.0	0.0	0.8909999999999999	107.925	338160	SOUL
oW9eWP4LLgKOOp53	SOUL	EN	0.351	0.741	6.0	0.0	0.43	140.372	213040	SOUL
tezIw4ATdzL7ZXKw	SOUL	EN	0.675	0.597	5.0	1.0	0.828	108.875	161160	SOUL
IMXyDReV52zelQtu	SOUL,FUNK	EN	0.607	0.491	11.0	1.0	0.69	88.781	172400	SOUL
uRRMwnUhHOwGMXOD	MOTOWN,SOUL	EN	0.639	0.5429999999999999	8.0	1.0	0.937	98.185	180840	SOUL
8fw7RpSfG8Wr5Nm8	SOUL,FUNK	EN	0.463	0.562	0.0	0.0	0.787	164.391	183093	SOUL
aakc3Es3oBqud4TA	SOUL	EN	0.736	0.541	9.0	1.0	0.967	123.844	152907	SOUL
PEyTDO0Dz1eW0dm2	SOUL	EN	0.68	0.455	7.0	0.0	0.486	101.997	264560	SOUL
DitC5o3hcpRoze8U	FOLK,SOUL,SINGER-SONGWRITER,INDIE FOLK	EN	0.568	0.516	2.0	0.0	0.426	147.971	236043	SOUL
PrsEzX0ZRcrP4Mx5	SOUL	EN	0.507	0.365	6.0	1.0	0.469	91.182	356560	SOUL
996ep5S9Pi8KQPjl	SOUL	EN	0.242	0.31	8.0	0.0	0.0413	174.843	234640	SOUL
4PmIfkNyc5DQuJXa	SOUL	EN	0.552	0.524	5.0	0.0	0.516	164.055	226933	SOUL
47Wi3WzTukTFCsXe	LOUNGE,SOUL,SOUL	EN	0.782	0.414	9.0	0.0	0.7440000000000001	90.038	206747	SOUL
SC30imiKVGqF4sbD	SOUL	EN	0.6509999999999999	0.773	2.0	1.0	0.677	90.041	217153	SOUL
wLLR1kywQpysXFG4	SOUL	EN	0.4970000000000001	0.617	6.0	1.0	0.355	79.609	273467	SOUL
oxnrA85sA9uA1pQF	SOUL	EN	0.765	0.403	11.0	0.0	0.295	80.38600000000002	226133	SOUL
KnQieLxN5aUApy9q	SOUL	EN	0.565	0.454	1.0	0.0	0.312	74.809	334333	SOUL
4XYtnbF7idPnKr9n	SOUL,NEO SOUL	EN	0.507	0.418	1.0	0.0	0.24	84.902	101813	SOUL
FsnPlhOrAydTRTTr	FUNK,SOUL	EN	0.5770000000000001	0.675	1.0	0.0	0.914	156.32	377107	SOUL
3nlGN0L59F6zosyB	SOUL,SINGER-SONGWRITER	EN	0.488	0.762	8.0	1.0	0.7090000000000001	123.889	210293	SOUL
3uUJdKWPUTH6anjU	SOUL	EN	0.608	0.531	0.0	1.0	0.328	110.092	231067	SOUL
SQ4CW447TLu9QKgI	SOUL	EN	0.6759999999999999	0.491	9.0	0.0	0.446	113.011	278253	SOUL
6gRhPz03QkbvuPrQ	DISCO,FUNK,SOUL	EN	0.649	0.443	9.0	0.0	0.7979999999999999	117.67	308000	SOUL
FmqIxJwbSvAReprE	SOUL,SOUL	EN	0.607	0.721	8.0	1.0	0.375	102.209	264533	SOUL
zHxwHKmtxrr6eDm5	SOUL,FUNK,MOTOWN	EN	0.5379999999999999	0.969	11.0	0.0	0.928	138.65200000000002	165790	SOUL
TTg3L2SaJxUmTThT	SOUL,FUNK	EN	0.672	0.347	5.0	0.0	0.85	151.12	197000	SOUL
Y9x3f1xd5Z0zvaVz	SOUL,DISCO	EN	0.953	0.441	6.0	0.0	0.52	114.979	140040	SOUL
9OORdp2kp7Tj56qm	SOUL,MOTOWN	EN	0.74	0.301	8.0	1.0	0.669	113.61	177000	SOUL
5Oog3Kt1628O0oi8	SOUL	EN	0.715	0.6679999999999999	8.0	0.0	0.763	82.007	204267	SOUL
FMq74Vw7g8gIXXe8	MOTOWN,SOUL	EN	0.5479999999999999	0.637	7.0	1.0	0.795	125.152	174707	SOUL
CJ4a6DclJe9V8bl5	SOUL,SOUTHERN SOUL	EN	0.459	0.326	5.0	1.0	0.463	89.91799999999998	172093	SOUL
OjBTZAzKfEcZPWkP	DISCO,FUNK,SOUL	EN	0.847	0.65	11.0	0.0	0.948	116.194	187253	SOUL
fdoy87P4iDWcHsfJ	SOUL	EN	0.675	0.329	0.0	1.0	0.326	138.792	289027	SOUL
nTleklcPJ1rsCWye	SOUL	EN	0.795	0.409	9.0	0.0	0.518	120.095	176187	SOUL
LYDULZaiEo0qVpuN	SOUL,FUNK	EN	0.715	0.925	9.0	0.0	0.804	119.417	280800	SOUL
HTWnLMMRJD2F3pi4	SOUL	EN	0.6729999999999999	0.326	11.0	0.0	0.458	75.387	400840	SOUL
blwcEY8eGzJwlRGG	SOUL	EN	0.895	0.495	9.0	0.0	0.593	99.233	213973	SOUL
3QnpjtdMMAjoMtBF	EXPERIMENTAL,SOUL,VIOLIN	EN	0.604	0.484	2.0	1.0	0.662	201.599	157383	SOUL
DWkDDlDdkSArjTmM	SOUL	EN	0.586	0.585	3.0	1.0	0.424	129.911	249267	SOUL
GFlttzney0bxWfmM	SOUL	EN	0.7190000000000001	0.5379999999999999	10.0	1.0	0.964	105.748	139107	SOUL
8NthyHi8wsgN2Vcw	SOUL	EN	0.512	0.675	7.0	1.0	0.616	95.543	178533	SOUL
KBvCyvJuJq2Ktv5R	SOUL	EN	0.7040000000000001	0.767	11.0	0.0	0.682	88.904	225507	SOUL
fpuzqsGW38fL5Kv4	SOUL	EN	0.551	0.773	11.0	0.0	0.649	90.00299999999999	159293	SOUL
eRdjR4e7w45xeaX8	SOUL,FUNK,CLASSIC SOUL	EN	0.815	0.6459999999999999	10.0	1.0	0.757	108.392	321067	SOUL
bNqipPzY9tzvNxZN	SOUL	EN	0.4370000000000001	0.232	0.0	1.0	0.35	89.836	257173	SOUL
RW2p6yqkXAzHiB7I	SOUL	EN	0.705	0.634	5.0	0.0	0.639	98.008	169373	SOUL
pmOoPwYksH6GKItr	SOUL	EN	0.875	0.532	10.0	0.0	0.7	116.556	347667	SOUL
e8DmUUguFOszBWWp	SOUL,MOTOWN	EN	0.604	0.8270000000000001	2.0	0.0	0.857	129.343	176907	SOUL
I7VKlK91dLpzAuYw	NEO SOUL	EN	0.4270000000000001	0.73	5.0	0.0	0.599	160.002	252276	SOUL
0JtMllx4BGVKFLku	SOUL,NEO SOUL	EN	0.625	0.5429999999999999	1.0	1.0	0.45	133.692	268640	SOUL
zuTLWQH55R72hnRq	SOUL	EN	0.529	0.894	2.0	1.0	0.5429999999999999	108.024	253347	SOUL
71igvx7v79ufTU29	SOUL	EN	0.378	0.57	7.0	1.0	0.337	151.122	241800	SOUL
XLvq2HNHGeP3UOaE	SOUL	EN	0.526	0.675	10.0	1.0	0.961	162.007	147160	SOUL
ruJPMCuD5UVowvSb	SOUL,MOTOWN	EN	0.606	0.52	8.0	1.0	0.765	93.449	138533	SOUL
qGK0oh2xVsgF9JSg	DISCO,FUNK,SOUL	EN	0.863	0.738	10.0	0.0	0.947	108.851	299360	SOUL
ulDRHpfReW3sPUI0	SOUL	EN	0.545	0.649	4.0	0.0	0.414	130.965	268646	SOUL
Rhwv8rXtFBJ3ze5U	SOUL	EN	0.71	0.845	4.0	0.0	0.802	92.957	262373	SOUL
Eu7r2BhaI3EYt1CO	SOUL	EN	0.682	0.579	2.0	0.0	0.7120000000000001	76.915	278760	SOUL
GoUmOZbuk08FK3Gp	FUNK,SOUL	EN	0.82	0.61	9.0	0.0	0.911	154.071	142907	SOUL
RoaGh834a8pC2477	SOUL	EN	0.5870000000000001	0.551	5.0	1.0	0.518	141.42600000000004	300640	SOUL
hciXgO4wnfWFEem7	SOUL,GIRL GROUP	EN	0.695	0.4970000000000001	4.0	0.0	0.234	101.875	183000	SOUL
BlK3Fc5mKPsCYudC	SOUL	EN	0.6579999999999999	0.82	8.0	1.0	0.773	92.225	306413	SOUL
VWxbeMfcuQMmc1oQ	FUNK,SOUL	EN	0.789	0.6829999999999999	8.0	1.0	0.882	92.311	233613	SOUL
4mJAMmz6IODnXhWv	SOUL	EN	0.679	0.306	2.0	1.0	0.175	132.02	245800	SOUL
VCCbrvhdBoKVJnaK	SOUL	EN	0.6920000000000001	0.851	6.0	1.0	0.518	134.965	252253	SOUL
fwhCVi2WwVhJQ5bo	SOUL	EN	0.387	0.726	1.0	1.0	0.632	78.846	328813	SOUL
mmep7Ack4Us9mHNC	SOUL	EN	0.626	0.441	9.0	0.0	0.563	78.094	291400	SOUL
nJmLH2YT7gUpXDnY	SOUL	EN	0.547	0.562	9.0	1.0	0.284	148.161	262573	SOUL
dPfdEHe7sBARaBdf	SOUL,SOUL,FUNK	EN	0.602	0.631	10.0	1.0	0.708	107.5	229333	SOUL
VlqSTYtC0ovpfAmn	SOUL,EXPERIMENTAL	EN	0.556	0.269	5.0	1.0	0.173	99.902	273693	SOUL
n2HbOcuwqC04X7qC	SOUL	EN	0.654	0.5870000000000001	10.0	1.0	0.288	100.014	281360	SOUL
jUTpaZOtVgScK8S7	SOUL	EN	0.635	0.8	11.0	0.0	0.283	93.06	247680	SOUL
kFUoUOBJNg8Cbjyn	SOUL,FUNK	EN	0.5720000000000001	0.355	9.0	0.0	0.51	83.052	290187	SOUL
FJOxtLY9jiVds5OI	SOUL	EN	0.7709999999999999	0.29	10.0	0.0	0.192	118.003	303586	SOUL
YpFT73HDtV6wY1Zs	SOUL,SOUL	EN	0.609	0.445	7.0	1.0	0.166	118.393	228707	SOUL
nbRSgR24dEWGfdhh	SOUL	EN	0.6940000000000001	0.535	11.0	1.0	0.359	124.029	284320	SOUL
SlENmOECdiuYHGlz	SOUL	EN	0.644	0.483	9.0	1.0	0.468	75.85600000000002	198529	SOUL
oDt0Uex3Y2PzhwYI	FUNK,SOUL	EN	0.92	0.379	11.0	1.0	0.941	111.735	246427	SOUL
rG5hCQCtdqxUynsu	NEW JACK SWING,SOUL	EN	0.7929999999999999	0.8640000000000001	7.0	1.0	0.875	114.17	262933	SOUL
kcNHLQMJnapzVQa9	SOUL	EN	0.335	0.625	7.0	1.0	0.346	150.27700000000004	241107	SOUL
l4zNdABs3yOxB1X0	SOUL,FUNK	EN	0.821	0.464	6.0	0.0	0.862	102.525	255560	SOUL
YsW7FKdWgU5ODH2O	SOUL	EN	0.614	0.428	9.0	0.0	0.154	82.29299999999998	241636	SOUL
nyiadiR65NY3v4Jk	SOUL	EN	0.519	0.5670000000000001	11.0	1.0	0.51	116.967	349493	SOUL
KqjV3HEq08YN7gln	SOUL	EN	0.5870000000000001	0.2	7.0	1.0	0.219	79.87899999999998	254000	SOUL
hxKGEWmofFyq2cPW	SOUL,FUNK	EN	0.586	0.514	5.0	0.0	0.7659999999999999	180.187	577400	SOUL
13AYHy6cyhUIcPmC	SOUL	EN	0.6759999999999999	0.5379999999999999	0.0	1.0	0.319	115.282	239453	SOUL
apXBj0HmW4ue2YjU	SOUL,FUNK	EN	0.764	0.6920000000000001	1.0	1.0	0.7	126.295	271053	SOUL
6i2LAwAiM9z0IfwZ	FOLK,SOUL	EN	0.5920000000000001	0.637	11.0	1.0	0.565	159.701	185093	SOUL
nxlavQqhaeldZGjB	SOUL,FUNK	EN	0.628	0.825	11.0	0.0	0.441	96.68	228467	SOUL
MIFcA9fGxwz2bbLC	SOUL,SMOOTH SOUL	EN	0.621	0.413	4.0	1.0	0.338	139.491	310747	SOUL
2TwyzwjTVtRbimtz	SOUL	EN	0.5589999999999999	0.784	9.0	1.0	0.804	129.415	147520	SOUL
Xji3fCxvAWeGsKPT	SOUL	EN	0.741	0.481	0.0	0.0	0.685	140.511	257240	SOUL
mCHMyTqgCz4tvUCf	SOUL,FUNK	EN	0.573	0.633	9.0	1.0	0.63	80.039	161267	SOUL
YuThBOVvNeymSXH4	NEO SOUL	EN	0.514	0.506	10.0	0.0	0.312	88.044	166998	SOUL
2dF3TnUihcsYJWy5	SOUL	EN	0.693	0.467	6.0	1.0	0.7340000000000001	77.983	290933	SOUL
wSWneXe9waendgK3	SOUL	EN	0.5539999999999999	0.7070000000000001	5.0	1.0	0.435	100.029	276733	SOUL
D1hWfFtsViaDJtBg	SOUL,FUNK	EN	0.648	0.7809999999999999	11.0	0.0	0.614	161.809	211116	SOUL
zh1kLwzf2IVkTGQK	SOUL	EN	0.303	0.555	0.0	0.0	0.447	67.322	285760	SOUL
KbNqFabcrHueyTt2	SOUL	EN	0.527	0.524	0.0	1.0	0.407	92.936	240453	SOUL
vMluKVsjLFKZEmdg	SOUL,DISCO,FUNK	EN	0.716	0.691	5.0	1.0	0.865	119.03	228013	SOUL
VEbP7mkfL2Hu0Zi1	POST-HARDCORE,SOUL,HARDCORE	EN	0.597	0.982	10.0	0.0	0.6509999999999999	137.995	191138	SOUL
S2KZSv5xwYwHFm3S	MOTOWN,SOUL	EN	0.611	0.6890000000000001	8.0	1.0	0.81	93.565	135360	SOUL
Y6P0S3gm4jyIc5XU	FUNK,FUNK,SOUL	EN	0.433	0.24	8.0	0.0	0.305	116.125	165133	SOUL
b7dumyTb7cCOEXEv	SOUL	EN	0.674	0.715	10.0	1.0	0.669	92.918	349560	SOUL
cyN9LOGgDLtUw63E	SOUL	EN	0.647	0.67	5.0	0.0	0.852	160.364	215333	SOUL
jITKzJQbxGqfvzUd	COUNTRY,SOUL	EN	0.352	0.125	2.0	1.0	0.279	79.676	181003	SOUL
zilYLa2uREuovN8M	SOUL	EN	0.384	0.206	0.0	0.0	0.667	170.16299999999995	153600	SOUL
sktP5GoEVjhQPyNW	SOUL	EN	0.782	0.461	10.0	0.0	0.487	90.069	250533	SOUL
mxP7wMcVwFznM4oQ	MOTOWN,SOUL	EN	0.613	0.867	4.0	0.0	0.8220000000000001	129.202	147720	SOUL
IAyn9MC29KMg5p98	SOUL	EN	0.636	0.555	4.0	0.0	0.289	80.91199999999998	315093	SOUL
1sC1rY2igG2wchYz	SOUL,FUNK	EN	0.7	0.6609999999999999	11.0	0.0	0.522	115.089	202435	SOUL
D4pf7OtXuyat5Bsa	SOUL	EN	0.467	0.818	0.0	1.0	0.691	115.218	269627	SOUL
gFq5adBjTe0rUmvT	SOUL,NEO SOUL	EN	0.8	0.526	10.0	0.0	0.454	120.0	185960	SOUL
eSJABQvT9GTvusDc	SOUL	EN	0.6990000000000001	0.618	10.0	0.0	0.7090000000000001	81.98299999999998	240933	SOUL
xSmLTRHmoAoFCvry	SOUL	EN	0.733	0.49	10.0	0.0	0.735	143.97799999999995	197333	SOUL
CPaYhZFCTUW2Evaz	SOUL	EN	0.693	0.467	6.0	1.0	0.7340000000000001	77.983	290933	SOUL
tQiTQLn7ydtwcPC0	SOUL	EN	0.73	0.5379999999999999	0.0	1.0	0.515	120.027	236067	SOUL
DEB4d9cP1YXgpOGJ	SOUL	EN	0.564	0.738	5.0	1.0	0.383	89.286	224147	SOUL
WW8w6ypM4aNDoY9X	SOUL	EN	0.696	0.6970000000000001	6.0	0.0	0.369	103.997	359613	SOUL
vPlsUTMVJruEnRXn	SOUL,FUNK,SOUNDTRACK	EN	0.6579999999999999	0.764	10.0	0.0	0.83	107.433	254227	SOUL
THDqr1CDVrxGZDrE	SOUL	EN	0.853	0.76	10.0	0.0	0.845	92.013	315733	SOUL
VXClwkVXs0JFKWHd	SOUL	EN	0.583	0.488	6.0	1.0	0.191	98.497	292400	SOUL
bdWytEZ9kELGfQoM	SOUL	EN	0.407	0.639	6.0	0.0	0.494	93.325	260773	SOUL
znDepyXjby1HcUub	SOUL	EN	0.731	0.426	9.0	1.0	0.772	113.608	278965	SOUL
q0P71d2Wp6o0EsDt	DISCO,FUNK,SOUL	EN	0.767	0.693	5.0	0.0	0.932	118.421	311040	SOUL
